CustomerID,Name,Gender,Age,City,State,SignupDate,CustomerSegment
C000001,Pooja Kulkarni,Female,56,Hyderabad,Telangana,2024-03-28,Regular Customer
C000002,Aarav Iyer,Female,53,Kanpur,Uttar Pradesh,2024-02-07,Regular Customer
C000003,Arjun Joshi,Female,22,Kolkata,West Bengal,2024-01-12,Regular Customer
C000004,Anjali Jadhav,Male,65,Delhi,Delhi,2024-03-03,Occasional Customer
C000005,Rohan Kulkarni,Male,32,Warangal,Telangana,2024-02-23,Occasional Customer
C000006,Rahul Iyer,Male,44,Patna,Bihar,2024-04-16,Occasional Customer
C000007,Vikas Gupta,Female,33,Hyderabad,Telangana,2024-01-01,Regular Customer
C000008,Aditya Mehta,Male,53,Lucknow,Uttar Pradesh,2024-02-10,Occasional Customer
C000009,Harsh Patil,Male,55,Delhi,Delhi,2024-04-21,Regular Customer
C000010,Aarav Deshmukh,Female,35,Delhi,Delhi,2024-01-13,Loyal Customer
C000011,Aniket Joshi,Male,52,Patna,Bihar,2024-01-09,Loyal Customer
C000012,Kavita Shah,Male,42,Nashik,Maharashtra,2024-01-17,Regular Customer
C000013,Aarav Gupta,Male,39,Warangal,Telangana,2024-01-02,Occasional Customer
C000014,Aniket Nair,Female,48,Nagpur,Maharashtra,2024-03-14,Regular Customer
C000015,Pooja Nair,Female,54,Vadodara,Gujarat,2024-01-02,Regular Customer
C000016,Manish Bhosale,Male,51,Patna,Bihar,2024-11-14,New Customer
C000017,Anjali Thakur,Male,40,Pune,Maharashtra,2024-01-09,Regular Customer
C000018,Neha More,Female,33,Chennai,Tamil Nadu,2024-01-12,Loyal Customer
C000019,Sameer Mishra,Male,23,Latur,Maharashtra,2024-01-01,Loyal Customer
C000020,Aarav Menon,Female,32,Pune,Maharashtra,2024-09-11,Occasional Customer
C000021,Sameer Pawar,Female,35,Patna,Bihar,2024-01-01,Occasional Customer
C000022,Riya Bhosale,Male,55,Mumbai,Maharashtra,2024-02-15,Regular Customer
C000023,Deepak More,Male,30,Chennai,Tamil Nadu,2024-02-06,Loyal Customer
C000024,Amit Shinde,Female,41,Vadodara,Gujarat,2024-01-03,Regular Customer
C000025,Sakshi Chavan,Male,30,Chennai,Tamil Nadu,2026-01-21,New Customer
C000026,Akash Deshmukh,Male,18,Indore,Madhya Pradesh,2024-01-07,Occasional Customer
C000027,Gaurav Kulkarni,Female,65,Mysuru,Karnataka,2024-01-02,Loyal Customer
C000028,Divya Mishra,Male,53,Jaipur,Rajasthan,2024-01-01,Loyal Customer
C000029,Divya Shah,Male,35,Kolkata,West Bengal,2024-02-26,Regular Customer
C000030,Arjun Das,Male,65,Kolkata,West Bengal,2024-01-03,Regular Customer
C000031,Aditi Iyer,Female,50,Lucknow,Uttar Pradesh,2024-07-28,Occasional Customer
C000032,Isha Gupta,Male,55,Chennai,Tamil Nadu,2024-03-11,New Customer
C000033,Akash Kumar,Female,60,Kanpur,Uttar Pradesh,2024-01-07,Occasional Customer
C000034,Gaurav Deshmukh,Female,23,Nagpur,Maharashtra,2025-04-15,New Customer
C000035,Manish Sawant,Male,34,Aurangabad,Maharashtra,2024-01-06,Loyal Customer
C000036,Sneha Reddy,Male,21,Lucknow,Uttar Pradesh,2024-01-07,Regular Customer
C000037,Nikhil Singh,Male,31,Hyderabad,Telangana,2024-05-19,Occasional Customer
C000038,Sonia Kadam,Female,47,Patna,Bihar,2024-01-18,Regular Customer
C000039,Neha Shinde,Female,63,Bengaluru,Karnataka,2024-01-31,New Customer
C000040,Riya Deshmukh,Female,37,Hyderabad,Telangana,2024-01-03,Regular Customer
C000041,Aditi Rao,Male,25,Bhopal,Madhya Pradesh,2024-03-05,Occasional Customer
C000042,Anjali Menon,Female,19,Nashik,Maharashtra,2024-01-21,Loyal Customer
C000043,Ayush Deshmukh,Male,54,Surat,Gujarat,2024-01-30,Loyal Customer
C000044,Sonia Joshi,Female,21,Bhopal,Madhya Pradesh,2024-03-12,Loyal Customer
C000045,Sonia Kulkarni,Female,27,Bengaluru,Karnataka,2024-01-20,Loyal Customer
C000046,Gaurav More,Male,37,Patna,Bihar,2024-01-11,Loyal Customer
C000047,Isha Reddy,Male,52,Pune,Maharashtra,2024-02-16,Occasional Customer
C000048,Sneha Kadam,Female,65,Kanpur,Uttar Pradesh,2026-03-17,New Customer
C000049,Ananya Kadam,Female,27,Kolkata,West Bengal,2024-02-05,Regular Customer
C000050,Divya Shinde,Male,45,Hyderabad,Telangana,2024-01-01,Loyal Customer
C000051,Rahul More,Male,32,Chennai,Tamil Nadu,2024-01-08,Regular Customer
C000052,Riya Kumar,Female,53,Warangal,Telangana,2024-01-06,Regular Customer
C000053,Rahul Reddy,Male,18,Kolkata,West Bengal,2024-02-01,Loyal Customer
C000054,Aditya Shah,Male,39,Nagpur,Maharashtra,2025-05-21,New Customer
C000055,Pooja Pawar,Male,44,Surat,Gujarat,2024-02-03,Loyal Customer
C000056,Manish Iyer,Male,46,Indore,Madhya Pradesh,2024-03-24,Regular Customer
C000057,Anjali Pawar,Female,32,Nashik,Maharashtra,2024-01-03,Regular Customer
C000058,Isha Gaikwad,Other,27,Bhopal,Madhya Pradesh,2024-01-02,Loyal Customer
C000059,Arjun Kumar,Female,37,Warangal,Telangana,2024-02-03,Occasional Customer
C000060,Pooja Nair,Male,39,Nashik,Maharashtra,2025-01-02,Occasional Customer
C000061,Manish Joshi,Female,65,Pune,Maharashtra,2024-01-08,Occasional Customer
C000062,Rahul Chavan,Male,26,Latur,Maharashtra,2024-01-16,Occasional Customer
C000063,Sneha Menon,Male,49,Vadodara,Gujarat,2024-01-03,Regular Customer
C000064,Sakshi Patil,Female,34,Mysuru,Karnataka,2024-01-05,Regular Customer
C000065,Anjali Banerjee,Male,59,Nashik,Maharashtra,2024-04-17,Occasional Customer
C000066,Aditi Das,Other,36,Vadodara,Gujarat,2024-01-03,Occasional Customer
C000067,Deepak Gaikwad,Male,57,Bhopal,Madhya Pradesh,2024-01-25,Loyal Customer
C000068,Arjun Deshmukh,Female,44,Chennai,Tamil Nadu,2024-02-04,Loyal Customer
C000069,Aniket Kumar,Male,54,Pune,Maharashtra,2024-04-11,Regular Customer
C000070,Neha Singh,Male,51,Mysuru,Karnataka,2025-01-17,Occasional Customer
C000071,Riya Chavan,Male,64,Nashik,Maharashtra,2024-01-02,Regular Customer
C000072,Aniket Reddy,Female,27,Surat,Gujarat,2024-01-16,Occasional Customer
C000073,Karan Gaikwad,Female,47,Jaipur,Rajasthan,2024-01-01,Regular Customer
C000074,Vikas Kumar,Female,38,Kolkata,West Bengal,2024-01-16,Regular Customer
C000075,Pooja Thakur,Female,38,Warangal,Telangana,2024-12-25,New Customer
C000076,Amit More,Female,51,Surat,Gujarat,2025-07-29,New Customer
C000077,Amit Joshi,Male,26,Warangal,Telangana,2024-05-09,New Customer
C000078,Rohan Gupta,Male,51,Patna,Bihar,2024-01-21,Regular Customer
C000079,Manish More,Female,29,Jaipur,Rajasthan,2024-01-04,Regular Customer
C000080,Rohan Mehta,Female,64,Ahmedabad,Gujarat,2024-02-16,Occasional Customer
C000081,Harsh Singh,Female,38,Bhopal,Madhya Pradesh,2024-01-08,Loyal Customer
C000082,Neha Gaikwad,Male,37,Kolkata,West Bengal,2024-03-14,Loyal Customer
C000083,Divya Joshi,Male,23,Patna,Bihar,2024-01-03,Regular Customer
C000084,Amit Verma,Female,62,Ahmedabad,Gujarat,2024-01-01,Regular Customer
C000085,Karan Deshmukh,Female,53,Bengaluru,Karnataka,2024-11-08,Occasional Customer
C000086,Sakshi Patil,Male,29,Kolkata,West Bengal,2024-04-01,Regular Customer
C000087,Sonia Kulkarni,Female,58,Ahmedabad,Gujarat,2025-09-16,New Customer
C000088,Amit Reddy,Female,48,Mumbai,Maharashtra,2024-01-15,Loyal Customer
C000089,Ananya Das,Male,19,Hyderabad,Telangana,2024-04-21,New Customer
C000090,Rahul Bhosale,Female,33,Bengaluru,Karnataka,2024-01-22,Loyal Customer
C000091,Nikhil Deshmukh,Female,18,Mumbai,Maharashtra,2024-01-01,Regular Customer
C000092,Gaurav Gaikwad,Female,21,Chennai,Tamil Nadu,2024-02-10,Regular Customer
C000093,Nikhil Thakur,Female,64,Warangal,Telangana,2024-02-17,Regular Customer
C000094,Kavita More,Female,18,Delhi,Delhi,2024-02-24,Loyal Customer
C000095,Manish Mishra,Male,64,Lucknow,Uttar Pradesh,2024-02-11,Regular Customer
C000096,Aarav Rao,Male,52,Indore,Madhya Pradesh,2024-02-17,Occasional Customer
C000097,Rohan Kulkarni,Male,30,Warangal,Telangana,2024-01-01,Regular Customer
C000098,Rahul Singh,Male,62,Nagpur,Maharashtra,2024-04-02,Occasional Customer
C000099,Manish Menon,Male,59,Nagpur,Maharashtra,2024-01-08,Loyal Customer
C000100,Arjun Menon,Male,48,Mumbai,Maharashtra,2024-01-31,Loyal Customer
C000101,Pooja Chavan,Male,37,Aurangabad,Maharashtra,2024-04-22,Regular Customer
C000102,Akash Sawant,Male,24,Mysuru,Karnataka,2024-02-24,New Customer
C000103,Harsh Pawar,Female,57,Hyderabad,Telangana,2024-01-19,Loyal Customer
C000104,Isha Sharma,Male,50,Bengaluru,Karnataka,2024-01-05,Occasional Customer
C000105,Rohan Singh,Female,45,Hyderabad,Telangana,2024-01-07,Regular Customer
C000106,Rohan More,Female,61,Bengaluru,Karnataka,2024-01-23,Occasional Customer
C000107,Kavita Menon,Male,61,Warangal,Telangana,2024-01-02,Regular Customer
C000108,Ananya Verma,Female,37,Chennai,Tamil Nadu,2024-01-08,Regular Customer
C000109,Vivek Kulkarni,Female,49,Pune,Maharashtra,2024-01-10,Regular Customer
C000110,Sonia Reddy,Male,26,Mumbai,Maharashtra,2024-01-07,Loyal Customer
C000111,Ayush Banerjee,Male,51,Jaipur,Rajasthan,2024-01-01,Regular Customer
C000112,Pooja Verma,Male,31,Aurangabad,Maharashtra,2024-05-31,Occasional Customer
C000113,Nikhil Shinde,Male,21,Nagpur,Maharashtra,2025-05-22,New Customer
C000114,Amit Kadam,Male,46,Chennai,Tamil Nadu,2024-03-21,Regular Customer
C000115,Sakshi Pawar,Female,32,Warangal,Telangana,2024-01-01,Regular Customer
C000116,Manish Menon,Female,34,Vadodara,Gujarat,2025-04-05,New Customer
C000117,Vivek Verma,Female,36,Nagpur,Maharashtra,2024-01-02,Loyal Customer
C000118,Vivek Sharma,Male,55,Mumbai,Maharashtra,2024-01-31,Regular Customer
C000119,Nikhil Chavan,Male,26,Nagpur,Maharashtra,2024-01-09,Occasional Customer
C000120,Karan Sharma,Male,44,Aurangabad,Maharashtra,2024-12-24,New Customer
C000121,Akash Kumar,Male,32,Kolkata,West Bengal,2024-01-01,Loyal Customer
C000122,Divya Singh,Male,54,Surat,Gujarat,2024-02-26,Regular Customer
C000123,Sneha Das,Female,45,Nagpur,Maharashtra,2024-02-02,Loyal Customer
C000124,Ayush Joshi,Male,21,Mumbai,Maharashtra,2024-01-02,Loyal Customer
C000125,Aditi Joshi,Female,38,Aurangabad,Maharashtra,2024-01-09,Occasional Customer
C000126,Vikas Mehta,Male,51,Surat,Gujarat,2024-02-11,Occasional Customer
C000127,Aditya Deshmukh,Female,36,Hyderabad,Telangana,2024-03-30,Occasional Customer
C000128,Rohan Yadav,Female,54,Bengaluru,Karnataka,2024-03-16,Regular Customer
C000129,Sneha Deshmukh,Female,21,Kolkata,West Bengal,2024-01-04,Loyal Customer
C000130,Sakshi Gupta,Male,54,Kolkata,West Bengal,2024-04-13,Occasional Customer
C000131,Sakshi Jadhav,Female,49,Mysuru,Karnataka,2024-02-11,Loyal Customer
C000132,Amit Rao,Female,62,Ahmedabad,Gujarat,2024-01-10,Loyal Customer
C000133,Karan Gupta,Female,65,Lucknow,Uttar Pradesh,2024-04-29,Occasional Customer
C000134,Ananya More,Female,29,Hyderabad,Telangana,2024-01-27,Regular Customer
C000135,Kavita Mishra,Female,58,Indore,Madhya Pradesh,2024-01-28,Occasional Customer
C000136,Nikhil Bhosale,Male,33,Kanpur,Uttar Pradesh,2024-02-22,Loyal Customer
C000137,Aniket Kumar,Female,31,Nashik,Maharashtra,2024-06-25,Occasional Customer
C000138,Manish Menon,Female,18,Aurangabad,Maharashtra,2024-03-08,Occasional Customer
C000139,Rohan Nair,Male,49,Hyderabad,Telangana,2024-02-02,Loyal Customer
C000140,Aniket Nair,Male,38,Ahmedabad,Gujarat,2024-02-05,Regular Customer
C000141,Ayush Gaikwad,Male,21,Kolkata,West Bengal,2024-05-02,Regular Customer
C000142,Rahul Reddy,Female,26,Delhi,Delhi,2024-03-01,Loyal Customer
C000143,Divya Thakur,Male,63,Nashik,Maharashtra,2024-01-08,Regular Customer
C000144,Vikas Verma,Male,39,Ahmedabad,Gujarat,2024-02-22,Occasional Customer
C000145,Isha Kulkarni,Male,29,Hyderabad,Telangana,2024-01-14,Loyal Customer
C000146,Anjali Joshi,Female,47,Lucknow,Uttar Pradesh,2024-01-23,Occasional Customer
C000147,Aditya Chavan,Male,47,Vadodara,Gujarat,2025-06-11,New Customer
C000148,Aarav Mehta,Female,49,Pune,Maharashtra,2024-01-10,Regular Customer
C000149,Manish Joshi,Male,53,Mysuru,Karnataka,2024-08-30,Occasional Customer
C000150,Neha Joshi,Female,24,Ahmedabad,Gujarat,2024-01-07,Regular Customer
C000151,Aarav Deshmukh,Female,34,Patna,Bihar,2024-06-08,Occasional Customer
C000152,Riya Reddy,Male,18,Latur,Maharashtra,2024-01-18,Loyal Customer
C000153,Aditi Joshi,Male,31,Chennai,Tamil Nadu,2024-01-11,Regular Customer
C000154,Aditya Singh,Female,64,Chennai,Tamil Nadu,2024-01-07,Regular Customer
C000155,Aditi Mishra,Male,61,Kanpur,Uttar Pradesh,2026-02-28,New Customer
C000156,Deepak Deshmukh,Male,61,Delhi,Delhi,2024-01-12,Regular Customer
C000157,Kavita Joshi,Female,55,Hyderabad,Telangana,2024-01-05,Regular Customer
C000158,Arjun Rao,Other,43,Mumbai,Maharashtra,2024-01-10,Regular Customer
C000159,Karan Shinde,Female,44,Mumbai,Maharashtra,2024-01-05,Loyal Customer
C000160,Manish Jadhav,Male,62,Kanpur,Uttar Pradesh,2024-06-19,Occasional Customer
C000161,Rohan Kumar,Male,33,Ahmedabad,Gujarat,2024-01-06,Occasional Customer
C000162,Vikas Mehta,Male,63,Bengaluru,Karnataka,2024-01-20,Loyal Customer
C000163,Neha Yadav,Female,24,Nagpur,Maharashtra,2024-02-15,Occasional Customer
C000164,Anjali Das,Female,49,Hyderabad,Telangana,2024-01-26,Regular Customer
C000165,Karan Das,Female,42,Latur,Maharashtra,2024-01-08,Loyal Customer
C000166,Harsh Shinde,Male,48,Warangal,Telangana,2024-02-13,Regular Customer
C000167,Akash Kulkarni,Female,33,Bengaluru,Karnataka,2024-01-24,Occasional Customer
C000168,Rahul Bhosale,Male,58,Aurangabad,Maharashtra,2024-01-09,Regular Customer
C000169,Divya Bhosale,Male,31,Mumbai,Maharashtra,2024-01-02,Loyal Customer
C000170,Harsh Thakur,Female,42,Lucknow,Uttar Pradesh,2024-01-03,Loyal Customer
C000171,Sonia Iyer,Male,47,Mysuru,Karnataka,2024-01-02,Loyal Customer
C000172,Aditi Rao,Female,24,Chennai,Tamil Nadu,2024-05-04,Occasional Customer
C000173,Pooja Reddy,Female,29,Kolkata,West Bengal,2024-04-02,Loyal Customer
C000174,Akash Patil,Female,20,Vadodara,Gujarat,2024-04-22,Occasional Customer
C000175,Gaurav Iyer,Female,44,Bengaluru,Karnataka,2024-01-01,Regular Customer
C000176,Deepak Das,Female,63,Kanpur,Uttar Pradesh,2024-01-01,Loyal Customer
C000177,Sonia Kulkarni,Female,36,Indore,Madhya Pradesh,2025-05-03,New Customer
C000178,Anjali Shinde,Male,60,Indore,Madhya Pradesh,2024-02-03,Regular Customer
C000179,Aniket Gupta,Male,54,Kanpur,Uttar Pradesh,2024-01-31,Occasional Customer
C000180,Isha Jadhav,Female,62,Chennai,Tamil Nadu,2024-01-11,Occasional Customer
C000181,Harsh Pawar,Female,59,Hyderabad,Telangana,2024-01-20,Occasional Customer
C000182,Arjun Thakur,Female,24,Pune,Maharashtra,2024-01-07,Loyal Customer
C000183,Anjali Mishra,Male,33,Nagpur,Maharashtra,2024-05-15,Regular Customer
C000184,Vivek Deshmukh,Male,49,Indore,Madhya Pradesh,2024-01-08,Loyal Customer
C000185,Isha Das,Male,25,Aurangabad,Maharashtra,2024-07-26,Regular Customer
C000186,Sonia Mishra,Female,30,Indore,Madhya Pradesh,2024-01-18,Regular Customer
C000187,Manish Kulkarni,Female,28,Indore,Madhya Pradesh,2024-01-09,Regular Customer
C000188,Aditi Reddy,Female,37,Indore,Madhya Pradesh,2024-01-01,Loyal Customer
C000189,Manish Banerjee,Male,35,Pune,Maharashtra,2024-01-28,Loyal Customer
C000190,Aarav Deshmukh,Male,54,Pune,Maharashtra,2024-01-05,Loyal Customer
C000191,Vivek Menon,Female,23,Vadodara,Gujarat,2024-04-05,Regular Customer
C000192,Sonia Joshi,Female,37,Aurangabad,Maharashtra,2024-01-07,Loyal Customer
C000193,Ananya Bhosale,Male,49,Mumbai,Maharashtra,2024-01-29,Occasional Customer
C000194,Karan Yadav,Female,63,Mumbai,Maharashtra,2024-01-01,Regular Customer
C000195,Aniket Mishra,Male,61,Lucknow,Uttar Pradesh,2024-01-25,Regular Customer
C000196,Gaurav Singh,Female,46,Pune,Maharashtra,2024-05-30,Regular Customer
C000197,Aditi Pawar,Female,21,Patna,Bihar,2024-03-11,Regular Customer
C000198,Gaurav Sharma,Female,24,Chennai,Tamil Nadu,2024-01-08,Occasional Customer
C000199,Gaurav More,Female,60,Latur,Maharashtra,2024-09-14,Occasional Customer
C000200,Vivek Das,Male,37,Nashik,Maharashtra,2024-06-02,New Customer
C000201,Sameer Thakur,Female,51,Delhi,Delhi,2024-03-10,Occasional Customer
C000202,Ayush Bhosale,Female,53,Indore,Madhya Pradesh,2024-09-14,Occasional Customer
C000203,Riya Iyer,Female,24,Latur,Maharashtra,2024-04-09,Occasional Customer
C000204,Sameer Gupta,Female,50,Aurangabad,Maharashtra,2024-01-09,Loyal Customer
C000205,Rahul Nair,Male,32,Kanpur,Uttar Pradesh,2024-01-20,Loyal Customer
C000206,Karan Jadhav,Female,49,Pune,Maharashtra,2024-01-12,Regular Customer
C000207,Aniket Sawant,Female,39,Latur,Maharashtra,2024-03-22,Occasional Customer
C000208,Aniket Patil,Male,57,Vadodara,Gujarat,2024-01-30,Occasional Customer
C000209,Neha Iyer,Female,46,Delhi,Delhi,2024-01-01,Loyal Customer
C000210,Manish Patil,Male,42,Jaipur,Rajasthan,2024-02-18,Regular Customer
C000211,Rohan Chavan,Male,22,Jaipur,Rajasthan,2024-01-21,Regular Customer
C000212,Aditi Patil,Male,31,Mumbai,Maharashtra,2024-11-01,Occasional Customer
C000213,Neha Yadav,Female,52,Bengaluru,Karnataka,2024-04-13,Occasional Customer
C000214,Kavita Kumar,Female,19,Latur,Maharashtra,2024-01-18,Loyal Customer
C000215,Sonia Verma,Female,42,Jaipur,Rajasthan,2025-07-07,Occasional Customer
C000216,Ananya Patil,Female,33,Nagpur,Maharashtra,2024-01-13,Regular Customer
C000217,Kavita Deshmukh,Male,63,Kanpur,Uttar Pradesh,2024-06-18,Occasional Customer
C000218,Sonia Pawar,Male,33,Nashik,Maharashtra,2024-03-26,Occasional Customer
C000219,Aditya Shah,Male,28,Lucknow,Uttar Pradesh,2024-01-02,Occasional Customer
C000220,Aditya Rao,Female,52,Nagpur,Maharashtra,2025-04-01,New Customer
C000221,Sonia Joshi,Female,40,Lucknow,Uttar Pradesh,2025-02-21,Occasional Customer
C000222,Gaurav Kulkarni,Male,22,Kanpur,Uttar Pradesh,2024-01-04,Regular Customer
C000223,Vikas Mehta,Female,52,Hyderabad,Telangana,2024-03-11,Loyal Customer
C000224,Anjali Mehta,Female,46,Kanpur,Uttar Pradesh,2024-01-26,Occasional Customer
C000225,Nikhil Patil,Male,64,Bengaluru,Karnataka,2024-01-13,Occasional Customer
C000226,Nikhil Deshmukh,Female,22,Mumbai,Maharashtra,2024-01-24,Loyal Customer
C000227,Harsh Rao,Female,20,Warangal,Telangana,2024-04-24,Regular Customer
C000228,Neha Mehta,Female,23,Hyderabad,Telangana,2024-11-13,Occasional Customer
C000229,Kavita Chavan,Male,40,Bhopal,Madhya Pradesh,2024-01-06,Loyal Customer
C000230,Vivek More,Female,63,Warangal,Telangana,2024-02-15,Loyal Customer
C000231,Aniket Rao,Female,19,Mumbai,Maharashtra,2024-01-11,Regular Customer
C000232,Riya Chavan,Male,35,Delhi,Delhi,2024-01-12,Regular Customer
C000233,Anjali More,Female,47,Bhopal,Madhya Pradesh,2024-02-20,Occasional Customer
C000234,Gaurav Jadhav,Male,55,Mysuru,Karnataka,2024-01-21,Occasional Customer
C000235,Rahul Reddy,Female,22,Nagpur,Maharashtra,2024-02-22,Occasional Customer
C000236,Ayush Thakur,Female,63,Hyderabad,Telangana,2024-07-06,Occasional Customer
C000237,Deepak Kumar,Female,28,Jaipur,Rajasthan,2025-08-05,New Customer
C000238,Sakshi Kumar,Male,18,Jaipur,Rajasthan,2024-07-05,Occasional Customer
C000239,Aditya Sharma,Male,27,Kanpur,Uttar Pradesh,2024-01-02,Loyal Customer
C000240,Isha Shah,Male,58,Indore,Madhya Pradesh,2024-06-01,Regular Customer
C000241,Neha Kulkarni,Male,61,Pune,Maharashtra,2024-01-09,Occasional Customer
C000242,Aditya Gupta,Male,43,Mumbai,Maharashtra,2024-01-09,Loyal Customer
C000243,Aniket Verma,Female,50,Jaipur,Rajasthan,2024-06-19,Occasional Customer
C000244,Arjun Jadhav,Male,44,Chennai,Tamil Nadu,2024-01-11,Occasional Customer
C000245,Vivek Kadam,Female,29,Aurangabad,Maharashtra,2024-01-28,Regular Customer
C000246,Vikas Deshmukh,Male,19,Aurangabad,Maharashtra,2024-01-06,Regular Customer
C000247,Vikas Joshi,Female,18,Bengaluru,Karnataka,2024-02-01,Loyal Customer
C000248,Divya Sawant,Female,18,Bengaluru,Karnataka,2024-01-03,Loyal Customer
C000249,Ananya Thakur,Female,50,Nagpur,Maharashtra,2024-01-01,Regular Customer
C000250,Sneha Gupta,Other,39,Lucknow,Uttar Pradesh,2024-11-03,Occasional Customer
C000251,Riya Sawant,Male,29,Jaipur,Rajasthan,2024-01-01,Regular Customer
C000252,Nikhil Das,Male,56,Jaipur,Rajasthan,2024-01-08,Occasional Customer
C000253,Pooja Verma,Male,53,Nagpur,Maharashtra,2024-01-26,Occasional Customer
C000254,Aarav Rao,Male,38,Kanpur,Uttar Pradesh,2024-01-01,Regular Customer
C000255,Sneha Gupta,Female,37,Vadodara,Gujarat,2024-01-26,Regular Customer
C000256,Ayush Kumar,Male,53,Mumbai,Maharashtra,2024-08-24,Occasional Customer
C000257,Rahul Kulkarni,Female,43,Kanpur,Uttar Pradesh,2024-01-13,Occasional Customer
C000258,Vikas Jadhav,Male,64,Delhi,Delhi,2024-01-09,New Customer
C000259,Arjun Kulkarni,Other,48,Indore,Madhya Pradesh,2024-01-13,Regular Customer
C000260,Vikas Kulkarni,Female,18,Warangal,Telangana,2024-01-13,Loyal Customer
C000261,Rohan Gupta,Male,55,Nashik,Maharashtra,2024-06-02,Occasional Customer
C000262,Amit More,Male,31,Latur,Maharashtra,2024-12-17,New Customer
C000263,Ayush Shah,Female,43,Warangal,Telangana,2024-01-01,Occasional Customer
C000264,Aniket Nair,Other,63,Kanpur,Uttar Pradesh,2024-01-10,Occasional Customer
C000265,Deepak Shinde,Male,59,Nagpur,Maharashtra,2024-12-02,New Customer
C000266,Rahul Reddy,Male,24,Jaipur,Rajasthan,2024-03-16,Occasional Customer
C000267,Sonia More,Female,29,Nagpur,Maharashtra,2024-01-29,Occasional Customer
C000268,Kavita Yadav,Female,41,Bhopal,Madhya Pradesh,2024-01-06,Loyal Customer
C000269,Arjun Singh,Male,36,Surat,Gujarat,2024-01-25,Regular Customer
C000270,Vivek Mishra,Female,26,Bhopal,Madhya Pradesh,2024-01-02,Regular Customer
C000271,Aditi Deshmukh,Female,52,Pune,Maharashtra,2024-01-22,Loyal Customer
C000272,Pooja Bhosale,Female,21,Vadodara,Gujarat,2024-01-12,Regular Customer
C000273,Sneha More,Female,62,Nagpur,Maharashtra,2024-02-15,Occasional Customer
C000274,Aditi Sharma,Female,59,Jaipur,Rajasthan,2024-01-11,Occasional Customer
C000275,Deepak Menon,Male,49,Bengaluru,Karnataka,2024-01-13,Occasional Customer
C000276,Amit Reddy,Female,63,Nashik,Maharashtra,2024-07-26,Occasional Customer
C000277,Arjun Pawar,Male,23,Mumbai,Maharashtra,2024-01-24,Regular Customer
C000278,Rohan Thakur,Female,45,Nashik,Maharashtra,2024-04-29,Occasional Customer
C000279,Manish Nair,Male,45,Mumbai,Maharashtra,2024-03-21,Occasional Customer
C000280,Harsh Gupta,Female,57,Surat,Gujarat,2024-03-09,Occasional Customer
C000281,Aarav Kulkarni,Male,46,Patna,Bihar,2024-03-26,New Customer
C000282,Aditya Singh,Female,59,Jaipur,Rajasthan,2024-02-13,Regular Customer
C000283,Riya Singh,Male,22,Kanpur,Uttar Pradesh,2024-01-23,Occasional Customer
C000284,Amit Gupta,Female,22,Warangal,Telangana,2024-01-01,New Customer
C000285,Aditi Banerjee,Female,54,Hyderabad,Telangana,2024-01-03,Regular Customer
C000286,Divya Mehta,Female,58,Nagpur,Maharashtra,2024-01-22,Occasional Customer
C000287,Manish Jadhav,Female,45,Indore,Madhya Pradesh,2024-03-10,New Customer
C000288,Harsh Jadhav,Male,58,Mumbai,Maharashtra,2024-01-03,Loyal Customer
C000289,Aditi Sawant,Female,64,Jaipur,Rajasthan,2024-01-15,Loyal Customer
C000290,Divya Singh,Female,26,Chennai,Tamil Nadu,2024-01-21,Regular Customer
C000291,Vivek Das,Female,46,Lucknow,Uttar Pradesh,2025-02-05,Occasional Customer
C000292,Sonia Patil,Female,31,Vadodara,Gujarat,2025-02-10,New Customer
C000293,Vikas Kadam,Female,55,Vadodara,Gujarat,2024-05-24,Regular Customer
C000294,Aniket Rao,Male,57,Surat,Gujarat,2024-07-01,Occasional Customer
C000295,Anjali Rao,Female,51,Latur,Maharashtra,2024-02-25,Loyal Customer
C000296,Akash Kadam,Female,54,Latur,Maharashtra,2024-01-04,Regular Customer
C000297,Sakshi Gupta,Female,59,Ahmedabad,Gujarat,2024-01-01,Occasional Customer
C000298,Vikas Mishra,Female,31,Lucknow,Uttar Pradesh,2024-01-06,Loyal Customer
C000299,Harsh Shah,Male,35,Vadodara,Gujarat,2024-04-16,Occasional Customer
C000300,Rohan Jadhav,Male,50,Warangal,Telangana,2024-01-13,Regular Customer
C000301,Vivek Kumar,Male,51,Pune,Maharashtra,2024-01-03,Regular Customer
C000302,Anjali Mishra,Male,45,Patna,Bihar,2024-02-10,Occasional Customer
C000303,Ananya Das,Female,53,Mumbai,Maharashtra,2024-01-02,Loyal Customer
C000304,Sameer Pawar,Female,62,Kolkata,West Bengal,2024-03-27,New Customer
C000305,Vikas Bhosale,Male,65,Mumbai,Maharashtra,2024-04-19,Occasional Customer
C000306,Aarav Pawar,Male,54,Aurangabad,Maharashtra,2024-04-03,Occasional Customer
C000307,Rohan Kumar,Female,40,Jaipur,Rajasthan,2024-01-12,Loyal Customer
C000308,Deepak Das,Female,59,Lucknow,Uttar Pradesh,2024-01-26,Loyal Customer
C000309,Vivek Bhosale,Female,34,Nashik,Maharashtra,2024-10-28,Occasional Customer
C000310,Sameer Rao,Female,28,Nagpur,Maharashtra,2024-01-05,Loyal Customer
C000311,Sonia Iyer,Female,49,Indore,Madhya Pradesh,2024-01-29,Loyal Customer
C000312,Sameer Joshi,Male,54,Indore,Madhya Pradesh,2024-02-10,Occasional Customer
C000313,Arjun Pawar,Male,32,Chennai,Tamil Nadu,2024-11-12,Regular Customer
C000314,Sameer Nair,Male,21,Surat,Gujarat,2024-01-22,Occasional Customer
C000315,Akash Gaikwad,Male,56,Patna,Bihar,2024-02-02,New Customer
C000316,Sonia Patil,Female,47,Latur,Maharashtra,2024-02-25,New Customer
C000317,Sonia Yadav,Female,27,Nagpur,Maharashtra,2024-02-26,Occasional Customer
C000318,Anjali Shinde,Male,40,Bengaluru,Karnataka,2024-03-13,Occasional Customer
C000319,Sneha Kumar,Male,41,Aurangabad,Maharashtra,2024-01-06,Occasional Customer
C000320,Isha Kadam,Male,53,Indore,Madhya Pradesh,2024-09-09,Occasional Customer
C000321,Ayush Banerjee,Female,22,Surat,Gujarat,2024-01-13,Loyal Customer
C000322,Sameer Mishra,Female,54,Patna,Bihar,2024-04-05,New Customer
C000323,Anjali Joshi,Male,60,Nagpur,Maharashtra,2024-01-29,Regular Customer
C000324,Aarav Rao,Male,36,Mumbai,Maharashtra,2024-06-29,Regular Customer
C000325,Aniket Gaikwad,Female,54,Kanpur,Uttar Pradesh,2024-02-18,Regular Customer
C000326,Deepak More,Female,25,Patna,Bihar,2024-01-17,Regular Customer
C000327,Sonia Deshmukh,Male,24,Mumbai,Maharashtra,2024-01-30,Regular Customer
C000328,Sakshi More,Female,57,Nagpur,Maharashtra,2024-02-08,Occasional Customer
C000329,Divya Reddy,Female,30,Bhopal,Madhya Pradesh,2025-05-10,New Customer
C000330,Kavita Gaikwad,Male,54,Mysuru,Karnataka,2024-03-11,Occasional Customer
C000331,Rahul Banerjee,Male,44,Vadodara,Gujarat,2024-01-01,Loyal Customer
C000332,Manish Chavan,Male,35,Nagpur,Maharashtra,2024-01-23,Occasional Customer
C000333,Aarav Kulkarni,Female,41,Warangal,Telangana,2024-02-15,Loyal Customer
C000334,Vikas More,Female,58,Surat,Gujarat,2024-07-09,Occasional Customer
C000335,Ananya Mehta,Female,19,Bhopal,Madhya Pradesh,2024-10-29,Occasional Customer
C000336,Arjun Patil,Female,33,Kolkata,West Bengal,2024-03-27,New Customer
C000337,Akash Shah,Female,31,Vadodara,Gujarat,2024-07-06,Occasional Customer
C000338,Harsh Kadam,Female,34,Pune,Maharashtra,2024-11-25,New Customer
C000339,Rohan Das,Female,23,Mysuru,Karnataka,2024-01-02,Occasional Customer
C000340,Deepak Bhosale,Male,52,Pune,Maharashtra,2024-01-15,Regular Customer
C000341,Nikhil Verma,Female,34,Indore,Madhya Pradesh,2024-12-07,Occasional Customer
C000342,Akash Gaikwad,Female,62,Warangal,Telangana,2024-01-03,Regular Customer
C000343,Vikas Mehta,Female,55,Mumbai,Maharashtra,2024-01-02,Occasional Customer
C000344,Aniket More,Male,57,Bengaluru,Karnataka,2024-01-03,Regular Customer
C000345,Aditi Nair,Female,23,Delhi,Delhi,2024-01-26,Loyal Customer
C000346,Harsh Sharma,Female,65,Vadodara,Gujarat,2024-01-19,New Customer
C000347,Kavita Kumar,Male,55,Jaipur,Rajasthan,2024-08-09,New Customer
C000348,Sameer Gupta,Female,38,Hyderabad,Telangana,2024-01-05,Loyal Customer
C000349,Rahul Iyer,Male,52,Mysuru,Karnataka,2024-01-04,Regular Customer
C000350,Rohan Iyer,Female,40,Nagpur,Maharashtra,2024-01-27,Occasional Customer
C000351,Rahul Shinde,Female,29,Bhopal,Madhya Pradesh,2024-03-29,Occasional Customer
C000352,Divya Bhosale,Female,46,Ahmedabad,Gujarat,2024-03-15,Occasional Customer
C000353,Aditya Rao,Male,44,Hyderabad,Telangana,2024-03-01,Occasional Customer
C000354,Vivek Chavan,Male,23,Nashik,Maharashtra,2024-01-01,Regular Customer
C000355,Nikhil Chavan,Female,38,Ahmedabad,Gujarat,2024-02-05,Regular Customer
C000356,Rahul Mishra,Male,24,Kanpur,Uttar Pradesh,2024-01-12,Loyal Customer
C000357,Akash Iyer,Female,60,Mumbai,Maharashtra,2024-03-05,Occasional Customer
C000358,Vikas Sawant,Male,58,Warangal,Telangana,2024-01-17,Occasional Customer
C000359,Kavita Sawant,Female,33,Surat,Gujarat,2024-01-28,Occasional Customer
C000360,Rahul Bhosale,Female,22,Jaipur,Rajasthan,2024-01-14,Regular Customer
C000361,Deepak Gaikwad,Male,32,Surat,Gujarat,2024-01-01,Regular Customer
C000362,Riya Sawant,Female,38,Chennai,Tamil Nadu,2024-03-05,Occasional Customer
C000363,Manish Jadhav,Female,21,Lucknow,Uttar Pradesh,2024-02-06,Loyal Customer
C000364,Aniket Bhosale,Female,22,Kolkata,West Bengal,2024-03-06,Occasional Customer
C000365,Rahul Gaikwad,Male,24,Pune,Maharashtra,2024-01-05,Loyal Customer
C000366,Rahul Iyer,Female,52,Pune,Maharashtra,2024-01-18,Regular Customer
C000367,Vikas Pawar,Male,53,Vadodara,Gujarat,2024-01-20,Loyal Customer
C000368,Nikhil Mehta,Male,32,Lucknow,Uttar Pradesh,2024-06-09,Regular Customer
C000369,Ayush Gaikwad,Male,45,Vadodara,Gujarat,2025-09-20,New Customer
C000370,Manish Banerjee,Female,19,Vadodara,Gujarat,2024-04-06,Occasional Customer
C000371,Aarav Sawant,Male,22,Indore,Madhya Pradesh,2024-08-14,Occasional Customer
C000372,Ayush Shinde,Female,24,Kanpur,Uttar Pradesh,2024-01-01,Loyal Customer
C000373,Harsh Das,Male,39,Mysuru,Karnataka,2024-11-30,Occasional Customer
C000374,Neha Shah,Male,48,Latur,Maharashtra,2024-01-11,Loyal Customer
C000375,Pooja Chavan,Male,49,Kolkata,West Bengal,2024-01-03,Loyal Customer
C000376,Isha Thakur,Male,25,Vadodara,Gujarat,2024-01-18,Loyal Customer
C000377,Isha Rao,Female,58,Delhi,Delhi,2024-04-01,Regular Customer
C000378,Aniket Verma,Male,59,Aurangabad,Maharashtra,2024-03-29,Occasional Customer
C000379,Karan Das,Male,28,Mumbai,Maharashtra,2024-05-04,Occasional Customer
C000380,Vikas Das,Male,18,Warangal,Telangana,2024-01-02,Loyal Customer
C000381,Rohan Pawar,Male,64,Patna,Bihar,2024-01-22,Regular Customer
C000382,Rahul Deshmukh,Male,57,Chennai,Tamil Nadu,2024-03-13,Occasional Customer
C000383,Ayush Verma,Female,36,Chennai,Tamil Nadu,2024-01-22,Loyal Customer
C000384,Rahul Reddy,Female,61,Aurangabad,Maharashtra,2024-01-19,Loyal Customer
C000385,Nikhil Chavan,Female,55,Hyderabad,Telangana,2024-01-06,Loyal Customer
C000386,Aditya Banerjee,Female,59,Nashik,Maharashtra,2024-07-04,Occasional Customer
C000387,Sakshi Joshi,Female,54,Latur,Maharashtra,2024-01-07,Loyal Customer
C000388,Rahul Sawant,Female,24,Ahmedabad,Gujarat,2024-01-19,Occasional Customer
C000389,Anjali Das,Male,56,Kanpur,Uttar Pradesh,2026-08-06,New Customer
C000390,Aniket Jadhav,Male,42,Kolkata,West Bengal,2024-01-03,Loyal Customer
C000391,Aarav Patil,Male,39,Nagpur,Maharashtra,2024-01-04,Regular Customer
C000392,Anjali Yadav,Male,44,Warangal,Telangana,2024-01-07,Regular Customer
C000393,Nikhil Mishra,Male,58,Kanpur,Uttar Pradesh,2024-02-01,Loyal Customer
C000394,Sakshi Deshmukh,Female,64,Jaipur,Rajasthan,2024-05-25,Loyal Customer
C000395,Isha Bhosale,Male,55,Ahmedabad,Gujarat,2024-01-01,Loyal Customer
C000396,Vikas Reddy,Other,65,Bhopal,Madhya Pradesh,2024-01-01,Loyal Customer
C000397,Neha Shinde,Male,56,Mysuru,Karnataka,2024-01-13,Regular Customer
C000398,Riya Nair,Male,32,Lucknow,Uttar Pradesh,2024-03-14,Regular Customer
C000399,Gaurav Yadav,Other,19,Indore,Madhya Pradesh,2024-02-24,Occasional Customer
C000400,Gaurav Joshi,Female,25,Lucknow,Uttar Pradesh,2024-01-18,Regular Customer
C000401,Amit Reddy,Male,61,Aurangabad,Maharashtra,2024-08-29,New Customer
C000402,Riya Sharma,Female,60,Patna,Bihar,2024-01-04,Occasional Customer
C000403,Vikas Menon,Female,23,Bengaluru,Karnataka,2024-01-10,Loyal Customer
C000404,Sonia Menon,Male,37,Chennai,Tamil Nadu,2024-03-10,Occasional Customer
C000405,Vikas Kulkarni,Male,44,Patna,Bihar,2024-04-09,Occasional Customer
C000406,Sakshi Bhosale,Female,62,Mumbai,Maharashtra,2024-04-22,Regular Customer
C000407,Anjali Pawar,Female,40,Mumbai,Maharashtra,2024-01-16,Loyal Customer
C000408,Sameer Nair,Male,65,Kolkata,West Bengal,2024-01-03,Loyal Customer
C000409,Kavita Thakur,Female,57,Pune,Maharashtra,2024-01-23,Occasional Customer
C000410,Aditi Gupta,Male,34,Vadodara,Gujarat,2024-01-04,Loyal Customer
C000411,Anjali Kumar,Female,30,Jaipur,Rajasthan,2024-05-02,Regular Customer
C000412,Sonia Kulkarni,Male,21,Warangal,Telangana,2024-02-02,Loyal Customer
C000413,Isha Jadhav,Female,37,Ahmedabad,Gujarat,2024-03-09,Occasional Customer
C000414,Sameer Thakur,Female,59,Patna,Bihar,2024-02-14,Regular Customer
C000415,Rahul Verma,Male,42,Mumbai,Maharashtra,2024-01-17,Loyal Customer
C000416,Manish Shah,Male,39,Jaipur,Rajasthan,2024-04-21,Occasional Customer
C000417,Deepak Menon,Female,65,Hyderabad,Telangana,2024-02-19,Regular Customer
C000418,Vikas Thakur,Female,34,Aurangabad,Maharashtra,2025-08-06,Occasional Customer
C000419,Nikhil Banerjee,Male,57,Vadodara,Gujarat,2024-02-06,Loyal Customer
C000420,Rohan Singh,Male,28,Nagpur,Maharashtra,2024-02-09,Regular Customer
C000421,Kavita Bhosale,Female,42,Chennai,Tamil Nadu,2024-02-07,Loyal Customer
C000422,Sneha Kumar,Female,22,Jaipur,Rajasthan,2024-06-27,Occasional Customer
C000423,Manish Thakur,Male,38,Lucknow,Uttar Pradesh,2024-04-05,Occasional Customer
C000424,Vikas Pawar,Female,43,Aurangabad,Maharashtra,2024-01-15,New Customer
C000425,Rohan Mishra,Female,33,Vadodara,Gujarat,2024-01-06,Loyal Customer
C000426,Karan Thakur,Male,57,Surat,Gujarat,2024-01-01,Occasional Customer
C000427,Arjun Menon,Male,38,Aurangabad,Maharashtra,2025-02-06,Occasional Customer
C000428,Anjali Banerjee,Male,65,Kolkata,West Bengal,2024-01-08,Regular Customer
C000429,Pooja More,Female,49,Indore,Madhya Pradesh,2024-08-22,Occasional Customer
C000430,Sakshi Menon,Female,21,Surat,Gujarat,2024-07-12,Occasional Customer
C000431,Kavita Yadav,Female,55,Kanpur,Uttar Pradesh,2024-04-07,Occasional Customer
C000432,Pooja Joshi,Male,25,Aurangabad,Maharashtra,2024-01-06,Regular Customer
C000433,Arjun Thakur,Male,26,Chennai,Tamil Nadu,2024-01-02,Regular Customer
C000434,Aditya Nair,Female,62,Jaipur,Rajasthan,2024-02-11,Occasional Customer
C000435,Ayush Joshi,Male,34,Jaipur,Rajasthan,2024-01-02,Loyal Customer
C000436,Arjun Chavan,Female,58,Patna,Bihar,2024-01-14,Loyal Customer
C000437,Deepak Singh,Female,30,Hyderabad,Telangana,2024-01-06,Regular Customer
C000438,Manish Deshmukh,Male,26,Nashik,Maharashtra,2024-11-20,Occasional Customer
C000439,Amit Jadhav,Male,23,Mumbai,Maharashtra,2024-01-01,Loyal Customer
C000440,Anjali Gaikwad,Male,44,Aurangabad,Maharashtra,2024-03-30,Occasional Customer
C000441,Riya Jadhav,Male,59,Mysuru,Karnataka,2024-04-16,Regular Customer
C000442,Riya Shinde,Female,54,Vadodara,Gujarat,2024-01-01,Regular Customer
C000443,Aditya Bhosale,Male,56,Aurangabad,Maharashtra,2024-01-05,Regular Customer
C000444,Harsh Chavan,Male,60,Nashik,Maharashtra,2024-05-06,Regular Customer
C000445,Manish Thakur,Female,41,Pune,Maharashtra,2024-01-07,Regular Customer
C000446,Harsh Patil,Male,26,Kanpur,Uttar Pradesh,2024-04-07,Regular Customer
C000447,Aniket Banerjee,Female,59,Mysuru,Karnataka,2024-01-03,Regular Customer
C000448,Harsh Gaikwad,Male,28,Lucknow,Uttar Pradesh,2024-03-06,Occasional Customer
C000449,Vikas Menon,Male,52,Mumbai,Maharashtra,2024-02-03,Regular Customer
C000450,Neha Nair,Male,46,Aurangabad,Maharashtra,2024-07-19,Occasional Customer
C000451,Aarav Mishra,Male,25,Ahmedabad,Gujarat,2024-02-17,Regular Customer
C000452,Vikas Menon,Female,34,Nashik,Maharashtra,2024-03-14,Regular Customer
C000453,Neha Gaikwad,Female,24,Jaipur,Rajasthan,2024-01-04,Loyal Customer
C000454,Karan Sharma,Male,29,Jaipur,Rajasthan,2026-01-17,New Customer
C000455,Divya Sawant,Male,65,Pune,Maharashtra,2024-04-27,Regular Customer
C000456,Sakshi Gaikwad,Male,32,Indore,Madhya Pradesh,2025-03-15,New Customer
C000457,Sonia Singh,Male,46,Kanpur,Uttar Pradesh,2024-10-02,Occasional Customer
C000458,Sneha Bhosale,Male,62,Chennai,Tamil Nadu,2024-01-09,Regular Customer
C000459,Manish Iyer,Female,41,Bhopal,Madhya Pradesh,2024-04-04,Occasional Customer
C000460,Rohan Gupta,Female,54,Nagpur,Maharashtra,2024-01-16,Regular Customer
C000461,Sameer Shah,Male,31,Mumbai,Maharashtra,2024-03-21,Loyal Customer
C000462,Vikas Joshi,Female,28,Mumbai,Maharashtra,2024-02-17,Occasional Customer
C000463,Karan Joshi,Female,52,Lucknow,Uttar Pradesh,2024-12-04,Occasional Customer
C000464,Arjun Bhosale,Male,34,Delhi,Delhi,2024-03-14,Occasional Customer
C000465,Karan Sharma,Female,44,Aurangabad,Maharashtra,2026-06-26,New Customer
C000466,Gaurav Chavan,Female,61,Chennai,Tamil Nadu,2024-01-03,Loyal Customer
C000467,Rahul Rao,Male,20,Nagpur,Maharashtra,2024-01-08,Regular Customer
C000468,Sameer Gaikwad,Other,19,Mumbai,Maharashtra,2024-02-26,Occasional Customer
C000469,Rohan Pawar,Male,21,Mumbai,Maharashtra,2024-01-10,Loyal Customer
C000470,Sneha Thakur,Male,35,Warangal,Telangana,2026-08-11,New Customer
C000471,Vivek Jadhav,Female,37,Mysuru,Karnataka,2024-02-12,Occasional Customer
C000472,Nikhil Gupta,Male,38,Delhi,Delhi,2024-01-25,Occasional Customer
C000473,Aarav Kumar,Male,31,Chennai,Tamil Nadu,2024-02-05,Occasional Customer
C000474,Gaurav Mehta,Male,25,Ahmedabad,Gujarat,2024-01-01,Loyal Customer
C000475,Neha Rao,Female,19,Chennai,Tamil Nadu,2024-01-03,Regular Customer
C000476,Aarav Deshmukh,Female,43,Surat,Gujarat,2024-02-06,Regular Customer
C000477,Pooja Bhosale,Female,36,Pune,Maharashtra,2024-01-11,Regular Customer
C000478,Amit Mishra,Female,59,Lucknow,Uttar Pradesh,2024-02-11,Regular Customer
C000479,Isha Pawar,Male,45,Bhopal,Madhya Pradesh,2024-02-23,Regular Customer
C000480,Aditi More,Male,46,Nagpur,Maharashtra,2024-02-23,Regular Customer
C000481,Gaurav Chavan,Female,22,Indore,Madhya Pradesh,2024-01-22,Regular Customer
C000482,Aniket Thakur,Female,60,Warangal,Telangana,2024-01-01,Regular Customer
C000483,Deepak Chavan,Male,45,Mysuru,Karnataka,2024-01-06,Regular Customer
C000484,Sakshi Singh,Male,58,Pune,Maharashtra,2024-05-05,Occasional Customer
C000485,Gaurav More,Female,65,Lucknow,Uttar Pradesh,2024-01-01,Regular Customer
C000486,Sakshi Banerjee,Female,43,Bengaluru,Karnataka,2024-02-10,Loyal Customer
C000487,Harsh More,Female,22,Hyderabad,Telangana,2024-03-10,Loyal Customer
C000488,Sneha Deshmukh,Male,32,Nashik,Maharashtra,2024-10-11,Occasional Customer
C000489,Karan Sharma,Other,63,Patna,Bihar,2024-01-14,Regular Customer
C000490,Rohan Gupta,Female,26,Bhopal,Madhya Pradesh,2024-02-02,Regular Customer
C000491,Aditi Kadam,Female,49,Ahmedabad,Gujarat,2024-01-05,Loyal Customer
C000492,Anjali Reddy,Female,43,Delhi,Delhi,2024-02-01,Regular Customer
C000493,Aditya Menon,Female,54,Nashik,Maharashtra,2024-01-01,Regular Customer
C000494,Pooja Patil,Female,32,Patna,Bihar,2024-06-04,New Customer
C000495,Sakshi Sharma,Female,58,Nashik,Maharashtra,2024-02-26,Loyal Customer
C000496,Anjali Shinde,Female,21,Mysuru,Karnataka,2024-01-08,Regular Customer
C000497,Sneha Sharma,Female,53,Aurangabad,Maharashtra,2024-01-03,Loyal Customer
C000498,Nikhil Jadhav,Male,37,Bengaluru,Karnataka,2024-02-19,Loyal Customer
C000499,Anjali Jadhav,Female,44,Nagpur,Maharashtra,2024-01-26,Regular Customer
C000500,Karan Rao,Female,38,Indore,Madhya Pradesh,2024-01-01,Regular Customer
C000501,Akash Mehta,Female,39,Nagpur,Maharashtra,2024-04-22,Occasional Customer
C000502,Aniket Thakur,Male,24,Jaipur,Rajasthan,2026-08-09,New Customer
C000503,Riya More,Female,64,Nashik,Maharashtra,2024-07-22,New Customer
C000504,Sakshi Kadam,Male,48,Bhopal,Madhya Pradesh,2024-01-01,Regular Customer
C000505,Ananya Shah,Female,34,Indore,Madhya Pradesh,2024-02-04,Occasional Customer
C000506,Nikhil Iyer,Female,24,Hyderabad,Telangana,2024-01-10,Occasional Customer
C000507,Riya Kulkarni,Male,36,Aurangabad,Maharashtra,2024-01-01,Regular Customer
C000508,Sakshi Banerjee,Female,45,Chennai,Tamil Nadu,2024-02-06,Loyal Customer
C000509,Ananya Sawant,Male,27,Indore,Madhya Pradesh,2024-02-13,Occasional Customer
C000510,Akash Mehta,Male,44,Ahmedabad,Gujarat,2024-01-22,Regular Customer
C000511,Aarav Kumar,Female,30,Nagpur,Maharashtra,2024-08-24,Occasional Customer
C000512,Ayush Mehta,Male,19,Bengaluru,Karnataka,2024-01-04,Loyal Customer
C000513,Rahul Kumar,Male,39,Indore,Madhya Pradesh,2024-02-12,Loyal Customer
C000514,Gaurav Gaikwad,Male,37,Indore,Madhya Pradesh,2024-02-27,Regular Customer
C000515,Riya Shinde,Male,60,Kanpur,Uttar Pradesh,2024-01-06,Regular Customer
C000516,Aditya Mehta,Female,22,Jaipur,Rajasthan,2024-01-10,Regular Customer
C000517,Riya Banerjee,Male,23,Vadodara,Gujarat,2024-01-24,Occasional Customer
C000518,Pooja Joshi,Female,52,Ahmedabad,Gujarat,2024-01-23,Regular Customer
C000519,Akash Nair,Male,18,Lucknow,Uttar Pradesh,2024-02-13,Regular Customer
C000520,Sakshi Sawant,Male,52,Indore,Madhya Pradesh,2024-08-04,Regular Customer
C000521,Sonia Rao,Male,20,Nashik,Maharashtra,2024-03-20,Regular Customer
C000522,Nikhil Das,Female,53,Chennai,Tamil Nadu,2024-02-12,Occasional Customer
C000523,Akash Das,Female,24,Bengaluru,Karnataka,2024-01-07,Regular Customer
C000524,Neha Das,Female,46,Lucknow,Uttar Pradesh,2024-01-03,Regular Customer
C000525,Aditi Kadam,Female,32,Chennai,Tamil Nadu,2024-01-15,Occasional Customer
C000526,Manish Bhosale,Male,28,Bengaluru,Karnataka,2024-05-03,Occasional Customer
C000527,Rahul Kadam,Female,35,Hyderabad,Telangana,2025-06-11,New Customer
C000528,Aditya Verma,Female,61,Surat,Gujarat,2024-08-02,Occasional Customer
C000529,Pooja Chavan,Male,21,Kanpur,Uttar Pradesh,2024-03-26,Regular Customer
C000530,Aarav Mishra,Male,41,Lucknow,Uttar Pradesh,2024-01-06,Occasional Customer
C000531,Harsh Banerjee,Female,28,Kolkata,West Bengal,2024-08-05,New Customer
C000532,Karan Kulkarni,Male,23,Jaipur,Rajasthan,2024-01-05,Regular Customer
C000533,Harsh Kadam,Other,35,Patna,Bihar,2024-01-23,Loyal Customer
C000534,Pooja Singh,Male,32,Aurangabad,Maharashtra,2024-03-13,Occasional Customer
C000535,Sneha Thakur,Male,20,Nagpur,Maharashtra,2024-01-30,Regular Customer
C000536,Riya Jadhav,Female,34,Chennai,Tamil Nadu,2024-01-24,Loyal Customer
C000537,Harsh Pawar,Female,50,Kanpur,Uttar Pradesh,2024-01-12,Loyal Customer
C000538,Rohan Verma,Male,51,Patna,Bihar,2024-03-07,Occasional Customer
C000539,Pooja More,Female,47,Nashik,Maharashtra,2024-01-24,Loyal Customer
C000540,Nikhil Das,Male,36,Patna,Bihar,2024-01-20,Regular Customer
C000541,Vivek Gupta,Male,26,Jaipur,Rajasthan,2024-05-10,Occasional Customer
C000542,Sakshi Yadav,Female,57,Hyderabad,Telangana,2024-04-28,New Customer
C000543,Isha Bhosale,Female,61,Ahmedabad,Gujarat,2024-01-08,Loyal Customer
C000544,Sneha Iyer,Male,48,Patna,Bihar,2024-01-04,Regular Customer
C000545,Neha More,Male,44,Mysuru,Karnataka,2024-03-29,Occasional Customer
C000546,Deepak Mishra,Female,64,Hyderabad,Telangana,2024-02-08,Loyal Customer
C000547,Anjali Banerjee,Male,42,Surat,Gujarat,2024-02-02,Occasional Customer
C000548,Vivek Deshmukh,Female,24,Aurangabad,Maharashtra,2024-01-01,Occasional Customer
C000549,Arjun Singh,Female,65,Nagpur,Maharashtra,2024-04-23,Occasional Customer
C000550,Isha Joshi,Male,24,Delhi,Delhi,2024-02-28,Regular Customer
C000551,Sakshi Thakur,Female,37,Delhi,Delhi,2024-04-03,Occasional Customer
C000552,Neha Shah,Female,61,Bhopal,Madhya Pradesh,2024-06-25,New Customer
C000553,Rahul Gaikwad,Male,60,Kolkata,West Bengal,2025-03-07,Occasional Customer
C000554,Deepak Sharma,Male,53,Chennai,Tamil Nadu,2026-01-07,New Customer
C000555,Karan Mishra,Male,36,Bengaluru,Karnataka,2024-01-11,Regular Customer
C000556,Deepak Pawar,Female,19,Mysuru,Karnataka,2024-01-08,Regular Customer
C000557,Karan Shinde,Female,51,Chennai,Tamil Nadu,2024-10-08,New Customer
C000558,Divya Das,Male,34,Indore,Madhya Pradesh,2024-01-01,Regular Customer
C000559,Arjun Chavan,Male,41,Latur,Maharashtra,2024-01-01,Regular Customer
C000560,Arjun Singh,Male,26,Hyderabad,Telangana,2024-01-07,Regular Customer
C000561,Nikhil Nair,Female,18,Surat,Gujarat,2024-01-02,Regular Customer
C000562,Vikas More,Male,59,Ahmedabad,Gujarat,2024-01-23,Regular Customer
C000563,Manish Sharma,Female,45,Warangal,Telangana,2024-05-02,Regular Customer
C000564,Kavita Shinde,Male,32,Mysuru,Karnataka,2024-02-13,Regular Customer
C000565,Aditya Joshi,Female,38,Bengaluru,Karnataka,2024-01-26,Occasional Customer
C000566,Rohan Bhosale,Female,32,Bhopal,Madhya Pradesh,2024-06-24,Occasional Customer
C000567,Karan Gupta,Female,40,Pune,Maharashtra,2024-01-05,Loyal Customer
C000568,Sakshi Joshi,Male,19,Aurangabad,Maharashtra,2024-01-06,Loyal Customer
C000569,Riya Yadav,Female,63,Aurangabad,Maharashtra,2024-02-03,Regular Customer
C000570,Pooja Nair,Male,53,Latur,Maharashtra,2024-01-08,Loyal Customer
C000571,Karan Thakur,Male,26,Lucknow,Uttar Pradesh,2024-02-03,Occasional Customer
C000572,Sameer Sharma,Female,19,Warangal,Telangana,2025-12-11,New Customer
C000573,Aditya Sawant,Female,19,Jaipur,Rajasthan,2024-03-14,Loyal Customer
C000574,Anjali Gaikwad,Male,35,Ahmedabad,Gujarat,2024-09-07,Occasional Customer
C000575,Riya Joshi,Male,34,Mumbai,Maharashtra,2024-04-02,Regular Customer
C000576,Ayush Rao,Female,58,Vadodara,Gujarat,2024-01-01,Occasional Customer
C000577,Neha Kadam,Female,25,Kanpur,Uttar Pradesh,2024-01-22,Occasional Customer
C000578,Karan Gupta,Male,51,Indore,Madhya Pradesh,2024-01-24,Regular Customer
C000579,Kavita Kadam,Female,51,Hyderabad,Telangana,2024-02-06,Loyal Customer
C000580,Harsh Iyer,Male,22,Ahmedabad,Gujarat,2024-01-25,Regular Customer
C000581,Manish Chavan,Female,61,Nashik,Maharashtra,2026-07-10,New Customer
C000582,Divya Nair,Female,46,Nashik,Maharashtra,2024-01-14,Regular Customer
C000583,Isha More,Male,45,Latur,Maharashtra,2024-02-24,Occasional Customer
C000584,Ayush More,Female,33,Lucknow,Uttar Pradesh,2024-02-27,Occasional Customer
C000585,Anjali Kulkarni,Male,31,Chennai,Tamil Nadu,2024-09-14,Occasional Customer
C000586,Rohan Shinde,Female,19,Vadodara,Gujarat,2024-04-21,Occasional Customer
C000587,Deepak Kulkarni,Female,57,Hyderabad,Telangana,2024-08-06,New Customer
C000588,Rohan Gupta,Female,21,Mysuru,Karnataka,2024-04-18,New Customer
C000589,Sakshi Nair,Male,58,Lucknow,Uttar Pradesh,2024-01-06,Occasional Customer
C000590,Ananya Shinde,Male,48,Hyderabad,Telangana,2024-01-11,Loyal Customer
C000591,Aniket Iyer,Male,43,Nagpur,Maharashtra,2025-07-17,Occasional Customer
C000592,Karan More,Other,44,Ahmedabad,Gujarat,2024-03-11,Regular Customer
C000593,Rohan Mehta,Female,51,Ahmedabad,Gujarat,2024-01-03,Regular Customer
C000594,Sakshi Verma,Female,48,Bhopal,Madhya Pradesh,2025-08-25,Occasional Customer
C000595,Nikhil Sawant,Male,65,Kanpur,Uttar Pradesh,2024-01-21,Regular Customer
C000596,Akash Banerjee,Female,28,Warangal,Telangana,2025-11-26,New Customer
C000597,Aniket Sawant,Female,25,Bengaluru,Karnataka,2024-10-18,Occasional Customer
C000598,Anjali Kadam,Female,29,Hyderabad,Telangana,2024-01-08,Loyal Customer
C000599,Ananya Sawant,Male,52,Mumbai,Maharashtra,2024-12-19,Occasional Customer
C000600,Aarav Nair,Male,62,Nagpur,Maharashtra,2024-04-30,Loyal Customer
C000601,Manish Jadhav,Female,51,Ahmedabad,Gujarat,2024-01-22,Regular Customer
C000602,Arjun Patil,Female,30,Indore,Madhya Pradesh,2024-01-01,Occasional Customer
C000603,Aditi Gupta,Male,44,Mumbai,Maharashtra,2024-01-12,Regular Customer
C000604,Ayush Nair,Female,25,Latur,Maharashtra,2024-01-07,Regular Customer
C000605,Amit Reddy,Male,64,Patna,Bihar,2024-07-14,Occasional Customer
C000606,Sonia Menon,Female,38,Latur,Maharashtra,2024-01-18,Loyal Customer
C000607,Karan Kulkarni,Female,58,Chennai,Tamil Nadu,2024-03-07,Loyal Customer
C000608,Sonia Sharma,Male,28,Ahmedabad,Gujarat,2024-01-03,Regular Customer
C000609,Neha Sawant,Female,39,Ahmedabad,Gujarat,2024-01-23,Regular Customer
C000610,Karan Yadav,Male,38,Kolkata,West Bengal,2024-01-01,Regular Customer
C000611,Isha Chavan,Male,45,Patna,Bihar,2024-02-18,Regular Customer
C000612,Ananya Patil,Female,20,Jaipur,Rajasthan,2024-05-18,New Customer
C000613,Arjun Mishra,Male,24,Vadodara,Gujarat,2024-02-13,Regular Customer
C000614,Karan Kulkarni,Male,31,Patna,Bihar,2024-01-01,Loyal Customer
C000615,Sneha Deshmukh,Male,32,Delhi,Delhi,2024-09-02,Regular Customer
C000616,Gaurav Yadav,Male,26,Aurangabad,Maharashtra,2024-02-04,Regular Customer
C000617,Aditya Mehta,Male,60,Nashik,Maharashtra,2024-07-14,Regular Customer
C000618,Pooja Rao,Male,24,Nagpur,Maharashtra,2024-06-03,Occasional Customer
C000619,Aditi Jadhav,Female,29,Lucknow,Uttar Pradesh,2024-01-28,Loyal Customer
C000620,Amit Das,Male,36,Kanpur,Uttar Pradesh,2024-01-03,Loyal Customer
C000621,Neha Sawant,Female,44,Bhopal,Madhya Pradesh,2024-01-18,Loyal Customer
C000622,Aditya Joshi,Male,35,Kolkata,West Bengal,2024-01-13,Loyal Customer
C000623,Akash Gupta,Male,30,Bengaluru,Karnataka,2024-11-07,Regular Customer
C000624,Sakshi Bhosale,Male,60,Indore,Madhya Pradesh,2024-01-05,Occasional Customer
C000625,Nikhil Shah,Female,18,Surat,Gujarat,2024-05-10,Occasional Customer
C000626,Sameer Shah,Female,55,Kolkata,West Bengal,2024-01-19,Regular Customer
C000627,Anjali Menon,Female,38,Mumbai,Maharashtra,2024-01-31,Occasional Customer
C000628,Kavita Gaikwad,Male,51,Patna,Bihar,2024-01-01,Loyal Customer
C000629,Isha Kumar,Female,30,Vadodara,Gujarat,2024-01-12,Occasional Customer
C000630,Isha Sawant,Male,62,Vadodara,Gujarat,2024-05-10,Occasional Customer
C000631,Sonia Mehta,Male,58,Nagpur,Maharashtra,2024-01-05,Loyal Customer
C000632,Harsh Sawant,Female,40,Jaipur,Rajasthan,2024-03-25,Regular Customer
C000633,Neha Shah,Male,18,Delhi,Delhi,2024-01-10,Loyal Customer
C000634,Aditi Shah,Other,40,Chennai,Tamil Nadu,2024-01-02,Regular Customer
C000635,Rohan Kulkarni,Male,45,Mysuru,Karnataka,2024-01-11,Regular Customer
C000636,Sakshi Shinde,Other,49,Jaipur,Rajasthan,2024-02-19,Regular Customer
C000637,Pooja Shinde,Female,25,Warangal,Telangana,2024-01-17,Occasional Customer
C000638,Arjun Rao,Female,43,Latur,Maharashtra,2024-01-18,Occasional Customer
C000639,Aditya Pawar,Male,31,Chennai,Tamil Nadu,2024-01-11,Occasional Customer
C000640,Anjali Pawar,Male,41,Patna,Bihar,2024-01-01,Regular Customer
C000641,Manish Deshmukh,Female,65,Warangal,Telangana,2025-04-16,New Customer
C000642,Ananya Sharma,Male,46,Nashik,Maharashtra,2024-01-03,Regular Customer
C000643,Harsh Thakur,Female,21,Warangal,Telangana,2024-01-02,Occasional Customer
C000644,Riya Shah,Other,35,Bhopal,Madhya Pradesh,2024-01-14,Occasional Customer
C000645,Karan Sawant,Male,31,Aurangabad,Maharashtra,2024-02-15,Loyal Customer
C000646,Aditi Joshi,Female,44,Bengaluru,Karnataka,2024-01-07,Loyal Customer
C000647,Ayush Nair,Female,58,Nashik,Maharashtra,2025-08-12,New Customer
C000648,Ayush Nair,Male,64,Vadodara,Gujarat,2024-11-10,Occasional Customer
C000649,Sonia Thakur,Male,20,Indore,Madhya Pradesh,2024-02-07,Loyal Customer
C000650,Aditya Rao,Male,47,Bengaluru,Karnataka,2024-02-04,Loyal Customer
C000651,Anjali Kumar,Male,53,Mumbai,Maharashtra,2024-01-03,Occasional Customer
C000652,Arjun Das,Female,40,Patna,Bihar,2024-06-09,Occasional Customer
C000653,Sameer Reddy,Male,35,Kanpur,Uttar Pradesh,2024-04-27,Regular Customer
C000654,Neha Rao,Female,63,Ahmedabad,Gujarat,2024-01-09,Regular Customer
C000655,Sameer Kumar,Male,64,Jaipur,Rajasthan,2024-02-12,Loyal Customer
C000656,Aniket Bhosale,Female,57,Ahmedabad,Gujarat,2024-01-20,Occasional Customer
C000657,Akash Gupta,Female,27,Surat,Gujarat,2024-01-02,Occasional Customer
C000658,Anjali Reddy,Male,29,Nagpur,Maharashtra,2024-02-02,Occasional Customer
C000659,Amit Kumar,Male,58,Latur,Maharashtra,2024-01-23,Occasional Customer
C000660,Arjun Banerjee,Female,25,Bhopal,Madhya Pradesh,2024-01-18,Regular Customer
C000661,Amit Deshmukh,Female,49,Lucknow,Uttar Pradesh,2024-02-05,Occasional Customer
C000662,Aditi Pawar,Male,34,Aurangabad,Maharashtra,2024-02-01,Loyal Customer
C000663,Sameer Sawant,Male,58,Kolkata,West Bengal,2024-02-05,Occasional Customer
C000664,Nikhil Iyer,Male,62,Pune,Maharashtra,2024-06-16,Regular Customer
C000665,Sneha Mehta,Male,31,Mysuru,Karnataka,2024-02-24,Loyal Customer
C000666,Vivek Sawant,Female,54,Bhopal,Madhya Pradesh,2024-01-09,Regular Customer
C000667,Isha Kulkarni,Female,26,Ahmedabad,Gujarat,2024-01-08,Regular Customer
C000668,Isha Nair,Male,43,Aurangabad,Maharashtra,2024-01-03,Loyal Customer
C000669,Ayush Nair,Other,65,Mumbai,Maharashtra,2024-04-17,Occasional Customer
C000670,Gaurav More,Male,41,Vadodara,Gujarat,2024-04-02,Occasional Customer
C000671,Kavita Gupta,Female,40,Mumbai,Maharashtra,2024-03-14,Regular Customer
C000672,Karan Thakur,Male,48,Bhopal,Madhya Pradesh,2024-01-01,Regular Customer
C000673,Aditya Shah,Male,56,Kolkata,West Bengal,2024-01-01,Occasional Customer
C000674,Aditi Singh,Male,61,Indore,Madhya Pradesh,2024-01-23,Regular Customer
C000675,Harsh Iyer,Male,19,Delhi,Delhi,2024-01-11,New Customer
C000676,Deepak Shah,Female,35,Patna,Bihar,2024-01-22,Loyal Customer
C000677,Arjun Sharma,Female,33,Vadodara,Gujarat,2024-01-17,Occasional Customer
C000678,Aditya Joshi,Male,46,Indore,Madhya Pradesh,2024-04-04,Loyal Customer
C000679,Rahul Banerjee,Female,28,Ahmedabad,Gujarat,2024-06-09,Occasional Customer
C000680,Sonia Mehta,Male,19,Mumbai,Maharashtra,2024-01-01,Regular Customer
C000681,Neha Sharma,Female,31,Pune,Maharashtra,2024-02-02,Regular Customer
C000682,Sakshi Rao,Male,21,Bengaluru,Karnataka,2024-01-05,Regular Customer
C000683,Sneha More,Male,56,Nagpur,Maharashtra,2025-10-11,New Customer
C000684,Neha Patil,Male,51,Mumbai,Maharashtra,2024-07-31,Occasional Customer
C000685,Sakshi Menon,Female,63,Patna,Bihar,2024-01-26,Occasional Customer
C000686,Ananya Yadav,Female,56,Jaipur,Rajasthan,2024-01-05,Regular Customer
C000687,Kavita Reddy,Male,26,Latur,Maharashtra,2024-07-01,Regular Customer
C000688,Isha Kumar,Male,57,Indore,Madhya Pradesh,2024-02-14,Regular Customer
C000689,Arjun Pawar,Male,58,Aurangabad,Maharashtra,2024-03-17,Occasional Customer
C000690,Neha Bhosale,Female,24,Aurangabad,Maharashtra,2024-02-26,Regular Customer
C000691,Pooja Banerjee,Female,34,Latur,Maharashtra,2024-01-05,Regular Customer
C000692,Karan Deshmukh,Male,40,Nagpur,Maharashtra,2024-01-05,Regular Customer
C000693,Karan Kadam,Male,62,Patna,Bihar,2024-04-01,Occasional Customer
C000694,Harsh Chavan,Female,28,Aurangabad,Maharashtra,2024-01-08,Regular Customer
C000695,Deepak Rao,Male,39,Patna,Bihar,2024-02-01,Loyal Customer
C000696,Akash Mishra,Male,35,Aurangabad,Maharashtra,2024-04-01,Regular Customer
C000697,Ananya Chavan,Male,45,Mysuru,Karnataka,2024-01-03,Occasional Customer
C000698,Harsh Nair,Male,33,Mysuru,Karnataka,2024-01-07,Regular Customer
C000699,Karan Sawant,Female,59,Lucknow,Uttar Pradesh,2024-01-16,Loyal Customer
C000700,Rahul Gaikwad,Female,21,Indore,Madhya Pradesh,2024-02-17,Loyal Customer
C000701,Sneha Menon,Male,53,Patna,Bihar,2024-01-25,Occasional Customer
C000702,Manish Patil,Female,39,Surat,Gujarat,2024-01-01,Loyal Customer
C000703,Isha Deshmukh,Male,28,Bengaluru,Karnataka,2024-01-03,Regular Customer
C000704,Deepak More,Female,38,Surat,Gujarat,2024-05-08,Occasional Customer
C000705,Deepak Kulkarni,Female,57,Mumbai,Maharashtra,2024-02-17,Occasional Customer
C000706,Sakshi Gaikwad,Female,58,Lucknow,Uttar Pradesh,2024-01-27,Regular Customer
C000707,Sonia Verma,Male,33,Ahmedabad,Gujarat,2024-01-22,Loyal Customer
C000708,Sneha Sharma,Male,59,Ahmedabad,Gujarat,2024-01-07,Regular Customer
C000709,Rahul Mishra,Male,26,Nashik,Maharashtra,2024-07-27,Occasional Customer
C000710,Manish Thakur,Female,52,Mumbai,Maharashtra,2024-01-09,Regular Customer
C000711,Harsh Patil,Male,51,Indore,Madhya Pradesh,2024-01-07,Regular Customer
C000712,Aniket Verma,Female,26,Warangal,Telangana,2024-01-04,Loyal Customer
C000713,Divya Shah,Other,30,Pune,Maharashtra,2024-01-01,Regular Customer
C000714,Sakshi Yadav,Female,23,Warangal,Telangana,2024-01-30,Occasional Customer
C000715,Pooja Thakur,Female,21,Hyderabad,Telangana,2024-03-29,Regular Customer
C000716,Sakshi Patil,Male,63,Pune,Maharashtra,2024-01-23,Loyal Customer
C000717,Aniket More,Male,45,Vadodara,Gujarat,2024-02-08,Loyal Customer
C000718,Manish Jadhav,Male,28,Vadodara,Gujarat,2024-01-30,Occasional Customer
C000719,Vivek Sawant,Female,51,Nagpur,Maharashtra,2026-04-28,New Customer
C000720,Isha Singh,Male,52,Bhopal,Madhya Pradesh,2024-08-30,New Customer
C000721,Riya Yadav,Female,22,Chennai,Tamil Nadu,2024-01-15,Regular Customer
C000722,Akash Sharma,Male,56,Mumbai,Maharashtra,2024-01-02,Loyal Customer
C000723,Pooja Shah,Male,28,Vadodara,Gujarat,2024-09-13,New Customer
C000724,Sameer Joshi,Female,29,Chennai,Tamil Nadu,2024-01-30,Loyal Customer
C000725,Riya Pawar,Male,60,Aurangabad,Maharashtra,2024-01-06,Regular Customer
C000726,Ayush Gupta,Male,36,Indore,Madhya Pradesh,2024-04-11,Occasional Customer
C000727,Aarav Gupta,Female,30,Jaipur,Rajasthan,2024-02-07,Loyal Customer
C000728,Harsh Deshmukh,Male,21,Kolkata,West Bengal,2024-01-07,Occasional Customer
C000729,Anjali Banerjee,Male,31,Kolkata,West Bengal,2024-11-08,Occasional Customer
C000730,Vivek Kulkarni,Male,61,Aurangabad,Maharashtra,2024-02-04,Occasional Customer
C000731,Isha Kulkarni,Male,19,Patna,Bihar,2025-09-27,New Customer
C000732,Pooja Banerjee,Female,25,Surat,Gujarat,2024-04-24,New Customer
C000733,Amit Yadav,Female,39,Pune,Maharashtra,2024-03-08,Occasional Customer
C000734,Vivek Nair,Male,30,Delhi,Delhi,2024-02-06,Occasional Customer
C000735,Ayush Verma,Male,38,Lucknow,Uttar Pradesh,2024-02-13,Occasional Customer
C000736,Riya More,Male,38,Hyderabad,Telangana,2024-01-12,Regular Customer
C000737,Harsh Banerjee,Female,45,Latur,Maharashtra,2024-01-11,Regular Customer
C000738,Karan Yadav,Male,50,Pune,Maharashtra,2024-01-12,Loyal Customer
C000739,Anjali Thakur,Male,46,Latur,Maharashtra,2024-07-31,Regular Customer
C000740,Manish Jadhav,Female,54,Bhopal,Madhya Pradesh,2024-02-07,Loyal Customer
C000741,Gaurav Shinde,Female,39,Pune,Maharashtra,2024-03-01,Occasional Customer
C000742,Vivek Shah,Male,43,Bhopal,Madhya Pradesh,2024-01-20,Regular Customer
C000743,Kavita Iyer,Male,28,Kolkata,West Bengal,2024-04-06,Occasional Customer
C000744,Vikas Jadhav,Male,28,Lucknow,Uttar Pradesh,2024-01-21,Regular Customer
C000745,Sonia Deshmukh,Male,62,Pune,Maharashtra,2024-06-11,Occasional Customer
C000746,Arjun Menon,Female,51,Kanpur,Uttar Pradesh,2024-05-29,Regular Customer
C000747,Sameer Mishra,Female,36,Latur,Maharashtra,2024-02-17,Regular Customer
C000748,Harsh Chavan,Female,65,Mumbai,Maharashtra,2024-05-15,New Customer
C000749,Vivek Das,Male,54,Kolkata,West Bengal,2024-01-07,Loyal Customer
C000750,Kavita More,Male,31,Mysuru,Karnataka,2024-01-31,Regular Customer
C000751,Sneha Sharma,Male,46,Lucknow,Uttar Pradesh,2024-01-02,Loyal Customer
C000752,Ayush Iyer,Male,36,Indore,Madhya Pradesh,2024-03-08,Regular Customer
C000753,Ayush Banerjee,Female,54,Aurangabad,Maharashtra,2024-03-04,Occasional Customer
C000754,Neha Mehta,Male,38,Nashik,Maharashtra,2024-03-10,Loyal Customer
C000755,Rahul Yadav,Male,41,Mysuru,Karnataka,2024-02-05,Regular Customer
C000756,Sonia Jadhav,Male,43,Indore,Madhya Pradesh,2024-01-18,Regular Customer
C000757,Isha Gupta,Male,58,Mysuru,Karnataka,2024-03-20,Occasional Customer
C000758,Karan Kadam,Male,29,Indore,Madhya Pradesh,2025-04-30,New Customer
C000759,Deepak Gupta,Female,65,Kanpur,Uttar Pradesh,2024-01-07,Loyal Customer
C000760,Sakshi Gupta,Male,36,Aurangabad,Maharashtra,2024-04-10,Regular Customer
C000761,Gaurav Thakur,Female,64,Pune,Maharashtra,2024-03-24,Occasional Customer
C000762,Vivek Chavan,Male,47,Latur,Maharashtra,2024-02-08,Occasional Customer
C000763,Sonia Shinde,Male,32,Patna,Bihar,2025-08-04,New Customer
C000764,Riya Joshi,Female,20,Pune,Maharashtra,2024-01-11,Regular Customer
C000765,Neha Gaikwad,Male,30,Ahmedabad,Gujarat,2024-01-13,Loyal Customer
C000766,Anjali Mishra,Female,26,Delhi,Delhi,2024-01-31,Occasional Customer
C000767,Sakshi Bhosale,Male,30,Delhi,Delhi,2024-04-17,Occasional Customer
C000768,Aditi Chavan,Female,33,Jaipur,Rajasthan,2024-02-01,Regular Customer
C000769,Rohan Yadav,Female,31,Delhi,Delhi,2024-01-08,Occasional Customer
C000770,Riya Kumar,Female,25,Lucknow,Uttar Pradesh,2024-01-03,Regular Customer
C000771,Sameer Gaikwad,Female,36,Kolkata,West Bengal,2024-01-29,Regular Customer
C000772,Gaurav Rao,Female,49,Jaipur,Rajasthan,2024-02-16,Occasional Customer
C000773,Sameer Banerjee,Male,52,Delhi,Delhi,2025-12-23,New Customer
C000774,Pooja Jadhav,Female,40,Vadodara,Gujarat,2024-01-13,Regular Customer
C000775,Karan Patil,Female,38,Jaipur,Rajasthan,2024-02-05,Regular Customer
C000776,Amit Verma,Male,35,Warangal,Telangana,2024-07-07,New Customer
C000777,Neha Chavan,Male,65,Nashik,Maharashtra,2025-03-03,New Customer
C000778,Sonia Kulkarni,Female,31,Warangal,Telangana,2024-02-20,Regular Customer
C000779,Sonia Mishra,Male,33,Nashik,Maharashtra,2024-02-28,Occasional Customer
C000780,Isha Kulkarni,Male,41,Nagpur,Maharashtra,2026-02-10,New Customer
C000781,Kavita Kumar,Female,49,Nagpur,Maharashtra,2024-01-11,Occasional Customer
C000782,Isha Sharma,Male,28,Bhopal,Madhya Pradesh,2024-04-08,Regular Customer
C000783,Rohan Jadhav,Male,62,Lucknow,Uttar Pradesh,2024-01-30,Regular Customer
C000784,Harsh Mishra,Female,28,Lucknow,Uttar Pradesh,2024-02-20,Regular Customer
C000785,Pooja Jadhav,Male,21,Patna,Bihar,2024-01-03,Loyal Customer
C000786,Aditya Yadav,Female,43,Aurangabad,Maharashtra,2024-03-27,Occasional Customer
C000787,Sameer More,Male,63,Bhopal,Madhya Pradesh,2024-05-26,Occasional Customer
C000788,Deepak Shah,Male,22,Mysuru,Karnataka,2024-09-19,Occasional Customer
C000789,Riya Gaikwad,Male,53,Vadodara,Gujarat,2025-02-07,Occasional Customer
C000790,Pooja Deshmukh,Female,50,Patna,Bihar,2024-04-02,Regular Customer
C000791,Sonia Chavan,Male,31,Latur,Maharashtra,2024-07-04,Occasional Customer
C000792,Sonia Rao,Male,49,Mumbai,Maharashtra,2024-01-01,Occasional Customer
C000793,Sonia Gupta,Male,24,Aurangabad,Maharashtra,2024-01-10,New Customer
C000794,Gaurav Chavan,Male,27,Bengaluru,Karnataka,2024-01-20,Regular Customer
C000795,Pooja Nair,Male,19,Chennai,Tamil Nadu,2024-01-01,Occasional Customer
C000796,Vikas Menon,Male,27,Surat,Gujarat,2024-01-03,Loyal Customer
C000797,Karan Mishra,Female,52,Pune,Maharashtra,2024-01-01,Loyal Customer
C000798,Manish Patil,Male,38,Indore,Madhya Pradesh,2024-06-16,New Customer
C000799,Nikhil Deshmukh,Female,57,Surat,Gujarat,2024-01-05,Regular Customer
C000800,Anjali Reddy,Female,59,Ahmedabad,Gujarat,2024-01-29,Loyal Customer
C000801,Rahul Kumar,Male,25,Bengaluru,Karnataka,2024-02-25,Regular Customer
C000802,Ayush Joshi,Male,63,Kolkata,West Bengal,2024-04-10,Occasional Customer
C000803,Rohan Deshmukh,Female,35,Vadodara,Gujarat,2024-01-26,Loyal Customer
C000804,Harsh Kulkarni,Female,26,Kolkata,West Bengal,2024-06-24,Occasional Customer
C000805,Sakshi Reddy,Male,58,Delhi,Delhi,2024-02-09,Regular Customer
C000806,Riya Mishra,Female,47,Jaipur,Rajasthan,2024-08-05,New Customer
C000807,Akash Thakur,Male,21,Indore,Madhya Pradesh,2024-01-10,Regular Customer
C000808,Ananya Nair,Male,52,Nashik,Maharashtra,2024-01-25,Regular Customer
C000809,Ayush Singh,Male,31,Mumbai,Maharashtra,2024-01-23,Regular Customer
C000810,Aarav Patil,Female,31,Warangal,Telangana,2024-02-27,Occasional Customer
C000811,Deepak Das,Female,65,Indore,Madhya Pradesh,2024-05-25,New Customer
C000812,Aditi Sawant,Female,54,Nagpur,Maharashtra,2024-04-16,Regular Customer
C000813,Divya Kadam,Male,37,Kanpur,Uttar Pradesh,2024-03-29,Occasional Customer
C000814,Harsh Jadhav,Male,46,Kolkata,West Bengal,2024-01-01,Loyal Customer
C000815,Anjali Verma,Male,40,Kolkata,West Bengal,2024-01-20,Regular Customer
C000816,Harsh Mehta,Female,64,Vadodara,Gujarat,2024-02-11,Regular Customer
C000817,Rahul Das,Male,38,Surat,Gujarat,2024-06-03,Occasional Customer
C000818,Ananya Pawar,Male,48,Surat,Gujarat,2024-01-25,Regular Customer
C000819,Ananya Deshmukh,Male,49,Pune,Maharashtra,2024-01-06,Loyal Customer
C000820,Nikhil Mishra,Female,58,Ahmedabad,Gujarat,2024-01-04,Loyal Customer
C000821,Gaurav Shah,Male,24,Surat,Gujarat,2024-01-25,Loyal Customer
C000822,Rahul Joshi,Male,30,Lucknow,Uttar Pradesh,2024-03-07,Occasional Customer
C000823,Karan Kumar,Male,40,Hyderabad,Telangana,2024-01-14,Loyal Customer
C000824,Neha Jadhav,Female,25,Nagpur,Maharashtra,2024-01-22,Loyal Customer
C000825,Anjali Thakur,Female,29,Kolkata,West Bengal,2024-04-08,Occasional Customer
C000826,Pooja More,Female,53,Surat,Gujarat,2024-02-04,Regular Customer
C000827,Isha More,Male,33,Delhi,Delhi,2024-08-10,Occasional Customer
C000828,Rahul Sharma,Male,43,Kolkata,West Bengal,2024-01-08,Loyal Customer
C000829,Vikas Das,Female,46,Ahmedabad,Gujarat,2024-02-15,Regular Customer
C000830,Isha Singh,Male,46,Bhopal,Madhya Pradesh,2024-03-16,Occasional Customer
C000831,Ayush Rao,Male,23,Latur,Maharashtra,2024-01-19,Occasional Customer
C000832,Manish Pawar,Male,54,Nagpur,Maharashtra,2024-02-02,Regular Customer
C000833,Aditya Thakur,Female,50,Lucknow,Uttar Pradesh,2024-02-25,Occasional Customer
C000834,Divya Mehta,Male,48,Kolkata,West Bengal,2024-02-22,Loyal Customer
C000835,Ayush Reddy,Female,63,Aurangabad,Maharashtra,2024-12-06,Regular Customer
C000836,Harsh Nair,Female,58,Mysuru,Karnataka,2024-01-09,Regular Customer
C000837,Arjun Thakur,Male,35,Hyderabad,Telangana,2024-03-28,Loyal Customer
C000838,Sonia Sawant,Male,55,Indore,Madhya Pradesh,2024-12-01,Regular Customer
C000839,Aniket Gaikwad,Other,64,Hyderabad,Telangana,2024-11-24,Occasional Customer
C000840,Sonia Yadav,Female,48,Vadodara,Gujarat,2024-02-04,Loyal Customer
C000841,Akash Joshi,Female,33,Chennai,Tamil Nadu,2024-02-13,Regular Customer
C000842,Gaurav Mehta,Female,57,Indore,Madhya Pradesh,2024-02-08,Regular Customer
C000843,Divya Mehta,Male,54,Ahmedabad,Gujarat,2024-02-21,Occasional Customer
C000844,Ayush Nair,Female,31,Kanpur,Uttar Pradesh,2024-02-13,Occasional Customer
C000845,Ayush Sharma,Male,56,Nashik,Maharashtra,2024-01-11,Occasional Customer
C000846,Sneha Rao,Female,21,Mysuru,Karnataka,2025-06-30,New Customer
C000847,Gaurav More,Female,47,Nagpur,Maharashtra,2024-02-01,Regular Customer
C000848,Aarav Mehta,Female,50,Bengaluru,Karnataka,2024-01-20,Loyal Customer
C000849,Sonia Rao,Female,53,Ahmedabad,Gujarat,2024-03-20,Loyal Customer
C000850,Sakshi Iyer,Female,47,Bhopal,Madhya Pradesh,2024-01-02,New Customer
C000851,Aditi Kumar,Male,31,Kolkata,West Bengal,2024-01-24,Regular Customer
C000852,Nikhil Iyer,Female,40,Nashik,Maharashtra,2024-03-20,Regular Customer
C000853,Karan Banerjee,Male,65,Kolkata,West Bengal,2024-08-26,Occasional Customer
C000854,Vikas Singh,Female,45,Vadodara,Gujarat,2025-02-21,Occasional Customer
C000855,Ayush Menon,Male,24,Pune,Maharashtra,2024-01-10,Loyal Customer
C000856,Sameer Joshi,Male,59,Kolkata,West Bengal,2026-02-19,New Customer
C000857,Nikhil Das,Female,27,Warangal,Telangana,2024-06-12,Regular Customer
C000858,Divya Joshi,Other,21,Warangal,Telangana,2024-01-31,Regular Customer
C000859,Pooja Shinde,Male,61,Indore,Madhya Pradesh,2024-04-02,Occasional Customer
C000860,Nikhil More,Female,55,Chennai,Tamil Nadu,2024-03-20,Occasional Customer
C000861,Rahul Menon,Female,30,Lucknow,Uttar Pradesh,2024-02-22,Occasional Customer
C000862,Rohan Menon,Female,38,Mysuru,Karnataka,2024-01-06,Regular Customer
C000863,Rahul Rao,Male,50,Bengaluru,Karnataka,2024-03-25,Loyal Customer
C000864,Sneha Jadhav,Female,57,Aurangabad,Maharashtra,2024-03-17,Occasional Customer
C000865,Pooja Kulkarni,Female,45,Latur,Maharashtra,2024-01-19,Regular Customer
C000866,Vikas Reddy,Male,40,Kanpur,Uttar Pradesh,2024-03-28,Regular Customer
C000867,Pooja Patil,Female,49,Pune,Maharashtra,2025-01-24,New Customer
C000868,Ayush Das,Female,65,Ahmedabad,Gujarat,2024-09-26,Occasional Customer
C000869,Isha Patil,Female,22,Latur,Maharashtra,2024-01-15,Loyal Customer
C000870,Neha Kadam,Male,43,Aurangabad,Maharashtra,2024-04-12,Occasional Customer
C000871,Rohan Jadhav,Male,56,Mumbai,Maharashtra,2024-02-05,Loyal Customer
C000872,Aditya Kumar,Female,43,Patna,Bihar,2024-02-13,Loyal Customer
C000873,Ayush Chavan,Male,20,Vadodara,Gujarat,2024-02-21,Loyal Customer
C000874,Rohan Bhosale,Female,41,Patna,Bihar,2024-05-02,New Customer
C000875,Ananya Shinde,Male,51,Latur,Maharashtra,2024-01-18,Loyal Customer
C000876,Amit Das,Male,51,Latur,Maharashtra,2024-01-19,Occasional Customer
C000877,Manish Singh,Male,37,Jaipur,Rajasthan,2024-08-23,New Customer
C000878,Divya Verma,Female,47,Nashik,Maharashtra,2024-01-12,Occasional Customer
C000879,Kavita Kumar,Male,59,Delhi,Delhi,2024-04-03,Loyal Customer
C000880,Arjun Banerjee,Female,37,Bengaluru,Karnataka,2024-01-04,Occasional Customer
C000881,Ananya More,Female,58,Nagpur,Maharashtra,2024-02-16,Occasional Customer
C000882,Vivek Banerjee,Female,35,Lucknow,Uttar Pradesh,2025-06-28,Occasional Customer
C000883,Karan Das,Female,55,Warangal,Telangana,2024-01-08,Loyal Customer
C000884,Ayush Iyer,Male,37,Aurangabad,Maharashtra,2024-01-08,Occasional Customer
C000885,Sonia Chavan,Male,23,Nashik,Maharashtra,2024-01-01,Occasional Customer
C000886,Sameer Kulkarni,Male,59,Latur,Maharashtra,2024-05-13,Occasional Customer
C000887,Isha Deshmukh,Female,42,Pune,Maharashtra,2024-01-26,Loyal Customer
C000888,Amit Menon,Female,58,Kanpur,Uttar Pradesh,2024-08-31,Occasional Customer
C000889,Anjali Mishra,Male,58,Delhi,Delhi,2024-01-18,New Customer
C000890,Rahul Iyer,Male,20,Nashik,Maharashtra,2024-07-26,Regular Customer
C000891,Rahul Gaikwad,Female,61,Kolkata,West Bengal,2024-01-31,Loyal Customer
C000892,Sonia Das,Male,60,Latur,Maharashtra,2024-01-05,Regular Customer
C000893,Manish Kadam,Female,63,Vadodara,Gujarat,2024-01-06,Occasional Customer
C000894,Aditya Das,Male,36,Indore,Madhya Pradesh,2024-06-29,Regular Customer
C000895,Gaurav Sharma,Female,27,Latur,Maharashtra,2024-04-03,Regular Customer
C000896,Arjun Gupta,Male,22,Lucknow,Uttar Pradesh,2024-01-17,Regular Customer
C000897,Akash Thakur,Male,39,Pune,Maharashtra,2024-03-04,Loyal Customer
C000898,Divya Rao,Male,26,Kolkata,West Bengal,2024-02-21,Loyal Customer
C000899,Rohan Rao,Male,50,Delhi,Delhi,2024-01-02,Regular Customer
C000900,Arjun Mehta,Male,32,Warangal,Telangana,2024-02-17,Regular Customer
C000901,Gaurav Banerjee,Male,41,Lucknow,Uttar Pradesh,2024-07-03,Occasional Customer
C000902,Pooja Kadam,Female,47,Ahmedabad,Gujarat,2024-02-23,New Customer
C000903,Akash Rao,Male,53,Chennai,Tamil Nadu,2024-05-16,Occasional Customer
C000904,Anjali Yadav,Female,56,Aurangabad,Maharashtra,2024-01-12,Occasional Customer
C000905,Aarav Shah,Male,23,Latur,Maharashtra,2024-01-01,Regular Customer
C000906,Vikas Gupta,Female,32,Vadodara,Gujarat,2025-02-02,Occasional Customer
C000907,Deepak Kumar,Female,55,Nashik,Maharashtra,2024-04-09,Occasional Customer
C000908,Nikhil Joshi,Male,56,Lucknow,Uttar Pradesh,2025-12-07,Occasional Customer
C000909,Pooja Deshmukh,Male,39,Kanpur,Uttar Pradesh,2024-01-10,Loyal Customer
C000910,Pooja Banerjee,Male,20,Mumbai,Maharashtra,2024-01-18,Loyal Customer
C000911,Isha Kumar,Male,46,Kanpur,Uttar Pradesh,2024-05-07,Occasional Customer
C000912,Riya Sawant,Female,46,Indore,Madhya Pradesh,2024-01-22,Loyal Customer
C000913,Pooja Bhosale,Female,48,Chennai,Tamil Nadu,2024-07-22,Occasional Customer
C000914,Akash Jadhav,Female,62,Kolkata,West Bengal,2024-01-30,Occasional Customer
C000915,Aditi Patil,Female,19,Mumbai,Maharashtra,2024-02-21,Loyal Customer
C000916,Ayush Yadav,Female,52,Surat,Gujarat,2024-10-01,New Customer
C000917,Akash Kulkarni,Female,62,Latur,Maharashtra,2024-03-26,Occasional Customer
C000918,Anjali Singh,Female,26,Aurangabad,Maharashtra,2024-04-12,Regular Customer
C000919,Manish Jadhav,Male,39,Delhi,Delhi,2024-01-12,Regular Customer
C000920,Gaurav Thakur,Male,36,Nashik,Maharashtra,2024-01-08,Regular Customer
C000921,Divya Rao,Male,54,Ahmedabad,Gujarat,2024-01-14,Occasional Customer
C000922,Rohan Nair,Female,27,Delhi,Delhi,2024-04-04,Occasional Customer
C000923,Manish Bhosale,Male,63,Nagpur,Maharashtra,2024-03-13,Occasional Customer
C000924,Neha Iyer,Male,38,Mumbai,Maharashtra,2024-04-30,Regular Customer
C000925,Rohan Jadhav,Male,34,Latur,Maharashtra,2024-03-10,Occasional Customer
C000926,Vikas Bhosale,Male,20,Bhopal,Madhya Pradesh,2024-04-10,Regular Customer
C000927,Pooja Kulkarni,Female,24,Mysuru,Karnataka,2024-07-16,Occasional Customer
C000928,Sneha Yadav,Male,58,Aurangabad,Maharashtra,2024-04-03,Occasional Customer
C000929,Nikhil Bhosale,Female,54,Mysuru,Karnataka,2024-03-17,Occasional Customer
C000930,Arjun Patil,Female,53,Chennai,Tamil Nadu,2024-02-19,Regular Customer
C000931,Riya Kadam,Male,20,Pune,Maharashtra,2024-02-02,Regular Customer
C000932,Aniket Thakur,Female,30,Ahmedabad,Gujarat,2024-01-25,Loyal Customer
C000933,Isha Joshi,Female,58,Warangal,Telangana,2024-01-17,Occasional Customer
C000934,Sonia Kadam,Male,47,Pune,Maharashtra,2024-01-04,Regular Customer
C000935,Akash Rao,Male,40,Kanpur,Uttar Pradesh,2024-01-27,Occasional Customer
C000936,Divya Gupta,Male,24,Mumbai,Maharashtra,2025-04-08,Occasional Customer
C000937,Vikas Reddy,Female,47,Aurangabad,Maharashtra,2024-03-12,Occasional Customer
C000938,Divya Patil,Female,46,Bengaluru,Karnataka,2024-02-02,Regular Customer
C000939,Gaurav More,Male,25,Indore,Madhya Pradesh,2024-01-11,Regular Customer
C000940,Aniket Kulkarni,Male,27,Bengaluru,Karnataka,2024-01-23,Loyal Customer
C000941,Sonia Banerjee,Male,50,Delhi,Delhi,2024-01-22,Regular Customer
C000942,Isha Deshmukh,Female,37,Kolkata,West Bengal,2024-02-06,Occasional Customer
C000943,Rahul Shinde,Male,46,Latur,Maharashtra,2024-01-24,Occasional Customer
C000944,Pooja Reddy,Female,46,Nagpur,Maharashtra,2024-01-02,Loyal Customer
C000945,Nikhil Sharma,Male,38,Indore,Madhya Pradesh,2024-05-17,New Customer
C000946,Aditi Das,Female,18,Aurangabad,Maharashtra,2024-03-30,Regular Customer
C000947,Deepak Joshi,Female,51,Chennai,Tamil Nadu,2024-01-01,Loyal Customer
C000948,Amit Das,Female,61,Bhopal,Madhya Pradesh,2024-02-12,Occasional Customer
C000949,Neha Shinde,Male,49,Surat,Gujarat,2024-01-20,Loyal Customer
C000950,Aditya Banerjee,Female,62,Patna,Bihar,2024-01-17,Regular Customer
C000951,Sakshi Gupta,Male,31,Delhi,Delhi,2024-01-03,Regular Customer
C000952,Aniket Mehta,Male,54,Bengaluru,Karnataka,2024-03-28,Regular Customer
C000953,Aniket Banerjee,Female,52,Pune,Maharashtra,2024-01-12,Loyal Customer
C000954,Sonia Joshi,Female,41,Chennai,Tamil Nadu,2024-01-02,Regular Customer
C000955,Deepak Menon,Female,18,Nagpur,Maharashtra,2024-03-17,Regular Customer
C000956,Amit Das,Male,63,Nagpur,Maharashtra,2024-02-06,Occasional Customer
C000957,Vikas Shah,Female,23,Mumbai,Maharashtra,2024-01-11,Regular Customer
C000958,Aarav More,Female,21,Warangal,Telangana,2024-01-24,Loyal Customer
C000959,Sonia Jadhav,Female,55,Vadodara,Gujarat,2024-01-19,Occasional Customer
C000960,Amit Gupta,Female,18,Warangal,Telangana,2024-01-02,Regular Customer
C000961,Arjun Das,Female,58,Delhi,Delhi,2024-04-11,Regular Customer
C000962,Ananya Kulkarni,Male,48,Bengaluru,Karnataka,2024-01-02,Regular Customer
C000963,Rahul Mishra,Female,53,Aurangabad,Maharashtra,2024-04-24,Occasional Customer
C000964,Aarav Jadhav,Female,26,Surat,Gujarat,2024-02-16,Regular Customer
C000965,Aarav Kadam,Other,58,Nagpur,Maharashtra,2024-01-08,Occasional Customer
C000966,Sameer Das,Male,62,Patna,Bihar,2024-01-04,Loyal Customer
C000967,Anjali Mehta,Male,40,Aurangabad,Maharashtra,2024-01-02,Loyal Customer
C000968,Deepak Sharma,Male,48,Aurangabad,Maharashtra,2024-01-01,Loyal Customer
C000969,Ananya More,Female,46,Lucknow,Uttar Pradesh,2024-01-30,Occasional Customer
C000970,Aditi Jadhav,Female,38,Surat,Gujarat,2024-01-18,Regular Customer
C000971,Rohan Bhosale,Male,20,Nashik,Maharashtra,2024-01-18,Occasional Customer
C000972,Kavita Kulkarni,Female,43,Ahmedabad,Gujarat,2024-01-31,Regular Customer
C000973,Rohan Deshmukh,Female,23,Mysuru,Karnataka,2024-01-24,Regular Customer
C000974,Karan Thakur,Female,37,Bhopal,Madhya Pradesh,2024-01-23,Loyal Customer
C000975,Sakshi Kadam,Male,64,Warangal,Telangana,2024-01-19,Occasional Customer
C000976,Kavita Mehta,Female,63,Warangal,Telangana,2024-01-04,Occasional Customer
C000977,Akash Thakur,Male,30,Hyderabad,Telangana,2024-01-09,Loyal Customer
C000978,Kavita Joshi,Female,58,Warangal,Telangana,2024-02-16,Occasional Customer
C000979,Nikhil Patil,Male,40,Surat,Gujarat,2024-07-16,Occasional Customer
C000980,Rohan Das,Male,32,Lucknow,Uttar Pradesh,2024-01-01,Loyal Customer
C000981,Vivek Mishra,Female,63,Latur,Maharashtra,2024-08-26,Regular Customer
C000982,Rahul Verma,Male,48,Mumbai,Maharashtra,2024-03-14,Regular Customer
C000983,Ayush Thakur,Male,21,Kolkata,West Bengal,2024-01-04,Regular Customer
C000984,Pooja Sharma,Female,28,Mumbai,Maharashtra,2024-01-22,Occasional Customer
C000985,Aditi Yadav,Female,19,Indore,Madhya Pradesh,2024-03-08,Occasional Customer
C000986,Sonia Gaikwad,Female,33,Mumbai,Maharashtra,2024-01-18,Loyal Customer
C000987,Harsh Rao,Male,48,Kolkata,West Bengal,2024-10-25,Occasional Customer
C000988,Akash Yadav,Male,65,Pune,Maharashtra,2024-02-20,Regular Customer
C000989,Riya Kumar,Male,56,Surat,Gujarat,2024-10-15,New Customer
C000990,Isha Deshmukh,Male,60,Patna,Bihar,2024-02-01,Occasional Customer
C000991,Vikas Deshmukh,Female,61,Warangal,Telangana,2024-01-21,Occasional Customer
C000992,Deepak Shah,Male,21,Warangal,Telangana,2024-01-27,Regular Customer
C000993,Amit Deshmukh,Male,65,Lucknow,Uttar Pradesh,2025-02-22,Occasional Customer
C000994,Amit More,Male,45,Hyderabad,Telangana,2024-01-08,Occasional Customer
C000995,Nikhil Reddy,Male,33,Lucknow,Uttar Pradesh,2024-06-03,Occasional Customer
C000996,Neha Gupta,Female,56,Latur,Maharashtra,2024-06-11,Occasional Customer
C000997,Riya Chavan,Female,42,Latur,Maharashtra,2024-01-03,Loyal Customer
C000998,Gaurav Shah,Male,30,Nagpur,Maharashtra,2024-02-24,Occasional Customer
C000999,Kavita Sawant,Male,22,Hyderabad,Telangana,2024-02-27,Occasional Customer
C001000,Isha Verma,Male,47,Lucknow,Uttar Pradesh,2024-02-27,Occasional Customer
C001001,Nikhil Bhosale,Female,18,Warangal,Telangana,2024-01-05,Occasional Customer
C001002,Akash Das,Female,22,Mysuru,Karnataka,2024-02-22,Regular Customer
C001003,Riya Kulkarni,Male,31,Kanpur,Uttar Pradesh,2024-01-15,Regular Customer
C001004,Sonia Reddy,Male,28,Kolkata,West Bengal,2024-01-01,Loyal Customer
C001005,Pooja Singh,Female,51,Kolkata,West Bengal,2024-01-30,Occasional Customer
C001006,Sakshi Gupta,Female,46,Mumbai,Maharashtra,2024-01-29,Regular Customer
C001007,Rohan Mishra,Female,35,Kanpur,Uttar Pradesh,2024-01-14,Regular Customer
C001008,Aniket Bhosale,Male,32,Hyderabad,Telangana,2024-02-13,Loyal Customer
C001009,Isha Singh,Male,63,Nashik,Maharashtra,2024-01-01,Regular Customer
C001010,Anjali Bhosale,Male,42,Latur,Maharashtra,2024-01-08,Regular Customer
C001011,Deepak Banerjee,Female,47,Mumbai,Maharashtra,2024-09-30,Occasional Customer
C001012,Isha Gaikwad,Female,62,Aurangabad,Maharashtra,2024-01-08,Regular Customer
C001013,Harsh Iyer,Male,19,Mumbai,Maharashtra,2024-01-16,Regular Customer
C001014,Akash Chavan,Male,57,Nashik,Maharashtra,2024-03-08,Occasional Customer
C001015,Harsh Chavan,Male,44,Vadodara,Gujarat,2024-01-12,Regular Customer
C001016,Rahul More,Male,32,Pune,Maharashtra,2024-01-11,Occasional Customer
C001017,Divya Jadhav,Male,49,Mysuru,Karnataka,2024-01-10,New Customer
C001018,Rahul Kumar,Female,37,Aurangabad,Maharashtra,2024-01-16,Occasional Customer
C001019,Karan Deshmukh,Male,31,Mysuru,Karnataka,2024-01-01,Loyal Customer
C001020,Aditya Banerjee,Male,44,Mumbai,Maharashtra,2024-07-07,Occasional Customer
C001021,Aditya Deshmukh,Female,20,Vadodara,Gujarat,2024-07-04,New Customer
C001022,Harsh Kulkarni,Male,20,Latur,Maharashtra,2024-02-05,Regular Customer
C001023,Rohan Iyer,Male,30,Ahmedabad,Gujarat,2025-04-02,Occasional Customer
C001024,Divya Das,Male,42,Kolkata,West Bengal,2024-01-06,Regular Customer
C001025,Amit Gupta,Female,35,Nashik,Maharashtra,2024-02-05,Occasional Customer
C001026,Aditi Mehta,Female,18,Ahmedabad,Gujarat,2024-01-18,Loyal Customer
C001027,Manish Gupta,Male,56,Kanpur,Uttar Pradesh,2024-02-10,Regular Customer
C001028,Deepak Rao,Female,22,Kolkata,West Bengal,2024-01-06,Loyal Customer
C001029,Akash Bhosale,Male,19,Warangal,Telangana,2024-08-02,New Customer
C001030,Divya Mishra,Female,47,Aurangabad,Maharashtra,2024-01-12,Regular Customer
C001031,Rahul Menon,Female,34,Kolkata,West Bengal,2024-01-09,Loyal Customer
C001032,Harsh Mishra,Female,46,Nashik,Maharashtra,2024-02-15,Occasional Customer
C001033,Vivek Iyer,Male,59,Chennai,Tamil Nadu,2024-01-04,Regular Customer
C001034,Aditi Sawant,Other,21,Ahmedabad,Gujarat,2024-01-29,New Customer
C001035,Nikhil Sawant,Female,26,Pune,Maharashtra,2024-01-17,Occasional Customer
C001036,Divya Kulkarni,Female,38,Lucknow,Uttar Pradesh,2024-01-30,Loyal Customer
C001037,Neha Verma,Female,60,Lucknow,Uttar Pradesh,2024-02-03,Occasional Customer
C001038,Aniket Jadhav,Male,29,Nashik,Maharashtra,2024-02-04,Regular Customer
C001039,Rahul Yadav,Male,29,Nashik,Maharashtra,2024-03-28,Regular Customer
C001040,Anjali Mishra,Male,21,Delhi,Delhi,2024-01-21,Regular Customer
C001041,Akash Kadam,Male,45,Aurangabad,Maharashtra,2024-01-22,Occasional Customer
C001042,Sonia Gupta,Female,26,Kanpur,Uttar Pradesh,2024-03-04,Regular Customer
C001043,Divya Kulkarni,Female,57,Delhi,Delhi,2024-01-01,Occasional Customer
C001044,Sakshi More,Female,49,Mysuru,Karnataka,2024-01-08,Loyal Customer
C001045,Neha Joshi,Male,30,Warangal,Telangana,2024-01-16,Loyal Customer
C001046,Sameer Bhosale,Male,51,Latur,Maharashtra,2024-01-25,Regular Customer
C001047,Sonia Gupta,Female,36,Latur,Maharashtra,2024-02-11,Regular Customer
C001048,Sakshi Banerjee,Male,31,Warangal,Telangana,2024-01-21,Loyal Customer
C001049,Nikhil Shah,Male,22,Kolkata,West Bengal,2024-11-27,Occasional Customer
C001050,Rahul Reddy,Other,44,Surat,Gujarat,2024-01-15,Regular Customer
C001051,Manish Sharma,Female,45,Delhi,Delhi,2024-03-27,Loyal Customer
C001052,Nikhil Kumar,Male,43,Chennai,Tamil Nadu,2024-01-01,Loyal Customer
C001053,Rahul Banerjee,Female,27,Ahmedabad,Gujarat,2024-03-29,Occasional Customer
C001054,Riya More,Female,41,Warangal,Telangana,2024-09-27,Occasional Customer
C001055,Aarav Pawar,Female,34,Bhopal,Madhya Pradesh,2024-02-22,New Customer
C001056,Arjun Nair,Female,33,Mumbai,Maharashtra,2024-03-28,Regular Customer
C001057,Sakshi Sawant,Male,34,Kolkata,West Bengal,2024-01-24,Loyal Customer
C001058,Vivek Chavan,Female,18,Warangal,Telangana,2024-01-19,Occasional Customer
C001059,Divya Sharma,Male,38,Delhi,Delhi,2024-01-04,Loyal Customer
C001060,Ananya Mishra,Male,64,Chennai,Tamil Nadu,2024-02-26,Occasional Customer
C001061,Amit Mehta,Female,60,Chennai,Tamil Nadu,2024-04-28,Regular Customer
C001062,Rahul Gaikwad,Female,39,Nashik,Maharashtra,2026-06-19,New Customer
C001063,Aditya Jadhav,Female,22,Jaipur,Rajasthan,2024-01-08,Regular Customer
C001064,Rohan Reddy,Female,53,Nashik,Maharashtra,2024-01-09,Regular Customer
C001065,Aarav Deshmukh,Female,38,Aurangabad,Maharashtra,2024-02-25,Occasional Customer
C001066,Rohan Verma,Female,26,Aurangabad,Maharashtra,2024-04-12,Occasional Customer
C001067,Aniket Gaikwad,Male,44,Warangal,Telangana,2025-11-29,New Customer
C001068,Harsh Thakur,Male,65,Mysuru,Karnataka,2024-02-11,Occasional Customer
C001069,Deepak Pawar,Male,29,Indore,Madhya Pradesh,2025-02-20,Occasional Customer
C001070,Divya Sawant,Male,35,Bengaluru,Karnataka,2024-01-04,Loyal Customer
C001071,Rohan Chavan,Male,52,Vadodara,Gujarat,2024-02-19,Regular Customer
C001072,Sakshi Mehta,Female,32,Lucknow,Uttar Pradesh,2024-04-29,Regular Customer
C001073,Nikhil Deshmukh,Female,61,Surat,Gujarat,2024-01-01,Occasional Customer
C001074,Vikas Patil,Female,47,Warangal,Telangana,2024-01-01,Regular Customer
C001075,Amit Pawar,Female,62,Bengaluru,Karnataka,2024-10-12,Occasional Customer
C001076,Sakshi Shah,Female,50,Vadodara,Gujarat,2024-02-01,Occasional Customer
C001077,Aditi Rao,Male,53,Delhi,Delhi,2024-02-11,Loyal Customer
C001078,Aditya More,Male,57,Mumbai,Maharashtra,2024-01-02,Occasional Customer
C001079,Isha Rao,Male,47,Surat,Gujarat,2024-04-28,Regular Customer
C001080,Harsh Yadav,Female,43,Aurangabad,Maharashtra,2024-01-06,Occasional Customer
C001081,Nikhil Thakur,Male,38,Patna,Bihar,2026-06-24,New Customer
C001082,Harsh More,Female,54,Surat,Gujarat,2024-03-19,Occasional Customer
C001083,Aniket Menon,Female,60,Nashik,Maharashtra,2024-08-12,Loyal Customer
C001084,Kavita Kulkarni,Male,48,Vadodara,Gujarat,2025-07-03,Occasional Customer
C001085,Divya Bhosale,Male,34,Mumbai,Maharashtra,2024-01-17,Occasional Customer
C001086,Akash Sawant,Male,34,Vadodara,Gujarat,2024-01-02,Regular Customer
C001087,Rahul Rao,Male,51,Lucknow,Uttar Pradesh,2024-01-12,Regular Customer
C001088,Neha Yadav,Female,41,Warangal,Telangana,2024-11-29,Occasional Customer
C001089,Kavita Rao,Female,50,Kolkata,West Bengal,2024-06-15,Occasional Customer
C001090,Ayush Patil,Female,21,Patna,Bihar,2025-06-15,New Customer
C001091,Anjali Gaikwad,Female,26,Kolkata,West Bengal,2024-02-16,New Customer
C001092,Nikhil Patil,Female,19,Bengaluru,Karnataka,2024-01-19,Regular Customer
C001093,Aarav Shinde,Female,52,Patna,Bihar,2024-01-01,Loyal Customer
C001094,Ayush Shinde,Male,55,Bengaluru,Karnataka,2024-01-05,Loyal Customer
C001095,Sakshi Jadhav,Female,62,Mysuru,Karnataka,2024-01-16,Occasional Customer
C001096,Sakshi More,Male,32,Kanpur,Uttar Pradesh,2024-01-01,Loyal Customer
C001097,Ayush Chavan,Male,60,Patna,Bihar,2024-01-03,Regular Customer
C001098,Akash Sharma,Male,59,Bengaluru,Karnataka,2024-01-17,Loyal Customer
C001099,Karan Iyer,Female,20,Nagpur,Maharashtra,2024-01-10,Regular Customer
C001100,Harsh Pawar,Male,48,Kanpur,Uttar Pradesh,2024-04-05,Occasional Customer
C001101,Amit Gaikwad,Male,58,Delhi,Delhi,2024-01-21,Regular Customer
C001102,Manish Nair,Other,59,Latur,Maharashtra,2024-02-29,Occasional Customer
C001103,Anjali Verma,Female,40,Pune,Maharashtra,2024-01-25,Occasional Customer
C001104,Manish Banerjee,Female,29,Hyderabad,Telangana,2024-01-31,Regular Customer
C001105,Rahul Das,Female,25,Bhopal,Madhya Pradesh,2024-01-01,Loyal Customer
C001106,Divya Deshmukh,Female,38,Pune,Maharashtra,2024-01-28,Loyal Customer
C001107,Gaurav Mishra,Female,38,Indore,Madhya Pradesh,2024-01-04,Occasional Customer
C001108,Rohan Patil,Male,49,Delhi,Delhi,2024-06-03,Regular Customer
C001109,Harsh Sharma,Female,34,Chennai,Tamil Nadu,2024-01-05,Loyal Customer
C001110,Isha Kumar,Female,54,Lucknow,Uttar Pradesh,2024-01-02,Occasional Customer
C001111,Aditya Mishra,Male,41,Vadodara,Gujarat,2024-05-26,Regular Customer
C001112,Deepak Mehta,Male,25,Hyderabad,Telangana,2024-12-20,Occasional Customer
C001113,Harsh Mehta,Male,35,Kanpur,Uttar Pradesh,2024-05-06,Occasional Customer
C001114,Gaurav Nair,Female,28,Latur,Maharashtra,2024-08-10,New Customer
C001115,Pooja Bhosale,Male,27,Patna,Bihar,2024-07-22,Occasional Customer
C001116,Ayush Kulkarni,Female,43,Mumbai,Maharashtra,2024-03-08,Regular Customer
C001117,Gaurav Sharma,Female,64,Indore,Madhya Pradesh,2024-07-25,Occasional Customer
C001118,Deepak Pawar,Female,23,Delhi,Delhi,2024-01-21,Occasional Customer
C001119,Sameer Shah,Female,34,Vadodara,Gujarat,2024-03-29,Occasional Customer
C001120,Isha Banerjee,Male,40,Bhopal,Madhya Pradesh,2024-02-14,Occasional Customer
C001121,Riya Kumar,Male,59,Patna,Bihar,2024-03-04,Regular Customer
C001122,Divya Deshmukh,Male,54,Indore,Madhya Pradesh,2024-01-03,Occasional Customer
C001123,Harsh Mishra,Female,45,Hyderabad,Telangana,2024-01-01,Loyal Customer
C001124,Akash Joshi,Male,33,Indore,Madhya Pradesh,2024-01-13,Regular Customer
C001125,Harsh Mehta,Male,29,Kanpur,Uttar Pradesh,2024-01-01,Regular Customer
C001126,Gaurav Verma,Male,38,Bengaluru,Karnataka,2026-06-25,New Customer
C001127,Aditya Gaikwad,Female,41,Indore,Madhya Pradesh,2024-01-13,Regular Customer
C001128,Sonia Sawant,Male,45,Kanpur,Uttar Pradesh,2024-01-13,Loyal Customer
C001129,Rohan Chavan,Female,54,Vadodara,Gujarat,2024-03-29,Regular Customer
C001130,Anjali Chavan,Male,38,Vadodara,Gujarat,2024-02-14,Occasional Customer
C001131,Sakshi Pawar,Female,50,Warangal,Telangana,2024-06-30,Occasional Customer
C001132,Aditya Verma,Male,19,Indore,Madhya Pradesh,2024-01-05,Regular Customer
C001133,Pooja Kulkarni,Female,54,Hyderabad,Telangana,2024-03-07,Regular Customer
C001134,Kavita Verma,Female,36,Mumbai,Maharashtra,2024-11-21,New Customer
C001135,Aniket Singh,Male,45,Ahmedabad,Gujarat,2025-02-04,Occasional Customer
C001136,Sakshi Kadam,Female,32,Lucknow,Uttar Pradesh,2024-01-06,Loyal Customer
C001137,Divya Iyer,Female,18,Lucknow,Uttar Pradesh,2024-01-03,Regular Customer
C001138,Sneha Reddy,Female,60,Indore,Madhya Pradesh,2026-03-03,New Customer
C001139,Sneha Jadhav,Female,45,Ahmedabad,Gujarat,2024-01-04,Loyal Customer
C001140,Anjali Kulkarni,Male,52,Jaipur,Rajasthan,2024-11-03,Occasional Customer
C001141,Amit More,Female,49,Warangal,Telangana,2025-11-30,New Customer
C001142,Aniket Pawar,Other,45,Lucknow,Uttar Pradesh,2024-04-05,Regular Customer
C001143,Nikhil Jadhav,Female,26,Bhopal,Madhya Pradesh,2024-02-06,Loyal Customer
C001144,Sakshi Menon,Female,41,Mumbai,Maharashtra,2024-04-02,Occasional Customer
C001145,Pooja Deshmukh,Male,21,Surat,Gujarat,2024-01-11,Regular Customer
C001146,Ananya Menon,Female,62,Lucknow,Uttar Pradesh,2024-01-08,Occasional Customer
C001147,Pooja Yadav,Female,58,Kolkata,West Bengal,2024-01-26,Loyal Customer
C001148,Isha Menon,Male,20,Bhopal,Madhya Pradesh,2024-03-04,Regular Customer
C001149,Neha Menon,Female,65,Pune,Maharashtra,2024-06-25,Regular Customer
C001150,Neha Thakur,Female,39,Vadodara,Gujarat,2024-01-02,Regular Customer
C001151,Rahul Kumar,Male,57,Indore,Madhya Pradesh,2026-01-06,New Customer
C001152,Vikas Mehta,Male,56,Bhopal,Madhya Pradesh,2024-01-03,Loyal Customer
C001153,Pooja Reddy,Female,42,Latur,Maharashtra,2024-03-19,Regular Customer
C001154,Nikhil Chavan,Male,65,Lucknow,Uttar Pradesh,2024-03-31,Occasional Customer
C001155,Sonia Reddy,Male,39,Nashik,Maharashtra,2024-01-14,Regular Customer
C001156,Deepak Jadhav,Male,65,Mumbai,Maharashtra,2024-01-16,Regular Customer
C001157,Isha Deshmukh,Male,64,Warangal,Telangana,2024-01-19,Occasional Customer
C001158,Karan Thakur,Female,51,Hyderabad,Telangana,2024-01-22,Regular Customer
C001159,Pooja Sawant,Male,37,Nagpur,Maharashtra,2026-03-31,New Customer
C001160,Sameer More,Female,53,Mysuru,Karnataka,2024-01-10,Occasional Customer
C001161,Neha Patil,Female,54,Mysuru,Karnataka,2024-02-26,Regular Customer
C001162,Divya Verma,Female,56,Lucknow,Uttar Pradesh,2024-04-26,New Customer
C001163,Aditya Sawant,Male,44,Surat,Gujarat,2024-01-23,Regular Customer
C001164,Isha Thakur,Female,64,Pune,Maharashtra,2024-06-06,Regular Customer
C001165,Aditi Patil,Male,49,Mumbai,Maharashtra,2024-04-07,Occasional Customer
C001166,Divya Banerjee,Male,59,Bhopal,Madhya Pradesh,2024-01-17,Regular Customer
C001167,Ayush Deshmukh,Female,46,Hyderabad,Telangana,2024-11-04,Occasional Customer
C001168,Pooja Mishra,Female,58,Warangal,Telangana,2024-01-05,Loyal Customer
C001169,Sonia Deshmukh,Female,65,Mumbai,Maharashtra,2024-01-06,Loyal Customer
C001170,Nikhil Shah,Female,49,Nagpur,Maharashtra,2024-01-01,Regular Customer
C001171,Kavita Gaikwad,Female,41,Warangal,Telangana,2024-01-19,Occasional Customer
C001172,Isha Mehta,Female,20,Vadodara,Gujarat,2024-01-24,Regular Customer
C001173,Manish Das,Female,44,Kolkata,West Bengal,2025-04-30,New Customer
C001174,Rohan Singh,Male,26,Aurangabad,Maharashtra,2024-02-14,Occasional Customer
C001175,Aditi Thakur,Male,57,Nagpur,Maharashtra,2024-01-08,Occasional Customer
C001176,Vivek Das,Female,40,Lucknow,Uttar Pradesh,2024-03-31,Loyal Customer
C001177,Neha Reddy,Female,24,Mumbai,Maharashtra,2024-01-29,Occasional Customer
C001178,Aniket Chavan,Male,34,Kolkata,West Bengal,2024-02-03,Regular Customer
C001179,Nikhil Yadav,Male,54,Warangal,Telangana,2024-01-30,Regular Customer
C001180,Kavita Jadhav,Male,24,Pune,Maharashtra,2024-04-18,Occasional Customer
C001181,Aditi Thakur,Female,47,Nagpur,Maharashtra,2025-03-13,Occasional Customer
C001182,Akash Das,Female,30,Surat,Gujarat,2024-02-14,Occasional Customer
C001183,Vikas Banerjee,Female,35,Surat,Gujarat,2024-03-05,Occasional Customer
C001184,Deepak Nair,Female,48,Delhi,Delhi,2024-03-30,Loyal Customer
C001185,Aditya Verma,Female,39,Jaipur,Rajasthan,2024-12-01,New Customer
C001186,Pooja Pawar,Male,31,Nashik,Maharashtra,2024-01-03,Occasional Customer
C001187,Aditi Joshi,Male,35,Kanpur,Uttar Pradesh,2024-03-01,Occasional Customer
C001188,Riya Thakur,Male,52,Aurangabad,Maharashtra,2024-01-26,Loyal Customer
C001189,Isha Verma,Female,34,Vadodara,Gujarat,2024-02-16,Occasional Customer
C001190,Kavita Shah,Male,36,Patna,Bihar,2024-01-13,Occasional Customer
C001191,Ananya Kadam,Female,48,Surat,Gujarat,2024-05-21,Occasional Customer
C001192,Divya Kumar,Female,56,Jaipur,Rajasthan,2024-04-27,Loyal Customer
C001193,Ayush Gaikwad,Male,53,Bhopal,Madhya Pradesh,2024-01-02,Occasional Customer
C001194,Harsh Menon,Female,32,Hyderabad,Telangana,2024-05-10,Occasional Customer
C001195,Deepak Rao,Female,46,Mysuru,Karnataka,2024-01-01,Occasional Customer
C001196,Nikhil Patil,Male,57,Hyderabad,Telangana,2024-02-19,Regular Customer
C001197,Sameer Reddy,Male,33,Mumbai,Maharashtra,2024-02-08,Loyal Customer
C001198,Pooja Chavan,Female,50,Patna,Bihar,2024-05-07,Regular Customer
C001199,Aditya Chavan,Male,42,Lucknow,Uttar Pradesh,2024-01-01,Loyal Customer
C001200,Akash Gupta,Male,33,Jaipur,Rajasthan,2024-01-17,Regular Customer
C001201,Rahul Gaikwad,Female,47,Lucknow,Uttar Pradesh,2024-01-06,Regular Customer
C001202,Ayush More,Female,51,Nashik,Maharashtra,2024-01-04,Regular Customer
C001203,Rohan Mishra,Male,19,Bhopal,Madhya Pradesh,2024-01-25,Occasional Customer
C001204,Rahul Kumar,Female,57,Pune,Maharashtra,2024-02-09,Occasional Customer
C001205,Nikhil Mishra,Female,61,Mumbai,Maharashtra,2024-01-07,Loyal Customer
C001206,Amit Chavan,Male,60,Kolkata,West Bengal,2024-01-02,Regular Customer
C001207,Aditya Mehta,Female,55,Aurangabad,Maharashtra,2024-09-08,Regular Customer
C001208,Rahul Jadhav,Male,35,Kanpur,Uttar Pradesh,2024-01-16,Regular Customer
C001209,Vivek Kadam,Male,22,Delhi,Delhi,2024-01-20,Regular Customer
C001210,Ayush Reddy,Female,64,Mysuru,Karnataka,2024-02-20,Regular Customer
C001211,Riya Rao,Female,57,Pune,Maharashtra,2024-01-07,Loyal Customer
C001212,Gaurav Jadhav,Male,23,Nagpur,Maharashtra,2024-01-23,Regular Customer
C001213,Nikhil Nair,Female,29,Chennai,Tamil Nadu,2024-01-18,Loyal Customer
C001214,Aditya Sawant,Female,29,Kanpur,Uttar Pradesh,2024-01-15,Regular Customer
C001215,Manish Gaikwad,Female,29,Aurangabad,Maharashtra,2024-02-27,Occasional Customer
C001216,Pooja Das,Male,26,Aurangabad,Maharashtra,2024-02-05,Regular Customer
C001217,Deepak Banerjee,Female,59,Latur,Maharashtra,2024-03-27,Regular Customer
C001218,Amit Rao,Male,39,Bengaluru,Karnataka,2024-01-01,Loyal Customer
C001219,Riya Banerjee,Male,33,Pune,Maharashtra,2024-12-27,Regular Customer
C001220,Rohan Rao,Female,21,Patna,Bihar,2024-04-01,New Customer
C001221,Vivek Verma,Female,20,Chennai,Tamil Nadu,2024-09-09,Regular Customer
C001222,Aditya Reddy,Female,33,Nagpur,Maharashtra,2024-08-10,Regular Customer
C001223,Rahul Bhosale,Male,31,Kanpur,Uttar Pradesh,2024-05-14,Regular Customer
C001224,Kavita Kadam,Male,58,Vadodara,Gujarat,2024-01-17,Regular Customer
C001225,Aarav Kadam,Female,55,Chennai,Tamil Nadu,2024-01-13,Regular Customer
C001226,Ayush Pawar,Male,21,Indore,Madhya Pradesh,2024-01-04,Loyal Customer
C001227,Aniket Chavan,Female,19,Mysuru,Karnataka,2024-04-12,Occasional Customer
C001228,Sakshi Yadav,Male,27,Surat,Gujarat,2024-02-11,Regular Customer
C001229,Aniket Joshi,Female,28,Indore,Madhya Pradesh,2024-02-26,Regular Customer
C001230,Amit Jadhav,Female,56,Bhopal,Madhya Pradesh,2024-03-08,Regular Customer
C001231,Aditya Sawant,Female,43,Lucknow,Uttar Pradesh,2024-01-17,Regular Customer
C001232,Sonia Das,Female,54,Indore,Madhya Pradesh,2024-03-15,Occasional Customer
C001233,Akash Verma,Female,43,Surat,Gujarat,2024-08-02,Occasional Customer
C001234,Sakshi Gupta,Male,21,Bengaluru,Karnataka,2024-01-14,Occasional Customer
C001235,Sneha Iyer,Male,43,Warangal,Telangana,2024-06-25,Regular Customer
C001236,Vikas Verma,Female,55,Pune,Maharashtra,2024-01-10,Occasional Customer
C001237,Aditi Rao,Male,45,Ahmedabad,Gujarat,2024-01-19,Regular Customer
C001238,Deepak Singh,Female,19,Hyderabad,Telangana,2024-01-01,Regular Customer
C001239,Sakshi Shah,Male,19,Bengaluru,Karnataka,2024-01-03,Loyal Customer
C001240,Amit Shah,Male,33,Vadodara,Gujarat,2024-01-21,Regular Customer
C001241,Gaurav Jadhav,Female,40,Vadodara,Gujarat,2024-01-14,Loyal Customer
C001242,Ananya Pawar,Female,40,Delhi,Delhi,2024-03-18,Loyal Customer
C001243,Sneha Nair,Female,30,Surat,Gujarat,2024-02-07,Occasional Customer
C001244,Sakshi Shah,Female,38,Nashik,Maharashtra,2024-03-05,Occasional Customer
C001245,Sameer Singh,Female,56,Ahmedabad,Gujarat,2024-02-09,Occasional Customer
C001246,Ananya Iyer,Male,42,Pune,Maharashtra,2024-01-03,Loyal Customer
C001247,Isha Patil,Male,54,Aurangabad,Maharashtra,2024-03-12,Occasional Customer
C001248,Harsh Kadam,Female,30,Delhi,Delhi,2025-08-24,New Customer
C001249,Rahul Iyer,Female,32,Latur,Maharashtra,2024-12-09,New Customer
C001250,Anjali Thakur,Female,45,Bhopal,Madhya Pradesh,2024-03-13,Regular Customer
C001251,Nikhil Sawant,Other,20,Patna,Bihar,2024-02-09,Occasional Customer
C001252,Sakshi Iyer,Male,40,Mysuru,Karnataka,2024-01-24,Regular Customer
C001253,Sameer Thakur,Male,21,Nashik,Maharashtra,2024-01-23,Loyal Customer
C001254,Anjali Gupta,Female,64,Bengaluru,Karnataka,2024-03-31,Regular Customer
C001255,Anjali Sawant,Male,20,Latur,Maharashtra,2024-02-21,Occasional Customer
C001256,Sameer Das,Male,56,Pune,Maharashtra,2024-01-02,Loyal Customer
C001257,Karan Singh,Male,25,Indore,Madhya Pradesh,2024-01-25,Loyal Customer
C001258,Sneha Shinde,Male,60,Aurangabad,Maharashtra,2024-01-24,Occasional Customer
C001259,Divya Rao,Female,42,Latur,Maharashtra,2024-03-20,Regular Customer
C001260,Neha Thakur,Female,58,Chennai,Tamil Nadu,2024-01-22,Loyal Customer
C001261,Isha Menon,Female,29,Patna,Bihar,2024-01-14,Occasional Customer
C001262,Ayush Menon,Female,22,Mysuru,Karnataka,2024-01-06,Loyal Customer
C001263,Gaurav Verma,Male,50,Vadodara,Gujarat,2024-01-02,Loyal Customer
C001264,Kavita Bhosale,Female,63,Patna,Bihar,2024-01-07,Loyal Customer
C001265,Ananya Banerjee,Male,42,Latur,Maharashtra,2024-02-01,Regular Customer
C001266,Aniket Das,Male,42,Warangal,Telangana,2024-04-16,Regular Customer
C001267,Nikhil Jadhav,Male,52,Pune,Maharashtra,2025-05-05,Occasional Customer
C001268,Sonia More,Female,32,Chennai,Tamil Nadu,2024-01-16,Regular Customer
C001269,Aditi Reddy,Female,59,Ahmedabad,Gujarat,2024-01-18,Occasional Customer
C001270,Karan Mishra,Female,43,Patna,Bihar,2024-03-23,Loyal Customer
C001271,Divya Gupta,Female,27,Hyderabad,Telangana,2024-01-04,Regular Customer
C001272,Vivek Kulkarni,Male,41,Mysuru,Karnataka,2024-02-04,Regular Customer
C001273,Riya Mishra,Female,52,Ahmedabad,Gujarat,2026-07-27,New Customer
C001274,Kavita Mishra,Female,46,Indore,Madhya Pradesh,2024-01-04,Loyal Customer
C001275,Akash Sawant,Male,55,Patna,Bihar,2024-05-19,Occasional Customer
C001276,Aditya Menon,Male,22,Surat,Gujarat,2024-01-07,Regular Customer
C001277,Ananya More,Female,41,Pune,Maharashtra,2024-06-24,Regular Customer
C001278,Isha Singh,Female,36,Vadodara,Gujarat,2024-07-22,Regular Customer
C001279,Kavita Jadhav,Female,63,Delhi,Delhi,2024-01-16,Loyal Customer
C001280,Sneha Bhosale,Female,61,Mumbai,Maharashtra,2024-10-09,New Customer
C001281,Aditya Kumar,Other,26,Lucknow,Uttar Pradesh,2024-01-01,Regular Customer
C001282,Anjali Banerjee,Male,43,Patna,Bihar,2024-07-30,Occasional Customer
C001283,Isha Singh,Male,42,Nashik,Maharashtra,2024-04-30,Occasional Customer
C001284,Divya Kumar,Male,52,Lucknow,Uttar Pradesh,2026-05-05,New Customer
C001285,Aarav Bhosale,Male,53,Patna,Bihar,2024-01-02,Regular Customer
C001286,Aditi Gaikwad,Female,31,Delhi,Delhi,2024-02-01,Regular Customer
C001287,Kavita Kadam,Female,23,Warangal,Telangana,2024-01-22,Loyal Customer
C001288,Anjali Gaikwad,Female,49,Delhi,Delhi,2024-01-03,Loyal Customer
C001289,Aditya Kadam,Male,43,Nashik,Maharashtra,2024-01-30,Regular Customer
C001290,Anjali Sharma,Female,32,Indore,Madhya Pradesh,2024-03-12,Loyal Customer
C001291,Deepak Kumar,Male,48,Hyderabad,Telangana,2024-02-09,Occasional Customer
C001292,Akash Banerjee,Male,54,Warangal,Telangana,2024-01-01,Occasional Customer
C001293,Riya Reddy,Female,55,Nagpur,Maharashtra,2024-06-16,Regular Customer
C001294,Deepak Das,Female,54,Vadodara,Gujarat,2024-01-02,Regular Customer
C001295,Amit Jadhav,Male,36,Pune,Maharashtra,2024-06-01,Occasional Customer
C001296,Aditi Sawant,Male,31,Kolkata,West Bengal,2024-01-01,Loyal Customer
C001297,Vivek Banerjee,Female,53,Vadodara,Gujarat,2024-02-06,Regular Customer
C001298,Karan Nair,Male,54,Vadodara,Gujarat,2024-12-07,New Customer
C001299,Sneha Jadhav,Male,28,Aurangabad,Maharashtra,2024-01-15,Regular Customer
C001300,Sakshi Nair,Female,44,Mumbai,Maharashtra,2024-02-19,Regular Customer
C001301,Karan Thakur,Male,19,Nashik,Maharashtra,2024-07-16,Occasional Customer
C001302,Nikhil Sharma,Male,39,Kolkata,West Bengal,2024-01-23,Occasional Customer
C001303,Vikas Deshmukh,Male,19,Kanpur,Uttar Pradesh,2024-07-24,Occasional Customer
C001304,Aarav More,Female,37,Lucknow,Uttar Pradesh,2024-03-25,New Customer
C001305,Aniket Banerjee,Female,61,Nagpur,Maharashtra,2024-01-04,New Customer
C001306,Amit Gupta,Male,65,Kanpur,Uttar Pradesh,2024-09-17,New Customer
C001307,Rohan Shah,Male,34,Delhi,Delhi,2024-04-10,Regular Customer
C001308,Kavita Bhosale,Male,21,Indore,Madhya Pradesh,2024-02-06,Occasional Customer
C001309,Akash Menon,Male,31,Ahmedabad,Gujarat,2024-06-18,Occasional Customer
C001310,Ayush Joshi,Female,24,Delhi,Delhi,2024-04-12,Occasional Customer
C001311,Ayush Kulkarni,Female,32,Pune,Maharashtra,2024-01-04,Regular Customer
C001312,Aditi Joshi,Male,47,Bengaluru,Karnataka,2024-05-01,Loyal Customer
C001313,Harsh Reddy,Male,33,Pune,Maharashtra,2024-06-17,Occasional Customer
C001314,Sameer Shah,Male,57,Patna,Bihar,2025-01-09,New Customer
C001315,Isha Deshmukh,Male,19,Bengaluru,Karnataka,2025-01-30,Occasional Customer
C001316,Akash Banerjee,Male,36,Bengaluru,Karnataka,2024-01-17,Occasional Customer
C001317,Vikas Yadav,Female,18,Warangal,Telangana,2024-01-21,Regular Customer
C001318,Nikhil Gupta,Female,48,Indore,Madhya Pradesh,2024-05-21,Occasional Customer
C001319,Aarav Reddy,Female,21,Mumbai,Maharashtra,2024-01-16,Regular Customer
C001320,Kavita Mehta,Male,44,Delhi,Delhi,2024-01-06,Regular Customer
C001321,Anjali Nair,Female,42,Warangal,Telangana,2024-07-04,Regular Customer
C001322,Amit Sawant,Male,39,Mysuru,Karnataka,2024-01-21,Occasional Customer
C001323,Harsh Sharma,Male,60,Hyderabad,Telangana,2024-01-17,Regular Customer
C001324,Nikhil Kadam,Female,27,Nagpur,Maharashtra,2024-05-25,Loyal Customer
C001325,Anjali Mehta,Male,50,Nagpur,Maharashtra,2024-01-19,Occasional Customer
C001326,Harsh Pawar,Female,65,Bhopal,Madhya Pradesh,2024-01-23,Loyal Customer
C001327,Rahul Rao,Female,61,Aurangabad,Maharashtra,2024-01-05,Loyal Customer
C001328,Aditya Verma,Female,47,Chennai,Tamil Nadu,2024-02-17,Loyal Customer
C001329,Divya Deshmukh,Female,47,Chennai,Tamil Nadu,2024-03-29,Occasional Customer
C001330,Kavita Gupta,Male,33,Lucknow,Uttar Pradesh,2024-11-07,New Customer
C001331,Kavita Das,Other,26,Latur,Maharashtra,2024-01-28,Occasional Customer
C001332,Kavita Gupta,Female,34,Pune,Maharashtra,2024-01-18,Loyal Customer
C001333,Aarav Gaikwad,Female,52,Chennai,Tamil Nadu,2024-02-06,Regular Customer
C001334,Sonia Yadav,Male,64,Lucknow,Uttar Pradesh,2024-01-10,Regular Customer
C001335,Aditi Reddy,Female,32,Aurangabad,Maharashtra,2024-05-24,Regular Customer
C001336,Gaurav Kadam,Male,65,Chennai,Tamil Nadu,2024-01-01,Loyal Customer
C001337,Arjun Iyer,Female,45,Indore,Madhya Pradesh,2024-01-22,Regular Customer
C001338,Aarav Kadam,Male,37,Indore,Madhya Pradesh,2024-03-28,Occasional Customer
C001339,Sameer Deshmukh,Female,50,Mysuru,Karnataka,2024-06-17,Occasional Customer
C001340,Divya Joshi,Male,50,Indore,Madhya Pradesh,2024-08-07,New Customer
C001341,Rohan Rao,Male,53,Kolkata,West Bengal,2024-01-18,Loyal Customer
C001342,Pooja Kulkarni,Male,30,Chennai,Tamil Nadu,2024-01-01,Regular Customer
C001343,Sakshi Mehta,Male,21,Jaipur,Rajasthan,2024-01-05,Loyal Customer
C001344,Rohan Menon,Male,40,Lucknow,Uttar Pradesh,2024-01-01,Loyal Customer
C001345,Deepak Jadhav,Male,25,Warangal,Telangana,2024-02-12,Regular Customer
C001346,Aditi Kadam,Female,30,Patna,Bihar,2024-01-12,Occasional Customer
C001347,Manish Chavan,Female,41,Indore,Madhya Pradesh,2024-01-19,Loyal Customer
C001348,Sneha Reddy,Female,57,Aurangabad,Maharashtra,2024-01-13,Regular Customer
C001349,Ananya Banerjee,Male,63,Vadodara,Gujarat,2024-10-30,Occasional Customer
C001350,Sakshi Rao,Male,47,Jaipur,Rajasthan,2024-01-28,Loyal Customer
C001351,Isha Nair,Male,47,Latur,Maharashtra,2024-02-07,Regular Customer
C001352,Karan Reddy,Female,42,Warangal,Telangana,2024-02-11,Occasional Customer
C001353,Ananya Das,Female,50,Bhopal,Madhya Pradesh,2024-08-18,Occasional Customer
C001354,Amit Deshmukh,Male,26,Chennai,Tamil Nadu,2024-10-07,Occasional Customer
C001355,Riya Menon,Male,43,Kolkata,West Bengal,2024-02-01,Loyal Customer
C001356,Isha Patil,Female,41,Bengaluru,Karnataka,2024-01-23,Regular Customer
C001357,Ayush Shinde,Female,50,Ahmedabad,Gujarat,2024-02-17,Loyal Customer
C001358,Aditi Das,Female,56,Kolkata,West Bengal,2024-01-08,Occasional Customer
C001359,Aniket Singh,Female,42,Mysuru,Karnataka,2024-01-31,Regular Customer
C001360,Aditi Chavan,Male,62,Jaipur,Rajasthan,2024-01-01,Occasional Customer
C001361,Vivek Sawant,Male,32,Hyderabad,Telangana,2024-01-09,Regular Customer
C001362,Kavita Gaikwad,Male,58,Indore,Madhya Pradesh,2024-01-05,Regular Customer
C001363,Sneha Gupta,Male,65,Patna,Bihar,2024-03-05,Occasional Customer
C001364,Karan More,Male,58,Vadodara,Gujarat,2024-03-27,Occasional Customer
C001365,Aditi Menon,Female,23,Hyderabad,Telangana,2024-02-25,Loyal Customer
C001366,Pooja Shinde,Male,37,Surat,Gujarat,2024-06-11,Occasional Customer
C001367,Ayush Kadam,Male,61,Kolkata,West Bengal,2025-11-13,Occasional Customer
C001368,Sonia Menon,Male,33,Patna,Bihar,2024-01-01,Regular Customer
C001369,Aditi Mishra,Male,38,Hyderabad,Telangana,2024-01-03,Regular Customer
C001370,Pooja Chavan,Male,32,Bengaluru,Karnataka,2024-03-20,Regular Customer
C001371,Arjun Kulkarni,Female,56,Lucknow,Uttar Pradesh,2024-06-15,Regular Customer
C001372,Sameer Kadam,Female,59,Jaipur,Rajasthan,2024-02-01,Loyal Customer
C001373,Harsh Singh,Male,21,Warangal,Telangana,2024-01-13,Occasional Customer
C001374,Gaurav Iyer,Female,41,Bhopal,Madhya Pradesh,2024-01-02,Occasional Customer
C001375,Isha Singh,Male,20,Bhopal,Madhya Pradesh,2025-01-08,Occasional Customer
C001376,Gaurav Chavan,Female,18,Kanpur,Uttar Pradesh,2024-02-12,Regular Customer
C001377,Ananya Yadav,Male,47,Hyderabad,Telangana,2024-01-03,Regular Customer
C001378,Riya Yadav,Male,30,Nagpur,Maharashtra,2024-01-20,Occasional Customer
C001379,Divya Kumar,Female,35,Bhopal,Madhya Pradesh,2024-06-06,Occasional Customer
C001380,Sameer Verma,Male,57,Mysuru,Karnataka,2024-03-16,New Customer
C001381,Arjun Das,Male,28,Hyderabad,Telangana,2024-01-26,Loyal Customer
C001382,Aditya Iyer,Male,59,Indore,Madhya Pradesh,2024-03-14,Occasional Customer
C001383,Harsh Deshmukh,Male,46,Surat,Gujarat,2024-01-08,Loyal Customer
C001384,Harsh Shah,Male,21,Nagpur,Maharashtra,2024-02-18,Occasional Customer
C001385,Sneha Pawar,Female,42,Chennai,Tamil Nadu,2024-01-06,Loyal Customer
C001386,Manish Sawant,Female,53,Ahmedabad,Gujarat,2024-01-07,Regular Customer
C001387,Deepak Kulkarni,Female,53,Pune,Maharashtra,2024-01-07,Regular Customer
C001388,Aditya Chavan,Male,61,Nagpur,Maharashtra,2024-04-28,Occasional Customer
C001389,Rahul Sawant,Male,57,Aurangabad,Maharashtra,2024-09-29,Occasional Customer
C001390,Ayush Thakur,Male,45,Delhi,Delhi,2024-03-13,Occasional Customer
C001391,Nikhil Nair,Male,62,Warangal,Telangana,2024-01-01,Regular Customer
C001392,Harsh Pawar,Female,25,Chennai,Tamil Nadu,2024-01-26,Loyal Customer
C001393,Riya Thakur,Male,38,Hyderabad,Telangana,2024-01-02,Loyal Customer
C001394,Divya Thakur,Female,52,Kolkata,West Bengal,2024-05-24,Regular Customer
C001395,Aditi Iyer,Male,61,Indore,Madhya Pradesh,2024-05-13,Regular Customer
C001396,Sonia Kumar,Male,35,Nashik,Maharashtra,2024-03-01,Loyal Customer
C001397,Divya Shah,Male,64,Vadodara,Gujarat,2024-01-14,Regular Customer
C001398,Harsh More,Male,42,Ahmedabad,Gujarat,2024-01-02,Occasional Customer
C001399,Pooja Das,Male,63,Bhopal,Madhya Pradesh,2024-01-11,Regular Customer
C001400,Aditi Deshmukh,Male,58,Mumbai,Maharashtra,2024-02-24,Occasional Customer
C001401,Rahul Reddy,Male,22,Jaipur,Rajasthan,2024-03-03,Regular Customer
C001402,Gaurav Kadam,Female,64,Ahmedabad,Gujarat,2024-03-02,Loyal Customer
C001403,Kavita Das,Female,25,Mysuru,Karnataka,2024-08-24,New Customer
C001404,Rohan Rao,Male,40,Chennai,Tamil Nadu,2024-01-03,Loyal Customer
C001405,Ananya Sharma,Male,20,Pune,Maharashtra,2024-01-12,Regular Customer
C001406,Amit Mishra,Female,61,Nagpur,Maharashtra,2024-01-01,Occasional Customer
C001407,Nikhil Rao,Other,54,Mysuru,Karnataka,2024-08-12,Occasional Customer
C001408,Sameer Thakur,Female,48,Pune,Maharashtra,2024-01-21,Occasional Customer
C001409,Aditi Jadhav,Male,46,Ahmedabad,Gujarat,2024-01-25,Regular Customer
C001410,Aditya Joshi,Female,58,Ahmedabad,Gujarat,2024-01-22,Occasional Customer
C001411,Sakshi Reddy,Female,37,Bhopal,Madhya Pradesh,2024-01-15,Occasional Customer
C001412,Divya Kadam,Male,20,Nagpur,Maharashtra,2025-04-16,Occasional Customer
C001413,Gaurav Mehta,Female,40,Hyderabad,Telangana,2024-12-13,Occasional Customer
C001414,Aditi Shah,Male,57,Surat,Gujarat,2024-09-28,Occasional Customer
C001415,Amit Rao,Female,38,Kanpur,Uttar Pradesh,2024-05-16,Regular Customer
C001416,Isha Kadam,Female,30,Indore,Madhya Pradesh,2025-09-28,Occasional Customer
C001417,Divya Thakur,Female,25,Patna,Bihar,2026-02-19,New Customer
C001418,Sakshi Deshmukh,Female,22,Chennai,Tamil Nadu,2025-05-01,Occasional Customer
C001419,Neha Jadhav,Male,42,Jaipur,Rajasthan,2024-10-05,Occasional Customer
C001420,Kavita Kadam,Female,56,Chennai,Tamil Nadu,2024-02-23,Occasional Customer
C001421,Gaurav Chavan,Female,54,Kolkata,West Bengal,2024-01-23,Regular Customer
C001422,Pooja More,Female,58,Mysuru,Karnataka,2024-03-01,Regular Customer
C001423,Anjali Kulkarni,Female,22,Hyderabad,Telangana,2024-01-03,Loyal Customer
C001424,Aarav Iyer,Female,25,Kanpur,Uttar Pradesh,2024-07-31,New Customer
C001425,Ananya Yadav,Female,61,Aurangabad,Maharashtra,2024-06-10,Loyal Customer
C001426,Kavita Gaikwad,Female,21,Mumbai,Maharashtra,2024-05-26,Occasional Customer
C001427,Vivek Gupta,Female,58,Indore,Madhya Pradesh,2024-01-10,Occasional Customer
C001428,Akash More,Male,39,Nagpur,Maharashtra,2024-01-26,Occasional Customer
C001429,Sakshi More,Female,31,Ahmedabad,Gujarat,2024-01-30,Regular Customer
C001430,Riya Thakur,Male,36,Surat,Gujarat,2024-01-06,Regular Customer
C001431,Aniket Shah,Male,30,Bhopal,Madhya Pradesh,2025-10-07,New Customer
C001432,Ayush Nair,Male,52,Nashik,Maharashtra,2024-01-25,Regular Customer
C001433,Vivek Yadav,Female,21,Bhopal,Madhya Pradesh,2024-01-25,Loyal Customer
C001434,Aniket Kulkarni,Female,50,Aurangabad,Maharashtra,2024-06-17,Occasional Customer
C001435,Amit Mishra,Female,39,Jaipur,Rajasthan,2024-01-01,Regular Customer
C001436,Aditya Thakur,Male,18,Mumbai,Maharashtra,2024-01-13,Loyal Customer
C001437,Ananya Singh,Female,28,Patna,Bihar,2024-01-04,Occasional Customer
C001438,Riya Thakur,Female,33,Surat,Gujarat,2024-02-02,Regular Customer
C001439,Aditya Das,Male,21,Kolkata,West Bengal,2026-05-03,New Customer
C001440,Rahul Mishra,Male,46,Bengaluru,Karnataka,2024-03-27,Regular Customer
C001441,Deepak Rao,Male,56,Kolkata,West Bengal,2024-07-04,Occasional Customer
C001442,Divya Nair,Female,61,Indore,Madhya Pradesh,2024-05-28,Occasional Customer
C001443,Aditya Gupta,Female,55,Nashik,Maharashtra,2024-02-12,Occasional Customer
C001444,Manish Sawant,Male,41,Chennai,Tamil Nadu,2024-01-12,Loyal Customer
C001445,Vikas Sawant,Female,26,Aurangabad,Maharashtra,2024-01-08,Regular Customer
C001446,Sonia Pawar,Male,25,Aurangabad,Maharashtra,2024-01-01,Regular Customer
C001447,Riya Nair,Male,31,Delhi,Delhi,2024-01-19,Regular Customer
C001448,Vivek Nair,Male,32,Latur,Maharashtra,2024-01-03,Regular Customer
C001449,Pooja Pawar,Male,39,Hyderabad,Telangana,2024-02-10,Regular Customer
C001450,Sameer Kadam,Male,54,Surat,Gujarat,2024-03-02,Regular Customer
C001451,Kavita Joshi,Male,32,Delhi,Delhi,2024-02-07,Loyal Customer
C001452,Akash Shinde,Female,23,Ahmedabad,Gujarat,2024-01-05,Loyal Customer
C001453,Sameer Jadhav,Male,18,Pune,Maharashtra,2024-01-03,Regular Customer
C001454,Anjali Das,Female,37,Hyderabad,Telangana,2024-04-17,Regular Customer
C001455,Karan Sharma,Female,58,Kanpur,Uttar Pradesh,2024-01-04,Regular Customer
C001456,Divya Gupta,Male,53,Nashik,Maharashtra,2024-04-09,Occasional Customer
C001457,Neha Kadam,Female,19,Warangal,Telangana,2024-12-23,Occasional Customer
C001458,Isha Das,Male,23,Kanpur,Uttar Pradesh,2024-05-04,Occasional Customer
C001459,Manish Jadhav,Female,19,Vadodara,Gujarat,2024-01-07,Loyal Customer
C001460,Nikhil Singh,Female,20,Patna,Bihar,2024-03-10,Regular Customer
C001461,Aditya Deshmukh,Male,24,Lucknow,Uttar Pradesh,2024-01-05,Regular Customer
C001462,Ayush Gaikwad,Female,37,Ahmedabad,Gujarat,2024-01-01,Occasional Customer
C001463,Riya Iyer,Female,58,Surat,Gujarat,2024-01-10,Occasional Customer
C001464,Karan Verma,Female,58,Mysuru,Karnataka,2024-05-02,Regular Customer
C001465,Harsh Menon,Female,22,Delhi,Delhi,2024-01-08,Occasional Customer
C001466,Harsh Banerjee,Male,42,Pune,Maharashtra,2024-07-01,Occasional Customer
C001467,Neha Deshmukh,Female,55,Bengaluru,Karnataka,2024-01-01,Loyal Customer
C001468,Amit Chavan,Male,35,Indore,Madhya Pradesh,2024-01-01,Regular Customer
C001469,Pooja Deshmukh,Male,18,Nagpur,Maharashtra,2024-01-09,Regular Customer
C001470,Isha Thakur,Male,42,Latur,Maharashtra,2024-01-27,Regular Customer
C001471,Rahul Verma,Male,34,Aurangabad,Maharashtra,2024-01-05,Regular Customer
C001472,Divya Jadhav,Female,63,Aurangabad,Maharashtra,2024-04-28,Regular Customer
C001473,Vikas Banerjee,Female,32,Vadodara,Gujarat,2024-01-07,Loyal Customer
C001474,Sakshi Gupta,Female,22,Kolkata,West Bengal,2024-01-20,Regular Customer
C001475,Pooja Mehta,Male,34,Indore,Madhya Pradesh,2024-02-09,Occasional Customer
C001476,Ananya Menon,Female,38,Bengaluru,Karnataka,2024-02-04,Loyal Customer
C001477,Amit Bhosale,Female,40,Nagpur,Maharashtra,2024-02-12,Occasional Customer
C001478,Kavita Kumar,Male,60,Kanpur,Uttar Pradesh,2024-04-21,Occasional Customer
C001479,Sonia Patil,Male,27,Indore,Madhya Pradesh,2024-02-01,Regular Customer
C001480,Sneha Kulkarni,Female,34,Mysuru,Karnataka,2024-01-01,Regular Customer
C001481,Kavita Jadhav,Female,18,Nagpur,Maharashtra,2024-04-12,Occasional Customer
C001482,Ayush Pawar,Female,54,Bhopal,Madhya Pradesh,2024-01-20,Regular Customer
C001483,Ananya Chavan,Female,65,Bhopal,Madhya Pradesh,2024-01-10,Loyal Customer
C001484,Vivek Nair,Male,24,Indore,Madhya Pradesh,2024-02-27,Regular Customer
C001485,Anjali Kadam,Male,29,Nagpur,Maharashtra,2024-08-18,Regular Customer
C001486,Kavita Singh,Female,57,Nagpur,Maharashtra,2024-03-20,Occasional Customer
C001487,Ayush Mishra,Male,18,Latur,Maharashtra,2025-11-04,New Customer
C001488,Aditya More,Female,37,Ahmedabad,Gujarat,2024-02-26,Regular Customer
C001489,Aniket Reddy,Female,61,Kolkata,West Bengal,2024-01-01,Regular Customer
C001490,Manish More,Female,48,Bengaluru,Karnataka,2024-04-17,Loyal Customer
C001491,Amit Reddy,Other,21,Nashik,Maharashtra,2024-04-14,Occasional Customer
C001492,Ayush Shah,Male,43,Surat,Gujarat,2024-01-07,Regular Customer
C001493,Manish Deshmukh,Female,29,Aurangabad,Maharashtra,2024-07-16,Occasional Customer
C001494,Kavita Reddy,Female,39,Pune,Maharashtra,2024-01-06,New Customer
C001495,Ananya Mehta,Other,18,Delhi,Delhi,2024-02-24,Occasional Customer
C001496,Neha Jadhav,Female,18,Bengaluru,Karnataka,2024-01-09,Regular Customer
C001497,Ananya Rao,Male,20,Nagpur,Maharashtra,2024-03-06,Regular Customer
C001498,Nikhil Iyer,Female,29,Bengaluru,Karnataka,2024-02-12,Loyal Customer
C001499,Vikas Shah,Female,38,Nagpur,Maharashtra,2024-01-01,Regular Customer
C001500,Deepak Banerjee,Male,30,Pune,Maharashtra,2024-01-03,Occasional Customer
C001501,Vivek Mehta,Female,30,Chennai,Tamil Nadu,2024-02-22,Loyal Customer
C001502,Aditi Banerjee,Female,58,Mysuru,Karnataka,2024-01-08,Regular Customer
C001503,Sonia Sharma,Female,35,Bengaluru,Karnataka,2024-03-31,Regular Customer
C001504,Aditya Patil,Male,50,Kolkata,West Bengal,2024-01-02,Occasional Customer
C001505,Pooja Menon,Female,23,Warangal,Telangana,2024-02-14,Regular Customer
C001506,Neha More,Female,42,Aurangabad,Maharashtra,2024-01-29,Regular Customer
C001507,Pooja Shinde,Female,40,Delhi,Delhi,2024-01-31,Regular Customer
C001508,Sakshi Mehta,Male,41,Pune,Maharashtra,2024-04-11,Occasional Customer
C001509,Harsh Shah,Male,54,Kolkata,West Bengal,2024-02-08,Occasional Customer
C001510,Pooja Sharma,Female,43,Latur,Maharashtra,2024-01-25,Occasional Customer
C001511,Karan Singh,Female,21,Warangal,Telangana,2024-01-09,Regular Customer
C001512,Pooja Gupta,Male,55,Aurangabad,Maharashtra,2024-01-01,Loyal Customer
C001513,Ayush Reddy,Male,52,Jaipur,Rajasthan,2024-01-12,Loyal Customer
C001514,Ayush Yadav,Male,28,Bhopal,Madhya Pradesh,2024-01-15,Regular Customer
C001515,Anjali Das,Female,53,Latur,Maharashtra,2024-04-22,Occasional Customer
C001516,Sameer Rao,Male,42,Aurangabad,Maharashtra,2024-01-11,Occasional Customer
C001517,Gaurav Sawant,Male,37,Jaipur,Rajasthan,2024-01-08,Regular Customer
C001518,Isha Deshmukh,Male,18,Ahmedabad,Gujarat,2024-03-22,Loyal Customer
C001519,Riya Patil,Female,47,Aurangabad,Maharashtra,2024-05-24,Occasional Customer
C001520,Ananya Thakur,Male,21,Ahmedabad,Gujarat,2024-04-01,Regular Customer
C001521,Harsh Yadav,Male,40,Indore,Madhya Pradesh,2024-02-05,Occasional Customer
C001522,Isha Shinde,Female,52,Bhopal,Madhya Pradesh,2024-02-06,Occasional Customer
C001523,Deepak Shah,Male,59,Warangal,Telangana,2025-12-13,Occasional Customer
C001524,Amit Chavan,Male,39,Ahmedabad,Gujarat,2024-01-25,Regular Customer
C001525,Sonia Nair,Female,48,Lucknow,Uttar Pradesh,2024-08-16,New Customer
C001526,Deepak Iyer,Male,18,Nagpur,Maharashtra,2024-03-23,New Customer
C001527,Sonia Kadam,Female,21,Warangal,Telangana,2024-04-15,Occasional Customer
C001528,Gaurav Jadhav,Male,36,Pune,Maharashtra,2024-02-20,Occasional Customer
C001529,Sakshi Kadam,Female,47,Warangal,Telangana,2024-01-24,Loyal Customer
C001530,Kavita Gupta,Male,18,Ahmedabad,Gujarat,2024-10-30,Occasional Customer
C001531,Akash Chavan,Female,65,Ahmedabad,Gujarat,2024-04-29,Loyal Customer
C001532,Anjali Thakur,Male,36,Mumbai,Maharashtra,2024-04-02,Loyal Customer
C001533,Akash More,Male,38,Latur,Maharashtra,2024-01-01,Regular Customer
C001534,Isha Joshi,Female,39,Lucknow,Uttar Pradesh,2024-01-23,Regular Customer
C001535,Amit Kulkarni,Female,19,Jaipur,Rajasthan,2024-01-03,Loyal Customer
C001536,Aditi Sawant,Male,23,Warangal,Telangana,2024-06-28,Occasional Customer
C001537,Gaurav Mishra,Female,38,Mumbai,Maharashtra,2024-02-26,Occasional Customer
C001538,Nikhil Bhosale,Male,50,Jaipur,Rajasthan,2024-01-11,Loyal Customer
C001539,Anjali Mishra,Female,36,Bengaluru,Karnataka,2025-06-25,New Customer
C001540,Vikas Pawar,Male,44,Ahmedabad,Gujarat,2024-01-21,Loyal Customer
C001541,Sneha Chavan,Female,54,Delhi,Delhi,2024-02-29,Regular Customer
C001542,Vivek Mehta,Male,46,Ahmedabad,Gujarat,2024-04-15,Occasional Customer
C001543,Rohan Chavan,Male,45,Patna,Bihar,2024-01-01,Loyal Customer
C001544,Aniket Menon,Male,51,Mysuru,Karnataka,2024-02-24,Loyal Customer
C001545,Ananya Yadav,Male,18,Nashik,Maharashtra,2024-01-20,Loyal Customer
C001546,Kavita Thakur,Female,65,Latur,Maharashtra,2024-01-31,Regular Customer
C001547,Karan Singh,Other,42,Hyderabad,Telangana,2024-01-11,Regular Customer
C001548,Ayush Yadav,Female,38,Aurangabad,Maharashtra,2024-01-06,Occasional Customer
C001549,Aarav Deshmukh,Male,51,Delhi,Delhi,2024-01-10,Regular Customer
C001550,Gaurav Verma,Male,43,Ahmedabad,Gujarat,2024-02-07,Loyal Customer
C001551,Isha Joshi,Female,53,Lucknow,Uttar Pradesh,2024-01-17,Regular Customer
C001552,Aniket Mehta,Female,52,Mysuru,Karnataka,2024-03-12,Occasional Customer
C001553,Divya Patil,Male,40,Mysuru,Karnataka,2024-01-01,Occasional Customer
C001554,Aditi Sawant,Female,34,Delhi,Delhi,2024-02-23,Loyal Customer
C001555,Karan Shah,Female,64,Patna,Bihar,2024-10-18,Occasional Customer
C001556,Vikas Banerjee,Female,59,Hyderabad,Telangana,2024-01-25,Loyal Customer
C001557,Pooja Rao,Male,29,Bhopal,Madhya Pradesh,2024-03-26,Regular Customer
C001558,Karan Sawant,Male,61,Nashik,Maharashtra,2024-01-04,Occasional Customer
C001559,Manish Sharma,Male,37,Pune,Maharashtra,2024-01-23,Regular Customer
C001560,Sonia Kulkarni,Female,56,Surat,Gujarat,2024-04-28,Regular Customer
C001561,Harsh Jadhav,Male,44,Ahmedabad,Gujarat,2024-03-13,Occasional Customer
C001562,Vikas More,Male,59,Chennai,Tamil Nadu,2024-01-07,Loyal Customer
C001563,Rohan Kadam,Female,54,Hyderabad,Telangana,2025-03-21,New Customer
C001564,Sakshi Gaikwad,Male,37,Pune,Maharashtra,2024-01-08,Regular Customer
C001565,Divya Patil,Male,28,Ahmedabad,Gujarat,2024-01-02,Regular Customer
C001566,Gaurav Patil,Female,45,Surat,Gujarat,2024-02-12,Regular Customer
C001567,Neha Gupta,Female,19,Indore,Madhya Pradesh,2026-01-09,New Customer
C001568,Aniket Kadam,Female,41,Bengaluru,Karnataka,2024-01-17,Loyal Customer
C001569,Manish Sawant,Male,33,Indore,Madhya Pradesh,2024-01-19,Regular Customer
C001570,Aditya Gaikwad,Female,29,Warangal,Telangana,2024-07-12,New Customer
C001571,Kavita Thakur,Female,33,Pune,Maharashtra,2025-01-16,Occasional Customer
C001572,Sakshi Gupta,Male,53,Ahmedabad,Gujarat,2025-12-22,New Customer
C001573,Arjun Banerjee,Female,19,Nagpur,Maharashtra,2024-02-26,Regular Customer
C001574,Nikhil Rao,Male,42,Jaipur,Rajasthan,2024-03-19,Occasional Customer
C001575,Nikhil Kulkarni,Male,46,Latur,Maharashtra,2025-04-20,New Customer
C001576,Amit Kulkarni,Male,45,Lucknow,Uttar Pradesh,2024-01-17,Regular Customer
C001577,Gaurav Kadam,Male,27,Hyderabad,Telangana,2024-01-01,Loyal Customer
C001578,Sameer Chavan,Male,62,Mysuru,Karnataka,2026-03-15,New Customer
C001579,Manish Kadam,Female,40,Bengaluru,Karnataka,2024-02-07,Occasional Customer
C001580,Sakshi Jadhav,Male,49,Pune,Maharashtra,2024-11-08,Occasional Customer
C001581,Aniket Shah,Female,48,Kolkata,West Bengal,2024-01-16,Loyal Customer
C001582,Kavita Gaikwad,Female,36,Aurangabad,Maharashtra,2024-04-11,Loyal Customer
C001583,Kavita Patil,Male,32,Vadodara,Gujarat,2024-05-05,New Customer
C001584,Aditi Patil,Male,50,Nashik,Maharashtra,2024-01-05,Loyal Customer
C001585,Amit Nair,Female,34,Kanpur,Uttar Pradesh,2024-02-01,Regular Customer
C001586,Deepak Das,Female,53,Nashik,Maharashtra,2024-12-27,Regular Customer
C001587,Karan Verma,Male,37,Bhopal,Madhya Pradesh,2024-01-17,Regular Customer
C001588,Isha Jadhav,Male,26,Nashik,Maharashtra,2024-01-09,Loyal Customer
C001589,Nikhil Singh,Female,55,Indore,Madhya Pradesh,2024-03-15,Regular Customer
C001590,Kavita Jadhav,Male,20,Chennai,Tamil Nadu,2024-08-18,Loyal Customer
C001591,Deepak Kumar,Female,19,Vadodara,Gujarat,2024-01-10,Loyal Customer
C001592,Nikhil Chavan,Female,35,Indore,Madhya Pradesh,2024-01-08,Occasional Customer
C001593,Ananya Gaikwad,Male,40,Mysuru,Karnataka,2025-10-05,New Customer
C001594,Nikhil Iyer,Male,36,Vadodara,Gujarat,2024-03-14,Regular Customer
C001595,Sneha Sawant,Male,24,Mumbai,Maharashtra,2024-10-03,New Customer
C001596,Neha Chavan,Female,52,Vadodara,Gujarat,2024-08-12,Occasional Customer
C001597,Kavita Banerjee,Male,37,Bhopal,Madhya Pradesh,2024-04-14,Occasional Customer
C001598,Kavita Gupta,Male,37,Bhopal,Madhya Pradesh,2024-05-15,Occasional Customer
C001599,Karan Nair,Female,36,Surat,Gujarat,2024-01-01,Loyal Customer
C001600,Neha Sawant,Male,58,Kolkata,West Bengal,2024-01-17,Loyal Customer
C001601,Karan Banerjee,Male,33,Chennai,Tamil Nadu,2025-07-28,New Customer
C001602,Aarav Kadam,Female,55,Nashik,Maharashtra,2024-01-11,Occasional Customer
C001603,Deepak Rao,Male,38,Nagpur,Maharashtra,2024-01-10,Regular Customer
C001604,Akash Bhosale,Female,46,Kanpur,Uttar Pradesh,2024-02-27,Regular Customer
C001605,Neha Sawant,Female,61,Chennai,Tamil Nadu,2024-01-13,Occasional Customer
C001606,Sameer Singh,Male,55,Hyderabad,Telangana,2024-02-12,Loyal Customer
C001607,Rohan Mishra,Male,62,Delhi,Delhi,2024-05-08,Occasional Customer
C001608,Riya Reddy,Male,41,Mumbai,Maharashtra,2024-01-07,Loyal Customer
C001609,Aarav Shah,Female,54,Latur,Maharashtra,2024-02-02,Occasional Customer
C001610,Karan More,Male,46,Kolkata,West Bengal,2024-01-16,Loyal Customer
C001611,Pooja Das,Female,48,Kolkata,West Bengal,2025-09-30,New Customer
C001612,Sakshi Mehta,Female,62,Lucknow,Uttar Pradesh,2024-01-14,Occasional Customer
C001613,Neha Joshi,Male,56,Delhi,Delhi,2025-08-12,Occasional Customer
C001614,Rohan Patil,Female,29,Pune,Maharashtra,2024-03-09,Occasional Customer
C001615,Neha Yadav,Male,47,Surat,Gujarat,2024-03-07,Regular Customer
C001616,Ananya Verma,Female,21,Pune,Maharashtra,2024-03-15,Regular Customer
C001617,Pooja Iyer,Female,47,Nashik,Maharashtra,2024-03-10,Occasional Customer
C001618,Nikhil Menon,Male,22,Indore,Madhya Pradesh,2024-01-13,Regular Customer
C001619,Sneha Gaikwad,Male,33,Nagpur,Maharashtra,2024-01-01,Regular Customer
C001620,Amit Banerjee,Female,44,Ahmedabad,Gujarat,2024-05-07,Occasional Customer
C001621,Rahul Joshi,Female,21,Bengaluru,Karnataka,2024-01-06,Regular Customer
C001622,Aditi Mehta,Female,25,Hyderabad,Telangana,2024-01-27,Occasional Customer
C001623,Riya Kulkarni,Male,65,Kolkata,West Bengal,2024-01-01,Occasional Customer
C001624,Aniket Sharma,Male,25,Delhi,Delhi,2024-08-16,Occasional Customer
C001625,Isha Chavan,Male,34,Kanpur,Uttar Pradesh,2024-02-03,Occasional Customer
C001626,Harsh Jadhav,Female,63,Pune,Maharashtra,2024-03-03,Occasional Customer
C001627,Harsh Nair,Male,61,Kolkata,West Bengal,2024-06-25,Occasional Customer
C001628,Aniket Bhosale,Male,20,Surat,Gujarat,2024-01-23,Regular Customer
C001629,Kavita Menon,Female,44,Kanpur,Uttar Pradesh,2024-01-15,Occasional Customer
C001630,Nikhil Kumar,Female,51,Vadodara,Gujarat,2024-05-02,Occasional Customer
C001631,Karan Mishra,Male,62,Delhi,Delhi,2024-01-01,Regular Customer
C001632,Sonia Iyer,Male,38,Nagpur,Maharashtra,2024-01-23,Occasional Customer
C001633,Rohan Patil,Female,60,Indore,Madhya Pradesh,2024-01-08,Regular Customer
C001634,Riya Jadhav,Male,41,Chennai,Tamil Nadu,2024-03-24,Regular Customer
C001635,Kavita Shinde,Male,61,Patna,Bihar,2024-01-10,Occasional Customer
C001636,Manish Chavan,Male,58,Kolkata,West Bengal,2024-03-07,Loyal Customer
C001637,Rahul Yadav,Female,46,Jaipur,Rajasthan,2024-02-14,Regular Customer
C001638,Kavita Gaikwad,Female,56,Aurangabad,Maharashtra,2024-01-07,Regular Customer
C001639,Deepak Pawar,Male,23,Kanpur,Uttar Pradesh,2024-02-06,Regular Customer
C001640,Isha Kumar,Male,31,Latur,Maharashtra,2024-02-10,Regular Customer
C001641,Manish Chavan,Female,31,Lucknow,Uttar Pradesh,2024-03-31,Occasional Customer
C001642,Manish Kadam,Other,54,Aurangabad,Maharashtra,2024-02-22,Regular Customer
C001643,Rahul Menon,Female,41,Nagpur,Maharashtra,2024-04-04,Occasional Customer
C001644,Sonia Iyer,Other,30,Mumbai,Maharashtra,2024-01-11,Occasional Customer
C001645,Rahul Reddy,Female,18,Latur,Maharashtra,2026-05-30,New Customer
C001646,Sameer Nair,Female,29,Kolkata,West Bengal,2024-01-08,Loyal Customer
C001647,Arjun Shah,Male,59,Pune,Maharashtra,2024-02-07,Loyal Customer
C001648,Karan Shinde,Male,41,Nagpur,Maharashtra,2024-01-05,Regular Customer
C001649,Anjali More,Male,54,Indore,Madhya Pradesh,2024-01-05,Occasional Customer
C001650,Manish Sawant,Female,37,Chennai,Tamil Nadu,2024-01-20,Occasional Customer
C001651,Anjali Sawant,Female,23,Bhopal,Madhya Pradesh,2024-01-04,Regular Customer
C001652,Sakshi Sawant,Female,29,Kolkata,West Bengal,2024-01-03,Occasional Customer
C001653,Riya Shinde,Male,38,Chennai,Tamil Nadu,2024-01-06,Occasional Customer
C001654,Riya Nair,Male,20,Jaipur,Rajasthan,2024-01-10,Regular Customer
C001655,Karan Chavan,Male,44,Warangal,Telangana,2024-01-05,Occasional Customer
C001656,Karan Kadam,Male,63,Surat,Gujarat,2024-01-19,Regular Customer
C001657,Manish Kumar,Female,53,Indore,Madhya Pradesh,2025-03-19,New Customer
C001658,Vivek Das,Female,34,Patna,Bihar,2024-11-07,Occasional Customer
C001659,Rohan More,Male,63,Warangal,Telangana,2024-01-25,Regular Customer
C001660,Ayush Kulkarni,Male,32,Kolkata,West Bengal,2024-01-02,Regular Customer
C001661,Neha Rao,Female,56,Surat,Gujarat,2024-01-03,Regular Customer
C001662,Manish Gaikwad,Male,21,Bhopal,Madhya Pradesh,2024-01-01,Regular Customer
C001663,Vikas Gaikwad,Female,34,Kanpur,Uttar Pradesh,2026-01-10,New Customer
C001664,Sneha Kadam,Male,55,Hyderabad,Telangana,2024-01-08,Regular Customer
C001665,Sakshi Das,Male,28,Nagpur,Maharashtra,2024-03-13,Regular Customer
C001666,Amit Sawant,Male,29,Chennai,Tamil Nadu,2024-01-28,Occasional Customer
C001667,Aditi Sawant,Male,64,Patna,Bihar,2024-01-08,Regular Customer
C001668,Riya Deshmukh,Female,49,Nagpur,Maharashtra,2024-02-06,Occasional Customer
C001669,Divya Kumar,Male,44,Kanpur,Uttar Pradesh,2024-02-15,Loyal Customer
C001670,Isha Reddy,Male,61,Surat,Gujarat,2024-01-28,Occasional Customer
C001671,Arjun Iyer,Male,60,Kolkata,West Bengal,2024-01-18,Occasional Customer
C001672,Karan Shinde,Male,44,Surat,Gujarat,2024-02-19,Occasional Customer
C001673,Aniket Banerjee,Male,57,Hyderabad,Telangana,2024-01-30,Occasional Customer
C001674,Manish More,Female,61,Indore,Madhya Pradesh,2024-01-24,New Customer
C001675,Vivek Gupta,Female,46,Chennai,Tamil Nadu,2024-07-27,Occasional Customer
C001676,Riya More,Female,26,Kanpur,Uttar Pradesh,2024-04-28,Occasional Customer
C001677,Amit Kulkarni,Male,60,Nashik,Maharashtra,2024-02-12,Loyal Customer
C001678,Nikhil Iyer,Male,20,Bengaluru,Karnataka,2024-01-14,Regular Customer
C001679,Neha Joshi,Male,56,Latur,Maharashtra,2024-01-07,Loyal Customer
C001680,Anjali Patil,Male,46,Jaipur,Rajasthan,2024-01-07,Regular Customer
C001681,Rahul Singh,Female,38,Vadodara,Gujarat,2024-01-03,Loyal Customer
C001682,Kavita Joshi,Female,52,Vadodara,Gujarat,2024-02-03,Occasional Customer
C001683,Pooja Joshi,Female,65,Patna,Bihar,2024-01-13,Loyal Customer
C001684,Aditi Kulkarni,Male,27,Patna,Bihar,2024-01-07,Loyal Customer
C001685,Harsh Chavan,Male,40,Pune,Maharashtra,2024-03-25,Occasional Customer
C001686,Riya Yadav,Female,56,Warangal,Telangana,2024-02-07,Loyal Customer
C001687,Akash Rao,Male,42,Delhi,Delhi,2024-01-11,Regular Customer
C001688,Sakshi Jadhav,Male,41,Ahmedabad,Gujarat,2024-06-09,Regular Customer
C001689,Aarav Gupta,Female,37,Indore,Madhya Pradesh,2024-01-11,Regular Customer
C001690,Vivek Pawar,Female,32,Warangal,Telangana,2024-01-31,Loyal Customer
C001691,Harsh Reddy,Female,38,Patna,Bihar,2024-01-01,Regular Customer
C001692,Vivek Singh,Male,59,Bhopal,Madhya Pradesh,2024-08-08,Occasional Customer
C001693,Vikas Yadav,Male,29,Bhopal,Madhya Pradesh,2024-02-10,Occasional Customer
C001694,Karan Reddy,Male,35,Surat,Gujarat,2024-05-26,Occasional Customer
C001695,Aniket Menon,Female,40,Kolkata,West Bengal,2024-02-09,Occasional Customer
C001696,Ayush Chavan,Male,58,Latur,Maharashtra,2024-08-11,Occasional Customer
C001697,Ayush Reddy,Female,46,Delhi,Delhi,2024-01-09,Occasional Customer
C001698,Aditi Kumar,Female,58,Ahmedabad,Gujarat,2024-03-07,Occasional Customer
C001699,Sakshi Deshmukh,Female,53,Mumbai,Maharashtra,2024-01-12,Loyal Customer
C001700,Pooja Mehta,Male,22,Latur,Maharashtra,2024-02-16,Occasional Customer
C001701,Anjali Gupta,Male,56,Bengaluru,Karnataka,2024-02-08,Regular Customer
C001702,Rohan Iyer,Female,43,Warangal,Telangana,2025-02-13,New Customer
C001703,Sonia Kumar,Female,56,Delhi,Delhi,2024-02-18,Regular Customer
C001704,Aditi Kumar,Female,28,Vadodara,Gujarat,2024-05-12,Regular Customer
C001705,Vivek Pawar,Male,59,Lucknow,Uttar Pradesh,2024-03-30,Regular Customer
C001706,Harsh Singh,Female,28,Bengaluru,Karnataka,2024-03-24,Regular Customer
C001707,Sneha Pawar,Female,35,Indore,Madhya Pradesh,2024-02-20,Regular Customer
C001708,Vivek Kumar,Male,29,Chennai,Tamil Nadu,2024-01-07,Regular Customer
C001709,Aditi Banerjee,Female,33,Surat,Gujarat,2024-02-26,Regular Customer
C001710,Gaurav Das,Female,44,Kolkata,West Bengal,2024-01-11,Regular Customer
C001711,Karan Pawar,Male,53,Jaipur,Rajasthan,2024-01-03,Loyal Customer
C001712,Vivek Iyer,Male,34,Vadodara,Gujarat,2024-08-16,New Customer
C001713,Sonia Kumar,Female,38,Vadodara,Gujarat,2025-07-09,Occasional Customer
C001714,Ayush Singh,Male,54,Kanpur,Uttar Pradesh,2024-03-11,Occasional Customer
C001715,Aditi Sharma,Female,48,Mumbai,Maharashtra,2024-02-17,Regular Customer
C001716,Ayush Mehta,Female,62,Mysuru,Karnataka,2024-01-25,Occasional Customer
C001717,Nikhil Kulkarni,Female,52,Warangal,Telangana,2024-01-27,Regular Customer
C001718,Vivek Chavan,Female,44,Bhopal,Madhya Pradesh,2024-01-01,Loyal Customer
C001719,Ayush Thakur,Male,40,Mumbai,Maharashtra,2024-02-07,Regular Customer
C001720,Pooja Gupta,Male,49,Pune,Maharashtra,2024-01-12,Regular Customer
C001721,Kavita Yadav,Female,34,Mumbai,Maharashtra,2024-01-07,Occasional Customer
C001722,Vikas Jadhav,Male,28,Mumbai,Maharashtra,2024-04-14,Occasional Customer
C001723,Sonia Verma,Female,18,Bengaluru,Karnataka,2024-01-11,Loyal Customer
C001724,Isha More,Female,45,Ahmedabad,Gujarat,2024-01-22,Regular Customer
C001725,Aniket Das,Male,35,Mumbai,Maharashtra,2024-02-04,Regular Customer
C001726,Akash Chavan,Male,58,Ahmedabad,Gujarat,2024-01-09,Regular Customer
C001727,Ananya Iyer,Female,37,Kanpur,Uttar Pradesh,2024-05-07,Regular Customer
C001728,Isha Reddy,Female,24,Vadodara,Gujarat,2024-01-25,Regular Customer
C001729,Arjun Nair,Male,54,Hyderabad,Telangana,2024-02-09,Loyal Customer
C001730,Ananya Sharma,Female,33,Pune,Maharashtra,2024-02-28,Regular Customer
C001731,Rohan Chavan,Female,56,Latur,Maharashtra,2024-03-15,Regular Customer
C001732,Sameer Sawant,Other,62,Hyderabad,Telangana,2024-02-16,Regular Customer
C001733,Neha Rao,Male,62,Surat,Gujarat,2024-01-17,Loyal Customer
C001734,Sakshi Shinde,Male,64,Bhopal,Madhya Pradesh,2024-01-07,Regular Customer
C001735,Ananya Shah,Female,40,Kolkata,West Bengal,2024-07-31,Occasional Customer
C001736,Sonia Reddy,Female,49,Pune,Maharashtra,2024-01-11,Occasional Customer
C001737,Vikas Gaikwad,Male,34,Mysuru,Karnataka,2024-01-04,Loyal Customer
C001738,Sneha Bhosale,Female,36,Chennai,Tamil Nadu,2024-01-02,Occasional Customer
C001739,Kavita Chavan,Female,59,Indore,Madhya Pradesh,2024-02-08,Regular Customer
C001740,Aditya Gaikwad,Male,51,Warangal,Telangana,2024-02-29,New Customer
C001741,Rahul Kulkarni,Female,31,Delhi,Delhi,2024-03-25,Occasional Customer
C001742,Ananya Jadhav,Female,20,Nagpur,Maharashtra,2024-02-27,New Customer
C001743,Karan Chavan,Male,56,Latur,Maharashtra,2024-01-23,Regular Customer
C001744,Vivek Joshi,Male,42,Bengaluru,Karnataka,2024-05-28,Regular Customer
C001745,Aarav More,Female,28,Latur,Maharashtra,2024-04-16,Regular Customer
C001746,Gaurav Joshi,Male,32,Bengaluru,Karnataka,2024-01-13,Regular Customer
C001747,Isha Menon,Male,36,Hyderabad,Telangana,2024-01-18,Occasional Customer
C001748,Arjun Chavan,Female,60,Bengaluru,Karnataka,2024-01-15,Occasional Customer
C001749,Ayush Mehta,Female,32,Bhopal,Madhya Pradesh,2024-01-09,Occasional Customer
C001750,Rohan Mehta,Female,32,Chennai,Tamil Nadu,2024-10-09,Occasional Customer
C001751,Aarav More,Female,55,Warangal,Telangana,2024-07-21,Occasional Customer
C001752,Pooja Kadam,Male,32,Warangal,Telangana,2024-01-02,New Customer
C001753,Riya Joshi,Male,26,Bhopal,Madhya Pradesh,2024-03-13,Occasional Customer
C001754,Aditi Rao,Male,22,Kanpur,Uttar Pradesh,2024-05-25,Occasional Customer
C001755,Akash Thakur,Male,36,Kolkata,West Bengal,2024-05-23,Regular Customer
C001756,Ayush Pawar,Female,41,Hyderabad,Telangana,2024-04-07,Occasional Customer
C001757,Gaurav Rao,Female,46,Delhi,Delhi,2025-02-12,New Customer
C001758,Kavita Kumar,Male,22,Kanpur,Uttar Pradesh,2024-07-11,Occasional Customer
C001759,Vikas Singh,Male,39,Jaipur,Rajasthan,2024-05-29,Regular Customer
C001760,Riya Menon,Male,30,Nashik,Maharashtra,2024-02-21,Occasional Customer
C001761,Ayush Nair,Female,64,Latur,Maharashtra,2024-01-03,Loyal Customer
C001762,Akash Reddy,Male,63,Vadodara,Gujarat,2024-01-06,Loyal Customer
C001763,Vivek Sawant,Male,46,Nagpur,Maharashtra,2024-01-21,Regular Customer
C001764,Divya Shah,Female,33,Bengaluru,Karnataka,2024-09-06,Occasional Customer
C001765,Anjali Joshi,Male,53,Mysuru,Karnataka,2024-01-29,Loyal Customer
C001766,Amit Yadav,Male,34,Surat,Gujarat,2024-03-14,Regular Customer
C001767,Amit Thakur,Female,37,Delhi,Delhi,2024-01-17,Regular Customer
C001768,Rohan Shah,Male,31,Bhopal,Madhya Pradesh,2024-01-08,Occasional Customer
C001769,Divya Bhosale,Female,23,Vadodara,Gujarat,2024-01-17,Loyal Customer
C001770,Riya Gupta,Male,39,Chennai,Tamil Nadu,2024-02-18,Occasional Customer
C001771,Vivek Yadav,Male,57,Chennai,Tamil Nadu,2024-01-20,Occasional Customer
C001772,Sakshi Gupta,Male,26,Ahmedabad,Gujarat,2024-03-18,Occasional Customer
C001773,Sameer Rao,Female,49,Ahmedabad,Gujarat,2024-07-31,Occasional Customer
C001774,Sneha Shinde,Female,41,Lucknow,Uttar Pradesh,2024-03-22,Regular Customer
C001775,Sakshi Joshi,Other,50,Lucknow,Uttar Pradesh,2024-01-08,Regular Customer
C001776,Rahul Menon,Female,30,Surat,Gujarat,2024-01-20,Loyal Customer
C001777,Nikhil Mishra,Female,52,Nashik,Maharashtra,2024-08-21,New Customer
C001778,Sameer Deshmukh,Male,23,Ahmedabad,Gujarat,2024-02-04,Regular Customer
C001779,Kavita Thakur,Male,57,Warangal,Telangana,2024-01-03,Regular Customer
C001780,Kavita Nair,Male,47,Patna,Bihar,2026-02-04,New Customer
C001781,Divya Deshmukh,Male,55,Lucknow,Uttar Pradesh,2024-01-13,Occasional Customer
C001782,Vivek Mehta,Male,33,Chennai,Tamil Nadu,2024-01-21,Loyal Customer
C001783,Akash Patil,Male,18,Bhopal,Madhya Pradesh,2024-01-21,Regular Customer
C001784,Sneha Gupta,Male,59,Latur,Maharashtra,2024-07-27,Regular Customer
C001785,Vikas Verma,Male,35,Bhopal,Madhya Pradesh,2024-01-01,Loyal Customer
C001786,Aniket Mehta,Male,39,Lucknow,Uttar Pradesh,2024-04-18,Occasional Customer
C001787,Manish Jadhav,Female,43,Vadodara,Gujarat,2024-07-19,Regular Customer
C001788,Ananya Chavan,Female,31,Aurangabad,Maharashtra,2024-03-27,Loyal Customer
C001789,Sonia Verma,Male,54,Bengaluru,Karnataka,2024-02-16,Regular Customer
C001790,Isha Kulkarni,Male,31,Nagpur,Maharashtra,2024-01-02,Occasional Customer
C001791,Rahul Shinde,Male,43,Mysuru,Karnataka,2024-12-10,Occasional Customer
C001792,Riya Mehta,Female,53,Lucknow,Uttar Pradesh,2024-02-10,Occasional Customer
C001793,Karan Deshmukh,Male,40,Nagpur,Maharashtra,2024-01-07,Regular Customer
C001794,Vikas Verma,Female,19,Vadodara,Gujarat,2024-01-13,Loyal Customer
C001795,Isha Das,Male,56,Kolkata,West Bengal,2024-02-04,Regular Customer
C001796,Aditi Thakur,Male,24,Mumbai,Maharashtra,2024-02-03,Loyal Customer
C001797,Amit Verma,Male,56,Hyderabad,Telangana,2024-01-20,Loyal Customer
C001798,Harsh Thakur,Male,62,Chennai,Tamil Nadu,2024-12-01,New Customer
C001799,Neha Patil,Female,39,Indore,Madhya Pradesh,2024-01-10,Loyal Customer
C001800,Manish Thakur,Male,45,Patna,Bihar,2024-08-27,Occasional Customer
C001801,Rahul Das,Female,55,Kanpur,Uttar Pradesh,2024-01-05,Regular Customer
C001802,Ayush Iyer,Female,37,Aurangabad,Maharashtra,2024-01-18,Regular Customer
C001803,Aarav Gaikwad,Female,35,Nashik,Maharashtra,2024-01-01,Regular Customer
C001804,Arjun Banerjee,Male,41,Chennai,Tamil Nadu,2024-01-09,Regular Customer
C001805,Aarav Iyer,Male,50,Kanpur,Uttar Pradesh,2024-01-06,Loyal Customer
C001806,Aniket Mehta,Male,62,Bhopal,Madhya Pradesh,2024-01-26,Occasional Customer
C001807,Aditya Patil,Male,43,Indore,Madhya Pradesh,2024-02-25,Occasional Customer
C001808,Harsh Kadam,Female,36,Lucknow,Uttar Pradesh,2024-04-20,Occasional Customer
C001809,Riya Deshmukh,Male,65,Bengaluru,Karnataka,2024-01-27,Regular Customer
C001810,Manish Patil,Female,59,Nashik,Maharashtra,2024-01-02,Occasional Customer
C001811,Vivek Singh,Male,30,Patna,Bihar,2024-01-08,Occasional Customer
C001812,Aditya Kumar,Female,27,Pune,Maharashtra,2024-01-01,Loyal Customer
C001813,Karan Patil,Male,31,Nashik,Maharashtra,2024-01-15,Regular Customer
C001814,Ayush Bhosale,Male,26,Pune,Maharashtra,2024-02-20,Regular Customer
C001815,Ananya Menon,Female,28,Kolkata,West Bengal,2024-05-09,Occasional Customer
C001816,Amit Menon,Male,20,Pune,Maharashtra,2024-01-27,Occasional Customer
C001817,Pooja Iyer,Female,57,Nashik,Maharashtra,2024-01-15,Regular Customer
C001818,Pooja Bhosale,Male,29,Latur,Maharashtra,2024-02-26,Occasional Customer
C001819,Divya Singh,Male,52,Hyderabad,Telangana,2024-01-18,Regular Customer
C001820,Gaurav Thakur,Female,56,Mysuru,Karnataka,2026-08-23,New Customer
C001821,Sonia Kumar,Female,63,Lucknow,Uttar Pradesh,2024-01-08,Regular Customer
C001822,Vivek Gaikwad,Male,56,Lucknow,Uttar Pradesh,2024-05-13,New Customer
C001823,Gaurav Deshmukh,Female,49,Vadodara,Gujarat,2024-12-09,Occasional Customer
C001824,Rahul Rao,Female,56,Chennai,Tamil Nadu,2024-02-24,Loyal Customer
C001825,Sonia Gupta,Female,31,Nagpur,Maharashtra,2024-08-21,Occasional Customer
C001826,Amit Reddy,Male,61,Ahmedabad,Gujarat,2024-02-16,Regular Customer
C001827,Sonia Kadam,Male,18,Bhopal,Madhya Pradesh,2024-04-14,Regular Customer
C001828,Akash Pawar,Female,44,Warangal,Telangana,2024-01-01,Occasional Customer
C001829,Manish Gaikwad,Female,54,Patna,Bihar,2024-01-08,Loyal Customer
C001830,Kavita Jadhav,Male,60,Kolkata,West Bengal,2024-04-19,Occasional Customer
C001831,Rohan Joshi,Male,18,Mumbai,Maharashtra,2024-03-13,Occasional Customer
C001832,Sneha Sharma,Male,62,Nagpur,Maharashtra,2024-01-31,Regular Customer
C001833,Sakshi Sharma,Female,46,Warangal,Telangana,2024-03-29,Occasional Customer
C001834,Ayush Thakur,Male,41,Nashik,Maharashtra,2024-01-21,Occasional Customer
C001835,Rahul Iyer,Male,34,Jaipur,Rajasthan,2024-05-07,Regular Customer
C001836,Manish Bhosale,Male,52,Mysuru,Karnataka,2024-01-29,Loyal Customer
C001837,Manish Gaikwad,Female,48,Chennai,Tamil Nadu,2024-01-02,Occasional Customer
C001838,Sneha Joshi,Male,59,Surat,Gujarat,2024-01-12,Loyal Customer
C001839,Anjali Thakur,Male,49,Surat,Gujarat,2024-10-11,Occasional Customer
C001840,Divya Jadhav,Female,36,Pune,Maharashtra,2024-01-12,Occasional Customer
C001841,Arjun Shinde,Female,48,Aurangabad,Maharashtra,2024-01-04,Regular Customer
C001842,Vivek Singh,Male,56,Aurangabad,Maharashtra,2024-01-08,Regular Customer
C001843,Rohan Menon,Male,37,Latur,Maharashtra,2024-01-21,Regular Customer
C001844,Akash Patil,Female,45,Ahmedabad,Gujarat,2024-01-23,Regular Customer
C001845,Sameer Rao,Female,20,Bengaluru,Karnataka,2024-01-02,Loyal Customer
C001846,Harsh Shah,Female,49,Vadodara,Gujarat,2024-01-09,Occasional Customer
C001847,Sakshi Kumar,Female,39,Kolkata,West Bengal,2024-01-27,Loyal Customer
C001848,Vikas Singh,Female,61,Surat,Gujarat,2024-01-02,Regular Customer
C001849,Aarav Joshi,Female,59,Hyderabad,Telangana,2024-01-02,Loyal Customer
C001850,Aniket Deshmukh,Male,61,Kanpur,Uttar Pradesh,2024-01-16,Regular Customer
C001851,Akash Shah,Male,32,Pune,Maharashtra,2024-01-02,Loyal Customer
C001852,Aditi Thakur,Male,55,Hyderabad,Telangana,2024-01-14,Regular Customer
C001853,Nikhil Rao,Male,36,Latur,Maharashtra,2024-01-18,Loyal Customer
C001854,Riya Mishra,Female,48,Indore,Madhya Pradesh,2024-01-03,Loyal Customer
C001855,Aditi Joshi,Male,43,Pune,Maharashtra,2024-01-01,Loyal Customer
C001856,Rohan Patil,Female,22,Nagpur,Maharashtra,2024-01-05,Regular Customer
C001857,Gaurav Thakur,Male,37,Aurangabad,Maharashtra,2024-05-18,Regular Customer
C001858,Anjali Gupta,Male,19,Aurangabad,Maharashtra,2026-08-16,New Customer
C001859,Aniket Menon,Other,38,Mumbai,Maharashtra,2024-03-16,Regular Customer
C001860,Sonia Menon,Male,53,Warangal,Telangana,2024-01-08,Loyal Customer
C001861,Aditi Jadhav,Male,45,Chennai,Tamil Nadu,2024-01-09,Regular Customer
C001862,Kavita Sawant,Male,37,Nashik,Maharashtra,2024-02-07,Regular Customer
C001863,Anjali Banerjee,Female,54,Ahmedabad,Gujarat,2024-01-05,New Customer
C001864,Vivek Iyer,Male,56,Kolkata,West Bengal,2024-01-12,Regular Customer
C001865,Neha Chavan,Female,53,Delhi,Delhi,2024-01-08,Occasional Customer
C001866,Neha Shah,Male,28,Mysuru,Karnataka,2024-03-24,Occasional Customer
C001867,Sakshi Rao,Female,20,Nagpur,Maharashtra,2024-06-16,New Customer
C001868,Sneha Chavan,Male,54,Vadodara,Gujarat,2024-02-03,Occasional Customer
C001869,Anjali Sawant,Female,37,Surat,Gujarat,2024-03-15,Occasional Customer
C001870,Vikas Jadhav,Female,49,Jaipur,Rajasthan,2024-01-14,Regular Customer
C001871,Rahul Verma,Female,64,Mysuru,Karnataka,2024-02-17,Loyal Customer
C001872,Anjali Bhosale,Female,42,Mysuru,Karnataka,2024-02-29,Occasional Customer
C001873,Ayush More,Female,38,Chennai,Tamil Nadu,2024-02-26,Loyal Customer
C001874,Aditi Gupta,Female,33,Bengaluru,Karnataka,2024-01-02,Loyal Customer
C001875,Neha Singh,Male,65,Mumbai,Maharashtra,2024-01-17,Regular Customer
C001876,Rohan Kumar,Female,59,Aurangabad,Maharashtra,2025-07-13,Occasional Customer
C001877,Ananya Reddy,Male,18,Kanpur,Uttar Pradesh,2024-01-30,Loyal Customer
C001878,Rahul Bhosale,Male,40,Warangal,Telangana,2024-02-16,Loyal Customer
C001879,Manish Yadav,Male,60,Delhi,Delhi,2024-02-22,Occasional Customer
C001880,Aditi Kadam,Male,41,Chennai,Tamil Nadu,2024-02-23,Regular Customer
C001881,Pooja Rao,Male,64,Mumbai,Maharashtra,2024-01-04,Loyal Customer
C001882,Gaurav Das,Female,42,Vadodara,Gujarat,2024-11-24,Regular Customer
C001883,Kavita Chavan,Male,24,Kanpur,Uttar Pradesh,2024-01-16,Regular Customer
C001884,Riya Bhosale,Male,55,Delhi,Delhi,2024-03-23,Regular Customer
C001885,Harsh Jadhav,Female,64,Aurangabad,Maharashtra,2024-01-17,New Customer
C001886,Ayush Gaikwad,Male,64,Kolkata,West Bengal,2024-11-24,New Customer
C001887,Ananya Menon,Female,56,Aurangabad,Maharashtra,2024-01-03,Loyal Customer
C001888,Manish Yadav,Female,52,Chennai,Tamil Nadu,2024-07-30,Occasional Customer
C001889,Anjali Mishra,Female,31,Aurangabad,Maharashtra,2024-01-14,Regular Customer
C001890,Anjali Sawant,Female,26,Indore,Madhya Pradesh,2024-02-09,Regular Customer
C001891,Sonia Nair,Male,20,Indore,Madhya Pradesh,2024-01-02,Loyal Customer
C001892,Amit Das,Male,55,Chennai,Tamil Nadu,2024-01-02,Regular Customer
C001893,Isha Kumar,Male,37,Kolkata,West Bengal,2024-01-13,Occasional Customer
C001894,Aditi Gupta,Female,58,Kolkata,West Bengal,2024-01-25,Regular Customer
C001895,Harsh Bhosale,Male,50,Latur,Maharashtra,2024-07-03,New Customer
C001896,Manish Verma,Male,58,Chennai,Tamil Nadu,2024-01-01,Loyal Customer
C001897,Amit Gaikwad,Male,61,Kanpur,Uttar Pradesh,2024-10-01,New Customer
C001898,Anjali More,Female,49,Bhopal,Madhya Pradesh,2024-01-29,Loyal Customer
C001899,Aniket Chavan,Male,53,Surat,Gujarat,2024-06-06,New Customer
C001900,Pooja Deshmukh,Other,43,Pune,Maharashtra,2024-01-04,Loyal Customer
C001901,Vivek Thakur,Male,65,Bengaluru,Karnataka,2024-03-21,Regular Customer
C001902,Sonia Kadam,Male,22,Aurangabad,Maharashtra,2024-01-03,Loyal Customer
C001903,Aditya Gupta,Male,47,Kanpur,Uttar Pradesh,2024-02-13,Loyal Customer
C001904,Rohan Banerjee,Female,34,Mumbai,Maharashtra,2024-09-15,Occasional Customer
C001905,Aniket Patil,Female,23,Nagpur,Maharashtra,2024-04-21,Regular Customer
C001906,Arjun Gaikwad,Male,32,Latur,Maharashtra,2024-01-17,Regular Customer
C001907,Rahul Shah,Male,18,Aurangabad,Maharashtra,2024-02-16,Occasional Customer
C001908,Nikhil Patil,Female,30,Patna,Bihar,2024-02-09,Occasional Customer
C001909,Sonia Deshmukh,Male,65,Aurangabad,Maharashtra,2024-01-21,Regular Customer
C001910,Aniket Das,Male,51,Mumbai,Maharashtra,2024-03-17,Regular Customer
C001911,Sakshi Mehta,Male,47,Indore,Madhya Pradesh,2024-01-02,Regular Customer
C001912,Rohan Rao,Male,36,Lucknow,Uttar Pradesh,2024-01-13,Regular Customer
C001913,Manish Shinde,Male,19,Surat,Gujarat,2024-01-10,Regular Customer
C001914,Karan Shinde,Male,61,Chennai,Tamil Nadu,2024-02-13,Occasional Customer
C001915,Sonia Kumar,Male,29,Mysuru,Karnataka,2024-01-07,Regular Customer
C001916,Deepak Sawant,Female,57,Kanpur,Uttar Pradesh,2024-02-20,Loyal Customer
C001917,Vivek Sharma,Male,61,Patna,Bihar,2024-05-16,Regular Customer
C001918,Aniket Kumar,Female,41,Bhopal,Madhya Pradesh,2024-03-13,Regular Customer
C001919,Aniket Iyer,Male,28,Delhi,Delhi,2024-09-17,Occasional Customer
C001920,Akash Iyer,Female,19,Pune,Maharashtra,2024-09-16,Regular Customer
C001921,Sakshi Yadav,Male,18,Bhopal,Madhya Pradesh,2024-01-12,Loyal Customer
C001922,Vivek Joshi,Female,45,Hyderabad,Telangana,2024-02-17,Loyal Customer
C001923,Riya Shah,Male,21,Kolkata,West Bengal,2024-01-10,Regular Customer
C001924,Riya Shinde,Female,58,Delhi,Delhi,2024-01-16,Loyal Customer
C001925,Gaurav Kumar,Male,47,Bhopal,Madhya Pradesh,2024-03-03,Regular Customer
C001926,Anjali Gupta,Male,24,Chennai,Tamil Nadu,2024-01-08,Regular Customer
C001927,Deepak Menon,Female,39,Latur,Maharashtra,2025-10-04,Occasional Customer
C001928,Ayush Gaikwad,Female,43,Kanpur,Uttar Pradesh,2024-01-04,Loyal Customer
C001929,Isha Gupta,Male,46,Ahmedabad,Gujarat,2024-01-29,Occasional Customer
C001930,Pooja Kadam,Female,42,Kanpur,Uttar Pradesh,2024-02-06,Regular Customer
C001931,Ayush More,Male,27,Jaipur,Rajasthan,2024-01-02,Loyal Customer
C001932,Divya Verma,Male,37,Bhopal,Madhya Pradesh,2024-02-20,Loyal Customer
C001933,Vikas Yadav,Other,31,Mysuru,Karnataka,2024-07-09,Occasional Customer
C001934,Isha Kulkarni,Male,50,Warangal,Telangana,2024-02-21,Occasional Customer
C001935,Sameer Iyer,Female,22,Bhopal,Madhya Pradesh,2024-05-13,New Customer
C001936,Karan Menon,Male,62,Patna,Bihar,2024-01-11,Regular Customer
C001937,Sneha Chavan,Female,23,Mumbai,Maharashtra,2024-01-23,Regular Customer
C001938,Vivek Shinde,Female,39,Warangal,Telangana,2024-01-07,Occasional Customer
C001939,Divya Chavan,Other,34,Latur,Maharashtra,2024-01-04,Loyal Customer
C001940,Harsh Patil,Female,32,Aurangabad,Maharashtra,2024-03-08,Regular Customer
C001941,Neha Mishra,Male,56,Kolkata,West Bengal,2024-04-27,Occasional Customer
C001942,Anjali Iyer,Female,57,Vadodara,Gujarat,2024-01-01,Regular Customer
C001943,Amit Sharma,Male,45,Kolkata,West Bengal,2024-01-31,Loyal Customer
C001944,Arjun Gupta,Female,19,Pune,Maharashtra,2024-05-11,Occasional Customer
C001945,Vivek Mehta,Female,35,Mumbai,Maharashtra,2024-01-03,Loyal Customer
C001946,Neha Iyer,Male,44,Delhi,Delhi,2024-01-08,Regular Customer
C001947,Harsh Sawant,Female,38,Mysuru,Karnataka,2024-01-12,Regular Customer
C001948,Amit Shinde,Male,40,Bhopal,Madhya Pradesh,2025-12-05,Occasional Customer
C001949,Deepak Joshi,Male,24,Bhopal,Madhya Pradesh,2024-03-11,Regular Customer
C001950,Gaurav Mehta,Male,65,Indore,Madhya Pradesh,2024-01-07,Regular Customer
C001951,Sneha Joshi,Female,36,Warangal,Telangana,2024-11-06,New Customer
C001952,Karan Gupta,Male,26,Kolkata,West Bengal,2024-02-09,Loyal Customer
C001953,Pooja Rao,Female,29,Warangal,Telangana,2024-01-02,Regular Customer
C001954,Deepak More,Male,63,Indore,Madhya Pradesh,2024-01-19,Occasional Customer
C001955,Sakshi Banerjee,Female,47,Chennai,Tamil Nadu,2024-01-30,Occasional Customer
C001956,Karan Iyer,Male,24,Warangal,Telangana,2024-01-04,Occasional Customer
C001957,Pooja Iyer,Female,19,Surat,Gujarat,2024-06-10,New Customer
C001958,Karan Thakur,Male,34,Nashik,Maharashtra,2026-06-02,Occasional Customer
C001959,Ananya Iyer,Female,28,Mumbai,Maharashtra,2024-05-04,Occasional Customer
C001960,Sameer Kadam,Male,29,Mumbai,Maharashtra,2024-02-07,Loyal Customer
C001961,Ananya Jadhav,Female,20,Lucknow,Uttar Pradesh,2024-01-19,Occasional Customer
C001962,Rohan Gupta,Male,38,Jaipur,Rajasthan,2024-01-29,Regular Customer
C001963,Karan Pawar,Female,31,Surat,Gujarat,2024-02-08,Regular Customer
C001964,Vivek Singh,Male,32,Patna,Bihar,2024-06-03,Occasional Customer
C001965,Manish Reddy,Female,59,Jaipur,Rajasthan,2024-01-12,Regular Customer
C001966,Aditi Verma,Male,58,Aurangabad,Maharashtra,2024-01-04,Regular Customer
C001967,Aditi Banerjee,Male,27,Bengaluru,Karnataka,2024-10-27,New Customer
C001968,Sonia Deshmukh,Male,53,Pune,Maharashtra,2024-05-08,Occasional Customer
C001969,Sneha Rao,Male,27,Bhopal,Madhya Pradesh,2025-12-12,New Customer
C001970,Aditi Menon,Male,34,Latur,Maharashtra,2024-02-15,Regular Customer
C001971,Aarav Bhosale,Female,61,Bengaluru,Karnataka,2024-01-23,Regular Customer
C001972,Amit Banerjee,Female,42,Mumbai,Maharashtra,2024-11-30,New Customer
C001973,Pooja Joshi,Female,44,Bengaluru,Karnataka,2024-02-08,Regular Customer
C001974,Aditya Nair,Male,50,Jaipur,Rajasthan,2024-03-22,Regular Customer
C001975,Amit Sharma,Male,28,Ahmedabad,Gujarat,2024-01-15,Loyal Customer
C001976,Aniket Verma,Female,30,Bengaluru,Karnataka,2024-02-01,Regular Customer
C001977,Isha Kadam,Male,18,Patna,Bihar,2024-02-22,Occasional Customer
C001978,Aditi Shah,Female,48,Ahmedabad,Gujarat,2024-01-03,Loyal Customer
C001979,Pooja Rao,Male,50,Bengaluru,Karnataka,2024-03-30,Occasional Customer
C001980,Vivek Shah,Other,38,Delhi,Delhi,2024-01-10,Loyal Customer
C001981,Vivek Yadav,Male,33,Nashik,Maharashtra,2024-09-09,Regular Customer
C001982,Rahul Yadav,Female,56,Pune,Maharashtra,2024-01-13,Loyal Customer
C001983,Aarav Sharma,Male,40,Latur,Maharashtra,2024-04-05,Regular Customer
C001984,Manish Gupta,Female,27,Surat,Gujarat,2024-09-21,New Customer
C001985,Harsh Sharma,Male,65,Nashik,Maharashtra,2024-01-09,Regular Customer
C001986,Aarav Verma,Female,50,Latur,Maharashtra,2024-01-08,Regular Customer
C001987,Rohan More,Female,39,Lucknow,Uttar Pradesh,2024-01-15,Regular Customer
C001988,Manish Sawant,Male,58,Latur,Maharashtra,2024-09-26,New Customer
C001989,Aarav Verma,Male,23,Pune,Maharashtra,2024-01-18,Regular Customer
C001990,Sneha Nair,Male,64,Bhopal,Madhya Pradesh,2024-01-08,Regular Customer
C001991,Rahul Bhosale,Male,53,Ahmedabad,Gujarat,2024-01-24,Loyal Customer
C001992,Sameer Kumar,Male,64,Bengaluru,Karnataka,2024-01-06,Regular Customer
C001993,Ananya Kulkarni,Male,27,Lucknow,Uttar Pradesh,2024-01-11,Occasional Customer
C001994,Vivek Kulkarni,Male,33,Ahmedabad,Gujarat,2024-01-06,Loyal Customer
C001995,Kavita Jadhav,Female,30,Delhi,Delhi,2024-01-19,Regular Customer
C001996,Anjali Shinde,Female,37,Mumbai,Maharashtra,2024-01-02,Occasional Customer
C001997,Nikhil Verma,Male,21,Vadodara,Gujarat,2024-01-19,Regular Customer
C001998,Arjun Banerjee,Female,37,Hyderabad,Telangana,2024-01-15,Regular Customer
C001999,Divya More,Female,39,Patna,Bihar,2024-07-11,Occasional Customer
C002000,Sameer Gaikwad,Female,46,Kolkata,West Bengal,2024-01-23,Loyal Customer
C002001,Aditya Kadam,Male,33,Mumbai,Maharashtra,2024-01-25,Regular Customer
C002002,Gaurav Thakur,Male,60,Chennai,Tamil Nadu,2024-03-27,Regular Customer
C002003,Neha Joshi,Female,64,Hyderabad,Telangana,2024-01-01,Occasional Customer
C002004,Riya Joshi,Female,60,Kolkata,West Bengal,2024-01-11,Loyal Customer
C002005,Ayush Rao,Male,40,Patna,Bihar,2024-06-24,Regular Customer
C002006,Sneha Mishra,Female,47,Lucknow,Uttar Pradesh,2024-05-13,Occasional Customer
C002007,Aditya Reddy,Male,47,Mumbai,Maharashtra,2024-02-07,Loyal Customer
C002008,Sonia Reddy,Male,60,Indore,Madhya Pradesh,2024-02-26,Occasional Customer
C002009,Sakshi Patil,Female,20,Indore,Madhya Pradesh,2024-02-11,Occasional Customer
C002010,Aditya Gaikwad,Female,41,Nagpur,Maharashtra,2024-01-25,Loyal Customer
C002011,Gaurav Gaikwad,Male,54,Chennai,Tamil Nadu,2024-01-02,Loyal Customer
C002012,Manish Yadav,Female,30,Latur,Maharashtra,2024-02-19,Occasional Customer
C002013,Aditi Reddy,Female,59,Delhi,Delhi,2024-01-01,Occasional Customer
C002014,Aarav Nair,Female,49,Nagpur,Maharashtra,2024-05-18,Regular Customer
C002015,Ananya Deshmukh,Female,54,Warangal,Telangana,2024-04-14,Occasional Customer
C002016,Karan Mishra,Male,29,Surat,Gujarat,2024-10-20,New Customer
C002017,Harsh Reddy,Male,25,Surat,Gujarat,2025-11-30,New Customer
C002018,Sameer Chavan,Male,41,Mysuru,Karnataka,2024-01-13,Regular Customer
C002019,Neha Mishra,Female,61,Pune,Maharashtra,2024-02-21,Occasional Customer
C002020,Akash Singh,Female,33,Surat,Gujarat,2024-01-19,Loyal Customer
C002021,Kavita Kumar,Male,49,Bengaluru,Karnataka,2024-01-19,Regular Customer
C002022,Aditi Joshi,Male,51,Nagpur,Maharashtra,2024-01-10,Occasional Customer
C002023,Aniket Singh,Male,52,Patna,Bihar,2024-04-23,Occasional Customer
C002024,Sonia Nair,Male,49,Warangal,Telangana,2024-01-05,Loyal Customer
C002025,Vikas Mehta,Female,34,Jaipur,Rajasthan,2024-06-05,Occasional Customer
C002026,Karan More,Female,19,Pune,Maharashtra,2024-01-02,Regular Customer
C002027,Aditi Kumar,Male,43,Latur,Maharashtra,2024-05-10,Regular Customer
C002028,Aditya Rao,Female,61,Patna,Bihar,2024-01-11,Regular Customer
C002029,Vivek More,Female,34,Chennai,Tamil Nadu,2024-01-01,Regular Customer
C002030,Vikas Gupta,Female,55,Aurangabad,Maharashtra,2024-09-30,New Customer
C002031,Neha Rao,Male,19,Pune,Maharashtra,2024-01-03,Loyal Customer
C002032,Aditi Pawar,Male,25,Jaipur,Rajasthan,2024-04-28,Occasional Customer
C002033,Vivek Mishra,Male,63,Aurangabad,Maharashtra,2024-01-06,Occasional Customer
C002034,Deepak Sharma,Female,23,Kolkata,West Bengal,2024-07-24,Occasional Customer
C002035,Aniket Mehta,Female,26,Chennai,Tamil Nadu,2024-01-22,Occasional Customer
C002036,Amit Menon,Female,18,Nashik,Maharashtra,2024-01-11,New Customer
C002037,Sneha Nair,Male,22,Kolkata,West Bengal,2024-08-08,Occasional Customer
C002038,Sneha Gaikwad,Male,56,Delhi,Delhi,2024-04-05,Loyal Customer
C002039,Vivek Deshmukh,Male,26,Jaipur,Rajasthan,2024-01-13,Regular Customer
C002040,Ayush Pawar,Female,31,Latur,Maharashtra,2024-05-09,Occasional Customer
C002041,Neha Joshi,Male,44,Surat,Gujarat,2024-03-30,Regular Customer
C002042,Neha Banerjee,Male,26,Bhopal,Madhya Pradesh,2024-01-03,Regular Customer
C002043,Sonia Gaikwad,Female,53,Chennai,Tamil Nadu,2024-02-10,Regular Customer
C002044,Rahul Singh,Female,46,Delhi,Delhi,2024-01-13,Occasional Customer
C002045,Manish Chavan,Female,37,Ahmedabad,Gujarat,2024-01-11,Loyal Customer
C002046,Gaurav Menon,Male,32,Patna,Bihar,2024-04-24,Regular Customer
C002047,Rohan Jadhav,Female,53,Delhi,Delhi,2024-03-04,Occasional Customer
C002048,Sameer Nair,Male,20,Jaipur,Rajasthan,2024-01-09,Regular Customer
C002049,Rohan Deshmukh,Female,40,Kolkata,West Bengal,2025-09-30,New Customer
C002050,Kavita Iyer,Male,63,Patna,Bihar,2024-01-03,Regular Customer
C002051,Divya Patil,Male,26,Kolkata,West Bengal,2024-01-06,Regular Customer
C002052,Akash Bhosale,Female,47,Nashik,Maharashtra,2024-02-20,Loyal Customer
C002053,Anjali Banerjee,Female,36,Delhi,Delhi,2024-08-06,Occasional Customer
C002054,Aditya Chavan,Female,55,Lucknow,Uttar Pradesh,2024-03-22,Regular Customer
C002055,Nikhil Menon,Male,20,Kolkata,West Bengal,2025-08-20,New Customer
C002056,Nikhil Shah,Male,65,Nashik,Maharashtra,2024-12-02,New Customer
C002057,Gaurav Menon,Female,20,Patna,Bihar,2024-02-23,Occasional Customer
C002058,Deepak Sharma,Female,51,Ahmedabad,Gujarat,2024-01-21,Regular Customer
C002059,Pooja More,Female,19,Vadodara,Gujarat,2024-01-29,Loyal Customer
C002060,Sameer Thakur,Female,44,Lucknow,Uttar Pradesh,2024-01-20,Regular Customer
C002061,Karan Joshi,Male,40,Pune,Maharashtra,2024-03-22,Loyal Customer
C002062,Divya Gupta,Female,59,Surat,Gujarat,2024-01-01,Regular Customer
C002063,Gaurav Bhosale,Male,49,Nashik,Maharashtra,2024-01-15,Loyal Customer
C002064,Ananya Rao,Male,64,Jaipur,Rajasthan,2024-01-05,Loyal Customer
C002065,Neha Rao,Male,52,Patna,Bihar,2024-01-12,Occasional Customer
C002066,Gaurav Deshmukh,Male,57,Kanpur,Uttar Pradesh,2024-01-04,Regular Customer
C002067,Sakshi Shah,Female,35,Surat,Gujarat,2024-01-15,Regular Customer
C002068,Ayush Das,Female,44,Kolkata,West Bengal,2024-09-11,Occasional Customer
C002069,Anjali Nair,Female,28,Nagpur,Maharashtra,2024-05-01,Regular Customer
C002070,Aditya Deshmukh,Male,56,Warangal,Telangana,2024-02-10,Regular Customer
C002071,Arjun Jadhav,Male,36,Jaipur,Rajasthan,2024-01-11,Loyal Customer
C002072,Gaurav Nair,Male,42,Mysuru,Karnataka,2024-02-10,Regular Customer
C002073,Sameer Reddy,Female,24,Nashik,Maharashtra,2024-02-15,Occasional Customer
C002074,Amit Iyer,Male,48,Bhopal,Madhya Pradesh,2024-03-13,Loyal Customer
C002075,Gaurav Chavan,Female,19,Pune,Maharashtra,2024-03-19,Occasional Customer
C002076,Divya Kulkarni,Male,55,Indore,Madhya Pradesh,2024-01-18,New Customer
C002077,Aditya Sharma,Male,22,Ahmedabad,Gujarat,2024-01-27,Loyal Customer
C002078,Ayush Thakur,Female,31,Nashik,Maharashtra,2024-01-03,Regular Customer
C002079,Divya Menon,Female,35,Delhi,Delhi,2024-01-26,Loyal Customer
C002080,Arjun Kulkarni,Male,53,Hyderabad,Telangana,2024-01-23,Loyal Customer
C002081,Amit Deshmukh,Female,21,Chennai,Tamil Nadu,2024-03-10,Occasional Customer
C002082,Ananya Bhosale,Other,41,Mysuru,Karnataka,2024-01-03,Occasional Customer
C002083,Isha Gupta,Other,30,Hyderabad,Telangana,2024-01-05,Regular Customer
C002084,Manish Verma,Female,38,Ahmedabad,Gujarat,2024-03-09,Regular Customer
C002085,Harsh Kulkarni,Female,50,Hyderabad,Telangana,2024-01-04,Regular Customer
C002086,Aarav Deshmukh,Male,37,Indore,Madhya Pradesh,2024-01-21,Loyal Customer
C002087,Divya Gupta,Female,22,Mysuru,Karnataka,2024-01-12,Regular Customer
C002088,Aditya Shah,Male,41,Mysuru,Karnataka,2024-03-21,New Customer
C002089,Nikhil Das,Female,52,Nashik,Maharashtra,2024-01-10,Loyal Customer
C002090,Deepak Mishra,Male,47,Kanpur,Uttar Pradesh,2024-03-16,Occasional Customer
C002091,Gaurav Sharma,Male,45,Nashik,Maharashtra,2024-01-10,Loyal Customer
C002092,Ayush Bhosale,Female,62,Vadodara,Gujarat,2024-01-02,Regular Customer
C002093,Gaurav Menon,Male,24,Hyderabad,Telangana,2024-01-10,Regular Customer
C002094,Aditya Iyer,Male,59,Vadodara,Gujarat,2024-03-23,Occasional Customer
C002095,Vikas Gupta,Female,52,Mumbai,Maharashtra,2024-04-15,Occasional Customer
C002096,Vikas Joshi,Female,47,Chennai,Tamil Nadu,2024-01-14,Regular Customer
C002097,Neha Verma,Female,51,Ahmedabad,Gujarat,2024-01-03,Occasional Customer
C002098,Ananya Rao,Male,56,Mysuru,Karnataka,2024-03-18,Occasional Customer
C002099,Gaurav Pawar,Female,26,Kolkata,West Bengal,2024-02-07,Occasional Customer
C002100,Amit More,Male,29,Ahmedabad,Gujarat,2024-06-11,Regular Customer
C002101,Ayush More,Male,46,Vadodara,Gujarat,2025-08-18,New Customer
C002102,Karan Jadhav,Female,27,Vadodara,Gujarat,2024-06-10,Occasional Customer
C002103,Aditya Pawar,Female,44,Patna,Bihar,2024-02-07,Regular Customer
C002104,Harsh More,Male,36,Vadodara,Gujarat,2024-04-12,Occasional Customer
C002105,Harsh Sawant,Female,30,Bengaluru,Karnataka,2024-01-15,Loyal Customer
C002106,Karan Das,Male,59,Bengaluru,Karnataka,2025-03-22,New Customer
C002107,Aditya Kadam,Male,54,Kolkata,West Bengal,2024-01-02,Loyal Customer
C002108,Arjun Joshi,Male,49,Mysuru,Karnataka,2024-01-04,Loyal Customer
C002109,Rohan Reddy,Female,32,Mysuru,Karnataka,2024-12-08,Occasional Customer
C002110,Karan Shah,Female,38,Warangal,Telangana,2024-07-03,Regular Customer
C002111,Nikhil Shinde,Female,20,Jaipur,Rajasthan,2024-01-20,Regular Customer
C002112,Isha Kulkarni,Female,25,Indore,Madhya Pradesh,2024-07-28,Occasional Customer
C002113,Amit Sawant,Female,23,Aurangabad,Maharashtra,2024-03-29,Occasional Customer
C002114,Aarav Gaikwad,Male,46,Nashik,Maharashtra,2025-09-29,New Customer
C002115,Deepak Banerjee,Male,36,Bhopal,Madhya Pradesh,2024-01-19,Loyal Customer
C002116,Nikhil Gaikwad,Male,34,Lucknow,Uttar Pradesh,2025-07-17,New Customer
C002117,Sameer Mishra,Female,27,Nashik,Maharashtra,2024-02-16,Occasional Customer
C002118,Deepak Thakur,Female,50,Hyderabad,Telangana,2024-01-22,Occasional Customer
C002119,Deepak Bhosale,Male,30,Mysuru,Karnataka,2024-01-14,Regular Customer
C002120,Sneha Banerjee,Male,44,Bhopal,Madhya Pradesh,2024-01-13,Regular Customer
C002121,Sonia Reddy,Male,59,Lucknow,Uttar Pradesh,2024-01-03,Regular Customer
C002122,Nikhil Jadhav,Female,29,Nashik,Maharashtra,2024-01-22,Loyal Customer
C002123,Ayush Chavan,Male,19,Mysuru,Karnataka,2024-06-18,Occasional Customer
C002124,Nikhil Nair,Male,27,Mumbai,Maharashtra,2024-03-07,Occasional Customer
C002125,Aniket Yadav,Female,38,Bhopal,Madhya Pradesh,2024-03-20,Occasional Customer
C002126,Deepak Pawar,Female,40,Aurangabad,Maharashtra,2024-01-03,Occasional Customer
C002127,Gaurav Chavan,Male,18,Kolkata,West Bengal,2024-01-01,Loyal Customer
C002128,Ayush Iyer,Male,50,Indore,Madhya Pradesh,2024-03-23,Regular Customer
C002129,Riya Reddy,Female,43,Nagpur,Maharashtra,2024-10-09,Occasional Customer
C002130,Karan Mehta,Male,32,Chennai,Tamil Nadu,2024-06-22,Occasional Customer
C002131,Sameer Joshi,Female,39,Pune,Maharashtra,2024-02-19,Occasional Customer
C002132,Deepak Gaikwad,Female,42,Mumbai,Maharashtra,2024-02-19,Occasional Customer
C002133,Arjun Banerjee,Male,18,Patna,Bihar,2024-04-14,Regular Customer
C002134,Sameer Gaikwad,Male,43,Indore,Madhya Pradesh,2024-01-07,Occasional Customer
C002135,Divya Kulkarni,Male,38,Vadodara,Gujarat,2024-01-15,Regular Customer
C002136,Vivek Mehta,Male,58,Jaipur,Rajasthan,2024-01-01,Occasional Customer
C002137,Aniket Mehta,Female,41,Aurangabad,Maharashtra,2024-01-01,Loyal Customer
C002138,Manish Pawar,Female,56,Kolkata,West Bengal,2024-02-04,Regular Customer
C002139,Rahul Menon,Male,33,Nagpur,Maharashtra,2024-10-20,Occasional Customer
C002140,Manish Sharma,Male,49,Hyderabad,Telangana,2024-03-09,Regular Customer
C002141,Rohan Thakur,Male,33,Delhi,Delhi,2024-02-27,Regular Customer
C002142,Riya Shinde,Male,30,Mysuru,Karnataka,2024-01-21,Loyal Customer
C002143,Isha Das,Female,59,Bengaluru,Karnataka,2024-03-06,New Customer
C002144,Ayush Banerjee,Male,49,Surat,Gujarat,2026-04-18,New Customer
C002145,Riya Deshmukh,Female,58,Ahmedabad,Gujarat,2024-01-11,Loyal Customer
C002146,Sneha Mishra,Male,61,Pune,Maharashtra,2024-02-12,Occasional Customer
C002147,Sameer Das,Female,41,Nagpur,Maharashtra,2024-06-30,Occasional Customer
C002148,Harsh Rao,Female,30,Hyderabad,Telangana,2024-01-20,Regular Customer
C002149,Karan Jadhav,Male,28,Patna,Bihar,2024-01-13,Regular Customer
C002150,Pooja Sawant,Male,32,Bhopal,Madhya Pradesh,2025-06-11,New Customer
C002151,Anjali More,Male,27,Nagpur,Maharashtra,2024-02-14,Regular Customer
C002152,Rahul Jadhav,Male,59,Mysuru,Karnataka,2024-12-08,New Customer
C002153,Riya Bhosale,Female,58,Vadodara,Gujarat,2024-01-10,Regular Customer
C002154,Sameer Gaikwad,Female,20,Hyderabad,Telangana,2025-01-16,Occasional Customer
C002155,Aditya Thakur,Female,33,Bengaluru,Karnataka,2024-03-16,Regular Customer
C002156,Nikhil Yadav,Female,61,Indore,Madhya Pradesh,2024-03-06,Occasional Customer
C002157,Neha Gaikwad,Male,34,Delhi,Delhi,2024-01-03,Loyal Customer
C002158,Manish Verma,Female,42,Hyderabad,Telangana,2024-02-27,Occasional Customer
C002159,Vivek Kumar,Other,47,Surat,Gujarat,2024-07-09,Regular Customer
C002160,Sonia Nair,Male,64,Lucknow,Uttar Pradesh,2024-03-09,Loyal Customer
C002161,Harsh Gupta,Male,52,Nashik,Maharashtra,2024-01-20,Regular Customer
C002162,Aditi Das,Female,54,Latur,Maharashtra,2024-02-25,Occasional Customer
C002163,Divya Nair,Male,30,Mysuru,Karnataka,2024-02-04,Regular Customer
C002164,Vikas Das,Male,41,Hyderabad,Telangana,2024-01-27,Occasional Customer
C002165,Manish Shah,Female,55,Ahmedabad,Gujarat,2024-05-17,Regular Customer
C002166,Pooja Kumar,Female,43,Surat,Gujarat,2024-09-12,New Customer
C002167,Aditya Kulkarni,Male,26,Nashik,Maharashtra,2024-02-21,Regular Customer
C002168,Sakshi Joshi,Male,36,Warangal,Telangana,2024-02-08,Regular Customer
C002169,Rahul Rao,Female,45,Aurangabad,Maharashtra,2024-01-03,Regular Customer
C002170,Divya Pawar,Female,24,Mumbai,Maharashtra,2024-01-07,Regular Customer
C002171,Pooja Shah,Male,62,Nashik,Maharashtra,2024-01-19,Regular Customer
C002172,Aditi Mehta,Female,39,Nagpur,Maharashtra,2024-01-04,Occasional Customer
C002173,Pooja Rao,Female,47,Bengaluru,Karnataka,2024-02-11,New Customer
C002174,Pooja Gaikwad,Female,54,Warangal,Telangana,2024-02-03,Occasional Customer
C002175,Sakshi Chavan,Male,33,Mumbai,Maharashtra,2024-01-15,Regular Customer
C002176,Sameer Bhosale,Male,53,Latur,Maharashtra,2024-07-18,Occasional Customer
C002177,Akash Sharma,Female,22,Bengaluru,Karnataka,2024-01-03,Loyal Customer
C002178,Akash More,Male,46,Hyderabad,Telangana,2024-01-03,Loyal Customer
C002179,Anjali Verma,Female,40,Nashik,Maharashtra,2024-01-18,Regular Customer
C002180,Rohan Verma,Male,23,Ahmedabad,Gujarat,2024-01-01,Occasional Customer
C002181,Manish Mehta,Male,53,Indore,Madhya Pradesh,2024-01-03,Regular Customer
C002182,Riya Mehta,Male,50,Pune,Maharashtra,2024-01-01,Loyal Customer
C002183,Anjali Thakur,Male,58,Aurangabad,Maharashtra,2024-01-06,Loyal Customer
C002184,Divya Gaikwad,Female,33,Chennai,Tamil Nadu,2024-01-07,Loyal Customer
C002185,Isha Menon,Male,51,Patna,Bihar,2024-01-12,Occasional Customer
C002186,Rahul Mehta,Female,60,Warangal,Telangana,2024-05-08,Regular Customer
C002187,Riya Verma,Female,43,Latur,Maharashtra,2025-05-24,Occasional Customer
C002188,Amit Kadam,Male,54,Warangal,Telangana,2024-02-26,Occasional Customer
C002189,Aarav Yadav,Female,30,Bhopal,Madhya Pradesh,2024-06-12,Occasional Customer
C002190,Akash Sawant,Male,34,Nagpur,Maharashtra,2024-01-09,Loyal Customer
C002191,Harsh Kumar,Female,49,Vadodara,Gujarat,2024-01-16,Regular Customer
C002192,Aditya Kulkarni,Female,49,Chennai,Tamil Nadu,2024-05-05,Loyal Customer
C002193,Sneha Iyer,Male,45,Nagpur,Maharashtra,2024-07-31,Regular Customer
C002194,Amit Kadam,Male,46,Vadodara,Gujarat,2024-01-21,Regular Customer
C002195,Ayush Chavan,Female,42,Latur,Maharashtra,2024-09-23,Regular Customer
C002196,Isha Das,Female,64,Pune,Maharashtra,2024-02-11,Regular Customer
C002197,Aniket Verma,Male,39,Chennai,Tamil Nadu,2024-01-13,Regular Customer
C002198,Karan Kadam,Female,44,Pune,Maharashtra,2024-01-21,Loyal Customer
C002199,Karan Kulkarni,Male,61,Latur,Maharashtra,2024-09-29,New Customer
C002200,Isha Iyer,Female,55,Indore,Madhya Pradesh,2024-02-21,Loyal Customer
C002201,Riya Thakur,Male,37,Nagpur,Maharashtra,2024-03-13,Regular Customer
C002202,Deepak Deshmukh,Female,62,Pune,Maharashtra,2024-04-12,Regular Customer
C002203,Ayush Patil,Male,41,Kanpur,Uttar Pradesh,2024-01-20,Regular Customer
C002204,Sameer Nair,Female,64,Warangal,Telangana,2024-01-31,Regular Customer
C002205,Akash Sharma,Female,64,Vadodara,Gujarat,2024-06-01,Occasional Customer
C002206,Sonia Chavan,Female,25,Chennai,Tamil Nadu,2024-01-04,Regular Customer
C002207,Pooja Kulkarni,Female,31,Nashik,Maharashtra,2025-01-05,Occasional Customer
C002208,Rahul Das,Female,56,Aurangabad,Maharashtra,2024-02-03,Regular Customer
C002209,Ananya Kumar,Female,31,Ahmedabad,Gujarat,2024-02-25,Occasional Customer
C002210,Rohan Joshi,Female,22,Kolkata,West Bengal,2024-01-10,Regular Customer
C002211,Kavita Pawar,Female,64,Jaipur,Rajasthan,2024-03-25,Regular Customer
C002212,Manish Pawar,Female,38,Mysuru,Karnataka,2024-04-02,Regular Customer
C002213,Deepak Gupta,Female,32,Jaipur,Rajasthan,2024-01-15,Loyal Customer
C002214,Harsh Thakur,Male,53,Chennai,Tamil Nadu,2024-03-19,Loyal Customer
C002215,Anjali Das,Female,50,Indore,Madhya Pradesh,2024-05-24,New Customer
C002216,Gaurav Reddy,Male,34,Jaipur,Rajasthan,2024-04-21,Regular Customer
C002217,Ananya Pawar,Female,37,Chennai,Tamil Nadu,2024-03-07,New Customer
C002218,Pooja Rao,Female,18,Warangal,Telangana,2024-01-19,Occasional Customer
C002219,Harsh Gaikwad,Other,33,Kanpur,Uttar Pradesh,2024-01-12,Occasional Customer
C002220,Aarav Iyer,Male,62,Nagpur,Maharashtra,2024-01-20,Occasional Customer
C002221,Nikhil Singh,Male,35,Jaipur,Rajasthan,2024-01-25,Occasional Customer
C002222,Aniket Thakur,Female,27,Ahmedabad,Gujarat,2024-01-06,Occasional Customer
C002223,Neha Bhosale,Male,40,Lucknow,Uttar Pradesh,2024-01-18,New Customer
C002224,Gaurav Sharma,Male,35,Warangal,Telangana,2024-02-09,Occasional Customer
C002225,Riya Shinde,Female,26,Vadodara,Gujarat,2024-01-17,Regular Customer
C002226,Aniket More,Female,63,Aurangabad,Maharashtra,2024-01-06,Occasional Customer
C002227,Sakshi Nair,Male,47,Kanpur,Uttar Pradesh,2024-02-06,Regular Customer
C002228,Sameer Das,Female,30,Warangal,Telangana,2024-01-06,Loyal Customer
C002229,Aditya Mehta,Male,48,Chennai,Tamil Nadu,2024-05-09,Regular Customer
C002230,Akash Das,Female,63,Mumbai,Maharashtra,2024-02-04,Regular Customer
C002231,Sonia Gupta,Male,60,Patna,Bihar,2024-01-14,Regular Customer
C002232,Ananya Kadam,Female,30,Kanpur,Uttar Pradesh,2024-01-04,Regular Customer
C002233,Deepak Shinde,Male,49,Latur,Maharashtra,2024-03-13,Occasional Customer
C002234,Isha Kulkarni,Female,34,Vadodara,Gujarat,2024-05-04,Regular Customer
C002235,Arjun Rao,Male,20,Bhopal,Madhya Pradesh,2025-06-07,Occasional Customer
C002236,Sonia Yadav,Female,18,Warangal,Telangana,2024-02-06,Loyal Customer
C002237,Kavita Reddy,Male,22,Hyderabad,Telangana,2024-04-08,Regular Customer
C002238,Deepak Shah,Male,49,Mumbai,Maharashtra,2024-01-15,Regular Customer
C002239,Gaurav Shah,Female,42,Patna,Bihar,2024-01-03,Loyal Customer
C002240,Gaurav Mehta,Male,62,Jaipur,Rajasthan,2024-01-31,Regular Customer
C002241,Akash Kadam,Male,22,Chennai,Tamil Nadu,2024-06-06,Occasional Customer
C002242,Divya Mishra,Male,54,Latur,Maharashtra,2024-04-24,Regular Customer
C002243,Isha Shah,Male,40,Kanpur,Uttar Pradesh,2024-01-10,Regular Customer
C002244,Ananya Banerjee,Male,29,Pune,Maharashtra,2024-01-27,Occasional Customer
C002245,Rahul Nair,Male,51,Surat,Gujarat,2024-05-30,Occasional Customer
C002246,Sameer Sawant,Male,40,Nashik,Maharashtra,2024-11-08,Occasional Customer
C002247,Vivek Shah,Female,33,Mumbai,Maharashtra,2024-01-05,Occasional Customer
C002248,Neha Deshmukh,Female,22,Bhopal,Madhya Pradesh,2024-01-20,Regular Customer
C002249,Rahul Jadhav,Male,61,Ahmedabad,Gujarat,2024-01-18,Regular Customer
C002250,Deepak Kulkarni,Female,64,Pune,Maharashtra,2024-01-01,Loyal Customer
C002251,Anjali Sawant,Female,45,Bengaluru,Karnataka,2024-10-21,New Customer
C002252,Akash Pawar,Male,23,Patna,Bihar,2024-01-17,Regular Customer
C002253,Divya Nair,Male,30,Pune,Maharashtra,2024-01-25,Regular Customer
C002254,Amit Verma,Female,60,Bengaluru,Karnataka,2024-02-11,Loyal Customer
C002255,Gaurav Bhosale,Male,47,Mumbai,Maharashtra,2024-01-03,Loyal Customer
C002256,Nikhil Jadhav,Male,43,Delhi,Delhi,2024-02-02,Regular Customer
C002257,Neha Gaikwad,Male,34,Nagpur,Maharashtra,2024-02-20,Regular Customer
C002258,Harsh Pawar,Female,26,Kanpur,Uttar Pradesh,2024-01-04,Loyal Customer
C002259,Karan Reddy,Male,33,Nashik,Maharashtra,2025-07-16,New Customer
C002260,Manish Nair,Female,35,Bhopal,Madhya Pradesh,2024-01-06,Occasional Customer
C002261,Vivek Reddy,Female,30,Latur,Maharashtra,2024-01-08,Regular Customer
C002262,Vivek Pawar,Female,46,Nagpur,Maharashtra,2024-01-29,Loyal Customer
C002263,Manish Pawar,Female,60,Vadodara,Gujarat,2024-02-25,Occasional Customer
C002264,Karan Sawant,Male,62,Delhi,Delhi,2024-01-04,Loyal Customer
C002265,Amit Pawar,Female,41,Kolkata,West Bengal,2024-01-02,Occasional Customer
C002266,Deepak Banerjee,Male,62,Vadodara,Gujarat,2024-01-11,Occasional Customer
C002267,Isha Shah,Male,61,Aurangabad,Maharashtra,2024-02-13,Occasional Customer
C002268,Aditi Mishra,Male,63,Kanpur,Uttar Pradesh,2024-02-15,Loyal Customer
C002269,Divya Sharma,Male,30,Mysuru,Karnataka,2024-01-01,Regular Customer
C002270,Karan Jadhav,Male,42,Chennai,Tamil Nadu,2024-03-04,Occasional Customer
C002271,Aniket Banerjee,Male,58,Kolkata,West Bengal,2024-01-01,Loyal Customer
C002272,Gaurav Gupta,Male,63,Indore,Madhya Pradesh,2024-02-14,Regular Customer
C002273,Kavita Reddy,Female,18,Mysuru,Karnataka,2024-01-26,Regular Customer
C002274,Karan Bhosale,Male,26,Latur,Maharashtra,2024-01-11,Occasional Customer
C002275,Rahul Yadav,Female,21,Bhopal,Madhya Pradesh,2025-07-06,New Customer
C002276,Harsh Nair,Male,45,Ahmedabad,Gujarat,2024-06-21,New Customer
C002277,Sneha Thakur,Male,29,Nagpur,Maharashtra,2024-01-25,Loyal Customer
C002278,Karan Pawar,Male,41,Mysuru,Karnataka,2024-07-21,Regular Customer
C002279,Aditya Mehta,Male,63,Surat,Gujarat,2024-01-25,Regular Customer
C002280,Aarav Das,Female,26,Latur,Maharashtra,2024-01-13,Regular Customer
C002281,Sakshi Joshi,Male,52,Nagpur,Maharashtra,2024-01-01,Occasional Customer
C002282,Ayush Patil,Female,55,Jaipur,Rajasthan,2024-03-23,Occasional Customer
C002283,Arjun Joshi,Female,52,Hyderabad,Telangana,2024-01-01,Loyal Customer
C002284,Manish Sawant,Male,50,Kanpur,Uttar Pradesh,2024-11-19,Occasional Customer
C002285,Ananya Menon,Female,52,Surat,Gujarat,2024-01-02,Occasional Customer
C002286,Isha Mehta,Male,63,Bengaluru,Karnataka,2024-01-11,Loyal Customer
C002287,Rohan Menon,Female,37,Kolkata,West Bengal,2024-01-23,Regular Customer
C002288,Sakshi Yadav,Female,19,Patna,Bihar,2024-02-04,Occasional Customer
C002289,Manish Verma,Male,61,Nagpur,Maharashtra,2024-02-01,Loyal Customer
C002290,Akash Mehta,Male,43,Pune,Maharashtra,2024-05-15,Regular Customer
C002291,Akash More,Male,59,Pune,Maharashtra,2024-08-28,Occasional Customer
C002292,Sakshi Gupta,Male,30,Nagpur,Maharashtra,2024-10-01,New Customer
C002293,Sneha Kadam,Female,47,Bhopal,Madhya Pradesh,2024-02-05,Regular Customer
C002294,Manish Banerjee,Male,49,Surat,Gujarat,2024-01-02,Occasional Customer
C002295,Sakshi Patil,Male,53,Kanpur,Uttar Pradesh,2024-01-06,Regular Customer
C002296,Sakshi Iyer,Male,36,Bhopal,Madhya Pradesh,2024-01-18,Loyal Customer
C002297,Isha Gupta,Female,39,Mysuru,Karnataka,2024-06-25,Occasional Customer
C002298,Aniket Bhosale,Male,18,Pune,Maharashtra,2024-01-21,Regular Customer
C002299,Akash Iyer,Female,28,Vadodara,Gujarat,2025-03-03,Occasional Customer
C002300,Sneha Reddy,Female,43,Mumbai,Maharashtra,2024-01-10,Regular Customer
C002301,Sakshi Joshi,Female,65,Nashik,Maharashtra,2024-02-13,Regular Customer
C002302,Ayush Mishra,Female,36,Surat,Gujarat,2024-01-11,Regular Customer
C002303,Aditi Thakur,Male,36,Mumbai,Maharashtra,2024-01-01,Regular Customer
C002304,Arjun Kadam,Male,29,Surat,Gujarat,2024-01-04,Regular Customer
C002305,Sonia Banerjee,Female,20,Jaipur,Rajasthan,2024-01-16,Regular Customer
C002306,Aditya Thakur,Female,35,Vadodara,Gujarat,2024-01-15,Loyal Customer
C002307,Sonia Kulkarni,Female,22,Surat,Gujarat,2024-02-20,Occasional Customer
C002308,Sakshi Das,Male,65,Kanpur,Uttar Pradesh,2024-02-04,Regular Customer
C002309,Anjali Shinde,Male,41,Nagpur,Maharashtra,2025-03-18,Occasional Customer
C002310,Sameer Iyer,Other,31,Nagpur,Maharashtra,2025-08-25,New Customer
C002311,Neha Nair,Male,55,Bengaluru,Karnataka,2024-01-21,Regular Customer
C002312,Divya Mishra,Male,20,Latur,Maharashtra,2024-07-29,Occasional Customer
C002313,Riya Shah,Male,23,Ahmedabad,Gujarat,2024-01-08,Regular Customer
C002314,Pooja Bhosale,Female,29,Patna,Bihar,2024-04-06,Occasional Customer
C002315,Ananya Shah,Male,28,Pune,Maharashtra,2024-02-25,Regular Customer
C002316,Amit Das,Male,56,Warangal,Telangana,2024-03-03,Regular Customer
C002317,Aniket Banerjee,Female,43,Patna,Bihar,2024-01-08,Loyal Customer
C002318,Aniket Das,Male,18,Pune,Maharashtra,2024-01-12,Loyal Customer
C002319,Aditi Mehta,Female,33,Nashik,Maharashtra,2024-07-30,Occasional Customer
C002320,Divya Gupta,Female,65,Kolkata,West Bengal,2024-03-05,Occasional Customer
C002321,Arjun Shah,Male,64,Nashik,Maharashtra,2024-02-09,Loyal Customer
C002322,Manish Pawar,Female,26,Ahmedabad,Gujarat,2024-04-08,Occasional Customer
C002323,Deepak Nair,Female,22,Chennai,Tamil Nadu,2025-11-20,New Customer
C002324,Ayush Sawant,Male,25,Ahmedabad,Gujarat,2024-04-11,Regular Customer
C002325,Neha More,Male,38,Surat,Gujarat,2024-04-14,New Customer
C002326,Sonia Verma,Female,50,Kanpur,Uttar Pradesh,2024-01-07,Regular Customer
C002327,Vikas Rao,Male,56,Bhopal,Madhya Pradesh,2024-01-08,Regular Customer
C002328,Sneha Kulkarni,Female,60,Latur,Maharashtra,2024-01-27,Loyal Customer
C002329,Amit Menon,Female,37,Delhi,Delhi,2024-01-22,Loyal Customer
C002330,Sameer Bhosale,Male,62,Pune,Maharashtra,2024-03-05,Occasional Customer
C002331,Vivek Patil,Female,39,Lucknow,Uttar Pradesh,2024-06-21,Occasional Customer
C002332,Arjun Mishra,Male,30,Lucknow,Uttar Pradesh,2024-06-11,Regular Customer
C002333,Pooja Jadhav,Female,56,Aurangabad,Maharashtra,2024-01-08,Regular Customer
C002334,Riya Mishra,Male,28,Lucknow,Uttar Pradesh,2024-01-11,Loyal Customer
C002335,Amit Joshi,Female,35,Pune,Maharashtra,2024-03-10,Loyal Customer
C002336,Amit Nair,Female,47,Mysuru,Karnataka,2024-02-21,Regular Customer
C002337,Deepak Banerjee,Female,50,Pune,Maharashtra,2024-02-15,Regular Customer
C002338,Anjali Menon,Female,61,Delhi,Delhi,2024-04-11,Occasional Customer
C002339,Sneha Rao,Female,20,Bhopal,Madhya Pradesh,2024-01-30,Loyal Customer
C002340,Gaurav Yadav,Male,18,Kolkata,West Bengal,2024-01-07,Occasional Customer
C002341,Amit Mehta,Female,53,Bengaluru,Karnataka,2024-02-01,Loyal Customer
C002342,Pooja More,Female,23,Lucknow,Uttar Pradesh,2024-02-25,Loyal Customer
C002343,Pooja Bhosale,Female,54,Bengaluru,Karnataka,2024-06-05,Occasional Customer
C002344,Gaurav Thakur,Female,46,Nagpur,Maharashtra,2024-07-17,Occasional Customer
C002345,Aditya Reddy,Male,28,Patna,Bihar,2024-01-14,Loyal Customer
C002346,Sameer Singh,Male,30,Bengaluru,Karnataka,2024-01-01,Regular Customer
C002347,Sakshi Deshmukh,Male,28,Surat,Gujarat,2024-03-17,Occasional Customer
C002348,Gaurav Verma,Female,55,Lucknow,Uttar Pradesh,2024-02-18,Regular Customer
C002349,Rohan More,Male,42,Hyderabad,Telangana,2024-01-05,Loyal Customer
C002350,Riya Kumar,Female,32,Jaipur,Rajasthan,2024-01-22,Loyal Customer
C002351,Vikas Kadam,Male,30,Jaipur,Rajasthan,2024-01-09,Regular Customer
C002352,Isha Yadav,Male,59,Mumbai,Maharashtra,2024-01-02,Loyal Customer
C002353,Deepak Mehta,Male,50,Nashik,Maharashtra,2024-01-13,Regular Customer
C002354,Aarav Mishra,Male,30,Nashik,Maharashtra,2024-01-29,Regular Customer
C002355,Sakshi Mishra,Female,55,Hyderabad,Telangana,2024-02-09,Occasional Customer
C002356,Rohan Deshmukh,Male,41,Warangal,Telangana,2024-01-13,Occasional Customer
C002357,Rohan Thakur,Male,37,Indore,Madhya Pradesh,2025-07-07,Occasional Customer
C002358,Pooja Rao,Male,61,Aurangabad,Maharashtra,2024-09-17,New Customer
C002359,Riya Kadam,Female,34,Hyderabad,Telangana,2024-02-16,Occasional Customer
C002360,Sonia Deshmukh,Female,41,Kanpur,Uttar Pradesh,2024-01-02,Regular Customer
C002361,Sameer Gupta,Male,43,Kanpur,Uttar Pradesh,2024-06-27,New Customer
C002362,Gaurav Shinde,Female,57,Nashik,Maharashtra,2024-01-12,Occasional Customer
C002363,Harsh Banerjee,Male,49,Latur,Maharashtra,2024-08-24,New Customer
C002364,Aniket Yadav,Male,46,Hyderabad,Telangana,2024-01-09,Loyal Customer
C002365,Arjun Chavan,Female,31,Bhopal,Madhya Pradesh,2024-01-08,Occasional Customer
C002366,Sneha Sawant,Male,54,Aurangabad,Maharashtra,2024-01-06,Regular Customer
C002367,Deepak Gupta,Female,39,Kanpur,Uttar Pradesh,2024-01-03,Loyal Customer
C002368,Neha Jadhav,Male,51,Nagpur,Maharashtra,2024-01-26,Regular Customer
C002369,Neha Mishra,Female,44,Hyderabad,Telangana,2024-05-03,Occasional Customer
C002370,Karan Das,Male,45,Vadodara,Gujarat,2024-05-06,Occasional Customer
C002371,Deepak Singh,Female,39,Surat,Gujarat,2024-01-02,Regular Customer
C002372,Rahul Menon,Female,60,Hyderabad,Telangana,2024-01-02,Regular Customer
C002373,Aditi Patil,Male,20,Aurangabad,Maharashtra,2024-01-06,Regular Customer
C002374,Akash Reddy,Male,39,Vadodara,Gujarat,2024-01-02,Loyal Customer
C002375,Sameer Banerjee,Male,65,Aurangabad,Maharashtra,2024-01-28,Loyal Customer
C002376,Isha Sharma,Female,38,Pune,Maharashtra,2024-01-12,Loyal Customer
C002377,Akash Kumar,Male,33,Patna,Bihar,2024-01-01,Regular Customer
C002378,Sonia Pawar,Male,26,Vadodara,Gujarat,2024-01-01,Regular Customer
C002379,Isha Thakur,Female,30,Latur,Maharashtra,2024-01-01,Regular Customer
C002380,Aarav Bhosale,Male,27,Kolkata,West Bengal,2024-01-21,Regular Customer
C002381,Aniket Nair,Female,38,Patna,Bihar,2024-01-07,Occasional Customer
C002382,Vivek Jadhav,Male,59,Mysuru,Karnataka,2024-01-18,Regular Customer
C002383,Vikas Reddy,Male,57,Hyderabad,Telangana,2024-01-08,Regular Customer
C002384,Ayush Pawar,Female,24,Aurangabad,Maharashtra,2024-01-02,Regular Customer
C002385,Sonia Kumar,Female,63,Mumbai,Maharashtra,2024-03-20,Regular Customer
C002386,Vikas More,Male,39,Ahmedabad,Gujarat,2024-05-10,New Customer
C002387,Aditya Reddy,Male,35,Patna,Bihar,2024-01-30,Regular Customer
C002388,Divya More,Male,38,Bhopal,Madhya Pradesh,2024-08-15,Occasional Customer
C002389,Aditya Kadam,Male,31,Ahmedabad,Gujarat,2024-01-27,Regular Customer
C002390,Rahul Singh,Male,27,Patna,Bihar,2024-04-29,New Customer
C002391,Pooja Pawar,Male,50,Patna,Bihar,2024-04-27,Regular Customer
C002392,Aditi Gaikwad,Female,26,Bhopal,Madhya Pradesh,2024-02-02,Occasional Customer
C002393,Pooja Sawant,Female,35,Aurangabad,Maharashtra,2024-01-23,Regular Customer
C002394,Rohan Nair,Male,30,Ahmedabad,Gujarat,2024-01-04,Regular Customer
C002395,Sakshi Joshi,Male,34,Nashik,Maharashtra,2024-01-23,Regular Customer
C002396,Harsh Reddy,Male,40,Indore,Madhya Pradesh,2025-08-30,Occasional Customer
C002397,Aditya Nair,Female,42,Nagpur,Maharashtra,2024-04-17,Occasional Customer
C002398,Akash Sharma,Female,33,Indore,Madhya Pradesh,2024-05-28,Occasional Customer
C002399,Aniket Yadav,Female,41,Delhi,Delhi,2024-03-09,Loyal Customer
C002400,Aditya Jadhav,Female,48,Patna,Bihar,2024-02-11,Regular Customer
C002401,Neha Joshi,Female,28,Kanpur,Uttar Pradesh,2024-01-08,Regular Customer
C002402,Kavita Rao,Male,40,Patna,Bihar,2024-10-04,Occasional Customer
C002403,Isha Sharma,Male,58,Nashik,Maharashtra,2024-03-29,Loyal Customer
C002404,Aarav Nair,Female,56,Pune,Maharashtra,2024-02-08,Regular Customer
C002405,Deepak Banerjee,Male,39,Kanpur,Uttar Pradesh,2024-01-23,Regular Customer
C002406,Akash Mishra,Female,50,Jaipur,Rajasthan,2024-06-18,New Customer
C002407,Harsh Nair,Female,58,Bhopal,Madhya Pradesh,2024-03-04,Occasional Customer
C002408,Amit Yadav,Female,59,Warangal,Telangana,2024-01-03,Loyal Customer
C002409,Aditya Joshi,Male,65,Nagpur,Maharashtra,2024-01-09,Occasional Customer
C002410,Gaurav Deshmukh,Female,35,Bengaluru,Karnataka,2024-07-02,New Customer
C002411,Rohan Das,Female,31,Kanpur,Uttar Pradesh,2024-03-18,Occasional Customer
C002412,Akash Kulkarni,Female,45,Latur,Maharashtra,2024-01-12,Loyal Customer
C002413,Deepak Kadam,Female,28,Mysuru,Karnataka,2025-02-04,New Customer
C002414,Vikas Sawant,Other,41,Patna,Bihar,2024-01-25,Loyal Customer
C002415,Amit Gaikwad,Male,53,Mysuru,Karnataka,2024-01-12,Loyal Customer
C002416,Sakshi Banerjee,Male,36,Ahmedabad,Gujarat,2024-01-06,Loyal Customer
C002417,Sakshi Mishra,Male,30,Indore,Madhya Pradesh,2024-01-26,Regular Customer
C002418,Amit Reddy,Male,50,Bengaluru,Karnataka,2024-02-04,Regular Customer
C002419,Rahul Jadhav,Female,36,Indore,Madhya Pradesh,2024-04-08,Occasional Customer
C002420,Aditya Verma,Other,64,Bengaluru,Karnataka,2024-01-25,Regular Customer
C002421,Neha Sharma,Male,49,Bengaluru,Karnataka,2024-03-28,Occasional Customer
C002422,Nikhil Reddy,Male,32,Mumbai,Maharashtra,2024-01-20,Loyal Customer
C002423,Ananya Thakur,Male,28,Pune,Maharashtra,2024-01-23,Occasional Customer
C002424,Divya Iyer,Female,40,Jaipur,Rajasthan,2024-10-21,Occasional Customer
C002425,Aniket Reddy,Male,22,Mumbai,Maharashtra,2025-02-28,Occasional Customer
C002426,Rohan Jadhav,Male,39,Mysuru,Karnataka,2024-01-25,Occasional Customer
C002427,Vivek Bhosale,Male,59,Bhopal,Madhya Pradesh,2024-02-05,Regular Customer
C002428,Nikhil Rao,Male,35,Warangal,Telangana,2024-06-14,New Customer
C002429,Isha Mishra,Female,24,Patna,Bihar,2024-01-29,Occasional Customer
C002430,Aniket Deshmukh,Male,50,Delhi,Delhi,2024-01-27,Regular Customer
C002431,Vikas Kulkarni,Male,20,Pune,Maharashtra,2024-01-20,Occasional Customer
C002432,Amit Menon,Male,45,Warangal,Telangana,2025-09-23,New Customer
C002433,Akash Mehta,Male,18,Vadodara,Gujarat,2024-02-02,Occasional Customer
C002434,Rohan Gaikwad,Female,64,Warangal,Telangana,2024-01-05,Loyal Customer
C002435,Divya Bhosale,Male,54,Indore,Madhya Pradesh,2024-06-15,Occasional Customer
C002436,Deepak Das,Male,39,Kolkata,West Bengal,2024-01-22,Loyal Customer
C002437,Amit Joshi,Female,65,Indore,Madhya Pradesh,2024-03-24,Regular Customer
C002438,Arjun Reddy,Male,61,Ahmedabad,Gujarat,2024-01-29,Regular Customer
C002439,Aditya Joshi,Female,36,Lucknow,Uttar Pradesh,2024-01-18,Occasional Customer
C002440,Manish Shah,Male,31,Aurangabad,Maharashtra,2025-03-21,New Customer
C002441,Nikhil Iyer,Male,20,Chennai,Tamil Nadu,2024-02-10,Loyal Customer
C002442,Nikhil Sawant,Female,36,Mumbai,Maharashtra,2024-01-01,Regular Customer
C002443,Sakshi Nair,Female,50,Aurangabad,Maharashtra,2024-01-29,Loyal Customer
C002444,Aarav Mishra,Female,38,Warangal,Telangana,2024-02-17,Regular Customer
C002445,Sonia Rao,Male,18,Ahmedabad,Gujarat,2024-06-01,New Customer
C002446,Vikas Sawant,Male,43,Warangal,Telangana,2024-01-18,Regular Customer
C002447,Aniket Verma,Male,27,Delhi,Delhi,2024-03-15,Regular Customer
C002448,Nikhil Verma,Female,52,Mumbai,Maharashtra,2024-01-01,Loyal Customer
C002449,Aniket Iyer,Female,30,Ahmedabad,Gujarat,2024-01-29,Loyal Customer
C002450,Gaurav Sawant,Male,23,Lucknow,Uttar Pradesh,2024-01-09,Regular Customer
C002451,Pooja Patil,Female,60,Nagpur,Maharashtra,2024-01-31,Regular Customer
C002452,Sameer Singh,Female,23,Indore,Madhya Pradesh,2024-01-03,Occasional Customer
C002453,Sameer Joshi,Male,52,Aurangabad,Maharashtra,2024-04-15,New Customer
C002454,Karan Gaikwad,Female,33,Kanpur,Uttar Pradesh,2024-02-09,Regular Customer
C002455,Akash Joshi,Male,58,Patna,Bihar,2024-01-14,Regular Customer
C002456,Karan Reddy,Male,25,Warangal,Telangana,2024-01-28,Regular Customer
C002457,Nikhil Deshmukh,Female,20,Surat,Gujarat,2024-01-10,Regular Customer
C002458,Kavita Singh,Male,22,Nashik,Maharashtra,2024-01-05,Loyal Customer
C002459,Aarav Kadam,Male,38,Delhi,Delhi,2024-07-14,Occasional Customer
C002460,Vivek Chavan,Female,48,Kanpur,Uttar Pradesh,2025-03-24,New Customer
C002461,Amit Gaikwad,Female,31,Kolkata,West Bengal,2024-05-26,Occasional Customer
C002462,Sonia Banerjee,Other,54,Lucknow,Uttar Pradesh,2024-02-20,Regular Customer
C002463,Neha Bhosale,Female,36,Hyderabad,Telangana,2024-02-01,Loyal Customer
C002464,Divya Gupta,Male,54,Lucknow,Uttar Pradesh,2024-01-02,Loyal Customer
C002465,Rahul Pawar,Female,37,Lucknow,Uttar Pradesh,2024-01-09,Regular Customer
C002466,Sakshi Yadav,Female,19,Delhi,Delhi,2025-05-24,New Customer
C002467,Sakshi Deshmukh,Male,24,Aurangabad,Maharashtra,2024-01-04,Occasional Customer
C002468,Aarav Mehta,Female,50,Aurangabad,Maharashtra,2024-03-11,Regular Customer
C002469,Aditya Sharma,Male,59,Vadodara,Gujarat,2024-03-17,Occasional Customer
C002470,Arjun Shinde,Male,23,Warangal,Telangana,2024-08-22,New Customer
C002471,Aditi Kumar,Female,24,Mysuru,Karnataka,2024-06-06,Regular Customer
C002472,Aditi Das,Female,61,Latur,Maharashtra,2025-12-03,Occasional Customer
C002473,Gaurav Verma,Male,35,Kolkata,West Bengal,2024-02-01,Loyal Customer
C002474,Ayush Reddy,Male,60,Jaipur,Rajasthan,2024-09-18,Occasional Customer
C002475,Riya Verma,Female,46,Indore,Madhya Pradesh,2024-10-13,Occasional Customer
C002476,Sakshi Bhosale,Male,36,Warangal,Telangana,2024-01-02,Regular Customer
C002477,Harsh Nair,Male,42,Warangal,Telangana,2024-11-12,Regular Customer
C002478,Gaurav Deshmukh,Female,21,Bengaluru,Karnataka,2024-10-19,Occasional Customer
C002479,Pooja Gupta,Female,30,Pune,Maharashtra,2024-05-25,Occasional Customer
C002480,Manish Shah,Female,49,Kolkata,West Bengal,2024-04-13,Occasional Customer
C002481,Amit More,Female,44,Bhopal,Madhya Pradesh,2024-01-09,Regular Customer
C002482,Aditya Sawant,Female,51,Nagpur,Maharashtra,2024-01-10,Regular Customer
C002483,Aditya Verma,Female,45,Indore,Madhya Pradesh,2024-09-17,Occasional Customer
C002484,Vivek Shinde,Male,26,Nashik,Maharashtra,2024-01-13,Regular Customer
C002485,Sameer Jadhav,Female,25,Nashik,Maharashtra,2024-03-18,Regular Customer
C002486,Manish Chavan,Male,38,Surat,Gujarat,2024-02-02,Regular Customer
C002487,Gaurav Mehta,Male,63,Bengaluru,Karnataka,2024-01-10,Loyal Customer
C002488,Pooja Menon,Male,47,Bengaluru,Karnataka,2024-01-02,Regular Customer
C002489,Sneha Reddy,Female,46,Bhopal,Madhya Pradesh,2024-07-29,Occasional Customer
C002490,Rahul Reddy,Male,26,Mysuru,Karnataka,2024-08-24,Occasional Customer
C002491,Aditya Sawant,Male,30,Patna,Bihar,2024-01-08,Occasional Customer
C002492,Riya Bhosale,Female,35,Nashik,Maharashtra,2024-01-03,Regular Customer
C002493,Rohan Mishra,Female,55,Chennai,Tamil Nadu,2024-04-17,Regular Customer
C002494,Anjali Patil,Female,39,Warangal,Telangana,2024-01-30,Regular Customer
C002495,Anjali Deshmukh,Male,48,Pune,Maharashtra,2024-09-22,New Customer
C002496,Vivek Bhosale,Male,52,Vadodara,Gujarat,2024-06-10,Loyal Customer
C002497,Akash Thakur,Female,59,Ahmedabad,Gujarat,2024-02-13,Loyal Customer
C002498,Nikhil Shah,Male,59,Patna,Bihar,2024-01-07,Loyal Customer
C002499,Aditi Sawant,Female,27,Jaipur,Rajasthan,2024-01-26,Occasional Customer
C002500,Rahul Iyer,Male,26,Pune,Maharashtra,2024-07-06,Occasional Customer
C002501,Rahul Iyer,Female,48,Delhi,Delhi,2025-10-09,New Customer
C002502,Ananya Kulkarni,Male,61,Mysuru,Karnataka,2024-01-05,Regular Customer
C002503,Aarav Nair,Male,57,Kolkata,West Bengal,2024-03-09,Regular Customer
C002504,Amit Nair,Female,41,Indore,Madhya Pradesh,2024-02-04,Occasional Customer
C002505,Aarav Pawar,Male,58,Warangal,Telangana,2024-01-04,Occasional Customer
C002506,Karan Kadam,Male,25,Bhopal,Madhya Pradesh,2024-01-04,Regular Customer
C002507,Kavita Verma,Female,37,Bengaluru,Karnataka,2024-01-10,Occasional Customer
C002508,Sameer Banerjee,Male,34,Warangal,Telangana,2024-01-07,Loyal Customer
C002509,Rohan More,Male,45,Surat,Gujarat,2024-02-07,Regular Customer
C002510,Ananya Kadam,Male,23,Bhopal,Madhya Pradesh,2024-05-16,Regular Customer
C002511,Amit Iyer,Male,59,Vadodara,Gujarat,2024-01-08,Occasional Customer
C002512,Sakshi Mishra,Male,50,Kanpur,Uttar Pradesh,2024-01-03,Loyal Customer
C002513,Arjun Iyer,Female,45,Kanpur,Uttar Pradesh,2024-01-05,Occasional Customer
C002514,Vikas Kulkarni,Female,18,Patna,Bihar,2024-01-02,Occasional Customer
C002515,Sakshi Singh,Male,58,Chennai,Tamil Nadu,2024-01-02,Regular Customer
C002516,Aarav Chavan,Male,52,Lucknow,Uttar Pradesh,2024-01-10,Loyal Customer
C002517,Sameer Bhosale,Female,41,Surat,Gujarat,2024-01-11,Occasional Customer
C002518,Arjun Verma,Other,23,Indore,Madhya Pradesh,2024-02-02,Occasional Customer
C002519,Aditya More,Male,24,Patna,Bihar,2024-04-10,Regular Customer
C002520,Riya Mehta,Female,26,Nagpur,Maharashtra,2025-03-24,Occasional Customer
C002521,Pooja Deshmukh,Female,54,Hyderabad,Telangana,2024-01-01,Loyal Customer
C002522,Karan Thakur,Male,33,Indore,Madhya Pradesh,2024-11-30,New Customer
C002523,Kavita Kadam,Male,51,Chennai,Tamil Nadu,2024-01-11,Occasional Customer
C002524,Aditi Yadav,Male,52,Bengaluru,Karnataka,2024-01-16,Occasional Customer
C002525,Sonia Mehta,Female,52,Kolkata,West Bengal,2024-01-02,Regular Customer
C002526,Ananya Kadam,Female,37,Bhopal,Madhya Pradesh,2024-01-11,Occasional Customer
C002527,Ananya More,Female,40,Patna,Bihar,2024-01-13,Regular Customer
C002528,Sakshi Kulkarni,Male,59,Ahmedabad,Gujarat,2024-01-09,Loyal Customer
C002529,Vikas Mehta,Female,52,Patna,Bihar,2024-08-22,New Customer
C002530,Rahul Iyer,Female,64,Warangal,Telangana,2024-01-02,Loyal Customer
C002531,Akash Joshi,Female,63,Surat,Gujarat,2024-01-07,Loyal Customer
C002532,Rohan Verma,Male,40,Warangal,Telangana,2024-01-13,Regular Customer
C002533,Aarav Patil,Female,21,Surat,Gujarat,2024-01-10,Regular Customer
C002534,Sonia Mishra,Male,27,Hyderabad,Telangana,2026-08-25,New Customer
C002535,Aarav Joshi,Female,60,Chennai,Tamil Nadu,2024-03-11,Loyal Customer
C002536,Aditi Yadav,Female,28,Delhi,Delhi,2024-03-18,Occasional Customer
C002537,Divya Gaikwad,Male,57,Vadodara,Gujarat,2024-01-16,New Customer
C002538,Vivek Jadhav,Female,26,Vadodara,Gujarat,2024-01-05,New Customer
C002539,Ananya Kumar,Male,57,Delhi,Delhi,2025-05-24,New Customer
C002540,Sonia Patil,Female,29,Vadodara,Gujarat,2026-05-10,New Customer
C002541,Manish Das,Male,34,Ahmedabad,Gujarat,2024-01-18,Regular Customer
C002542,Vivek Nair,Female,49,Bhopal,Madhya Pradesh,2024-02-15,Occasional Customer
C002543,Rohan Reddy,Female,40,Pune,Maharashtra,2024-01-18,Loyal Customer
C002544,Harsh Joshi,Male,32,Patna,Bihar,2024-01-09,Occasional Customer
C002545,Deepak Joshi,Female,45,Kolkata,West Bengal,2024-02-02,Occasional Customer
C002546,Harsh Kumar,Male,55,Kanpur,Uttar Pradesh,2024-07-02,Occasional Customer
C002547,Rohan Chavan,Male,22,Bhopal,Madhya Pradesh,2025-06-16,New Customer
C002548,Arjun Banerjee,Female,57,Kolkata,West Bengal,2024-01-14,Occasional Customer
C002549,Aditya Mehta,Female,35,Lucknow,Uttar Pradesh,2025-01-29,Occasional Customer
C002550,Divya Kulkarni,Female,38,Chennai,Tamil Nadu,2024-01-29,Loyal Customer
C002551,Kavita Rao,Female,32,Ahmedabad,Gujarat,2024-01-01,Regular Customer
C002552,Vikas Patil,Female,20,Vadodara,Gujarat,2024-01-18,Regular Customer
C002553,Ananya Joshi,Female,63,Delhi,Delhi,2024-05-18,Occasional Customer
C002554,Sameer Verma,Female,43,Aurangabad,Maharashtra,2024-10-20,Occasional Customer
C002555,Aditi Gaikwad,Male,32,Mumbai,Maharashtra,2024-01-09,Regular Customer
C002556,Aditya Singh,Male,62,Nagpur,Maharashtra,2024-01-07,Loyal Customer
C002557,Isha Mishra,Male,37,Vadodara,Gujarat,2024-01-06,Loyal Customer
C002558,Ayush Menon,Female,38,Lucknow,Uttar Pradesh,2024-01-02,Regular Customer
C002559,Sonia Sawant,Female,43,Hyderabad,Telangana,2024-03-25,Loyal Customer
C002560,Deepak Deshmukh,Female,58,Chennai,Tamil Nadu,2024-01-31,Regular Customer
C002561,Manish Thakur,Male,40,Kolkata,West Bengal,2024-01-20,Regular Customer
C002562,Aarav Kadam,Female,42,Aurangabad,Maharashtra,2024-03-10,Occasional Customer
C002563,Aniket Sawant,Male,21,Kolkata,West Bengal,2024-01-05,Loyal Customer
C002564,Neha Das,Female,27,Warangal,Telangana,2024-03-01,Occasional Customer
C002565,Ayush Iyer,Male,39,Mysuru,Karnataka,2025-09-25,Occasional Customer
C002566,Nikhil Joshi,Male,20,Jaipur,Rajasthan,2024-01-16,Loyal Customer
C002567,Isha Kadam,Female,36,Warangal,Telangana,2024-02-03,Loyal Customer
C002568,Neha Yadav,Female,48,Mumbai,Maharashtra,2024-01-14,Loyal Customer
C002569,Sakshi Menon,Male,26,Chennai,Tamil Nadu,2024-03-11,Regular Customer
C002570,Aniket Iyer,Male,46,Aurangabad,Maharashtra,2024-02-14,Loyal Customer
C002571,Vikas Gupta,Male,54,Nagpur,Maharashtra,2024-04-16,Regular Customer
C002572,Sakshi Das,Male,63,Mumbai,Maharashtra,2024-05-01,Regular Customer
C002573,Anjali Jadhav,Male,24,Nashik,Maharashtra,2024-01-04,Occasional Customer
C002574,Aarav Kumar,Female,55,Warangal,Telangana,2024-01-05,Loyal Customer
C002575,Harsh Sharma,Female,41,Nagpur,Maharashtra,2024-01-15,New Customer
C002576,Anjali Gupta,Male,25,Mysuru,Karnataka,2024-01-06,Regular Customer
C002577,Divya Reddy,Female,51,Pune,Maharashtra,2024-01-01,Regular Customer
C002578,Sneha Nair,Male,43,Delhi,Delhi,2024-01-13,Regular Customer
C002579,Vikas Sharma,Male,45,Mysuru,Karnataka,2024-01-01,Occasional Customer
C002580,Deepak Sharma,Male,45,Patna,Bihar,2024-02-24,Regular Customer
C002581,Sakshi Rao,Female,63,Surat,Gujarat,2024-01-02,Occasional Customer
C002582,Gaurav Mishra,Male,24,Hyderabad,Telangana,2024-01-11,Occasional Customer
C002583,Rohan Iyer,Male,20,Pune,Maharashtra,2024-06-25,Occasional Customer
C002584,Ayush Kulkarni,Male,39,Bengaluru,Karnataka,2024-02-19,Regular Customer
C002585,Aniket Verma,Male,55,Jaipur,Rajasthan,2024-01-25,Occasional Customer
C002586,Anjali Bhosale,Male,63,Ahmedabad,Gujarat,2024-01-07,Loyal Customer
C002587,Karan Patil,Female,61,Bengaluru,Karnataka,2024-01-01,Regular Customer
C002588,Amit Nair,Female,35,Kanpur,Uttar Pradesh,2024-01-10,Loyal Customer
C002589,Arjun Deshmukh,Female,29,Nashik,Maharashtra,2025-02-02,Occasional Customer
C002590,Aditi Kumar,Male,48,Vadodara,Gujarat,2025-09-02,Occasional Customer
C002591,Anjali Singh,Male,56,Mysuru,Karnataka,2024-01-12,Regular Customer
C002592,Sonia Verma,Male,22,Vadodara,Gujarat,2024-06-14,Occasional Customer
C002593,Harsh Nair,Male,61,Chennai,Tamil Nadu,2024-01-02,Regular Customer
C002594,Vikas Kadam,Female,58,Indore,Madhya Pradesh,2024-01-01,Regular Customer
C002595,Isha Iyer,Male,46,Surat,Gujarat,2024-07-02,Regular Customer
C002596,Aditya Mehta,Male,60,Surat,Gujarat,2024-07-17,Occasional Customer
C002597,Akash Verma,Female,53,Pune,Maharashtra,2024-01-02,Loyal Customer
C002598,Amit Reddy,Male,31,Patna,Bihar,2024-01-13,Loyal Customer
C002599,Sneha Gaikwad,Other,61,Kanpur,Uttar Pradesh,2024-02-05,Loyal Customer
C002600,Aditya Mehta,Male,35,Delhi,Delhi,2024-05-13,Occasional Customer
C002601,Neha Patil,Female,24,Jaipur,Rajasthan,2024-05-24,Occasional Customer
C002602,Harsh Rao,Male,40,Lucknow,Uttar Pradesh,2024-01-25,Regular Customer
C002603,Amit Joshi,Other,50,Latur,Maharashtra,2024-04-22,Occasional Customer
C002604,Ayush More,Male,62,Lucknow,Uttar Pradesh,2024-02-04,Occasional Customer
C002605,Sonia Chavan,Female,33,Aurangabad,Maharashtra,2024-03-26,Loyal Customer
C002606,Vivek Das,Male,54,Nashik,Maharashtra,2024-03-16,Loyal Customer
C002607,Gaurav Nair,Female,42,Kolkata,West Bengal,2024-08-09,New Customer
C002608,Sneha Iyer,Male,26,Nashik,Maharashtra,2024-01-29,Occasional Customer
C002609,Deepak Chavan,Male,45,Kanpur,Uttar Pradesh,2024-01-05,Occasional Customer
C002610,Isha More,Female,26,Mysuru,Karnataka,2024-01-01,Regular Customer
C002611,Anjali Deshmukh,Female,29,Vadodara,Gujarat,2024-02-02,Loyal Customer
C002612,Aniket Jadhav,Male,35,Nagpur,Maharashtra,2024-02-18,Regular Customer
C002613,Sakshi Menon,Female,44,Aurangabad,Maharashtra,2024-01-16,Regular Customer
C002614,Neha Kulkarni,Male,43,Latur,Maharashtra,2024-01-01,Occasional Customer
C002615,Amit Kulkarni,Female,43,Patna,Bihar,2024-01-08,Regular Customer
C002616,Ananya Thakur,Female,27,Vadodara,Gujarat,2024-05-15,Occasional Customer
C002617,Isha Chavan,Male,34,Warangal,Telangana,2025-04-28,New Customer
C002618,Harsh Kulkarni,Female,49,Hyderabad,Telangana,2024-01-03,Loyal Customer
C002619,Manish Kadam,Female,41,Patna,Bihar,2024-02-23,Regular Customer
C002620,Sakshi Shinde,Male,60,Mysuru,Karnataka,2024-01-09,Occasional Customer
C002621,Isha Sawant,Female,65,Latur,Maharashtra,2024-01-02,Loyal Customer
C002622,Isha More,Male,25,Surat,Gujarat,2024-01-29,Regular Customer
C002623,Sonia Kulkarni,Female,47,Nashik,Maharashtra,2024-01-27,Regular Customer
C002624,Aditya Pawar,Female,43,Ahmedabad,Gujarat,2024-01-14,Regular Customer
C002625,Sameer Rao,Male,41,Kanpur,Uttar Pradesh,2025-01-16,New Customer
C002626,Ayush Banerjee,Female,44,Indore,Madhya Pradesh,2025-03-30,Regular Customer
C002627,Riya Nair,Female,32,Hyderabad,Telangana,2024-05-05,Occasional Customer
C002628,Nikhil Patil,Female,45,Nashik,Maharashtra,2024-02-18,New Customer
C002629,Aniket Banerjee,Male,28,Surat,Gujarat,2024-04-28,Occasional Customer
C002630,Sonia Chavan,Male,56,Nagpur,Maharashtra,2024-05-18,Occasional Customer
C002631,Amit Deshmukh,Female,19,Aurangabad,Maharashtra,2024-02-07,Loyal Customer
C002632,Riya Joshi,Male,26,Jaipur,Rajasthan,2024-01-02,Regular Customer
C002633,Divya Gaikwad,Male,62,Kanpur,Uttar Pradesh,2024-05-01,Regular Customer
C002634,Kavita Patil,Female,40,Nashik,Maharashtra,2024-01-02,Regular Customer
C002635,Rahul Sawant,Male,50,Pune,Maharashtra,2024-01-09,Loyal Customer
C002636,Arjun Banerjee,Female,36,Bhopal,Madhya Pradesh,2024-01-10,Occasional Customer
C002637,Ananya Sharma,Female,30,Lucknow,Uttar Pradesh,2026-02-11,New Customer
C002638,Gaurav Mishra,Female,31,Lucknow,Uttar Pradesh,2024-06-01,Regular Customer
C002639,Isha Gupta,Male,49,Indore,Madhya Pradesh,2024-04-30,Occasional Customer
C002640,Rohan Gupta,Male,39,Surat,Gujarat,2024-01-03,Occasional Customer
C002641,Anjali Kulkarni,Male,37,Lucknow,Uttar Pradesh,2024-01-26,Regular Customer
C002642,Isha Kulkarni,Female,50,Vadodara,Gujarat,2024-01-31,Occasional Customer
C002643,Sameer Das,Male,22,Ahmedabad,Gujarat,2024-01-03,Regular Customer
C002644,Amit Kulkarni,Female,37,Chennai,Tamil Nadu,2024-06-24,Occasional Customer
C002645,Aarav Patil,Female,31,Latur,Maharashtra,2024-08-04,Occasional Customer
C002646,Sneha Menon,Female,44,Patna,Bihar,2024-10-13,Regular Customer
C002647,Anjali Jadhav,Male,43,Nashik,Maharashtra,2025-02-14,New Customer
C002648,Aniket Banerjee,Male,49,Lucknow,Uttar Pradesh,2025-01-18,New Customer
C002649,Gaurav Kadam,Female,47,Jaipur,Rajasthan,2024-01-11,New Customer
C002650,Rahul Reddy,Male,44,Ahmedabad,Gujarat,2024-06-03,Regular Customer
C002651,Pooja Deshmukh,Male,43,Nashik,Maharashtra,2024-01-10,Loyal Customer
C002652,Neha Mehta,Male,35,Indore,Madhya Pradesh,2024-04-06,Occasional Customer
C002653,Arjun Kumar,Female,62,Mumbai,Maharashtra,2024-01-10,Loyal Customer
C002654,Sneha Deshmukh,Female,40,Bhopal,Madhya Pradesh,2024-01-02,Loyal Customer
C002655,Aarav Deshmukh,Female,61,Kanpur,Uttar Pradesh,2024-01-01,Occasional Customer
C002656,Aniket Singh,Female,64,Indore,Madhya Pradesh,2024-01-21,Regular Customer
C002657,Pooja Thakur,Male,41,Kolkata,West Bengal,2024-01-06,Regular Customer
C002658,Sameer Jadhav,Female,21,Delhi,Delhi,2024-01-10,Loyal Customer
C002659,Aditya Singh,Male,58,Vadodara,Gujarat,2024-06-01,Occasional Customer
C002660,Sonia Banerjee,Female,20,Ahmedabad,Gujarat,2024-02-25,Regular Customer
C002661,Sameer Chavan,Male,60,Mumbai,Maharashtra,2024-04-21,Occasional Customer
C002662,Akash Patil,Male,47,Indore,Madhya Pradesh,2024-01-31,Regular Customer
C002663,Isha Patil,Female,64,Latur,Maharashtra,2024-02-05,Loyal Customer
C002664,Ananya Kumar,Male,33,Nashik,Maharashtra,2024-02-10,Loyal Customer
C002665,Neha Bhosale,Female,24,Kanpur,Uttar Pradesh,2024-02-24,Regular Customer
C002666,Sneha Iyer,Male,56,Jaipur,Rajasthan,2024-01-13,Loyal Customer
C002667,Gaurav Yadav,Male,39,Kolkata,West Bengal,2024-01-01,Regular Customer
C002668,Aarav Gaikwad,Male,58,Kolkata,West Bengal,2024-07-07,New Customer
C002669,Rahul Bhosale,Female,48,Latur,Maharashtra,2024-01-24,Loyal Customer
C002670,Ananya Kadam,Male,30,Kolkata,West Bengal,2024-01-08,Regular Customer
C002671,Aniket Kumar,Female,58,Surat,Gujarat,2024-01-01,Regular Customer
C002672,Ananya More,Male,58,Delhi,Delhi,2024-01-22,Loyal Customer
C002673,Arjun Thakur,Male,46,Hyderabad,Telangana,2024-01-08,Regular Customer
C002674,Vikas Jadhav,Male,45,Bengaluru,Karnataka,2024-01-28,Regular Customer
C002675,Aditi Shah,Female,61,Jaipur,Rajasthan,2024-06-11,Regular Customer
C002676,Nikhil Shah,Female,36,Aurangabad,Maharashtra,2024-10-28,Occasional Customer
C002677,Anjali Reddy,Male,40,Kanpur,Uttar Pradesh,2024-01-04,Loyal Customer
C002678,Ayush Yadav,Female,64,Mysuru,Karnataka,2024-01-26,Regular Customer
C002679,Harsh Singh,Female,25,Bhopal,Madhya Pradesh,2024-01-04,Regular Customer
C002680,Manish Yadav,Male,42,Nagpur,Maharashtra,2024-05-12,Occasional Customer
C002681,Aditi Deshmukh,Female,55,Ahmedabad,Gujarat,2024-01-04,Loyal Customer
C002682,Arjun Gaikwad,Male,55,Delhi,Delhi,2024-03-19,Loyal Customer
C002683,Amit Bhosale,Female,52,Indore,Madhya Pradesh,2025-05-06,Occasional Customer
C002684,Aniket Reddy,Female,43,Vadodara,Gujarat,2024-02-27,Regular Customer
C002685,Vikas Das,Male,20,Ahmedabad,Gujarat,2024-01-07,Loyal Customer
C002686,Kavita Joshi,Male,19,Latur,Maharashtra,2024-03-18,Occasional Customer
C002687,Pooja Das,Other,22,Indore,Madhya Pradesh,2024-01-05,Occasional Customer
C002688,Manish Das,Female,37,Ahmedabad,Gujarat,2024-02-06,Regular Customer
C002689,Aarav Gaikwad,Female,29,Lucknow,Uttar Pradesh,2024-02-13,Loyal Customer
C002690,Sameer Nair,Male,55,Patna,Bihar,2024-01-11,Regular Customer
C002691,Divya Yadav,Male,33,Lucknow,Uttar Pradesh,2024-07-09,Occasional Customer
C002692,Manish Das,Male,54,Mysuru,Karnataka,2024-11-01,Occasional Customer
C002693,Karan Kadam,Male,55,Nagpur,Maharashtra,2026-08-01,New Customer
C002694,Vivek Mehta,Female,53,Surat,Gujarat,2024-01-29,Regular Customer
C002695,Kavita Chavan,Female,63,Lucknow,Uttar Pradesh,2024-03-17,Regular Customer
C002696,Gaurav More,Female,46,Aurangabad,Maharashtra,2024-08-11,Regular Customer
C002697,Ananya Sharma,Male,52,Aurangabad,Maharashtra,2024-01-06,Regular Customer
C002698,Deepak Shah,Female,54,Kanpur,Uttar Pradesh,2024-02-13,Occasional Customer
C002699,Anjali Sharma,Female,38,Indore,Madhya Pradesh,2024-01-07,Regular Customer
C002700,Vikas Das,Female,38,Patna,Bihar,2024-08-25,Occasional Customer
C002701,Sakshi More,Female,45,Mysuru,Karnataka,2024-01-18,Loyal Customer
C002702,Aditi Das,Female,23,Aurangabad,Maharashtra,2024-01-02,Occasional Customer
C002703,Karan Verma,Female,37,Nashik,Maharashtra,2024-01-21,Occasional Customer
C002704,Divya Menon,Male,53,Latur,Maharashtra,2024-01-01,Loyal Customer
C002705,Neha Joshi,Male,30,Nashik,Maharashtra,2025-04-20,New Customer
C002706,Ananya Kulkarni,Female,57,Hyderabad,Telangana,2024-02-01,Loyal Customer
C002707,Anjali Rao,Male,28,Hyderabad,Telangana,2024-01-06,Loyal Customer
C002708,Anjali More,Male,41,Bhopal,Madhya Pradesh,2024-01-03,Loyal Customer
C002709,Manish Banerjee,Male,36,Nagpur,Maharashtra,2024-05-27,New Customer
C002710,Sameer Kumar,Female,40,Mumbai,Maharashtra,2024-06-19,Regular Customer
C002711,Rohan Patil,Other,48,Nashik,Maharashtra,2024-01-01,Occasional Customer
C002712,Sakshi Joshi,Male,54,Latur,Maharashtra,2024-12-22,New Customer
C002713,Neha Mishra,Female,54,Bengaluru,Karnataka,2024-02-25,Loyal Customer
C002714,Sameer Gaikwad,Female,20,Vadodara,Gujarat,2024-01-07,Loyal Customer
C002715,Divya Kumar,Male,51,Surat,Gujarat,2024-01-03,Loyal Customer
C002716,Sneha Mishra,Male,46,Chennai,Tamil Nadu,2024-06-01,Regular Customer
C002717,Ananya Pawar,Female,20,Kanpur,Uttar Pradesh,2024-01-15,Occasional Customer
C002718,Anjali Mehta,Male,32,Nashik,Maharashtra,2024-01-01,Regular Customer
C002719,Deepak Das,Female,24,Patna,Bihar,2024-01-24,Regular Customer
C002720,Rohan Nair,Female,20,Chennai,Tamil Nadu,2024-01-16,Regular Customer
C002721,Divya Kumar,Male,64,Mysuru,Karnataka,2025-02-07,Occasional Customer
C002722,Neha Sharma,Female,60,Vadodara,Gujarat,2024-01-17,Regular Customer
C002723,Riya Nair,Male,33,Hyderabad,Telangana,2024-01-11,Regular Customer
C002724,Divya Mehta,Male,62,Nagpur,Maharashtra,2024-01-01,Occasional Customer
C002725,Neha Jadhav,Male,51,Surat,Gujarat,2024-02-16,Occasional Customer
C002726,Neha Shinde,Male,37,Mysuru,Karnataka,2024-01-28,Regular Customer
C002727,Sneha Das,Female,61,Jaipur,Rajasthan,2024-01-05,Regular Customer
C002728,Vikas Yadav,Female,56,Jaipur,Rajasthan,2024-07-02,Occasional Customer
C002729,Manish Sawant,Female,50,Vadodara,Gujarat,2024-04-30,Occasional Customer
C002730,Ananya Yadav,Male,31,Mysuru,Karnataka,2024-01-31,Regular Customer
C002731,Aditi Deshmukh,Female,59,Ahmedabad,Gujarat,2024-01-25,Regular Customer
C002732,Aditi Joshi,Female,52,Latur,Maharashtra,2024-01-03,Loyal Customer
C002733,Nikhil Joshi,Female,28,Chennai,Tamil Nadu,2024-03-22,Regular Customer
C002734,Aarav Verma,Female,37,Bengaluru,Karnataka,2024-01-30,Occasional Customer
C002735,Karan Sharma,Male,47,Ahmedabad,Gujarat,2024-05-06,Occasional Customer
C002736,Deepak Kumar,Male,45,Nashik,Maharashtra,2024-03-21,Regular Customer
C002737,Nikhil Shinde,Male,32,Delhi,Delhi,2024-08-05,Regular Customer
C002738,Sameer Jadhav,Female,55,Kanpur,Uttar Pradesh,2024-01-13,Occasional Customer
C002739,Deepak Nair,Female,30,Bhopal,Madhya Pradesh,2024-01-05,Occasional Customer
C002740,Ananya Kumar,Male,64,Delhi,Delhi,2024-10-01,Occasional Customer
C002741,Sameer Mishra,Male,52,Patna,Bihar,2024-01-16,Loyal Customer
C002742,Sonia Chavan,Male,64,Nashik,Maharashtra,2024-02-09,Loyal Customer
C002743,Aditi Sharma,Female,41,Bhopal,Madhya Pradesh,2024-12-20,New Customer
C002744,Amit Mehta,Male,18,Mumbai,Maharashtra,2024-01-21,Occasional Customer
C002745,Riya Kumar,Male,59,Hyderabad,Telangana,2024-04-01,Occasional Customer
C002746,Amit Menon,Male,41,Latur,Maharashtra,2024-06-21,Occasional Customer
C002747,Akash Mishra,Female,44,Kolkata,West Bengal,2024-03-23,Occasional Customer
C002748,Kavita Mishra,Female,35,Bhopal,Madhya Pradesh,2024-01-18,Occasional Customer
C002749,Divya Deshmukh,Female,43,Delhi,Delhi,2024-01-06,Loyal Customer
C002750,Divya Nair,Male,46,Kanpur,Uttar Pradesh,2025-01-12,New Customer
C002751,Rahul Gaikwad,Male,25,Kolkata,West Bengal,2024-01-03,Regular Customer
C002752,Neha Kulkarni,Male,61,Jaipur,Rajasthan,2024-01-24,Regular Customer
C002753,Deepak Sawant,Male,43,Hyderabad,Telangana,2024-02-07,Loyal Customer
C002754,Deepak Jadhav,Male,22,Patna,Bihar,2025-11-15,New Customer
C002755,Ananya Iyer,Male,50,Mysuru,Karnataka,2024-01-20,Occasional Customer
C002756,Harsh Das,Female,57,Chennai,Tamil Nadu,2024-02-13,Occasional Customer
C002757,Pooja Yadav,Male,22,Surat,Gujarat,2025-11-28,New Customer
C002758,Pooja Chavan,Male,64,Aurangabad,Maharashtra,2024-06-26,Occasional Customer
C002759,Ananya Nair,Female,53,Patna,Bihar,2024-01-05,Occasional Customer
C002760,Manish Nair,Female,30,Bhopal,Madhya Pradesh,2024-01-21,Occasional Customer
C002761,Vikas Kumar,Female,34,Aurangabad,Maharashtra,2024-02-21,Regular Customer
C002762,Nikhil Das,Female,30,Nagpur,Maharashtra,2024-04-13,Occasional Customer
C002763,Divya Joshi,Male,42,Aurangabad,Maharashtra,2024-01-30,Occasional Customer
C002764,Rahul Mehta,Female,19,Indore,Madhya Pradesh,2024-05-08,Regular Customer
C002765,Sneha Pawar,Female,41,Lucknow,Uttar Pradesh,2024-06-16,Regular Customer
C002766,Gaurav Sawant,Male,53,Lucknow,Uttar Pradesh,2024-01-16,Loyal Customer
C002767,Rohan Nair,Male,42,Patna,Bihar,2024-01-24,New Customer
C002768,Ayush Jadhav,Male,51,Chennai,Tamil Nadu,2024-01-22,Regular Customer
C002769,Ananya Iyer,Male,29,Bengaluru,Karnataka,2024-01-29,Loyal Customer
C002770,Aarav Nair,Male,36,Mumbai,Maharashtra,2024-02-04,Occasional Customer
C002771,Neha Gaikwad,Male,59,Bhopal,Madhya Pradesh,2024-01-01,Regular Customer
C002772,Sonia Menon,Male,47,Patna,Bihar,2024-01-04,Regular Customer
C002773,Neha Patil,Male,54,Nashik,Maharashtra,2024-01-22,Regular Customer
C002774,Ananya Shah,Male,60,Mysuru,Karnataka,2024-01-07,Regular Customer
C002775,Deepak Kumar,Male,18,Hyderabad,Telangana,2025-06-25,Occasional Customer
C002776,Sameer Shah,Male,20,Vadodara,Gujarat,2024-01-21,Occasional Customer
C002777,Anjali Reddy,Female,43,Mumbai,Maharashtra,2024-01-02,Regular Customer
C002778,Neha Kulkarni,Male,32,Indore,Madhya Pradesh,2024-02-16,Loyal Customer
C002779,Vivek Yadav,Female,63,Pune,Maharashtra,2024-06-06,Occasional Customer
C002780,Amit Chavan,Female,64,Delhi,Delhi,2024-01-20,Regular Customer
C002781,Rohan Deshmukh,Female,65,Bengaluru,Karnataka,2024-01-03,Regular Customer
C002782,Anjali Kadam,Female,45,Hyderabad,Telangana,2024-01-03,Occasional Customer
C002783,Deepak Pawar,Male,21,Vadodara,Gujarat,2025-04-03,New Customer
C002784,Pooja Singh,Male,36,Indore,Madhya Pradesh,2024-01-15,Regular Customer
C002785,Aditya Banerjee,Female,41,Indore,Madhya Pradesh,2024-03-19,Occasional Customer
C002786,Riya Rao,Male,57,Pune,Maharashtra,2024-02-04,Regular Customer
C002787,Pooja Iyer,Female,23,Latur,Maharashtra,2024-08-29,Occasional Customer
C002788,Vikas Chavan,Female,33,Surat,Gujarat,2024-01-15,Occasional Customer
C002789,Isha Sharma,Male,49,Latur,Maharashtra,2024-01-25,Regular Customer
C002790,Arjun Shinde,Male,47,Pune,Maharashtra,2024-01-12,Loyal Customer
C002791,Anjali Nair,Female,52,Mumbai,Maharashtra,2024-11-22,New Customer
C002792,Aditya Kadam,Male,25,Mysuru,Karnataka,2024-01-04,Regular Customer
C002793,Arjun Das,Male,22,Patna,Bihar,2024-12-31,New Customer
C002794,Akash Iyer,Female,54,Aurangabad,Maharashtra,2024-07-16,Occasional Customer
C002795,Aarav Patil,Female,29,Pune,Maharashtra,2024-02-06,Regular Customer
C002796,Gaurav Thakur,Male,42,Vadodara,Gujarat,2024-01-05,Loyal Customer
C002797,Rohan Bhosale,Male,50,Jaipur,Rajasthan,2024-01-29,Loyal Customer
C002798,Ananya Singh,Female,56,Pune,Maharashtra,2024-02-03,Occasional Customer
C002799,Harsh Yadav,Female,41,Mysuru,Karnataka,2024-01-05,Regular Customer
C002800,Vikas Gaikwad,Female,28,Pune,Maharashtra,2024-01-15,Regular Customer
C002801,Divya Gupta,Female,59,Jaipur,Rajasthan,2024-02-23,Loyal Customer
C002802,Gaurav Kulkarni,Male,52,Jaipur,Rajasthan,2024-04-28,Loyal Customer
C002803,Sneha Yadav,Male,57,Lucknow,Uttar Pradesh,2024-01-02,Regular Customer
C002804,Sameer Mishra,Female,18,Hyderabad,Telangana,2024-01-03,Loyal Customer
C002805,Neha Reddy,Female,25,Vadodara,Gujarat,2024-06-02,Occasional Customer
C002806,Sakshi Rao,Male,40,Chennai,Tamil Nadu,2024-02-06,Regular Customer
C002807,Anjali Pawar,Male,37,Kolkata,West Bengal,2024-04-27,Occasional Customer
C002808,Isha Deshmukh,Female,49,Warangal,Telangana,2024-07-23,Occasional Customer
C002809,Sameer Mishra,Male,28,Latur,Maharashtra,2024-03-07,Regular Customer
C002810,Aditi Sawant,Female,24,Mysuru,Karnataka,2024-01-10,Regular Customer
C002811,Aarav Chavan,Male,47,Nagpur,Maharashtra,2024-06-03,Regular Customer
C002812,Arjun Kulkarni,Male,65,Lucknow,Uttar Pradesh,2024-01-07,Occasional Customer
C002813,Aditya Chavan,Male,56,Indore,Madhya Pradesh,2024-01-01,Loyal Customer
C002814,Ananya Singh,Female,30,Hyderabad,Telangana,2024-06-19,Occasional Customer
C002815,Gaurav Pawar,Female,59,Patna,Bihar,2024-04-28,Occasional Customer
C002816,Rohan Deshmukh,Female,20,Kanpur,Uttar Pradesh,2024-09-07,Regular Customer
C002817,Manish Singh,Female,24,Nashik,Maharashtra,2024-01-17,Occasional Customer
C002818,Aditya Chavan,Male,60,Surat,Gujarat,2024-05-16,Occasional Customer
C002819,Nikhil Shah,Male,30,Kanpur,Uttar Pradesh,2024-01-01,Occasional Customer
C002820,Vikas Yadav,Female,54,Vadodara,Gujarat,2024-01-29,Regular Customer
C002821,Riya Sharma,Female,42,Kolkata,West Bengal,2024-01-07,Loyal Customer
C002822,Harsh Reddy,Female,40,Warangal,Telangana,2024-02-01,Occasional Customer
C002823,Ananya Shah,Female,64,Patna,Bihar,2024-01-17,Regular Customer
C002824,Vikas Bhosale,Male,50,Kolkata,West Bengal,2024-01-14,Regular Customer
C002825,Ananya Patil,Male,22,Vadodara,Gujarat,2024-08-03,Regular Customer
C002826,Akash Chavan,Female,49,Kanpur,Uttar Pradesh,2026-08-14,New Customer
C002827,Aniket Shinde,Male,47,Surat,Gujarat,2024-01-22,Regular Customer
C002828,Harsh Nair,Male,48,Bengaluru,Karnataka,2024-01-01,Regular Customer
C002829,Manish Iyer,Female,30,Warangal,Telangana,2024-02-21,Regular Customer
C002830,Vivek Iyer,Male,59,Indore,Madhya Pradesh,2024-05-02,Occasional Customer
C002831,Manish More,Female,22,Pune,Maharashtra,2024-03-07,Loyal Customer
C002832,Rahul Sawant,Male,40,Nagpur,Maharashtra,2024-01-20,Regular Customer
C002833,Ayush Joshi,Female,18,Warangal,Telangana,2024-02-16,Regular Customer
C002834,Akash Patil,Female,27,Chennai,Tamil Nadu,2024-01-28,Regular Customer
C002835,Gaurav Mehta,Female,44,Mumbai,Maharashtra,2024-01-05,Loyal Customer
C002836,Manish Banerjee,Male,25,Mysuru,Karnataka,2024-03-06,Regular Customer
C002837,Karan Jadhav,Male,20,Kanpur,Uttar Pradesh,2024-01-08,Regular Customer
C002838,Aditi Kadam,Male,36,Nagpur,Maharashtra,2024-03-05,Loyal Customer
C002839,Aarav Bhosale,Male,19,Latur,Maharashtra,2024-01-18,Regular Customer
C002840,Aditya Sawant,Female,48,Hyderabad,Telangana,2024-01-12,Loyal Customer
C002841,Sneha Rao,Male,65,Kanpur,Uttar Pradesh,2024-03-12,Occasional Customer
C002842,Pooja Shah,Male,27,Bhopal,Madhya Pradesh,2024-01-18,Regular Customer
C002843,Karan Shinde,Male,33,Delhi,Delhi,2024-01-06,Loyal Customer
C002844,Akash Sharma,Female,54,Lucknow,Uttar Pradesh,2024-02-14,Regular Customer
C002845,Aniket Pawar,Male,37,Aurangabad,Maharashtra,2024-03-02,Regular Customer
C002846,Pooja Sawant,Female,20,Lucknow,Uttar Pradesh,2024-03-10,Regular Customer
C002847,Aditya Yadav,Female,52,Delhi,Delhi,2024-01-16,Loyal Customer
C002848,Sonia Kulkarni,Female,51,Chennai,Tamil Nadu,2024-01-13,Occasional Customer
C002849,Ayush Das,Female,38,Mysuru,Karnataka,2024-01-01,Occasional Customer
C002850,Gaurav Yadav,Male,53,Warangal,Telangana,2026-06-19,New Customer
C002851,Karan Singh,Female,49,Bengaluru,Karnataka,2024-03-14,Occasional Customer
C002852,Rahul More,Female,35,Nashik,Maharashtra,2024-05-22,Occasional Customer
C002853,Aditya Reddy,Female,51,Aurangabad,Maharashtra,2024-02-25,Loyal Customer
C002854,Manish Gaikwad,Female,55,Patna,Bihar,2024-01-03,Occasional Customer
C002855,Ananya Kadam,Male,20,Warangal,Telangana,2024-03-21,New Customer
C002856,Vikas Gaikwad,Male,20,Bengaluru,Karnataka,2026-03-06,New Customer
C002857,Divya Pawar,Female,44,Kolkata,West Bengal,2024-06-24,Occasional Customer
C002858,Isha Patil,Female,19,Kolkata,West Bengal,2024-01-17,Regular Customer
C002859,Arjun Thakur,Male,20,Jaipur,Rajasthan,2025-01-03,New Customer
C002860,Isha More,Male,34,Surat,Gujarat,2024-02-10,Regular Customer
C002861,Anjali Banerjee,Male,63,Warangal,Telangana,2024-01-03,Regular Customer
C002862,Arjun Mehta,Female,56,Bhopal,Madhya Pradesh,2024-01-08,Loyal Customer
C002863,Aditi Jadhav,Female,55,Mysuru,Karnataka,2024-08-15,Occasional Customer
C002864,Sakshi Nair,Female,57,Kanpur,Uttar Pradesh,2024-02-09,Occasional Customer
C002865,Rahul Kulkarni,Male,36,Latur,Maharashtra,2024-01-07,Occasional Customer
C002866,Aditya Rao,Male,36,Chennai,Tamil Nadu,2024-02-11,Loyal Customer
C002867,Divya Das,Male,61,Pune,Maharashtra,2024-02-24,Occasional Customer
C002868,Manish Bhosale,Male,22,Hyderabad,Telangana,2024-03-24,Occasional Customer
C002869,Sakshi Mehta,Female,22,Jaipur,Rajasthan,2024-07-05,Loyal Customer
C002870,Anjali Gupta,Male,31,Nagpur,Maharashtra,2024-02-27,Regular Customer
C002871,Aditi Banerjee,Female,44,Ahmedabad,Gujarat,2024-01-01,Loyal Customer
C002872,Gaurav Banerjee,Female,65,Nagpur,Maharashtra,2024-07-26,Regular Customer
C002873,Kavita Bhosale,Female,53,Bhopal,Madhya Pradesh,2024-02-02,Loyal Customer
C002874,Manish Rao,Male,57,Delhi,Delhi,2024-01-02,Regular Customer
C002875,Sonia Kumar,Male,52,Warangal,Telangana,2024-01-26,Occasional Customer
C002876,Karan Mehta,Male,38,Latur,Maharashtra,2024-01-05,Loyal Customer
C002877,Vikas Joshi,Female,22,Mumbai,Maharashtra,2024-02-06,Regular Customer
C002878,Karan Sawant,Female,41,Mumbai,Maharashtra,2024-01-04,Regular Customer
C002879,Aditya Gaikwad,Male,56,Warangal,Telangana,2024-01-06,Occasional Customer
C002880,Vikas Mishra,Male,41,Aurangabad,Maharashtra,2025-12-10,New Customer
C002881,Riya Patil,Female,57,Jaipur,Rajasthan,2024-01-14,Regular Customer
C002882,Kavita Mehta,Female,60,Delhi,Delhi,2024-06-24,Regular Customer
C002883,Vikas Verma,Other,63,Aurangabad,Maharashtra,2024-01-31,Loyal Customer
C002884,Sameer Mehta,Male,30,Nashik,Maharashtra,2024-02-18,Regular Customer
C002885,Rahul Shah,Male,55,Latur,Maharashtra,2024-02-07,Regular Customer
C002886,Amit Kulkarni,Male,62,Surat,Gujarat,2024-02-05,Regular Customer
C002887,Sakshi Thakur,Male,18,Vadodara,Gujarat,2024-07-14,Regular Customer
C002888,Ananya Pawar,Female,60,Lucknow,Uttar Pradesh,2024-01-16,Regular Customer
C002889,Aniket Das,Male,56,Bengaluru,Karnataka,2024-01-01,Regular Customer
C002890,Aniket Jadhav,Male,27,Chennai,Tamil Nadu,2024-01-23,Regular Customer
C002891,Aditi Bhosale,Female,19,Delhi,Delhi,2024-01-01,Regular Customer
C002892,Aditya Rao,Male,33,Surat,Gujarat,2024-01-29,Loyal Customer
C002893,Harsh Shinde,Female,54,Jaipur,Rajasthan,2024-02-17,Loyal Customer
C002894,Sneha Reddy,Male,33,Mumbai,Maharashtra,2024-04-06,Occasional Customer
C002895,Amit Banerjee,Female,40,Ahmedabad,Gujarat,2024-01-06,Loyal Customer
C002896,Nikhil More,Male,43,Patna,Bihar,2024-01-01,Loyal Customer
C002897,Deepak Kumar,Female,33,Patna,Bihar,2024-03-16,Regular Customer
C002898,Rohan Kumar,Male,44,Ahmedabad,Gujarat,2024-01-07,Regular Customer
C002899,Sameer Deshmukh,Male,64,Pune,Maharashtra,2024-01-04,Occasional Customer
C002900,Aditya Gaikwad,Female,58,Nashik,Maharashtra,2024-01-09,Loyal Customer
C002901,Manish Gaikwad,Male,47,Latur,Maharashtra,2024-11-13,Occasional Customer
C002902,Manish Chavan,Male,50,Aurangabad,Maharashtra,2024-02-27,Regular Customer
C002903,Sonia More,Female,49,Nagpur,Maharashtra,2024-01-04,Occasional Customer
C002904,Kavita Thakur,Female,26,Mumbai,Maharashtra,2024-07-27,Occasional Customer
C002905,Vivek Mishra,Male,28,Nashik,Maharashtra,2024-01-26,Regular Customer
C002906,Aarav Das,Male,54,Kanpur,Uttar Pradesh,2024-01-18,Regular Customer
C002907,Riya Shah,Male,23,Pune,Maharashtra,2024-10-21,Occasional Customer
C002908,Neha Verma,Male,47,Aurangabad,Maharashtra,2024-01-05,New Customer
C002909,Sameer Bhosale,Female,57,Nagpur,Maharashtra,2025-01-20,New Customer
C002910,Akash Bhosale,Female,32,Bengaluru,Karnataka,2024-01-11,Loyal Customer
C002911,Amit Jadhav,Male,65,Kanpur,Uttar Pradesh,2024-02-25,Regular Customer
C002912,Neha Mehta,Other,47,Latur,Maharashtra,2024-01-17,Loyal Customer
C002913,Neha Menon,Female,35,Bhopal,Madhya Pradesh,2024-03-28,Regular Customer
C002914,Akash Kumar,Female,29,Latur,Maharashtra,2024-01-14,Occasional Customer
C002915,Akash Mehta,Male,21,Lucknow,Uttar Pradesh,2024-01-05,Occasional Customer
C002916,Sakshi Kulkarni,Male,33,Chennai,Tamil Nadu,2024-10-27,Occasional Customer
C002917,Sameer Sawant,Female,40,Delhi,Delhi,2024-01-19,Occasional Customer
C002918,Sonia Gupta,Male,28,Pune,Maharashtra,2024-10-26,New Customer
C002919,Vikas Kadam,Male,41,Kolkata,West Bengal,2024-01-15,Occasional Customer
C002920,Vikas Bhosale,Male,39,Chennai,Tamil Nadu,2024-03-29,Regular Customer
C002921,Arjun Gaikwad,Male,56,Chennai,Tamil Nadu,2024-01-05,Occasional Customer
C002922,Pooja Yadav,Female,32,Bengaluru,Karnataka,2024-01-15,Loyal Customer
C002923,Neha Shah,Female,32,Patna,Bihar,2024-01-07,Regular Customer
C002924,Karan Patil,Male,27,Pune,Maharashtra,2024-02-04,Regular Customer
C002925,Ananya More,Male,45,Vadodara,Gujarat,2024-03-17,Loyal Customer
C002926,Gaurav Jadhav,Female,53,Nagpur,Maharashtra,2024-01-18,Regular Customer
C002927,Nikhil Shah,Male,34,Chennai,Tamil Nadu,2024-01-22,Loyal Customer
C002928,Rahul Nair,Female,53,Jaipur,Rajasthan,2024-03-02,Occasional Customer
C002929,Gaurav Patil,Female,39,Patna,Bihar,2024-01-30,Regular Customer
C002930,Gaurav Singh,Male,40,Mumbai,Maharashtra,2024-01-02,Occasional Customer
C002931,Vikas Chavan,Female,46,Patna,Bihar,2024-09-29,Occasional Customer
C002932,Riya Joshi,Female,39,Nagpur,Maharashtra,2024-01-29,Occasional Customer
C002933,Aditi Iyer,Male,28,Kanpur,Uttar Pradesh,2024-01-08,Loyal Customer
C002934,Karan Kumar,Male,53,Pune,Maharashtra,2024-03-28,Regular Customer
C002935,Arjun Singh,Female,61,Bengaluru,Karnataka,2024-01-11,Occasional Customer
C002936,Divya Sharma,Male,46,Lucknow,Uttar Pradesh,2024-01-01,Loyal Customer
C002937,Deepak Banerjee,Female,59,Kolkata,West Bengal,2024-01-11,Loyal Customer
C002938,Sameer Sawant,Female,49,Bhopal,Madhya Pradesh,2024-02-04,Occasional Customer
C002939,Ayush More,Male,31,Delhi,Delhi,2024-01-05,Loyal Customer
C002940,Sneha Yadav,Male,35,Jaipur,Rajasthan,2024-04-14,Occasional Customer
C002941,Sonia Nair,Male,55,Vadodara,Gujarat,2024-02-12,Loyal Customer
C002942,Rahul Kulkarni,Male,54,Indore,Madhya Pradesh,2024-01-17,Regular Customer
C002943,Sonia Joshi,Female,51,Aurangabad,Maharashtra,2024-02-07,Loyal Customer
C002944,Amit Sawant,Female,62,Chennai,Tamil Nadu,2026-08-01,New Customer
C002945,Rohan Thakur,Female,40,Delhi,Delhi,2024-03-14,Loyal Customer
C002946,Sakshi Banerjee,Male,49,Kolkata,West Bengal,2024-01-22,Loyal Customer
C002947,Deepak More,Female,63,Nagpur,Maharashtra,2024-11-29,Occasional Customer
C002948,Rohan Bhosale,Female,20,Mumbai,Maharashtra,2024-05-30,Regular Customer
C002949,Nikhil Reddy,Female,60,Kanpur,Uttar Pradesh,2024-01-25,Occasional Customer
C002950,Aditya Shinde,Male,39,Jaipur,Rajasthan,2024-01-09,Loyal Customer
C002951,Isha Shinde,Female,40,Pune,Maharashtra,2024-01-09,Loyal Customer
C002952,Vivek Banerjee,Female,21,Pune,Maharashtra,2024-03-07,Regular Customer
C002953,Harsh Iyer,Male,30,Nagpur,Maharashtra,2024-01-03,Regular Customer
C002954,Karan Menon,Other,49,Warangal,Telangana,2024-08-22,Occasional Customer
C002955,Kavita Mishra,Male,46,Kolkata,West Bengal,2024-01-05,Regular Customer
C002956,Divya Banerjee,Male,57,Hyderabad,Telangana,2024-02-17,Regular Customer
C002957,Aditi Verma,Female,57,Latur,Maharashtra,2025-03-24,New Customer
C002958,Sameer Pawar,Male,62,Bengaluru,Karnataka,2024-01-06,Occasional Customer
C002959,Aditya Sawant,Female,27,Kanpur,Uttar Pradesh,2024-03-12,Regular Customer
C002960,Riya Verma,Female,30,Mumbai,Maharashtra,2024-01-30,Regular Customer
C002961,Gaurav Jadhav,Male,62,Warangal,Telangana,2024-01-24,Occasional Customer
C002962,Sakshi Mishra,Male,34,Nagpur,Maharashtra,2024-01-02,Loyal Customer
C002963,Kavita Singh,Female,55,Nashik,Maharashtra,2024-01-11,Loyal Customer
C002964,Neha Sharma,Female,19,Kolkata,West Bengal,2024-01-11,Loyal Customer
C002965,Ananya Shinde,Female,34,Latur,Maharashtra,2025-08-07,Occasional Customer
C002966,Vikas Banerjee,Female,61,Kolkata,West Bengal,2024-01-01,Regular Customer
C002967,Aniket Banerjee,Male,43,Patna,Bihar,2024-01-07,Occasional Customer
C002968,Aditi Joshi,Male,55,Nagpur,Maharashtra,2024-02-03,Regular Customer
C002969,Aditi Thakur,Female,54,Patna,Bihar,2024-01-17,Regular Customer
C002970,Aditi Kumar,Female,22,Patna,Bihar,2024-03-07,Occasional Customer
C002971,Divya Nair,Male,42,Surat,Gujarat,2024-07-08,Regular Customer
C002972,Aniket More,Female,26,Kanpur,Uttar Pradesh,2024-01-29,Occasional Customer
C002973,Divya Banerjee,Female,45,Surat,Gujarat,2024-05-31,Regular Customer
C002974,Isha Verma,Female,39,Nashik,Maharashtra,2024-01-27,Occasional Customer
C002975,Gaurav Reddy,Male,46,Chennai,Tamil Nadu,2024-01-12,Loyal Customer
C002976,Vivek Kulkarni,Female,52,Indore,Madhya Pradesh,2024-02-06,Regular Customer
C002977,Rahul Sharma,Female,37,Hyderabad,Telangana,2024-01-05,Regular Customer
C002978,Anjali Kadam,Female,22,Bengaluru,Karnataka,2024-04-22,Occasional Customer
C002979,Karan Shah,Female,56,Nagpur,Maharashtra,2024-05-29,Regular Customer
C002980,Isha Pawar,Female,61,Ahmedabad,Gujarat,2024-01-30,Regular Customer
C002981,Sonia Yadav,Female,49,Kolkata,West Bengal,2024-05-17,Loyal Customer
C002982,Neha Gupta,Female,56,Bhopal,Madhya Pradesh,2024-01-05,Regular Customer
C002983,Divya Kadam,Male,27,Lucknow,Uttar Pradesh,2024-03-11,Occasional Customer
C002984,Ananya Banerjee,Male,57,Mumbai,Maharashtra,2024-01-20,Regular Customer
C002985,Vikas More,Female,34,Latur,Maharashtra,2024-05-15,Occasional Customer
C002986,Rohan Banerjee,Male,54,Pune,Maharashtra,2024-01-01,Loyal Customer
C002987,Riya Deshmukh,Male,32,Surat,Gujarat,2024-02-27,Occasional Customer
C002988,Ayush Sharma,Male,26,Latur,Maharashtra,2024-01-11,Regular Customer
C002989,Gaurav Patil,Male,49,Surat,Gujarat,2024-04-28,Regular Customer
C002990,Ananya Mishra,Male,40,Nashik,Maharashtra,2024-01-15,New Customer
C002991,Neha Menon,Male,28,Patna,Bihar,2024-01-22,Regular Customer
C002992,Aniket Mishra,Female,30,Warangal,Telangana,2024-04-06,Occasional Customer
C002993,Anjali Reddy,Female,35,Nagpur,Maharashtra,2025-11-07,New Customer
C002994,Anjali Rao,Female,26,Lucknow,Uttar Pradesh,2024-10-24,New Customer
C002995,Aniket More,Male,59,Surat,Gujarat,2024-01-17,Loyal Customer
C002996,Pooja Bhosale,Female,22,Kanpur,Uttar Pradesh,2024-10-09,New Customer
C002997,Kavita Sharma,Female,60,Indore,Madhya Pradesh,2024-01-10,Regular Customer
C002998,Sonia Menon,Female,39,Warangal,Telangana,2024-03-08,Regular Customer
C002999,Sakshi Rao,Male,49,Surat,Gujarat,2024-06-17,Occasional Customer
C003000,Aarav Yadav,Male,64,Latur,Maharashtra,2024-04-11,Occasional Customer
C003001,Vivek Jadhav,Female,19,Vadodara,Gujarat,2024-01-05,Regular Customer
C003002,Pooja Pawar,Female,38,Jaipur,Rajasthan,2024-02-22,Regular Customer
C003003,Nikhil Das,Female,45,Lucknow,Uttar Pradesh,2024-04-18,Regular Customer
C003004,Aarav Joshi,Female,41,Surat,Gujarat,2024-01-01,Loyal Customer
C003005,Arjun Shah,Male,41,Lucknow,Uttar Pradesh,2024-01-16,New Customer
C003006,Sameer Sawant,Female,31,Nagpur,Maharashtra,2024-07-13,Occasional Customer
C003007,Riya Nair,Male,54,Mysuru,Karnataka,2024-04-21,Regular Customer
C003008,Pooja More,Female,44,Lucknow,Uttar Pradesh,2024-01-21,Regular Customer
C003009,Harsh Singh,Other,41,Bengaluru,Karnataka,2024-09-24,Regular Customer
C003010,Gaurav Mishra,Female,23,Kanpur,Uttar Pradesh,2025-02-04,Occasional Customer
C003011,Divya Thakur,Male,43,Ahmedabad,Gujarat,2024-05-13,Occasional Customer
C003012,Arjun Shinde,Male,32,Hyderabad,Telangana,2024-02-23,Occasional Customer
C003013,Isha Sawant,Female,46,Surat,Gujarat,2024-02-12,Occasional Customer
C003014,Rahul Verma,Female,53,Bengaluru,Karnataka,2024-01-24,Regular Customer
C003015,Sneha Shah,Female,27,Lucknow,Uttar Pradesh,2024-02-25,Regular Customer
C003016,Gaurav Mehta,Female,45,Kolkata,West Bengal,2024-01-21,Loyal Customer
C003017,Akash Sharma,Male,26,Kanpur,Uttar Pradesh,2024-01-02,Loyal Customer
C003018,Kavita Rao,Female,38,Surat,Gujarat,2024-01-27,Regular Customer
C003019,Sneha Banerjee,Female,27,Latur,Maharashtra,2024-03-08,Loyal Customer
C003020,Divya Gupta,Female,21,Patna,Bihar,2024-01-06,Regular Customer
C003021,Pooja Shah,Male,21,Nashik,Maharashtra,2024-01-04,Loyal Customer
C003022,Nikhil Sawant,Female,23,Warangal,Telangana,2024-01-07,Loyal Customer
C003023,Ayush Rao,Male,43,Indore,Madhya Pradesh,2024-01-04,Regular Customer
C003024,Akash Yadav,Female,57,Bengaluru,Karnataka,2024-04-09,Occasional Customer
C003025,Aditya Chavan,Female,33,Mumbai,Maharashtra,2024-01-11,Occasional Customer
C003026,Arjun Reddy,Male,25,Kanpur,Uttar Pradesh,2024-02-06,Loyal Customer
C003027,Deepak Mishra,Male,45,Surat,Gujarat,2024-09-08,New Customer
C003028,Arjun More,Female,33,Delhi,Delhi,2024-01-04,Loyal Customer
C003029,Pooja Nair,Female,55,Patna,Bihar,2024-01-03,Loyal Customer
C003030,Vikas Reddy,Male,18,Nagpur,Maharashtra,2024-01-18,Occasional Customer
C003031,Ayush Shinde,Male,36,Bengaluru,Karnataka,2024-01-11,Regular Customer
C003032,Amit Verma,Female,34,Surat,Gujarat,2024-01-19,Regular Customer
C003033,Sakshi Joshi,Female,45,Bengaluru,Karnataka,2024-01-01,Regular Customer
C003034,Vikas Patil,Male,61,Nashik,Maharashtra,2025-03-30,Occasional Customer
C003035,Sameer Mishra,Female,29,Nashik,Maharashtra,2024-07-29,Occasional Customer
C003036,Sameer Das,Male,23,Warangal,Telangana,2024-01-03,Loyal Customer
C003037,Nikhil Gaikwad,Male,24,Pune,Maharashtra,2024-02-17,Occasional Customer
C003038,Rahul Chavan,Male,25,Bengaluru,Karnataka,2024-01-05,Occasional Customer
C003039,Rahul Jadhav,Female,20,Surat,Gujarat,2024-06-17,Regular Customer
C003040,Rohan Sharma,Male,38,Vadodara,Gujarat,2024-03-14,Regular Customer
C003041,Pooja Yadav,Female,25,Bengaluru,Karnataka,2024-01-01,Loyal Customer
C003042,Ayush More,Male,45,Jaipur,Rajasthan,2024-01-07,Loyal Customer
C003043,Vivek Bhosale,Other,47,Indore,Madhya Pradesh,2024-02-26,Regular Customer
C003044,Gaurav Gaikwad,Female,49,Jaipur,Rajasthan,2024-04-29,Regular Customer
C003045,Rohan Patil,Female,28,Chennai,Tamil Nadu,2024-10-22,Regular Customer
C003046,Neha Nair,Female,37,Nagpur,Maharashtra,2024-01-13,Occasional Customer
C003047,Neha Banerjee,Female,33,Delhi,Delhi,2024-04-04,Regular Customer
C003048,Aniket Chavan,Female,42,Surat,Gujarat,2024-01-11,Occasional Customer
C003049,Rohan Nair,Male,62,Bhopal,Madhya Pradesh,2024-02-07,Loyal Customer
C003050,Anjali Rao,Male,26,Patna,Bihar,2024-02-24,Occasional Customer
C003051,Manish Reddy,Female,56,Patna,Bihar,2024-01-01,Loyal Customer
C003052,Sameer Yadav,Male,57,Aurangabad,Maharashtra,2024-01-07,Loyal Customer
C003053,Vivek Rao,Male,57,Jaipur,Rajasthan,2024-02-23,Regular Customer
C003054,Divya Verma,Female,20,Kanpur,Uttar Pradesh,2024-04-23,Occasional Customer
C003055,Ayush Mishra,Male,33,Aurangabad,Maharashtra,2024-01-02,Loyal Customer
C003056,Ananya Banerjee,Female,29,Nagpur,Maharashtra,2024-01-23,Loyal Customer
C003057,Rahul Singh,Male,32,Chennai,Tamil Nadu,2024-02-10,Regular Customer
C003058,Manish Pawar,Female,21,Mumbai,Maharashtra,2024-12-02,Occasional Customer
C003059,Ayush Kulkarni,Female,40,Patna,Bihar,2024-01-03,Occasional Customer
C003060,Karan Jadhav,Female,44,Bengaluru,Karnataka,2024-02-02,Loyal Customer
C003061,Rohan More,Male,56,Bengaluru,Karnataka,2024-02-04,Loyal Customer
C003062,Rohan Das,Female,60,Nashik,Maharashtra,2024-01-25,Loyal Customer
C003063,Manish Menon,Female,54,Nagpur,Maharashtra,2024-01-01,Loyal Customer
C003064,Vivek Pawar,Female,30,Indore,Madhya Pradesh,2024-01-12,Occasional Customer
C003065,Rahul Singh,Female,60,Pune,Maharashtra,2024-04-28,Loyal Customer
C003066,Deepak Reddy,Male,54,Mumbai,Maharashtra,2024-04-05,Loyal Customer
C003067,Aditya Joshi,Female,57,Warangal,Telangana,2024-01-01,Loyal Customer
C003068,Divya Joshi,Female,38,Ahmedabad,Gujarat,2024-02-12,Occasional Customer
C003069,Rohan Mishra,Male,46,Kolkata,West Bengal,2024-01-11,Loyal Customer
C003070,Ayush Bhosale,Female,46,Warangal,Telangana,2024-01-25,Regular Customer
C003071,Sameer Singh,Female,28,Chennai,Tamil Nadu,2024-01-17,Loyal Customer
C003072,Deepak Kadam,Female,45,Vadodara,Gujarat,2024-03-27,Occasional Customer
C003073,Arjun Mehta,Male,27,Chennai,Tamil Nadu,2026-01-26,New Customer
C003074,Ayush Thakur,Female,22,Surat,Gujarat,2024-02-20,Loyal Customer
C003075,Sonia Kulkarni,Other,42,Kolkata,West Bengal,2024-01-06,Occasional Customer
C003076,Karan Patil,Female,50,Kolkata,West Bengal,2024-03-03,Occasional Customer
C003077,Sonia Reddy,Female,34,Bengaluru,Karnataka,2024-01-04,Occasional Customer
C003078,Neha Mehta,Female,50,Lucknow,Uttar Pradesh,2024-01-19,Loyal Customer
C003079,Nikhil Deshmukh,Female,42,Kanpur,Uttar Pradesh,2024-01-31,Regular Customer
C003080,Karan Singh,Female,50,Vadodara,Gujarat,2025-08-21,Occasional Customer
C003081,Aniket Verma,Male,26,Warangal,Telangana,2024-01-11,Occasional Customer
C003082,Akash Mishra,Male,44,Patna,Bihar,2024-01-03,Occasional Customer
C003083,Rahul Gaikwad,Male,42,Lucknow,Uttar Pradesh,2024-01-16,Loyal Customer
C003084,Kavita Sawant,Male,21,Latur,Maharashtra,2024-05-16,Regular Customer
C003085,Harsh Patil,Male,26,Kanpur,Uttar Pradesh,2024-05-08,Occasional Customer
C003086,Sonia Mishra,Male,63,Lucknow,Uttar Pradesh,2024-08-06,Occasional Customer
C003087,Amit Jadhav,Female,32,Nashik,Maharashtra,2024-03-14,Occasional Customer
C003088,Aniket Chavan,Male,33,Hyderabad,Telangana,2024-01-08,Loyal Customer
C003089,Harsh Mehta,Male,33,Nashik,Maharashtra,2024-01-03,Loyal Customer
C003090,Vikas Kumar,Male,30,Vadodara,Gujarat,2024-03-09,New Customer
C003091,Isha Jadhav,Female,31,Chennai,Tamil Nadu,2024-06-10,Occasional Customer
C003092,Deepak Mishra,Male,39,Ahmedabad,Gujarat,2024-01-23,Regular Customer
C003093,Riya Pawar,Male,38,Nagpur,Maharashtra,2024-01-01,Loyal Customer
C003094,Sakshi Deshmukh,Male,26,Vadodara,Gujarat,2024-02-01,Loyal Customer
C003095,Karan Chavan,Female,58,Chennai,Tamil Nadu,2025-03-12,Occasional Customer
C003096,Pooja Pawar,Female,21,Pune,Maharashtra,2024-01-22,Occasional Customer
C003097,Deepak Reddy,Female,27,Pune,Maharashtra,2024-03-14,Regular Customer
C003098,Aditi Sharma,Male,52,Bengaluru,Karnataka,2024-03-01,New Customer
C003099,Isha More,Female,26,Mumbai,Maharashtra,2024-02-14,Regular Customer
C003100,Aniket Menon,Female,65,Warangal,Telangana,2024-09-28,Occasional Customer
C003101,Sakshi Pawar,Male,33,Latur,Maharashtra,2024-01-11,Occasional Customer
C003102,Neha Menon,Male,35,Latur,Maharashtra,2025-07-01,Occasional Customer
C003103,Ananya Yadav,Male,27,Vadodara,Gujarat,2024-01-13,Regular Customer
C003104,Sameer Menon,Female,38,Bhopal,Madhya Pradesh,2024-01-17,Regular Customer
C003105,Sakshi Deshmukh,Male,32,Indore,Madhya Pradesh,2024-02-01,Occasional Customer
C003106,Amit Shah,Male,32,Chennai,Tamil Nadu,2024-01-11,Occasional Customer
C003107,Harsh Reddy,Male,28,Latur,Maharashtra,2024-03-13,Occasional Customer
C003108,Harsh Gaikwad,Female,57,Warangal,Telangana,2024-01-03,Occasional Customer
C003109,Harsh Yadav,Female,65,Lucknow,Uttar Pradesh,2024-01-02,Regular Customer
C003110,Gaurav Sharma,Female,59,Mysuru,Karnataka,2024-01-09,Occasional Customer
C003111,Aditi Gupta,Female,58,Mumbai,Maharashtra,2024-01-05,Regular Customer
C003112,Aniket Iyer,Female,64,Ahmedabad,Gujarat,2024-02-24,Occasional Customer
C003113,Divya Sharma,Male,54,Indore,Madhya Pradesh,2024-04-28,Regular Customer
C003114,Vikas Chavan,Male,37,Nagpur,Maharashtra,2024-01-27,Occasional Customer
C003115,Sakshi Banerjee,Female,51,Warangal,Telangana,2024-01-26,Regular Customer
C003116,Kavita Shinde,Other,39,Surat,Gujarat,2024-01-05,Loyal Customer
C003117,Aarav Rao,Female,65,Nagpur,Maharashtra,2024-12-17,Occasional Customer
C003118,Aarav Reddy,Male,35,Jaipur,Rajasthan,2025-12-14,New Customer
C003119,Rohan Joshi,Male,33,Ahmedabad,Gujarat,2024-03-08,Occasional Customer
C003120,Anjali Nair,Male,22,Kanpur,Uttar Pradesh,2024-03-04,Regular Customer
C003121,Vikas Kadam,Female,18,Indore,Madhya Pradesh,2024-02-22,Occasional Customer
C003122,Ayush Jadhav,Female,36,Ahmedabad,Gujarat,2024-01-07,Regular Customer
C003123,Akash Gaikwad,Female,27,Latur,Maharashtra,2024-01-04,Regular Customer
C003124,Kavita Mehta,Female,38,Indore,Madhya Pradesh,2024-03-12,New Customer
C003125,Ayush Pawar,Male,30,Surat,Gujarat,2024-01-02,Loyal Customer
C003126,Aditya Banerjee,Male,41,Indore,Madhya Pradesh,2024-01-11,Regular Customer
C003127,Aditi Sawant,Male,40,Warangal,Telangana,2024-04-21,Occasional Customer
C003128,Ayush Thakur,Female,40,Delhi,Delhi,2024-01-12,Loyal Customer
C003129,Rohan Verma,Male,28,Kanpur,Uttar Pradesh,2024-01-17,Regular Customer
C003130,Nikhil Verma,Female,64,Mumbai,Maharashtra,2024-01-24,Loyal Customer
C003131,Deepak Bhosale,Female,19,Hyderabad,Telangana,2025-09-05,New Customer
C003132,Vikas Rao,Male,23,Patna,Bihar,2024-01-07,Regular Customer
C003133,Amit Chavan,Male,28,Patna,Bihar,2024-01-19,Regular Customer
C003134,Vikas Yadav,Male,32,Indore,Madhya Pradesh,2024-01-08,Loyal Customer
C003135,Divya Menon,Female,26,Mysuru,Karnataka,2024-01-14,Regular Customer
C003136,Aniket Pawar,Male,29,Delhi,Delhi,2024-03-31,Occasional Customer
C003137,Vivek Kumar,Male,53,Vadodara,Gujarat,2024-01-31,Loyal Customer
C003138,Sameer Gaikwad,Female,45,Bengaluru,Karnataka,2024-02-21,Regular Customer
C003139,Aarav Joshi,Female,40,Bengaluru,Karnataka,2024-01-20,Loyal Customer
C003140,Anjali Iyer,Female,44,Aurangabad,Maharashtra,2024-01-04,Loyal Customer
C003141,Amit Shinde,Female,41,Indore,Madhya Pradesh,2024-01-08,New Customer
C003142,Rohan Sharma,Female,31,Bengaluru,Karnataka,2024-03-21,Regular Customer
C003143,Neha Verma,Female,52,Indore,Madhya Pradesh,2024-01-22,Regular Customer
C003144,Ananya Kulkarni,Male,44,Patna,Bihar,2024-03-23,Regular Customer
C003145,Divya Nair,Male,38,Lucknow,Uttar Pradesh,2024-01-14,Occasional Customer
C003146,Pooja Das,Female,30,Hyderabad,Telangana,2024-01-06,Regular Customer
C003147,Aditi Gaikwad,Female,25,Bengaluru,Karnataka,2024-01-12,Regular Customer
C003148,Vikas Reddy,Female,61,Hyderabad,Telangana,2024-01-10,Occasional Customer
C003149,Arjun Menon,Female,61,Ahmedabad,Gujarat,2024-01-29,Occasional Customer
C003150,Manish Shah,Female,61,Delhi,Delhi,2024-09-09,Occasional Customer
C003151,Aditi Shah,Male,51,Surat,Gujarat,2024-01-01,Occasional Customer
C003152,Aditi Rao,Male,59,Lucknow,Uttar Pradesh,2024-01-21,Regular Customer
C003153,Akash Reddy,Male,40,Delhi,Delhi,2024-01-02,Regular Customer
C003154,Sneha Sharma,Female,26,Ahmedabad,Gujarat,2024-01-07,Regular Customer
C003155,Aditi Nair,Male,18,Surat,Gujarat,2024-01-13,Occasional Customer
C003156,Akash Bhosale,Male,53,Ahmedabad,Gujarat,2024-01-25,Loyal Customer
C003157,Isha Gaikwad,Male,63,Mumbai,Maharashtra,2024-09-02,New Customer
C003158,Akash Gupta,Male,33,Warangal,Telangana,2024-02-07,Occasional Customer
C003159,Arjun Yadav,Male,42,Chennai,Tamil Nadu,2024-01-02,Regular Customer
C003160,Riya Jadhav,Male,35,Lucknow,Uttar Pradesh,2024-02-06,Regular Customer
C003161,Aniket Nair,Female,51,Chennai,Tamil Nadu,2024-01-06,Loyal Customer
C003162,Rahul Reddy,Male,55,Warangal,Telangana,2024-01-23,Loyal Customer
C003163,Aarav Sawant,Male,20,Warangal,Telangana,2024-06-26,Occasional Customer
C003164,Harsh Rao,Female,37,Patna,Bihar,2024-01-26,Regular Customer
C003165,Akash Rao,Female,36,Ahmedabad,Gujarat,2024-02-26,Loyal Customer
C003166,Kavita More,Male,30,Chennai,Tamil Nadu,2024-01-30,Regular Customer
C003167,Nikhil Shah,Male,34,Jaipur,Rajasthan,2024-01-04,Loyal Customer
C003168,Riya Jadhav,Female,31,Mumbai,Maharashtra,2024-04-07,Occasional Customer
C003169,Harsh Banerjee,Male,47,Ahmedabad,Gujarat,2024-03-15,Regular Customer
C003170,Vikas Kulkarni,Male,39,Hyderabad,Telangana,2024-02-01,Loyal Customer
C003171,Kavita Iyer,Male,60,Aurangabad,Maharashtra,2024-07-20,Occasional Customer
C003172,Nikhil Kulkarni,Male,65,Warangal,Telangana,2024-01-02,Occasional Customer
C003173,Ayush Kulkarni,Female,60,Surat,Gujarat,2024-03-09,New Customer
C003174,Sameer Kulkarni,Female,46,Ahmedabad,Gujarat,2024-01-01,Regular Customer
C003175,Karan Shinde,Female,19,Kolkata,West Bengal,2024-09-17,Regular Customer
C003176,Nikhil Shinde,Female,25,Indore,Madhya Pradesh,2024-05-02,Occasional Customer
C003177,Sakshi More,Male,31,Kolkata,West Bengal,2024-01-16,Regular Customer
C003178,Sneha Verma,Female,51,Kanpur,Uttar Pradesh,2024-01-16,Occasional Customer
C003179,Aniket Kadam,Male,30,Bhopal,Madhya Pradesh,2024-02-16,Loyal Customer
C003180,Riya Bhosale,Male,27,Bhopal,Madhya Pradesh,2024-01-30,Regular Customer
C003181,Ayush Pawar,Female,25,Pune,Maharashtra,2024-01-02,Occasional Customer
C003182,Aditi Gupta,Female,24,Nashik,Maharashtra,2024-01-11,Loyal Customer
C003183,Karan Kumar,Male,30,Mumbai,Maharashtra,2024-03-10,Regular Customer
C003184,Aniket Nair,Female,43,Nashik,Maharashtra,2024-10-31,New Customer
C003185,Vivek Yadav,Male,49,Bhopal,Madhya Pradesh,2024-01-04,Regular Customer
C003186,Deepak Joshi,Male,36,Aurangabad,Maharashtra,2026-04-25,New Customer
C003187,Aarav Sharma,Male,32,Lucknow,Uttar Pradesh,2024-01-07,Regular Customer
C003188,Rahul Deshmukh,Female,19,Kolkata,West Bengal,2024-01-14,Regular Customer
C003189,Vivek Kulkarni,Female,54,Warangal,Telangana,2024-01-01,Regular Customer
C003190,Sneha Mehta,Female,36,Kanpur,Uttar Pradesh,2024-01-03,Occasional Customer
C003191,Rahul Yadav,Male,50,Indore,Madhya Pradesh,2024-02-01,Regular Customer
C003192,Amit Deshmukh,Male,56,Mumbai,Maharashtra,2024-01-05,Loyal Customer
C003193,Sakshi Verma,Female,50,Chennai,Tamil Nadu,2024-01-03,Regular Customer
C003194,Aditya Iyer,Male,18,Lucknow,Uttar Pradesh,2024-05-13,Occasional Customer
C003195,Rohan Kulkarni,Male,56,Kolkata,West Bengal,2024-01-02,Regular Customer
C003196,Vikas More,Female,45,Bengaluru,Karnataka,2024-07-12,Occasional Customer
C003197,Pooja Joshi,Female,34,Hyderabad,Telangana,2024-02-02,Loyal Customer
C003198,Isha Sawant,Male,23,Pune,Maharashtra,2024-01-03,Regular Customer
C003199,Arjun Thakur,Male,61,Bengaluru,Karnataka,2024-03-11,Occasional Customer
C003200,Aditi Kulkarni,Male,37,Mysuru,Karnataka,2026-01-12,New Customer
C003201,Sneha Pawar,Female,64,Pune,Maharashtra,2025-02-22,Regular Customer
C003202,Sonia Patil,Female,30,Lucknow,Uttar Pradesh,2024-01-27,Loyal Customer
C003203,Sonia Sawant,Female,29,Delhi,Delhi,2024-02-09,Occasional Customer
C003204,Divya Das,Male,47,Ahmedabad,Gujarat,2024-01-05,Regular Customer
C003205,Rahul Chavan,Male,38,Mysuru,Karnataka,2024-02-27,Regular Customer
C003206,Harsh Iyer,Female,19,Surat,Gujarat,2024-01-07,Loyal Customer
C003207,Akash Kulkarni,Other,35,Bhopal,Madhya Pradesh,2024-02-29,Regular Customer
C003208,Sonia Menon,Female,45,Lucknow,Uttar Pradesh,2024-03-23,Regular Customer
C003209,Vikas Patil,Male,21,Vadodara,Gujarat,2024-06-11,Regular Customer
C003210,Aarav Mishra,Female,59,Bengaluru,Karnataka,2024-02-22,Occasional Customer
C003211,Amit Rao,Female,60,Hyderabad,Telangana,2024-02-12,Occasional Customer
C003212,Pooja Pawar,Female,23,Nagpur,Maharashtra,2024-02-08,Regular Customer
C003213,Deepak Kadam,Female,55,Kanpur,Uttar Pradesh,2024-07-28,Occasional Customer
C003214,Vikas Thakur,Male,26,Latur,Maharashtra,2024-01-05,Occasional Customer
C003215,Nikhil More,Male,37,Patna,Bihar,2024-01-02,Regular Customer
C003216,Vikas Iyer,Male,62,Pune,Maharashtra,2024-02-17,Occasional Customer
C003217,Aditya Kadam,Female,47,Latur,Maharashtra,2024-05-07,Occasional Customer
C003218,Sneha Chavan,Female,54,Nagpur,Maharashtra,2024-01-01,Regular Customer
C003219,Ananya Kulkarni,Female,55,Jaipur,Rajasthan,2024-01-13,Regular Customer
C003220,Gaurav Gaikwad,Male,21,Warangal,Telangana,2024-03-26,Loyal Customer
C003221,Isha More,Female,55,Pune,Maharashtra,2024-05-23,Occasional Customer
C003222,Sneha Gaikwad,Female,30,Indore,Madhya Pradesh,2024-02-04,Occasional Customer
C003223,Riya Mishra,Male,52,Bengaluru,Karnataka,2024-01-01,Occasional Customer
C003224,Karan Das,Female,47,Chennai,Tamil Nadu,2024-03-10,Occasional Customer
C003225,Harsh Reddy,Male,59,Nagpur,Maharashtra,2025-05-17,Occasional Customer
C003226,Vikas Das,Male,21,Delhi,Delhi,2024-01-14,Loyal Customer
C003227,Ananya Kulkarni,Male,42,Mumbai,Maharashtra,2024-01-09,New Customer
C003228,Amit Nair,Female,48,Ahmedabad,Gujarat,2024-01-09,Loyal Customer
C003229,Rohan Patil,Female,64,Kolkata,West Bengal,2024-01-19,Regular Customer
C003230,Sonia Pawar,Male,29,Aurangabad,Maharashtra,2024-12-25,New Customer
C003231,Akash Bhosale,Female,32,Patna,Bihar,2024-01-08,Occasional Customer
C003232,Vivek Mehta,Female,43,Indore,Madhya Pradesh,2024-01-14,Loyal Customer
C003233,Karan Das,Female,27,Latur,Maharashtra,2024-01-14,Regular Customer
C003234,Neha Rao,Male,29,Patna,Bihar,2024-04-18,Occasional Customer
C003235,Isha Pawar,Female,39,Vadodara,Gujarat,2024-01-18,Occasional Customer
C003236,Nikhil Gaikwad,Female,57,Delhi,Delhi,2024-01-30,Regular Customer
C003237,Sakshi Kadam,Male,38,Bhopal,Madhya Pradesh,2025-06-05,New Customer
C003238,Nikhil Sharma,Male,52,Nashik,Maharashtra,2024-01-14,Regular Customer
C003239,Sonia Rao,Female,24,Nagpur,Maharashtra,2024-01-09,Regular Customer
C003240,Vikas Banerjee,Male,35,Ahmedabad,Gujarat,2025-10-10,Occasional Customer
C003241,Rohan Singh,Female,44,Bengaluru,Karnataka,2024-03-07,Occasional Customer
C003242,Amit Yadav,Male,52,Patna,Bihar,2024-03-27,Occasional Customer
C003243,Vivek Yadav,Female,64,Latur,Maharashtra,2024-01-18,Loyal Customer
C003244,Akash Singh,Male,19,Chennai,Tamil Nadu,2024-01-15,Occasional Customer
C003245,Harsh Thakur,Male,49,Pune,Maharashtra,2024-01-15,Occasional Customer
C003246,Aditi Deshmukh,Male,32,Nagpur,Maharashtra,2024-01-17,Regular Customer
C003247,Arjun Reddy,Female,62,Nagpur,Maharashtra,2024-01-05,Regular Customer
C003248,Deepak Sharma,Female,41,Chennai,Tamil Nadu,2024-01-30,Loyal Customer
C003249,Riya Mishra,Male,37,Kolkata,West Bengal,2024-03-22,Regular Customer
C003250,Rahul Verma,Male,27,Bengaluru,Karnataka,2024-01-28,Regular Customer
C003251,Sakshi Iyer,Female,41,Warangal,Telangana,2025-09-15,New Customer
C003252,Neha Iyer,Male,41,Delhi,Delhi,2024-01-06,Regular Customer
C003253,Neha Joshi,Female,41,Jaipur,Rajasthan,2024-01-01,Loyal Customer
C003254,Rahul Mishra,Male,57,Vadodara,Gujarat,2024-05-27,Regular Customer
C003255,Deepak Verma,Female,65,Nashik,Maharashtra,2024-01-23,Occasional Customer
C003256,Kavita Nair,Female,65,Mumbai,Maharashtra,2024-08-02,New Customer
C003257,Riya Shah,Other,51,Hyderabad,Telangana,2024-01-16,Loyal Customer
C003258,Akash Bhosale,Female,58,Pune,Maharashtra,2024-04-12,Occasional Customer
C003259,Rahul Iyer,Male,57,Aurangabad,Maharashtra,2024-02-03,Occasional Customer
C003260,Anjali Yadav,Male,28,Hyderabad,Telangana,2024-06-04,Regular Customer
C003261,Divya Rao,Female,43,Nashik,Maharashtra,2024-01-01,Regular Customer
C003262,Rahul Reddy,Female,18,Aurangabad,Maharashtra,2024-01-01,Loyal Customer
C003263,Gaurav Jadhav,Female,47,Mumbai,Maharashtra,2024-06-26,Occasional Customer
C003264,Sneha Banerjee,Female,60,Mumbai,Maharashtra,2024-03-05,Regular Customer
C003265,Manish Singh,Female,35,Kolkata,West Bengal,2024-05-17,Loyal Customer
C003266,Nikhil Patil,Male,43,Kanpur,Uttar Pradesh,2024-02-05,Loyal Customer
C003267,Aarav Reddy,Male,64,Lucknow,Uttar Pradesh,2024-08-28,Occasional Customer
C003268,Vivek Pawar,Male,26,Mysuru,Karnataka,2024-01-15,Regular Customer
C003269,Kavita Mishra,Male,26,Bhopal,Madhya Pradesh,2024-02-04,Occasional Customer
C003270,Karan Mishra,Female,18,Nagpur,Maharashtra,2024-01-21,Occasional Customer
C003271,Karan Mishra,Male,24,Delhi,Delhi,2024-01-02,Occasional Customer
C003272,Ananya Deshmukh,Male,61,Kolkata,West Bengal,2024-01-29,Occasional Customer
C003273,Sakshi Yadav,Male,59,Delhi,Delhi,2024-05-01,Occasional Customer
C003274,Deepak Joshi,Male,33,Indore,Madhya Pradesh,2024-02-12,Regular Customer
C003275,Deepak More,Male,55,Indore,Madhya Pradesh,2024-01-30,Regular Customer
C003276,Aditi Verma,Female,28,Latur,Maharashtra,2024-01-18,Regular Customer
C003277,Anjali Gupta,Male,42,Aurangabad,Maharashtra,2024-01-08,Regular Customer
C003278,Pooja Gaikwad,Female,46,Warangal,Telangana,2024-02-01,Regular Customer
C003279,Gaurav Banerjee,Female,36,Pune,Maharashtra,2024-04-26,Loyal Customer
C003280,Anjali Deshmukh,Female,35,Jaipur,Rajasthan,2024-02-04,Loyal Customer
C003281,Isha Thakur,Male,64,Kanpur,Uttar Pradesh,2024-01-13,Occasional Customer
C003282,Sameer Mehta,Male,46,Chennai,Tamil Nadu,2024-01-02,Regular Customer
C003283,Isha Deshmukh,Male,33,Latur,Maharashtra,2024-08-05,Occasional Customer
C003284,Sonia Yadav,Male,63,Mumbai,Maharashtra,2024-10-10,Occasional Customer
C003285,Isha Chavan,Female,57,Nashik,Maharashtra,2024-03-12,Regular Customer
C003286,Akash Yadav,Female,25,Indore,Madhya Pradesh,2024-01-31,Occasional Customer
C003287,Rohan Reddy,Female,51,Ahmedabad,Gujarat,2024-01-04,Regular Customer
C003288,Aarav Kulkarni,Male,23,Bhopal,Madhya Pradesh,2024-02-18,Regular Customer
C003289,Gaurav Bhosale,Female,62,Aurangabad,Maharashtra,2024-04-08,Regular Customer
C003290,Aditi Gupta,Male,62,Nagpur,Maharashtra,2024-02-23,Regular Customer
C003291,Manish Sharma,Female,47,Delhi,Delhi,2024-03-10,Loyal Customer
C003292,Sneha Deshmukh,Female,61,Ahmedabad,Gujarat,2024-04-02,Loyal Customer
C003293,Sameer Shah,Male,51,Nashik,Maharashtra,2024-01-05,Regular Customer
C003294,Nikhil Reddy,Male,38,Surat,Gujarat,2024-01-07,Loyal Customer
C003295,Ayush Singh,Female,29,Vadodara,Gujarat,2024-11-08,Occasional Customer
C003296,Kavita Gupta,Male,23,Delhi,Delhi,2024-01-14,Regular Customer
C003297,Aniket Reddy,Male,56,Mysuru,Karnataka,2024-03-16,Regular Customer
C003298,Rahul Thakur,Male,23,Lucknow,Uttar Pradesh,2024-09-14,New Customer
C003299,Deepak Kadam,Male,21,Bhopal,Madhya Pradesh,2024-05-13,Regular Customer
C003300,Sneha Patil,Female,26,Latur,Maharashtra,2024-01-05,Occasional Customer
C003301,Sneha Joshi,Female,22,Kolkata,West Bengal,2024-01-17,Regular Customer
C003302,Sonia Thakur,Female,27,Patna,Bihar,2024-01-02,Regular Customer
C003303,Deepak Gupta,Male,64,Mysuru,Karnataka,2024-01-14,Regular Customer
C003304,Sakshi Shah,Female,25,Aurangabad,Maharashtra,2024-01-18,Occasional Customer
C003305,Nikhil Yadav,Female,40,Aurangabad,Maharashtra,2024-04-30,Occasional Customer
C003306,Riya Rao,Male,21,Mysuru,Karnataka,2024-04-23,Occasional Customer
C003307,Divya Nair,Male,54,Aurangabad,Maharashtra,2024-07-02,Occasional Customer
C003308,Isha Kulkarni,Female,24,Nagpur,Maharashtra,2024-03-06,Regular Customer
C003309,Akash Menon,Male,23,Latur,Maharashtra,2024-01-15,Regular Customer
C003310,Rahul Joshi,Male,62,Nashik,Maharashtra,2024-01-01,Occasional Customer
C003311,Aarav Chavan,Male,59,Bhopal,Madhya Pradesh,2024-01-30,Regular Customer
C003312,Divya Banerjee,Male,32,Bengaluru,Karnataka,2024-01-07,Occasional Customer
C003313,Pooja Das,Male,52,Indore,Madhya Pradesh,2024-01-07,Loyal Customer
C003314,Ayush Gupta,Male,49,Ahmedabad,Gujarat,2024-03-13,Occasional Customer
C003315,Kavita Kadam,Female,31,Kolkata,West Bengal,2024-08-31,Regular Customer
C003316,Riya Kulkarni,Male,52,Kanpur,Uttar Pradesh,2024-08-18,Occasional Customer
C003317,Aditi Singh,Female,28,Indore,Madhya Pradesh,2024-01-04,New Customer
C003318,Ananya Yadav,Male,27,Ahmedabad,Gujarat,2024-02-23,Regular Customer
C003319,Amit Banerjee,Female,34,Jaipur,Rajasthan,2024-02-02,Regular Customer
C003320,Riya Iyer,Female,30,Vadodara,Gujarat,2024-01-02,Loyal Customer
C003321,Rohan Bhosale,Female,51,Nashik,Maharashtra,2024-04-29,Occasional Customer
C003322,Akash More,Female,62,Aurangabad,Maharashtra,2024-01-02,Occasional Customer
C003323,Nikhil Shinde,Female,22,Aurangabad,Maharashtra,2024-06-03,Regular Customer
C003324,Aniket Kulkarni,Female,65,Bengaluru,Karnataka,2024-01-01,Regular Customer
C003325,Vivek Mishra,Male,27,Indore,Madhya Pradesh,2024-11-14,Occasional Customer
C003326,Gaurav Shinde,Male,49,Ahmedabad,Gujarat,2024-01-08,Loyal Customer
C003327,Isha Banerjee,Female,29,Pune,Maharashtra,2024-02-14,Loyal Customer
C003328,Sameer Shinde,Male,30,Ahmedabad,Gujarat,2024-04-08,Occasional Customer
C003329,Riya Chavan,Female,38,Vadodara,Gujarat,2024-02-02,Occasional Customer
C003330,Akash Menon,Female,65,Patna,Bihar,2024-01-27,Regular Customer
C003331,Harsh Patil,Male,50,Lucknow,Uttar Pradesh,2024-01-06,Occasional Customer
C003332,Vivek Reddy,Female,58,Nagpur,Maharashtra,2024-01-03,Occasional Customer
C003333,Sneha Rao,Male,65,Mysuru,Karnataka,2024-05-19,Regular Customer
C003334,Neha Kulkarni,Male,64,Pune,Maharashtra,2024-01-05,Regular Customer
C003335,Sakshi Singh,Female,49,Ahmedabad,Gujarat,2024-07-21,Occasional Customer
C003336,Isha Thakur,Male,29,Lucknow,Uttar Pradesh,2024-01-18,Regular Customer
C003337,Rahul Mehta,Female,63,Indore,Madhya Pradesh,2024-02-14,Occasional Customer
C003338,Kavita Jadhav,Female,52,Patna,Bihar,2024-03-08,Regular Customer
C003339,Karan Sharma,Male,53,Surat,Gujarat,2024-07-20,Occasional Customer
C003340,Kavita Iyer,Female,55,Chennai,Tamil Nadu,2024-01-01,Regular Customer
C003341,Aditi Gupta,Female,65,Patna,Bihar,2024-01-03,Regular Customer
C003342,Vivek Bhosale,Male,45,Chennai,Tamil Nadu,2024-05-14,Regular Customer
C003343,Sneha Mehta,Male,30,Delhi,Delhi,2024-01-18,Loyal Customer
C003344,Karan Kumar,Female,29,Hyderabad,Telangana,2024-01-11,Loyal Customer
C003345,Kavita Menon,Female,39,Nashik,Maharashtra,2024-01-06,Loyal Customer
C003346,Vivek Kumar,Male,61,Lucknow,Uttar Pradesh,2024-02-25,Loyal Customer
C003347,Ananya Nair,Male,19,Mumbai,Maharashtra,2024-04-29,Occasional Customer
C003348,Neha Pawar,Female,46,Nagpur,Maharashtra,2024-03-28,Occasional Customer
C003349,Rohan Banerjee,Female,30,Ahmedabad,Gujarat,2024-02-09,Occasional Customer
C003350,Amit Kulkarni,Male,52,Kolkata,West Bengal,2024-01-18,New Customer
C003351,Gaurav Rao,Female,30,Pune,Maharashtra,2024-01-23,Loyal Customer
C003352,Nikhil Shah,Male,51,Delhi,Delhi,2025-04-06,New Customer
C003353,Vikas Chavan,Female,36,Nashik,Maharashtra,2025-04-17,New Customer
C003354,Kavita Singh,Male,26,Lucknow,Uttar Pradesh,2024-01-09,Regular Customer
C003355,Gaurav Bhosale,Male,48,Indore,Madhya Pradesh,2024-01-01,Occasional Customer
C003356,Nikhil Kumar,Male,50,Nagpur,Maharashtra,2024-01-18,Loyal Customer
C003357,Riya Menon,Female,44,Bhopal,Madhya Pradesh,2025-05-10,New Customer
C003358,Anjali More,Female,62,Warangal,Telangana,2024-01-05,Regular Customer
C003359,Gaurav Chavan,Female,19,Vadodara,Gujarat,2024-01-09,Loyal Customer
C003360,Ayush Thakur,Female,32,Lucknow,Uttar Pradesh,2024-01-06,Occasional Customer
C003361,Sameer Jadhav,Male,36,Aurangabad,Maharashtra,2024-01-04,Loyal Customer
C003362,Amit Bhosale,Female,48,Hyderabad,Telangana,2024-02-01,Loyal Customer
C003363,Nikhil Nair,Male,33,Patna,Bihar,2024-03-29,Regular Customer
C003364,Vikas Iyer,Female,60,Warangal,Telangana,2024-02-07,Regular Customer
C003365,Kavita Sawant,Male,32,Aurangabad,Maharashtra,2024-05-19,Occasional Customer
C003366,Sneha Nair,Male,23,Indore,Madhya Pradesh,2024-01-07,Loyal Customer
C003367,Manish Mishra,Female,31,Aurangabad,Maharashtra,2024-03-13,Loyal Customer
C003368,Deepak Nair,Female,44,Nashik,Maharashtra,2024-02-25,Occasional Customer
C003369,Rohan Kumar,Female,55,Vadodara,Gujarat,2024-01-01,Occasional Customer
C003370,Manish Reddy,Female,36,Lucknow,Uttar Pradesh,2024-03-10,Regular Customer
C003371,Aniket Shinde,Male,54,Patna,Bihar,2024-01-12,Loyal Customer
C003372,Aniket Shah,Female,60,Pune,Maharashtra,2024-01-04,Regular Customer
C003373,Riya Sawant,Male,21,Delhi,Delhi,2024-05-21,Regular Customer
C003374,Rahul Kadam,Female,43,Vadodara,Gujarat,2024-01-03,Regular Customer
C003375,Vivek Rao,Female,26,Ahmedabad,Gujarat,2024-01-02,Regular Customer
C003376,Amit Nair,Male,58,Kolkata,West Bengal,2024-01-10,Regular Customer
C003377,Pooja Pawar,Male,57,Chennai,Tamil Nadu,2024-01-16,Occasional Customer
C003378,Kavita Gupta,Male,32,Vadodara,Gujarat,2024-11-12,Occasional Customer
C003379,Riya Reddy,Male,58,Patna,Bihar,2024-02-20,Regular Customer
C003380,Deepak Nair,Male,54,Vadodara,Gujarat,2024-06-11,Occasional Customer
C003381,Akash Menon,Male,21,Delhi,Delhi,2024-01-05,Occasional Customer
C003382,Divya Gupta,Male,43,Hyderabad,Telangana,2024-01-03,Regular Customer
C003383,Karan Mehta,Female,35,Aurangabad,Maharashtra,2024-01-25,Loyal Customer
C003384,Neha Rao,Female,58,Indore,Madhya Pradesh,2024-03-11,Regular Customer
C003385,Riya Bhosale,Male,52,Kanpur,Uttar Pradesh,2024-03-10,Occasional Customer
C003386,Rahul Iyer,Male,58,Bengaluru,Karnataka,2024-01-15,Loyal Customer
C003387,Vikas Banerjee,Male,58,Surat,Gujarat,2024-01-29,New Customer
C003388,Manish Sawant,Female,46,Chennai,Tamil Nadu,2024-01-05,Regular Customer
C003389,Vikas Mishra,Female,41,Latur,Maharashtra,2024-02-16,Regular Customer
C003390,Harsh Das,Female,21,Indore,Madhya Pradesh,2024-07-07,Regular Customer
C003391,Aarav Verma,Female,38,Lucknow,Uttar Pradesh,2024-01-05,Loyal Customer
C003392,Akash Sharma,Female,56,Lucknow,Uttar Pradesh,2024-05-01,Occasional Customer
C003393,Gaurav Jadhav,Female,24,Jaipur,Rajasthan,2024-01-03,New Customer
C003394,Aditi Rao,Male,40,Chennai,Tamil Nadu,2024-02-17,Loyal Customer
C003395,Aditi Shinde,Female,57,Chennai,Tamil Nadu,2024-02-19,Loyal Customer
C003396,Arjun Menon,Female,38,Kanpur,Uttar Pradesh,2024-01-03,Regular Customer
C003397,Sameer Pawar,Female,18,Latur,Maharashtra,2024-01-01,Regular Customer
C003398,Ayush Rao,Female,58,Nashik,Maharashtra,2024-04-14,Occasional Customer
C003399,Arjun Jadhav,Male,42,Latur,Maharashtra,2024-02-16,New Customer
C003400,Sneha Patil,Female,48,Delhi,Delhi,2024-01-23,Regular Customer
C003401,Riya Das,Male,61,Mumbai,Maharashtra,2024-01-24,Loyal Customer
C003402,Ayush Shinde,Male,55,Kolkata,West Bengal,2024-01-11,Regular Customer
C003403,Sakshi Gupta,Male,62,Delhi,Delhi,2024-02-01,Loyal Customer
C003404,Aditi Kadam,Female,22,Lucknow,Uttar Pradesh,2024-02-23,New Customer
C003405,Sneha Thakur,Female,48,Bhopal,Madhya Pradesh,2024-02-08,Loyal Customer
C003406,Akash Shah,Female,18,Indore,Madhya Pradesh,2024-01-10,Regular Customer
C003407,Sonia Rao,Female,47,Lucknow,Uttar Pradesh,2024-01-24,Occasional Customer
C003408,Rohan Gupta,Male,35,Patna,Bihar,2024-01-10,Regular Customer
C003409,Sonia Joshi,Female,25,Surat,Gujarat,2024-01-08,Occasional Customer
C003410,Rohan Reddy,Female,43,Bhopal,Madhya Pradesh,2024-03-08,Regular Customer
C003411,Manish Gaikwad,Female,57,Lucknow,Uttar Pradesh,2024-01-07,Regular Customer
C003412,Anjali Verma,Male,32,Kolkata,West Bengal,2024-01-01,Loyal Customer
C003413,Sameer Das,Female,36,Kolkata,West Bengal,2024-08-02,Occasional Customer
C003414,Sameer Nair,Female,27,Nashik,Maharashtra,2024-01-04,Regular Customer
C003415,Ayush Nair,Female,41,Hyderabad,Telangana,2024-01-28,Regular Customer
C003416,Rahul Patil,Female,33,Ahmedabad,Gujarat,2024-01-09,Loyal Customer
C003417,Vivek Gaikwad,Female,60,Nagpur,Maharashtra,2024-01-05,Regular Customer
C003418,Gaurav Bhosale,Female,48,Jaipur,Rajasthan,2025-11-25,New Customer
C003419,Sameer Rao,Female,61,Bengaluru,Karnataka,2024-01-01,Loyal Customer
C003420,Deepak Gupta,Female,33,Warangal,Telangana,2024-01-10,Occasional Customer
C003421,Aditi Sharma,Male,33,Kanpur,Uttar Pradesh,2024-01-07,Regular Customer
C003422,Rohan More,Female,45,Ahmedabad,Gujarat,2024-01-01,Regular Customer
C003423,Aniket Shah,Female,37,Indore,Madhya Pradesh,2024-11-08,Occasional Customer
C003424,Sonia Menon,Female,52,Indore,Madhya Pradesh,2024-02-18,Regular Customer
C003425,Sonia Mishra,Male,26,Indore,Madhya Pradesh,2025-06-22,Occasional Customer
C003426,Isha Banerjee,Male,57,Mumbai,Maharashtra,2024-02-25,Occasional Customer
C003427,Anjali Kumar,Male,27,Warangal,Telangana,2024-01-26,Occasional Customer
C003428,Pooja Nair,Female,62,Lucknow,Uttar Pradesh,2024-12-18,Occasional Customer
C003429,Riya Reddy,Female,35,Latur,Maharashtra,2026-07-21,New Customer
C003430,Divya Menon,Male,62,Nagpur,Maharashtra,2024-04-07,Regular Customer
C003431,Neha Gupta,Male,62,Aurangabad,Maharashtra,2024-01-28,Loyal Customer
C003432,Rohan Shah,Male,32,Ahmedabad,Gujarat,2024-01-26,Regular Customer
C003433,Aniket Menon,Male,62,Kolkata,West Bengal,2024-01-04,Loyal Customer
C003434,Rohan Shinde,Male,47,Surat,Gujarat,2024-01-04,Occasional Customer
C003435,Ayush Thakur,Male,65,Jaipur,Rajasthan,2024-02-08,Regular Customer
C003436,Ananya Rao,Male,49,Bhopal,Madhya Pradesh,2024-01-18,Occasional Customer
C003437,Aditya Pawar,Male,57,Vadodara,Gujarat,2025-02-12,New Customer
C003438,Ananya Iyer,Male,44,Vadodara,Gujarat,2024-04-24,Regular Customer
C003439,Kavita Kulkarni,Female,44,Delhi,Delhi,2024-01-03,Occasional Customer
C003440,Gaurav Patil,Male,36,Nagpur,Maharashtra,2024-02-11,Regular Customer
C003441,Harsh More,Male,27,Vadodara,Gujarat,2024-01-22,Regular Customer
C003442,Manish More,Male,61,Mysuru,Karnataka,2024-01-08,Regular Customer
C003443,Amit Pawar,Male,63,Mysuru,Karnataka,2025-04-23,Occasional Customer
C003444,Neha Mishra,Male,23,Patna,Bihar,2024-01-05,Regular Customer
C003445,Arjun Sharma,Male,41,Jaipur,Rajasthan,2024-01-01,Regular Customer
C003446,Deepak Thakur,Female,26,Chennai,Tamil Nadu,2024-01-09,Regular Customer
C003447,Riya Kumar,Female,44,Pune,Maharashtra,2024-06-01,Occasional Customer
C003448,Amit Patil,Female,24,Bengaluru,Karnataka,2024-02-12,Regular Customer
C003449,Amit Kumar,Female,23,Nagpur,Maharashtra,2024-01-16,Occasional Customer
C003450,Deepak Shah,Male,50,Kolkata,West Bengal,2024-01-13,Regular Customer
C003451,Aditi Menon,Female,38,Nagpur,Maharashtra,2024-01-27,Loyal Customer
C003452,Vivek Reddy,Male,63,Lucknow,Uttar Pradesh,2026-01-08,New Customer
C003453,Nikhil Banerjee,Female,55,Bhopal,Madhya Pradesh,2024-03-10,New Customer
C003454,Rahul Sawant,Male,61,Warangal,Telangana,2024-01-18,Occasional Customer
C003455,Karan Das,Female,34,Indore,Madhya Pradesh,2024-01-12,Occasional Customer
C003456,Neha Gupta,Female,48,Warangal,Telangana,2024-01-13,Occasional Customer
C003457,Divya Deshmukh,Male,54,Hyderabad,Telangana,2024-01-14,Loyal Customer
C003458,Sameer Nair,Female,28,Hyderabad,Telangana,2024-02-04,Regular Customer
C003459,Deepak Verma,Male,45,Nagpur,Maharashtra,2024-02-07,Regular Customer
C003460,Anjali Pawar,Female,22,Mumbai,Maharashtra,2024-02-01,New Customer
C003461,Kavita Deshmukh,Female,29,Nashik,Maharashtra,2024-01-01,Loyal Customer
C003462,Sameer Verma,Male,20,Aurangabad,Maharashtra,2024-01-11,Occasional Customer
C003463,Ananya Bhosale,Male,58,Mumbai,Maharashtra,2024-01-30,Occasional Customer
C003464,Manish Gupta,Male,55,Kolkata,West Bengal,2024-03-01,Regular Customer
C003465,Gaurav Deshmukh,Female,19,Aurangabad,Maharashtra,2024-06-03,Regular Customer
C003466,Divya Joshi,Male,43,Ahmedabad,Gujarat,2024-03-21,Regular Customer
C003467,Vikas Shinde,Female,19,Warangal,Telangana,2024-02-25,New Customer
C003468,Rahul Chavan,Female,29,Warangal,Telangana,2024-01-02,Loyal Customer
C003469,Deepak Kadam,Male,57,Aurangabad,Maharashtra,2024-01-01,Occasional Customer
C003470,Ayush Shinde,Other,19,Bengaluru,Karnataka,2024-01-02,Occasional Customer
C003471,Sakshi Shah,Female,58,Mumbai,Maharashtra,2024-02-01,Regular Customer
C003472,Kavita Yadav,Male,33,Nashik,Maharashtra,2024-01-04,Occasional Customer
C003473,Manish Banerjee,Male,47,Nagpur,Maharashtra,2024-01-03,Occasional Customer
C003474,Sakshi Reddy,Female,64,Pune,Maharashtra,2024-01-11,Occasional Customer
C003475,Aarav Kulkarni,Male,63,Warangal,Telangana,2024-02-06,Loyal Customer
C003476,Rahul Kadam,Male,53,Bengaluru,Karnataka,2024-01-01,Loyal Customer
C003477,Isha Joshi,Male,21,Pune,Maharashtra,2024-01-07,Occasional Customer
C003478,Vikas Reddy,Female,28,Surat,Gujarat,2024-08-24,Regular Customer
C003479,Nikhil Kumar,Female,41,Surat,Gujarat,2024-01-28,Loyal Customer
C003480,Nikhil Joshi,Female,35,Nashik,Maharashtra,2024-02-09,Loyal Customer
C003481,Aditi Rao,Male,44,Latur,Maharashtra,2024-01-30,Occasional Customer
C003482,Vikas Chavan,Female,54,Delhi,Delhi,2024-02-15,New Customer
C003483,Gaurav Kumar,Female,19,Nagpur,Maharashtra,2024-01-04,Regular Customer
C003484,Sameer Kulkarni,Male,32,Warangal,Telangana,2024-07-11,Regular Customer
C003485,Gaurav More,Male,28,Nagpur,Maharashtra,2024-01-25,Regular Customer
C003486,Manish Iyer,Female,44,Surat,Gujarat,2024-01-02,Occasional Customer
C003487,Ayush Sharma,Female,65,Ahmedabad,Gujarat,2024-01-21,Regular Customer
C003488,Vivek Verma,Female,64,Ahmedabad,Gujarat,2024-04-25,Regular Customer
C003489,Sneha Menon,Female,40,Pune,Maharashtra,2024-01-22,Occasional Customer
C003490,Divya Verma,Female,52,Ahmedabad,Gujarat,2024-01-03,Loyal Customer
C003491,Sameer Verma,Male,47,Lucknow,Uttar Pradesh,2024-01-12,Loyal Customer
C003492,Isha Yadav,Female,64,Latur,Maharashtra,2024-01-28,Regular Customer
C003493,Aditi Sawant,Female,41,Jaipur,Rajasthan,2024-01-27,Loyal Customer
C003494,Vikas Reddy,Other,36,Pune,Maharashtra,2024-03-10,Loyal Customer
C003495,Aniket Chavan,Male,46,Warangal,Telangana,2024-07-27,Occasional Customer
C003496,Kavita Deshmukh,Female,30,Indore,Madhya Pradesh,2024-01-13,Regular Customer
C003497,Akash Pawar,Female,65,Pune,Maharashtra,2024-05-24,Regular Customer
C003498,Sakshi Gupta,Male,40,Mysuru,Karnataka,2024-01-11,Loyal Customer
C003499,Manish Sharma,Male,29,Jaipur,Rajasthan,2024-01-24,Regular Customer
C003500,Pooja Deshmukh,Female,65,Latur,Maharashtra,2024-03-06,Regular Customer
C003501,Aniket Rao,Male,58,Pune,Maharashtra,2024-03-01,Occasional Customer
C003502,Pooja Menon,Female,46,Pune,Maharashtra,2024-01-10,Occasional Customer
C003503,Aniket Mishra,Female,23,Ahmedabad,Gujarat,2024-07-18,New Customer
C003504,Rahul Bhosale,Male,40,Kolkata,West Bengal,2024-05-06,Occasional Customer
C003505,Sneha Kulkarni,Other,48,Pune,Maharashtra,2024-02-06,Occasional Customer
C003506,Aniket Gupta,Female,62,Hyderabad,Telangana,2024-01-24,New Customer
C003507,Sneha Nair,Male,38,Nagpur,Maharashtra,2024-01-16,Occasional Customer
C003508,Vikas Iyer,Male,41,Warangal,Telangana,2024-01-01,Loyal Customer
C003509,Sakshi Bhosale,Female,25,Surat,Gujarat,2024-02-02,Occasional Customer
C003510,Pooja Banerjee,Male,61,Vadodara,Gujarat,2024-01-21,Loyal Customer
C003511,Aditya Iyer,Male,26,Hyderabad,Telangana,2024-01-28,Loyal Customer
C003512,Rahul Jadhav,Male,39,Patna,Bihar,2024-05-23,Occasional Customer
C003513,Aarav Thakur,Male,21,Hyderabad,Telangana,2024-01-27,Loyal Customer
C003514,Riya Chavan,Male,30,Mumbai,Maharashtra,2024-04-11,Regular Customer
C003515,Aditi Deshmukh,Other,51,Indore,Madhya Pradesh,2024-02-27,Occasional Customer
C003516,Aditya Patil,Female,20,Bengaluru,Karnataka,2024-01-02,Loyal Customer
C003517,Ananya Das,Male,54,Patna,Bihar,2024-01-15,Regular Customer
C003518,Arjun Gupta,Male,45,Ahmedabad,Gujarat,2024-02-06,Regular Customer
C003519,Aditya Mehta,Female,43,Patna,Bihar,2024-01-22,Regular Customer
C003520,Sneha Joshi,Male,63,Lucknow,Uttar Pradesh,2024-03-11,Regular Customer
C003521,Vivek More,Female,51,Patna,Bihar,2024-07-25,Occasional Customer
C003522,Harsh Gaikwad,Female,32,Lucknow,Uttar Pradesh,2024-01-03,Regular Customer
C003523,Isha Reddy,Female,25,Vadodara,Gujarat,2024-03-01,Occasional Customer
C003524,Gaurav Bhosale,Male,65,Indore,Madhya Pradesh,2024-01-27,Loyal Customer
C003525,Deepak Sharma,Male,52,Mysuru,Karnataka,2024-01-01,Regular Customer
C003526,Gaurav Rao,Male,41,Mysuru,Karnataka,2025-04-10,Occasional Customer
C003527,Akash Gupta,Male,54,Nashik,Maharashtra,2024-02-02,Loyal Customer
C003528,Aarav Reddy,Male,21,Warangal,Telangana,2024-01-10,Loyal Customer
C003529,Rohan Shah,Female,29,Vadodara,Gujarat,2024-05-05,Occasional Customer
C003530,Aditya Menon,Female,36,Kanpur,Uttar Pradesh,2024-01-07,Occasional Customer
C003531,Rohan Mehta,Female,32,Kanpur,Uttar Pradesh,2024-01-02,Regular Customer
C003532,Aditi Nair,Female,47,Bhopal,Madhya Pradesh,2024-01-19,Loyal Customer
C003533,Sonia Deshmukh,Male,62,Surat,Gujarat,2024-01-29,Regular Customer
C003534,Divya Kumar,Female,54,Bhopal,Madhya Pradesh,2024-02-08,Regular Customer
C003535,Kavita Kulkarni,Male,29,Surat,Gujarat,2024-03-16,Regular Customer
C003536,Ayush Das,Male,36,Kanpur,Uttar Pradesh,2026-05-27,New Customer
C003537,Rahul Sawant,Female,51,Patna,Bihar,2024-04-10,Regular Customer
C003538,Nikhil Deshmukh,Female,24,Kolkata,West Bengal,2024-02-03,Regular Customer
C003539,Ayush Menon,Female,45,Vadodara,Gujarat,2026-04-01,New Customer
C003540,Vivek Thakur,Male,45,Nashik,Maharashtra,2024-01-24,Occasional Customer
C003541,Gaurav Gaikwad,Male,46,Ahmedabad,Gujarat,2024-02-16,Loyal Customer
C003542,Sneha Rao,Male,54,Warangal,Telangana,2024-01-01,Occasional Customer
C003543,Aarav Yadav,Male,37,Bhopal,Madhya Pradesh,2024-01-12,Occasional Customer
C003544,Ananya Gupta,Male,28,Chennai,Tamil Nadu,2024-03-23,Regular Customer
C003545,Anjali Jadhav,Female,56,Surat,Gujarat,2024-01-13,New Customer
C003546,Rohan Gaikwad,Female,59,Pune,Maharashtra,2024-01-01,Loyal Customer
C003547,Sameer Das,Male,40,Bhopal,Madhya Pradesh,2024-01-05,Regular Customer
C003548,Sonia Gupta,Female,63,Pune,Maharashtra,2024-01-22,Loyal Customer
C003549,Ayush Reddy,Male,37,Delhi,Delhi,2024-02-16,Occasional Customer
C003550,Amit Sawant,Female,37,Bengaluru,Karnataka,2024-01-28,Loyal Customer
C003551,Rahul Singh,Male,28,Chennai,Tamil Nadu,2024-01-19,Loyal Customer
C003552,Vivek Das,Female,19,Indore,Madhya Pradesh,2024-05-18,Occasional Customer
C003553,Sonia Iyer,Female,30,Kolkata,West Bengal,2024-03-25,New Customer
C003554,Pooja Kadam,Female,30,Indore,Madhya Pradesh,2024-01-19,Regular Customer
C003555,Aarav Gupta,Male,58,Bhopal,Madhya Pradesh,2024-02-16,Occasional Customer
C003556,Sonia Gupta,Female,32,Vadodara,Gujarat,2024-01-05,Occasional Customer
C003557,Amit Kulkarni,Male,48,Latur,Maharashtra,2024-01-02,Regular Customer
C003558,Aditi Sharma,Male,40,Indore,Madhya Pradesh,2024-01-20,Occasional Customer
C003559,Neha Shah,Male,39,Bhopal,Madhya Pradesh,2025-01-14,Occasional Customer
C003560,Gaurav Gupta,Female,33,Warangal,Telangana,2024-01-27,Loyal Customer
C003561,Manish Deshmukh,Female,59,Bengaluru,Karnataka,2024-02-27,Regular Customer
C003562,Ayush Shinde,Male,46,Latur,Maharashtra,2024-04-12,Regular Customer
C003563,Rohan Iyer,Female,37,Aurangabad,Maharashtra,2024-01-27,Occasional Customer
C003564,Vikas Iyer,Female,45,Chennai,Tamil Nadu,2024-11-16,New Customer
C003565,Divya Shinde,Male,44,Delhi,Delhi,2024-01-16,Occasional Customer
C003566,Harsh Singh,Male,61,Mumbai,Maharashtra,2024-01-01,Loyal Customer
C003567,Pooja Mishra,Male,46,Delhi,Delhi,2024-01-24,Regular Customer
C003568,Kavita Jadhav,Female,22,Lucknow,Uttar Pradesh,2024-01-25,Loyal Customer
C003569,Ananya Pawar,Male,59,Bengaluru,Karnataka,2024-11-11,Occasional Customer
C003570,Anjali Shah,Female,55,Pune,Maharashtra,2024-01-01,Loyal Customer
C003571,Sneha More,Male,55,Chennai,Tamil Nadu,2024-01-07,Loyal Customer
C003572,Aniket Kulkarni,Male,61,Nashik,Maharashtra,2025-11-21,Occasional Customer
C003573,Ananya Rao,Male,19,Nashik,Maharashtra,2024-01-06,Regular Customer
C003574,Sameer Mehta,Male,62,Bhopal,Madhya Pradesh,2024-01-14,Regular Customer
C003575,Sonia Patil,Male,37,Kolkata,West Bengal,2024-03-23,Regular Customer
C003576,Sonia Menon,Male,60,Lucknow,Uttar Pradesh,2024-11-16,Occasional Customer
C003577,Vivek Gupta,Female,64,Ahmedabad,Gujarat,2024-06-29,Occasional Customer
C003578,Isha Reddy,Male,30,Lucknow,Uttar Pradesh,2024-06-10,Regular Customer
C003579,Manish Deshmukh,Female,43,Indore,Madhya Pradesh,2024-02-18,New Customer
C003580,Ayush Rao,Female,52,Latur,Maharashtra,2024-02-27,Occasional Customer
C003581,Aditya More,Female,63,Jaipur,Rajasthan,2024-01-02,Loyal Customer
C003582,Akash Shinde,Female,25,Chennai,Tamil Nadu,2024-04-30,New Customer
C003583,Rohan Mehta,Female,45,Lucknow,Uttar Pradesh,2024-01-14,Loyal Customer
C003584,Karan Chavan,Male,58,Aurangabad,Maharashtra,2025-02-05,New Customer
C003585,Divya Jadhav,Female,32,Indore,Madhya Pradesh,2024-02-10,Regular Customer
C003586,Rahul Reddy,Female,25,Mumbai,Maharashtra,2024-11-29,Occasional Customer
C003587,Anjali Kulkarni,Female,28,Mysuru,Karnataka,2024-08-26,Occasional Customer
C003588,Ayush Shah,Female,46,Kolkata,West Bengal,2024-11-04,Occasional Customer
C003589,Aditya Singh,Female,22,Patna,Bihar,2024-07-28,New Customer
C003590,Aniket Chavan,Male,64,Patna,Bihar,2024-01-20,Occasional Customer
C003591,Karan Thakur,Female,64,Delhi,Delhi,2024-02-16,Occasional Customer
C003592,Deepak Shah,Male,24,Ahmedabad,Gujarat,2024-10-12,Occasional Customer
C003593,Rahul Sawant,Male,35,Aurangabad,Maharashtra,2024-01-04,Occasional Customer
C003594,Riya Mehta,Female,45,Mumbai,Maharashtra,2024-12-12,Occasional Customer
C003595,Amit Mehta,Male,29,Chennai,Tamil Nadu,2024-01-09,Loyal Customer
C003596,Neha Kadam,Male,29,Delhi,Delhi,2024-01-09,Loyal Customer
C003597,Sameer Chavan,Female,53,Indore,Madhya Pradesh,2024-03-29,Regular Customer
C003598,Harsh Pawar,Female,46,Nashik,Maharashtra,2024-01-02,Regular Customer
C003599,Aarav Chavan,Female,28,Kolkata,West Bengal,2024-01-05,Occasional Customer
C003600,Anjali Das,Female,23,Bengaluru,Karnataka,2024-03-10,Loyal Customer
C003601,Anjali Nair,Female,38,Patna,Bihar,2024-02-14,Occasional Customer
C003602,Rohan Reddy,Male,27,Kanpur,Uttar Pradesh,2024-01-29,Occasional Customer
C003603,Harsh More,Female,49,Lucknow,Uttar Pradesh,2024-01-25,Regular Customer
C003604,Sneha Kadam,Male,64,Lucknow,Uttar Pradesh,2024-01-03,Loyal Customer
C003605,Amit Rao,Male,50,Chennai,Tamil Nadu,2024-05-14,New Customer
C003606,Rohan Chavan,Female,34,Aurangabad,Maharashtra,2024-01-14,Regular Customer
C003607,Vikas Yadav,Female,20,Mysuru,Karnataka,2024-02-24,Regular Customer
C003608,Isha Thakur,Male,60,Indore,Madhya Pradesh,2024-02-06,Regular Customer
C003609,Divya Menon,Male,35,Aurangabad,Maharashtra,2024-06-19,Regular Customer
C003610,Ayush Yadav,Female,27,Vadodara,Gujarat,2024-02-26,Occasional Customer
C003611,Manish Kulkarni,Female,58,Jaipur,Rajasthan,2024-02-10,Regular Customer
C003612,Ananya Reddy,Female,56,Hyderabad,Telangana,2024-05-17,Regular Customer
C003613,Nikhil Deshmukh,Male,60,Bengaluru,Karnataka,2024-05-28,Regular Customer
C003614,Sneha More,Female,25,Nagpur,Maharashtra,2024-01-02,Occasional Customer
C003615,Sonia Banerjee,Male,51,Kolkata,West Bengal,2024-01-06,Occasional Customer
C003616,Amit Singh,Male,54,Jaipur,Rajasthan,2024-02-25,Regular Customer
C003617,Manish Shinde,Female,58,Bhopal,Madhya Pradesh,2024-01-13,Loyal Customer
C003618,Arjun Iyer,Female,50,Surat,Gujarat,2026-02-14,New Customer
C003619,Vikas Reddy,Male,27,Nagpur,Maharashtra,2024-02-06,Regular Customer
C003620,Aditya Iyer,Male,57,Chennai,Tamil Nadu,2024-07-06,Regular Customer
C003621,Aditya Singh,Female,35,Bengaluru,Karnataka,2024-02-08,New Customer
C003622,Aarav Mishra,Male,42,Hyderabad,Telangana,2024-12-12,New Customer
C003623,Kavita Reddy,Male,59,Bengaluru,Karnataka,2024-02-22,Loyal Customer
C003624,Aarav Banerjee,Male,58,Ahmedabad,Gujarat,2024-05-10,Regular Customer
C003625,Neha Mehta,Male,53,Bhopal,Madhya Pradesh,2024-06-08,New Customer
C003626,Gaurav Menon,Male,19,Aurangabad,Maharashtra,2024-09-02,Occasional Customer
C003627,Neha Shinde,Female,36,Ahmedabad,Gujarat,2024-01-18,Loyal Customer
C003628,Vivek Patil,Female,27,Nashik,Maharashtra,2024-01-28,Occasional Customer
C003629,Manish More,Female,20,Pune,Maharashtra,2024-02-02,Loyal Customer
C003630,Manish Singh,Female,36,Jaipur,Rajasthan,2024-01-07,Loyal Customer
C003631,Manish Yadav,Female,43,Bengaluru,Karnataka,2024-01-01,Loyal Customer
C003632,Pooja Menon,Female,64,Bengaluru,Karnataka,2024-04-19,Regular Customer
C003633,Amit Kadam,Female,42,Latur,Maharashtra,2024-02-29,Regular Customer
C003634,Gaurav Joshi,Male,34,Delhi,Delhi,2024-01-25,Loyal Customer
C003635,Vikas Menon,Female,27,Vadodara,Gujarat,2024-01-16,Regular Customer
C003636,Neha Iyer,Male,63,Vadodara,Gujarat,2024-01-01,Occasional Customer
C003637,Sonia Sawant,Female,28,Mumbai,Maharashtra,2024-03-05,Regular Customer
C003638,Amit Thakur,Female,28,Nashik,Maharashtra,2024-09-26,Occasional Customer
C003639,Kavita Verma,Female,29,Ahmedabad,Gujarat,2024-07-28,New Customer
C003640,Aditya Gaikwad,Female,57,Ahmedabad,Gujarat,2024-10-02,Occasional Customer
C003641,Divya Verma,Male,65,Ahmedabad,Gujarat,2024-01-10,Loyal Customer
C003642,Aarav Rao,Male,25,Pune,Maharashtra,2024-01-01,Regular Customer
C003643,Anjali Mishra,Male,41,Bengaluru,Karnataka,2024-01-30,Occasional Customer
C003644,Sameer Shah,Male,31,Warangal,Telangana,2024-02-03,Regular Customer
C003645,Rahul Pawar,Male,40,Hyderabad,Telangana,2024-01-07,Regular Customer
C003646,Sakshi Verma,Male,53,Nashik,Maharashtra,2024-02-02,Regular Customer
C003647,Amit Thakur,Male,34,Bhopal,Madhya Pradesh,2024-01-24,Occasional Customer
C003648,Ananya Pawar,Female,62,Nagpur,Maharashtra,2024-02-29,Occasional Customer
C003649,Neha Mehta,Male,22,Latur,Maharashtra,2024-08-12,Occasional Customer
C003650,Rahul Mishra,Male,20,Chennai,Tamil Nadu,2024-01-12,Regular Customer
C003651,Amit Iyer,Male,26,Chennai,Tamil Nadu,2024-03-13,Loyal Customer
C003652,Rohan Yadav,Female,37,Patna,Bihar,2024-01-29,Occasional Customer
C003653,Divya Patil,Male,37,Warangal,Telangana,2024-01-19,Loyal Customer
C003654,Anjali Menon,Female,36,Vadodara,Gujarat,2024-01-05,Occasional Customer
C003655,Karan Joshi,Male,38,Vadodara,Gujarat,2024-03-03,Regular Customer
C003656,Aditya More,Female,33,Mumbai,Maharashtra,2024-01-03,Regular Customer
C003657,Divya Joshi,Female,50,Nashik,Maharashtra,2024-11-13,Occasional Customer
C003658,Aditi Rao,Male,22,Patna,Bihar,2024-01-14,Loyal Customer
C003659,Aniket Verma,Male,41,Delhi,Delhi,2024-02-03,Occasional Customer
C003660,Vivek Das,Male,32,Nagpur,Maharashtra,2024-01-22,Occasional Customer
C003661,Divya Gaikwad,Female,43,Ahmedabad,Gujarat,2024-08-11,Occasional Customer
C003662,Karan Kumar,Male,61,Indore,Madhya Pradesh,2024-11-03,New Customer
C003663,Isha Singh,Female,42,Vadodara,Gujarat,2024-01-23,New Customer
C003664,Aditi Patil,Female,45,Vadodara,Gujarat,2024-01-13,Regular Customer
C003665,Pooja Chavan,Female,50,Mysuru,Karnataka,2024-04-13,Regular Customer
C003666,Akash Nair,Male,63,Patna,Bihar,2024-05-26,Regular Customer
C003667,Kavita Reddy,Male,35,Chennai,Tamil Nadu,2024-09-27,Occasional Customer
C003668,Sneha More,Female,35,Kolkata,West Bengal,2024-02-21,Loyal Customer
C003669,Sneha Iyer,Female,55,Patna,Bihar,2024-01-07,Loyal Customer
C003670,Arjun Mehta,Female,50,Mysuru,Karnataka,2024-06-04,Regular Customer
C003671,Manish Mehta,Female,44,Surat,Gujarat,2025-01-08,Occasional Customer
C003672,Ananya Gaikwad,Female,32,Ahmedabad,Gujarat,2024-06-09,Loyal Customer
C003673,Pooja Gaikwad,Female,61,Aurangabad,Maharashtra,2024-01-17,Regular Customer
C003674,Divya Mehta,Female,30,Latur,Maharashtra,2024-01-26,Occasional Customer
C003675,Pooja Singh,Male,51,Pune,Maharashtra,2026-03-15,New Customer
C003676,Sneha Deshmukh,Female,21,Vadodara,Gujarat,2024-06-15,Regular Customer
C003677,Kavita More,Male,52,Indore,Madhya Pradesh,2024-02-28,Occasional Customer
C003678,Gaurav Kumar,Male,36,Nashik,Maharashtra,2024-01-05,Loyal Customer
C003679,Anjali Verma,Female,48,Surat,Gujarat,2024-03-10,Occasional Customer
C003680,Gaurav Kadam,Male,42,Mysuru,Karnataka,2024-02-04,Regular Customer
C003681,Sneha Mishra,Male,57,Nagpur,Maharashtra,2024-03-06,Occasional Customer
C003682,Divya Yadav,Male,29,Nagpur,Maharashtra,2024-04-21,New Customer
C003683,Sameer Yadav,Female,29,Kolkata,West Bengal,2024-01-03,Loyal Customer
C003684,Vikas Shah,Female,59,Latur,Maharashtra,2024-04-24,Loyal Customer
C003685,Aarav Verma,Female,42,Indore,Madhya Pradesh,2024-01-31,Occasional Customer
C003686,Vikas Jadhav,Male,50,Chennai,Tamil Nadu,2024-01-02,Loyal Customer
C003687,Isha Pawar,Male,54,Vadodara,Gujarat,2024-03-05,Loyal Customer
C003688,Anjali Deshmukh,Male,45,Kanpur,Uttar Pradesh,2024-01-21,Occasional Customer
C003689,Kavita Reddy,Male,60,Delhi,Delhi,2024-01-01,Loyal Customer
C003690,Arjun Shinde,Female,26,Nashik,Maharashtra,2024-01-08,Occasional Customer
C003691,Amit Pawar,Male,31,Latur,Maharashtra,2024-01-19,Loyal Customer
C003692,Ananya Kadam,Male,20,Mumbai,Maharashtra,2024-01-01,Occasional Customer
C003693,Nikhil Nair,Male,22,Kanpur,Uttar Pradesh,2025-06-24,New Customer
C003694,Sneha Kulkarni,Male,43,Jaipur,Rajasthan,2024-01-27,Loyal Customer
C003695,Rahul Joshi,Male,58,Kolkata,West Bengal,2024-01-11,Regular Customer
C003696,Harsh Das,Female,35,Indore,Madhya Pradesh,2024-01-09,Loyal Customer
C003697,Deepak Iyer,Female,55,Warangal,Telangana,2024-01-14,Regular Customer
C003698,Akash Yadav,Female,38,Chennai,Tamil Nadu,2024-02-17,Occasional Customer
C003699,Rahul Yadav,Female,56,Vadodara,Gujarat,2024-02-07,Occasional Customer
C003700,Karan Shinde,Male,33,Patna,Bihar,2024-04-01,Regular Customer
C003701,Neha Pawar,Female,57,Mysuru,Karnataka,2024-02-24,Occasional Customer
C003702,Pooja Banerjee,Female,40,Kolkata,West Bengal,2024-01-03,Regular Customer
C003703,Harsh Sharma,Male,46,Bengaluru,Karnataka,2024-02-13,Regular Customer
C003704,Anjali Patil,Female,27,Pune,Maharashtra,2024-01-05,Regular Customer
C003705,Amit Mehta,Female,22,Aurangabad,Maharashtra,2024-03-26,Occasional Customer
C003706,Neha Pawar,Male,28,Latur,Maharashtra,2024-01-02,Regular Customer
C003707,Amit Reddy,Female,46,Hyderabad,Telangana,2024-07-09,Occasional Customer
C003708,Kavita Patil,Female,62,Patna,Bihar,2024-02-16,Regular Customer
C003709,Vikas Mehta,Female,44,Mumbai,Maharashtra,2024-05-05,Occasional Customer
C003710,Amit Patil,Female,51,Hyderabad,Telangana,2024-06-24,Regular Customer
C003711,Ananya More,Male,31,Kanpur,Uttar Pradesh,2024-01-10,Loyal Customer
C003712,Vivek Pawar,Male,58,Chennai,Tamil Nadu,2024-01-15,Occasional Customer
C003713,Kavita Gaikwad,Female,59,Jaipur,Rajasthan,2024-02-15,Loyal Customer
C003714,Nikhil Mehta,Female,27,Jaipur,Rajasthan,2024-01-29,Regular Customer
C003715,Pooja Sharma,Female,59,Delhi,Delhi,2024-01-11,Loyal Customer
C003716,Vikas Iyer,Male,28,Patna,Bihar,2024-01-01,Loyal Customer
C003717,Rohan Rao,Male,28,Nashik,Maharashtra,2024-01-14,Loyal Customer
C003718,Sneha Sawant,Male,52,Ahmedabad,Gujarat,2024-01-04,Regular Customer
C003719,Aditya Shinde,Male,36,Hyderabad,Telangana,2024-01-02,Occasional Customer
C003720,Isha Shah,Male,41,Nashik,Maharashtra,2024-03-03,Occasional Customer
C003721,Karan Mishra,Male,18,Kolkata,West Bengal,2024-01-02,Loyal Customer
C003722,Karan Pawar,Male,29,Lucknow,Uttar Pradesh,2024-01-01,Loyal Customer
C003723,Anjali Banerjee,Male,64,Bengaluru,Karnataka,2024-01-09,Loyal Customer
C003724,Harsh Shah,Male,31,Delhi,Delhi,2024-02-03,Occasional Customer
C003725,Amit Das,Other,20,Warangal,Telangana,2024-01-25,Loyal Customer
C003726,Neha Banerjee,Female,62,Mumbai,Maharashtra,2025-10-10,New Customer
C003727,Sakshi Pawar,Male,49,Warangal,Telangana,2024-03-04,Regular Customer
C003728,Nikhil Rao,Female,33,Ahmedabad,Gujarat,2024-03-15,Regular Customer
C003729,Kavita More,Female,55,Vadodara,Gujarat,2024-07-25,Occasional Customer
C003730,Ananya Iyer,Female,27,Nashik,Maharashtra,2024-08-20,Occasional Customer
C003731,Rahul Chavan,Male,34,Warangal,Telangana,2024-01-31,Regular Customer
C003732,Vivek Thakur,Male,57,Nagpur,Maharashtra,2024-02-26,Occasional Customer
C003733,Nikhil Mehta,Female,21,Bengaluru,Karnataka,2024-01-20,Regular Customer
C003734,Aditya Joshi,Male,32,Pune,Maharashtra,2024-01-01,Occasional Customer
C003735,Gaurav Gaikwad,Female,50,Pune,Maharashtra,2024-01-01,Loyal Customer
C003736,Amit Kulkarni,Female,56,Ahmedabad,Gujarat,2024-01-01,Loyal Customer
C003737,Aarav Shinde,Other,27,Kolkata,West Bengal,2024-05-12,Occasional Customer
C003738,Kavita Mishra,Male,24,Chennai,Tamil Nadu,2024-02-03,Regular Customer
C003739,Vivek Verma,Male,50,Nashik,Maharashtra,2024-03-14,Loyal Customer
C003740,Rahul Bhosale,Male,34,Warangal,Telangana,2024-01-19,Regular Customer
C003741,Sneha Jadhav,Female,29,Bengaluru,Karnataka,2024-01-06,Regular Customer
C003742,Nikhil Kulkarni,Male,34,Aurangabad,Maharashtra,2024-01-04,Loyal Customer
C003743,Ananya Yadav,Female,64,Kanpur,Uttar Pradesh,2024-01-17,Loyal Customer
C003744,Vikas Shah,Male,33,Bhopal,Madhya Pradesh,2024-01-31,Occasional Customer
C003745,Nikhil Patil,Male,31,Delhi,Delhi,2024-04-13,Occasional Customer
C003746,Vikas Das,Male,20,Kolkata,West Bengal,2024-01-01,Regular Customer
C003747,Manish Verma,Female,61,Vadodara,Gujarat,2024-01-03,Loyal Customer
C003748,Sakshi Kulkarni,Female,47,Bengaluru,Karnataka,2024-01-24,Regular Customer
C003749,Aditya Yadav,Male,63,Indore,Madhya Pradesh,2024-01-13,Regular Customer
C003750,Rahul Jadhav,Female,58,Chennai,Tamil Nadu,2024-10-17,New Customer
C003751,Vikas Shah,Female,52,Hyderabad,Telangana,2024-06-09,Regular Customer
C003752,Manish Banerjee,Female,43,Mysuru,Karnataka,2024-01-05,Regular Customer
C003753,Aarav Singh,Female,29,Mysuru,Karnataka,2024-01-31,Regular Customer
C003754,Sakshi Rao,Male,48,Ahmedabad,Gujarat,2024-01-09,Regular Customer
C003755,Pooja Bhosale,Male,34,Lucknow,Uttar Pradesh,2024-02-13,Regular Customer
C003756,Kavita Bhosale,Female,54,Delhi,Delhi,2024-02-01,Loyal Customer
C003757,Divya Mishra,Male,25,Ahmedabad,Gujarat,2024-01-26,Regular Customer
C003758,Aditi Nair,Male,36,Patna,Bihar,2024-01-30,Regular Customer
C003759,Kavita Bhosale,Male,43,Warangal,Telangana,2025-01-14,New Customer
C003760,Anjali Das,Female,21,Warangal,Telangana,2024-10-24,Occasional Customer
C003761,Karan Das,Male,32,Nashik,Maharashtra,2024-02-04,Regular Customer
C003762,Sakshi Gaikwad,Female,64,Kolkata,West Bengal,2024-01-19,Regular Customer
C003763,Divya Mehta,Male,31,Delhi,Delhi,2024-04-03,Loyal Customer
C003764,Sameer Iyer,Other,47,Delhi,Delhi,2024-01-02,Regular Customer
C003765,Vivek Menon,Male,65,Mumbai,Maharashtra,2024-01-12,Loyal Customer
C003766,Sneha Nair,Female,59,Indore,Madhya Pradesh,2024-07-17,Occasional Customer
C003767,Neha Kulkarni,Female,41,Kolkata,West Bengal,2024-01-01,Regular Customer
C003768,Harsh Jadhav,Female,63,Kanpur,Uttar Pradesh,2024-05-18,Occasional Customer
C003769,Arjun Yadav,Male,60,Latur,Maharashtra,2024-04-11,Regular Customer
C003770,Sakshi Joshi,Female,51,Vadodara,Gujarat,2024-04-03,Regular Customer
C003771,Vivek Mishra,Male,36,Kolkata,West Bengal,2024-01-06,Loyal Customer
C003772,Aditya Sawant,Male,20,Bengaluru,Karnataka,2024-01-05,Loyal Customer
C003773,Nikhil Singh,Female,21,Surat,Gujarat,2024-01-01,Regular Customer
C003774,Manish Bhosale,Female,28,Bhopal,Madhya Pradesh,2024-03-10,Regular Customer
C003775,Arjun Shinde,Female,30,Indore,Madhya Pradesh,2024-02-23,Occasional Customer
C003776,Aarav Nair,Female,35,Bhopal,Madhya Pradesh,2024-01-22,Occasional Customer
C003777,Rohan Das,Male,36,Aurangabad,Maharashtra,2024-08-06,Occasional Customer
C003778,Aarav Mehta,Female,61,Kanpur,Uttar Pradesh,2024-01-05,Loyal Customer
C003779,Kavita Kulkarni,Male,50,Kanpur,Uttar Pradesh,2024-01-14,Regular Customer
C003780,Kavita Sharma,Female,55,Bengaluru,Karnataka,2024-09-02,Regular Customer
C003781,Gaurav Reddy,Female,20,Delhi,Delhi,2024-01-05,Regular Customer
C003782,Aniket Nair,Male,52,Vadodara,Gujarat,2024-04-09,Regular Customer
C003783,Sameer Chavan,Male,18,Mumbai,Maharashtra,2024-01-16,Loyal Customer
C003784,Harsh Kadam,Female,52,Bhopal,Madhya Pradesh,2024-01-11,Occasional Customer
C003785,Akash Jadhav,Male,53,Latur,Maharashtra,2024-01-01,Regular Customer
C003786,Harsh Reddy,Male,55,Pune,Maharashtra,2024-01-03,Loyal Customer
C003787,Neha More,Male,56,Kolkata,West Bengal,2024-06-01,Occasional Customer
C003788,Arjun Mishra,Female,42,Patna,Bihar,2024-03-16,Regular Customer
C003789,Manish Bhosale,Male,57,Surat,Gujarat,2024-02-02,Regular Customer
C003790,Neha Kadam,Male,30,Aurangabad,Maharashtra,2024-03-11,Regular Customer
C003791,Nikhil More,Male,21,Latur,Maharashtra,2025-12-01,Occasional Customer
C003792,Rahul Gaikwad,Male,23,Latur,Maharashtra,2024-01-15,Loyal Customer
C003793,Sakshi Shinde,Female,28,Vadodara,Gujarat,2024-01-16,Regular Customer
C003794,Harsh Gupta,Female,18,Bhopal,Madhya Pradesh,2024-04-21,Occasional Customer
C003795,Sameer Gupta,Male,25,Surat,Gujarat,2024-03-01,Occasional Customer
C003796,Karan Pawar,Female,51,Mysuru,Karnataka,2024-04-23,Occasional Customer
C003797,Divya Gupta,Female,57,Surat,Gujarat,2024-01-25,Occasional Customer
C003798,Manish Yadav,Female,26,Ahmedabad,Gujarat,2024-01-06,Loyal Customer
C003799,Arjun Sawant,Female,53,Nagpur,Maharashtra,2024-09-07,New Customer
C003800,Neha Kadam,Male,56,Latur,Maharashtra,2024-01-04,Loyal Customer
C003801,Sakshi Nair,Male,59,Warangal,Telangana,2024-01-06,Regular Customer
C003802,Gaurav Iyer,Male,54,Chennai,Tamil Nadu,2024-04-08,New Customer
C003803,Amit Mishra,Male,59,Ahmedabad,Gujarat,2024-01-17,Loyal Customer
C003804,Sonia Rao,Female,61,Delhi,Delhi,2024-01-29,Loyal Customer
C003805,Akash Iyer,Male,38,Chennai,Tamil Nadu,2024-01-03,Occasional Customer
C003806,Anjali Thakur,Male,37,Mumbai,Maharashtra,2024-02-10,Regular Customer
C003807,Sameer Nair,Male,55,Indore,Madhya Pradesh,2024-01-12,Regular Customer
C003808,Ananya Kulkarni,Female,18,Jaipur,Rajasthan,2025-07-22,New Customer
C003809,Aniket Verma,Female,52,Delhi,Delhi,2024-03-23,Occasional Customer
C003810,Gaurav Das,Female,45,Ahmedabad,Gujarat,2024-01-12,Loyal Customer
C003811,Deepak Das,Male,24,Bhopal,Madhya Pradesh,2024-02-14,Regular Customer
C003812,Manish Shah,Female,60,Delhi,Delhi,2024-09-22,New Customer
C003813,Riya Rao,Male,61,Chennai,Tamil Nadu,2024-03-25,Regular Customer
C003814,Riya Patil,Male,26,Latur,Maharashtra,2024-02-02,Regular Customer
C003815,Ananya Gaikwad,Male,18,Bengaluru,Karnataka,2024-01-03,Loyal Customer
C003816,Pooja Sharma,Female,53,Jaipur,Rajasthan,2024-01-01,Loyal Customer
C003817,Sameer Deshmukh,Female,51,Nashik,Maharashtra,2024-01-01,Loyal Customer
C003818,Sneha Jadhav,Female,51,Nagpur,Maharashtra,2024-03-17,Occasional Customer
C003819,Karan Kumar,Female,34,Jaipur,Rajasthan,2026-05-18,New Customer
C003820,Nikhil Bhosale,Male,49,Chennai,Tamil Nadu,2024-01-10,Occasional Customer
C003821,Aditya Deshmukh,Male,19,Delhi,Delhi,2024-02-18,Regular Customer
C003822,Arjun Joshi,Male,53,Aurangabad,Maharashtra,2024-01-05,Loyal Customer
C003823,Divya Deshmukh,Female,42,Bhopal,Madhya Pradesh,2024-01-02,Occasional Customer
C003824,Nikhil Patil,Female,60,Lucknow,Uttar Pradesh,2025-10-07,New Customer
C003825,Rohan Gaikwad,Other,43,Latur,Maharashtra,2024-02-05,Regular Customer
C003826,Vivek Gaikwad,Female,62,Vadodara,Gujarat,2024-01-24,Loyal Customer
C003827,Nikhil Reddy,Female,43,Bhopal,Madhya Pradesh,2024-01-27,Loyal Customer
C003828,Kavita Sawant,Female,38,Latur,Maharashtra,2024-03-23,Regular Customer
C003829,Riya Shah,Female,35,Nashik,Maharashtra,2024-04-07,New Customer
C003830,Aditi Menon,Female,46,Chennai,Tamil Nadu,2024-03-02,Occasional Customer
C003831,Sneha Pawar,Female,41,Lucknow,Uttar Pradesh,2024-01-18,Loyal Customer
C003832,Pooja Yadav,Female,64,Pune,Maharashtra,2024-02-22,Occasional Customer
C003833,Isha Sharma,Female,45,Indore,Madhya Pradesh,2024-02-22,Regular Customer
C003834,Aniket Mishra,Male,29,Delhi,Delhi,2024-01-04,Regular Customer
C003835,Rahul Kumar,Male,28,Delhi,Delhi,2024-01-29,Regular Customer
C003836,Sameer Verma,Male,44,Patna,Bihar,2024-01-11,Regular Customer
C003837,Ayush Shinde,Male,40,Jaipur,Rajasthan,2024-01-25,Regular Customer
C003838,Aditi Das,Female,50,Pune,Maharashtra,2025-08-11,New Customer
C003839,Nikhil Verma,Male,33,Pune,Maharashtra,2024-01-20,Loyal Customer
C003840,Kavita Nair,Male,45,Warangal,Telangana,2024-05-08,Occasional Customer
C003841,Anjali Shah,Male,45,Ahmedabad,Gujarat,2024-01-05,Regular Customer
C003842,Ananya Rao,Female,62,Mysuru,Karnataka,2024-02-07,Occasional Customer
C003843,Aditi Kadam,Male,55,Warangal,Telangana,2024-02-15,Occasional Customer
C003844,Anjali Reddy,Male,23,Nashik,Maharashtra,2024-03-10,Occasional Customer
C003845,Aarav Pawar,Male,59,Kolkata,West Bengal,2024-02-21,Regular Customer
C003846,Aditya More,Male,46,Mumbai,Maharashtra,2024-01-14,Loyal Customer
C003847,Sakshi Gaikwad,Female,51,Delhi,Delhi,2024-08-14,Occasional Customer
C003848,Divya Rao,Male,20,Hyderabad,Telangana,2024-01-19,New Customer
C003849,Gaurav Gaikwad,Female,23,Indore,Madhya Pradesh,2024-01-06,Occasional Customer
C003850,Neha Shinde,Female,65,Kanpur,Uttar Pradesh,2024-01-14,Occasional Customer
C003851,Kavita Sharma,Female,55,Bhopal,Madhya Pradesh,2024-02-18,Occasional Customer
C003852,Rohan Nair,Male,30,Vadodara,Gujarat,2024-01-30,Occasional Customer
C003853,Aditya Kumar,Male,53,Vadodara,Gujarat,2024-01-05,Regular Customer
C003854,Aditya Gupta,Male,32,Chennai,Tamil Nadu,2024-02-04,Regular Customer
C003855,Ayush Iyer,Male,23,Bengaluru,Karnataka,2025-10-21,Occasional Customer
C003856,Sneha Gupta,Female,50,Aurangabad,Maharashtra,2024-01-09,Occasional Customer
C003857,Vivek Mehta,Male,58,Mysuru,Karnataka,2024-02-05,Occasional Customer
C003858,Divya Kadam,Male,29,Nashik,Maharashtra,2024-12-27,Occasional Customer
C003859,Sneha More,Female,60,Aurangabad,Maharashtra,2024-01-06,Loyal Customer
C003860,Anjali Shah,Female,30,Mysuru,Karnataka,2024-08-21,New Customer
C003861,Aniket Thakur,Male,50,Delhi,Delhi,2024-02-14,Loyal Customer
C003862,Vivek Gaikwad,Male,45,Patna,Bihar,2024-02-02,Loyal Customer
C003863,Neha Sharma,Male,53,Mysuru,Karnataka,2024-01-05,Regular Customer
C003864,Arjun Pawar,Female,22,Warangal,Telangana,2024-01-18,Regular Customer
C003865,Harsh Verma,Female,42,Pune,Maharashtra,2024-03-24,Regular Customer
C003866,Akash Gupta,Female,34,Warangal,Telangana,2024-01-29,Regular Customer
C003867,Aditya Verma,Female,54,Jaipur,Rajasthan,2024-01-17,Regular Customer
C003868,Ayush Chavan,Female,36,Vadodara,Gujarat,2024-08-16,Occasional Customer
C003869,Akash Das,Male,52,Aurangabad,Maharashtra,2024-02-06,Occasional Customer
C003870,Kavita More,Male,60,Nagpur,Maharashtra,2024-01-01,Regular Customer
C003871,Vikas Gupta,Female,51,Chennai,Tamil Nadu,2024-01-03,Loyal Customer
C003872,Sneha Das,Female,63,Ahmedabad,Gujarat,2024-07-19,New Customer
C003873,Neha More,Male,23,Ahmedabad,Gujarat,2024-02-06,Occasional Customer
C003874,Riya Thakur,Female,36,Mysuru,Karnataka,2024-01-03,New Customer
C003875,Gaurav Mehta,Female,18,Nashik,Maharashtra,2024-05-15,Regular Customer
C003876,Karan Menon,Male,24,Bengaluru,Karnataka,2024-01-23,Loyal Customer
C003877,Anjali Menon,Female,51,Vadodara,Gujarat,2024-05-08,Regular Customer
C003878,Deepak Menon,Male,36,Pune,Maharashtra,2024-01-05,Loyal Customer
C003879,Isha Rao,Male,50,Lucknow,Uttar Pradesh,2024-05-07,Loyal Customer
C003880,Isha Singh,Male,43,Mumbai,Maharashtra,2024-03-08,Loyal Customer
C003881,Neha Mishra,Female,58,Hyderabad,Telangana,2024-02-11,Loyal Customer
C003882,Aarav Yadav,Female,59,Indore,Madhya Pradesh,2024-01-09,Regular Customer
C003883,Akash More,Male,44,Nagpur,Maharashtra,2024-01-15,Regular Customer
C003884,Aditya Gaikwad,Female,55,Kanpur,Uttar Pradesh,2024-02-28,Occasional Customer
C003885,Pooja Das,Female,43,Kanpur,Uttar Pradesh,2024-01-01,Loyal Customer
C003886,Anjali Rao,Female,52,Patna,Bihar,2024-02-15,Occasional Customer
C003887,Riya Joshi,Male,37,Nagpur,Maharashtra,2024-06-12,Regular Customer
C003888,Sameer Chavan,Female,41,Nagpur,Maharashtra,2024-01-25,Regular Customer
C003889,Harsh Kadam,Male,64,Indore,Madhya Pradesh,2024-04-15,Occasional Customer
C003890,Kavita Gupta,Male,38,Hyderabad,Telangana,2024-02-09,Occasional Customer
C003891,Aarav Nair,Male,43,Surat,Gujarat,2024-01-21,Occasional Customer
C003892,Sneha More,Male,37,Indore,Madhya Pradesh,2024-04-23,Regular Customer
C003893,Anjali Sawant,Female,23,Bhopal,Madhya Pradesh,2024-01-23,Occasional Customer
C003894,Aditya Gaikwad,Male,20,Ahmedabad,Gujarat,2024-02-28,Regular Customer
C003895,Rahul Iyer,Male,27,Kanpur,Uttar Pradesh,2024-01-09,Regular Customer
C003896,Sneha Chavan,Female,29,Kanpur,Uttar Pradesh,2024-01-02,Regular Customer
C003897,Aditya Gupta,Female,50,Patna,Bihar,2024-01-10,Regular Customer
C003898,Vivek Pawar,Female,39,Bhopal,Madhya Pradesh,2024-01-03,Regular Customer
C003899,Karan Chavan,Male,33,Nashik,Maharashtra,2024-01-03,Regular Customer
C003900,Divya Shinde,Female,34,Mumbai,Maharashtra,2024-01-25,Loyal Customer
C003901,Vikas Mehta,Male,27,Bhopal,Madhya Pradesh,2026-03-01,New Customer
C003902,Arjun Pawar,Other,29,Mumbai,Maharashtra,2024-03-12,Regular Customer
C003903,Rohan Rao,Female,36,Ahmedabad,Gujarat,2024-01-18,Occasional Customer
C003904,Vivek Kumar,Female,57,Kanpur,Uttar Pradesh,2025-07-18,Occasional Customer
C003905,Aniket Yadav,Male,40,Kanpur,Uttar Pradesh,2024-06-18,Occasional Customer
C003906,Rohan Shinde,Male,57,Mysuru,Karnataka,2024-01-14,Occasional Customer
C003907,Anjali Iyer,Male,27,Delhi,Delhi,2024-10-08,Regular Customer
C003908,Anjali Mishra,Male,27,Bengaluru,Karnataka,2024-01-02,Occasional Customer
C003909,Arjun Shinde,Male,27,Bengaluru,Karnataka,2024-01-01,Loyal Customer
C003910,Anjali Shinde,Female,56,Aurangabad,Maharashtra,2024-01-01,Loyal Customer
C003911,Sneha Joshi,Male,47,Mumbai,Maharashtra,2024-02-10,Loyal Customer
C003912,Sneha Shah,Female,21,Indore,Madhya Pradesh,2024-02-15,Occasional Customer
C003913,Divya Jadhav,Male,18,Vadodara,Gujarat,2024-01-11,Loyal Customer
C003914,Sakshi Kulkarni,Male,60,Pune,Maharashtra,2024-06-16,Regular Customer
C003915,Akash Kumar,Female,36,Ahmedabad,Gujarat,2024-01-23,Occasional Customer
C003916,Aditya Rao,Female,22,Bengaluru,Karnataka,2025-08-01,Occasional Customer
C003917,Rahul Yadav,Male,47,Nashik,Maharashtra,2024-01-03,Regular Customer
C003918,Nikhil Sharma,Male,43,Aurangabad,Maharashtra,2024-03-14,Occasional Customer
C003919,Sakshi Mishra,Female,57,Delhi,Delhi,2024-06-19,Occasional Customer
C003920,Manish Patil,Male,51,Lucknow,Uttar Pradesh,2024-02-25,Occasional Customer
C003921,Sonia Yadav,Male,19,Patna,Bihar,2024-04-11,Regular Customer
C003922,Divya Shah,Female,41,Nagpur,Maharashtra,2024-01-04,Regular Customer
C003923,Deepak Yadav,Male,31,Chennai,Tamil Nadu,2024-01-03,Occasional Customer
C003924,Vikas Singh,Male,58,Lucknow,Uttar Pradesh,2024-01-08,Loyal Customer
C003925,Vikas Mehta,Female,59,Lucknow,Uttar Pradesh,2024-04-28,New Customer
C003926,Sonia More,Female,30,Ahmedabad,Gujarat,2024-02-08,Loyal Customer
C003927,Karan Pawar,Male,46,Hyderabad,Telangana,2024-01-03,Occasional Customer
C003928,Sakshi Kumar,Female,18,Kolkata,West Bengal,2024-01-08,Loyal Customer
C003929,Kavita More,Male,63,Hyderabad,Telangana,2024-01-08,Loyal Customer
C003930,Gaurav Joshi,Female,51,Warangal,Telangana,2024-03-08,Occasional Customer
C003931,Sakshi Mehta,Female,21,Aurangabad,Maharashtra,2024-02-24,Loyal Customer
C003932,Amit Patil,Male,45,Patna,Bihar,2024-04-14,Occasional Customer
C003933,Kavita Das,Male,36,Surat,Gujarat,2024-01-07,Regular Customer
C003934,Harsh Yadav,Male,18,Nashik,Maharashtra,2024-01-14,Loyal Customer
C003935,Manish Patil,Female,53,Mysuru,Karnataka,2024-03-28,Occasional Customer
C003936,Kavita Kadam,Female,60,Kanpur,Uttar Pradesh,2024-01-03,Occasional Customer
C003937,Gaurav Mishra,Male,30,Kolkata,West Bengal,2024-03-12,Regular Customer
C003938,Rahul Menon,Male,59,Bhopal,Madhya Pradesh,2024-02-01,Occasional Customer
C003939,Ananya Thakur,Male,22,Kanpur,Uttar Pradesh,2024-01-17,Occasional Customer
C003940,Akash Nair,Male,50,Ahmedabad,Gujarat,2024-01-10,Loyal Customer
C003941,Kavita Thakur,Male,31,Warangal,Telangana,2024-01-08,Loyal Customer
C003942,Deepak Nair,Female,33,Bengaluru,Karnataka,2024-01-06,Loyal Customer
C003943,Aarav Sharma,Female,49,Jaipur,Rajasthan,2024-01-08,Regular Customer
C003944,Rahul Shinde,Female,44,Lucknow,Uttar Pradesh,2024-01-03,Loyal Customer
C003945,Gaurav Mehta,Female,52,Jaipur,Rajasthan,2024-02-14,Regular Customer
C003946,Akash Chavan,Female,20,Hyderabad,Telangana,2024-01-13,Regular Customer
C003947,Divya Shah,Female,21,Surat,Gujarat,2024-05-10,New Customer
C003948,Sonia More,Female,24,Surat,Gujarat,2025-03-24,New Customer
C003949,Ananya Gupta,Male,30,Nashik,Maharashtra,2024-01-01,Occasional Customer
C003950,Arjun Joshi,Male,58,Kolkata,West Bengal,2024-01-19,Loyal Customer
C003951,Arjun Yadav,Male,20,Nagpur,Maharashtra,2024-11-17,Occasional Customer
C003952,Nikhil Chavan,Female,34,Aurangabad,Maharashtra,2024-02-24,Occasional Customer
C003953,Divya Pawar,Female,64,Mumbai,Maharashtra,2024-01-09,Loyal Customer
C003954,Karan Bhosale,Male,27,Nagpur,Maharashtra,2024-02-14,Regular Customer
C003955,Aniket Bhosale,Female,64,Kolkata,West Bengal,2024-01-12,Regular Customer
C003956,Riya Menon,Female,18,Warangal,Telangana,2024-01-17,Loyal Customer
C003957,Divya Kadam,Male,45,Nashik,Maharashtra,2024-01-08,Regular Customer
C003958,Sonia Gaikwad,Male,27,Pune,Maharashtra,2024-01-21,Occasional Customer
C003959,Arjun Thakur,Male,24,Mysuru,Karnataka,2024-04-25,Loyal Customer
C003960,Ananya Mehta,Male,56,Nashik,Maharashtra,2024-02-03,Occasional Customer
C003961,Amit Mehta,Female,20,Nagpur,Maharashtra,2024-05-16,Regular Customer
C003962,Rahul Joshi,Female,24,Pune,Maharashtra,2024-01-01,Loyal Customer
C003963,Sneha Kulkarni,Female,26,Indore,Madhya Pradesh,2025-08-02,New Customer
C003964,Rohan More,Female,57,Patna,Bihar,2024-01-03,Occasional Customer
C003965,Sameer Joshi,Female,52,Kanpur,Uttar Pradesh,2024-03-04,Occasional Customer
C003966,Manish Bhosale,Female,43,Ahmedabad,Gujarat,2024-07-07,Occasional Customer
C003967,Sonia Gaikwad,Female,22,Aurangabad,Maharashtra,2024-02-24,Occasional Customer
C003968,Aniket Jadhav,Female,30,Patna,Bihar,2024-02-25,Regular Customer
C003969,Sameer Iyer,Female,62,Bengaluru,Karnataka,2024-01-25,Regular Customer
C003970,Amit Yadav,Male,47,Vadodara,Gujarat,2024-01-11,Regular Customer
C003971,Sameer Sharma,Female,57,Latur,Maharashtra,2024-02-27,Occasional Customer
C003972,Ananya Bhosale,Male,56,Aurangabad,Maharashtra,2024-05-12,New Customer
C003973,Karan Jadhav,Female,27,Mysuru,Karnataka,2024-06-08,Occasional Customer
C003974,Vikas Mishra,Male,59,Warangal,Telangana,2024-01-01,Regular Customer
C003975,Pooja Verma,Male,40,Hyderabad,Telangana,2024-01-02,Loyal Customer
C003976,Manish Iyer,Female,28,Hyderabad,Telangana,2024-01-05,Regular Customer
C003977,Deepak Das,Male,29,Latur,Maharashtra,2024-03-24,Loyal Customer
C003978,Karan Sawant,Male,30,Patna,Bihar,2024-01-23,Occasional Customer
C003979,Arjun Gupta,Male,57,Kanpur,Uttar Pradesh,2024-01-03,Regular Customer
C003980,Sonia Mehta,Female,63,Nagpur,Maharashtra,2024-02-26,Loyal Customer
C003981,Aditi Gaikwad,Female,33,Lucknow,Uttar Pradesh,2024-04-17,Loyal Customer
C003982,Akash Nair,Female,26,Vadodara,Gujarat,2024-01-29,New Customer
C003983,Ananya Patil,Female,27,Kolkata,West Bengal,2024-11-20,Regular Customer
C003984,Aniket Banerjee,Male,46,Nashik,Maharashtra,2024-01-03,Loyal Customer
C003985,Arjun Yadav,Male,26,Chennai,Tamil Nadu,2024-01-07,Occasional Customer
C003986,Sneha Reddy,Male,50,Latur,Maharashtra,2024-01-02,Loyal Customer
C003987,Akash Thakur,Female,41,Lucknow,Uttar Pradesh,2024-02-24,Regular Customer
C003988,Rohan Chavan,Female,52,Nashik,Maharashtra,2024-03-20,Regular Customer
C003989,Arjun Kadam,Male,28,Kolkata,West Bengal,2024-01-12,Loyal Customer
C003990,Divya Gupta,Male,56,Bengaluru,Karnataka,2024-01-11,Loyal Customer
C003991,Manish Kumar,Male,30,Aurangabad,Maharashtra,2024-01-31,Loyal Customer
C003992,Sameer More,Female,40,Ahmedabad,Gujarat,2024-01-01,Regular Customer
C003993,Divya Sharma,Male,42,Bhopal,Madhya Pradesh,2025-01-09,New Customer
C003994,Harsh Kulkarni,Male,33,Aurangabad,Maharashtra,2024-09-12,Regular Customer
C003995,Divya Mishra,Male,65,Jaipur,Rajasthan,2024-01-12,Occasional Customer
C003996,Rahul Shah,Female,38,Lucknow,Uttar Pradesh,2024-04-05,Occasional Customer
C003997,Aniket Mehta,Female,27,Surat,Gujarat,2024-03-21,Loyal Customer
C003998,Neha Reddy,Male,58,Jaipur,Rajasthan,2024-01-27,Regular Customer
C003999,Pooja Gupta,Female,57,Kolkata,West Bengal,2024-01-24,Occasional Customer
C004000,Ananya Menon,Female,36,Vadodara,Gujarat,2024-06-07,Occasional Customer
C004001,Ayush Kadam,Female,52,Nashik,Maharashtra,2024-05-05,Regular Customer
C004002,Deepak Rao,Male,45,Hyderabad,Telangana,2024-01-20,Regular Customer
C004003,Kavita Yadav,Female,58,Jaipur,Rajasthan,2024-01-03,Regular Customer
C004004,Sakshi Iyer,Male,19,Vadodara,Gujarat,2024-03-01,Occasional Customer
C004005,Isha Singh,Male,47,Patna,Bihar,2024-02-14,Loyal Customer
C004006,Aditya Gaikwad,Female,57,Vadodara,Gujarat,2025-03-14,New Customer
C004007,Nikhil Sawant,Male,57,Patna,Bihar,2024-10-12,New Customer
C004008,Isha Reddy,Male,22,Warangal,Telangana,2024-01-07,Regular Customer
C004009,Amit Mishra,Male,55,Indore,Madhya Pradesh,2024-01-22,New Customer
C004010,Ananya Reddy,Male,59,Jaipur,Rajasthan,2024-02-01,Occasional Customer
C004011,Sameer Kumar,Male,32,Mysuru,Karnataka,2024-02-22,Loyal Customer
C004012,Deepak Bhosale,Male,53,Mysuru,Karnataka,2024-01-18,Loyal Customer
C004013,Pooja Shah,Female,20,Pune,Maharashtra,2024-01-03,Regular Customer
C004014,Neha Gaikwad,Female,41,Bengaluru,Karnataka,2024-01-11,Regular Customer
C004015,Sonia Kumar,Male,58,Indore,Madhya Pradesh,2024-01-02,Regular Customer
C004016,Aditya Deshmukh,Female,65,Delhi,Delhi,2024-01-07,Regular Customer
C004017,Ananya Chavan,Female,65,Mysuru,Karnataka,2024-02-17,Loyal Customer
C004018,Anjali Chavan,Male,64,Vadodara,Gujarat,2024-01-11,Loyal Customer
C004019,Deepak Reddy,Male,58,Indore,Madhya Pradesh,2024-03-05,Occasional Customer
C004020,Ayush Nair,Female,29,Nashik,Maharashtra,2024-01-30,Regular Customer
C004021,Arjun Shah,Female,25,Jaipur,Rajasthan,2024-01-11,Occasional Customer
C004022,Pooja Gaikwad,Male,31,Kanpur,Uttar Pradesh,2024-01-02,Regular Customer
C004023,Arjun Singh,Male,35,Kolkata,West Bengal,2025-06-15,New Customer
C004024,Isha Menon,Female,61,Patna,Bihar,2025-02-07,New Customer
C004025,Sonia Kadam,Other,63,Aurangabad,Maharashtra,2024-02-27,Occasional Customer
C004026,Rohan Mehta,Male,37,Latur,Maharashtra,2024-01-01,Loyal Customer
C004027,Kavita Thakur,Other,40,Indore,Madhya Pradesh,2024-09-17,Occasional Customer
C004028,Harsh Pawar,Male,22,Mumbai,Maharashtra,2024-01-13,Regular Customer
C004029,Ananya Mishra,Male,18,Lucknow,Uttar Pradesh,2024-02-23,Regular Customer
C004030,Aarav Jadhav,Male,62,Nashik,Maharashtra,2024-01-06,Loyal Customer
C004031,Rohan Joshi,Female,63,Indore,Madhya Pradesh,2024-04-13,Occasional Customer
C004032,Rahul More,Male,19,Bengaluru,Karnataka,2024-01-01,Loyal Customer
C004033,Rohan Nair,Male,33,Pune,Maharashtra,2025-01-31,New Customer
C004034,Rohan Deshmukh,Female,22,Warangal,Telangana,2024-01-23,Occasional Customer
C004035,Aniket Pawar,Other,39,Kolkata,West Bengal,2024-04-12,Occasional Customer
C004036,Gaurav Kulkarni,Male,18,Hyderabad,Telangana,2024-01-02,Loyal Customer
C004037,Akash Deshmukh,Male,29,Latur,Maharashtra,2025-11-28,New Customer
C004038,Vivek Singh,Female,36,Mumbai,Maharashtra,2024-01-09,Regular Customer
C004039,Karan Gupta,Female,39,Kolkata,West Bengal,2024-03-11,Regular Customer
C004040,Aditi Sharma,Male,59,Hyderabad,Telangana,2024-01-05,Loyal Customer
C004041,Sakshi Gaikwad,Female,61,Indore,Madhya Pradesh,2024-01-05,Loyal Customer
C004042,Kavita Menon,Male,65,Pune,Maharashtra,2024-01-08,Loyal Customer
C004043,Aditya Kulkarni,Female,34,Bengaluru,Karnataka,2024-04-23,Regular Customer
C004044,Arjun Shah,Male,30,Bengaluru,Karnataka,2024-02-22,Occasional Customer
C004045,Amit Deshmukh,Female,56,Ahmedabad,Gujarat,2025-03-28,Occasional Customer
C004046,Pooja Kumar,Male,45,Latur,Maharashtra,2024-09-18,Occasional Customer
C004047,Vikas Gaikwad,Female,20,Latur,Maharashtra,2024-02-04,Occasional Customer
C004048,Ayush Joshi,Female,22,Kanpur,Uttar Pradesh,2024-03-20,Regular Customer
C004049,Anjali Iyer,Male,53,Kanpur,Uttar Pradesh,2024-01-19,Occasional Customer
C004050,Ayush Thakur,Female,32,Patna,Bihar,2024-03-01,Occasional Customer
C004051,Pooja Jadhav,Male,34,Nagpur,Maharashtra,2024-02-29,Occasional Customer
C004052,Amit Verma,Female,61,Indore,Madhya Pradesh,2024-01-11,Occasional Customer
C004053,Sneha Pawar,Female,63,Indore,Madhya Pradesh,2024-02-12,Regular Customer
C004054,Aarav Patil,Female,46,Chennai,Tamil Nadu,2024-06-12,Occasional Customer
C004055,Rahul Kadam,Female,21,Jaipur,Rajasthan,2024-05-28,Regular Customer
C004056,Sonia Kumar,Female,49,Kolkata,West Bengal,2024-01-04,Regular Customer
C004057,Deepak Mishra,Male,60,Ahmedabad,Gujarat,2024-04-16,Occasional Customer
C004058,Karan Thakur,Male,55,Mumbai,Maharashtra,2025-01-05,Occasional Customer
C004059,Sonia Gupta,Female,21,Indore,Madhya Pradesh,2024-01-01,Regular Customer
C004060,Vivek More,Male,30,Nagpur,Maharashtra,2024-01-19,Occasional Customer
C004061,Manish Thakur,Female,37,Kolkata,West Bengal,2024-01-04,Occasional Customer
C004062,Amit Nair,Female,64,Nashik,Maharashtra,2024-01-14,Loyal Customer
C004063,Manish Pawar,Male,35,Nashik,Maharashtra,2024-05-10,Regular Customer
C004064,Neha Shah,Male,59,Bhopal,Madhya Pradesh,2024-01-01,Regular Customer
C004065,Isha Reddy,Male,54,Indore,Madhya Pradesh,2024-03-05,Loyal Customer
C004066,Rohan Reddy,Female,29,Lucknow,Uttar Pradesh,2025-05-09,Occasional Customer
C004067,Vikas Mehta,Male,42,Delhi,Delhi,2024-06-03,Occasional Customer
C004068,Harsh Verma,Male,47,Kanpur,Uttar Pradesh,2024-01-10,Regular Customer
C004069,Pooja Reddy,Female,32,Nagpur,Maharashtra,2024-03-05,Regular Customer
C004070,Manish Sawant,Female,53,Warangal,Telangana,2026-07-16,New Customer
C004071,Vivek Kadam,Female,25,Surat,Gujarat,2024-01-16,Loyal Customer
C004072,Karan Gupta,Female,45,Mumbai,Maharashtra,2024-06-09,Occasional Customer
C004073,Anjali Das,Female,39,Surat,Gujarat,2024-10-05,New Customer
C004074,Aditya Thakur,Male,55,Pune,Maharashtra,2024-01-14,Loyal Customer
C004075,Ayush Kadam,Female,33,Nashik,Maharashtra,2024-03-19,Occasional Customer
C004076,Harsh More,Male,22,Lucknow,Uttar Pradesh,2024-01-02,Loyal Customer
C004077,Amit Sawant,Female,63,Latur,Maharashtra,2024-06-06,New Customer
C004078,Aarav Sharma,Female,51,Mumbai,Maharashtra,2024-04-17,Regular Customer
C004079,Kavita Banerjee,Female,55,Indore,Madhya Pradesh,2024-02-18,Regular Customer
C004080,Sakshi Mishra,Male,28,Warangal,Telangana,2024-01-18,Regular Customer
C004081,Amit Kadam,Male,19,Lucknow,Uttar Pradesh,2024-01-02,Occasional Customer
C004082,Ayush Yadav,Female,42,Patna,Bihar,2024-05-01,Occasional Customer
C004083,Manish Sharma,Male,42,Mumbai,Maharashtra,2024-01-08,Occasional Customer
C004084,Riya Kumar,Female,18,Aurangabad,Maharashtra,2024-01-05,Occasional Customer
C004085,Karan Menon,Female,48,Jaipur,Rajasthan,2024-02-06,New Customer
C004086,Karan Sawant,Female,22,Latur,Maharashtra,2024-01-03,Loyal Customer
C004087,Aarav Menon,Female,57,Warangal,Telangana,2024-01-01,Regular Customer
C004088,Harsh Das,Female,21,Ahmedabad,Gujarat,2025-12-25,New Customer
C004089,Ayush Shah,Male,22,Jaipur,Rajasthan,2024-03-22,Regular Customer
C004090,Anjali Das,Male,22,Nagpur,Maharashtra,2024-04-20,Occasional Customer
C004091,Aarav Gupta,Female,33,Lucknow,Uttar Pradesh,2024-01-02,Loyal Customer
C004092,Divya Shinde,Female,35,Chennai,Tamil Nadu,2024-02-08,Loyal Customer
C004093,Harsh Singh,Female,60,Jaipur,Rajasthan,2024-02-17,Regular Customer
C004094,Manish Bhosale,Female,34,Delhi,Delhi,2024-01-23,Regular Customer
C004095,Gaurav Joshi,Male,52,Mysuru,Karnataka,2024-01-11,Regular Customer
C004096,Ananya Nair,Male,35,Kanpur,Uttar Pradesh,2024-01-12,Regular Customer
C004097,Rohan Reddy,Male,21,Nashik,Maharashtra,2024-01-09,New Customer
C004098,Gaurav Banerjee,Female,48,Chennai,Tamil Nadu,2024-01-10,Regular Customer
C004099,Gaurav Joshi,Male,48,Pune,Maharashtra,2024-04-10,Loyal Customer
C004100,Arjun Deshmukh,Male,26,Vadodara,Gujarat,2024-03-29,Occasional Customer
C004101,Harsh Reddy,Female,48,Lucknow,Uttar Pradesh,2024-01-01,Loyal Customer
C004102,Anjali Verma,Male,22,Aurangabad,Maharashtra,2025-02-13,Occasional Customer
C004103,Sakshi Das,Female,53,Warangal,Telangana,2024-06-17,Occasional Customer
C004104,Vivek Shah,Male,33,Hyderabad,Telangana,2024-01-12,Regular Customer
C004105,Sameer Nair,Male,59,Surat,Gujarat,2024-05-21,New Customer
C004106,Rahul More,Male,58,Nagpur,Maharashtra,2024-02-06,Occasional Customer
C004107,Ayush Reddy,Female,33,Bhopal,Madhya Pradesh,2024-02-15,Occasional Customer
C004108,Rohan Gupta,Male,37,Jaipur,Rajasthan,2024-03-04,Occasional Customer
C004109,Sameer More,Male,47,Lucknow,Uttar Pradesh,2024-01-02,Loyal Customer
C004110,Harsh Shinde,Male,43,Lucknow,Uttar Pradesh,2024-12-09,Occasional Customer
C004111,Sonia Deshmukh,Male,48,Bhopal,Madhya Pradesh,2024-06-05,New Customer
C004112,Ananya Jadhav,Female,32,Kanpur,Uttar Pradesh,2024-03-04,Regular Customer
C004113,Ayush Kulkarni,Male,58,Jaipur,Rajasthan,2024-04-09,Regular Customer
C004114,Pooja Thakur,Female,55,Warangal,Telangana,2024-02-20,Occasional Customer
C004115,Nikhil Thakur,Male,55,Mumbai,Maharashtra,2024-05-19,Occasional Customer
C004116,Arjun Nair,Female,60,Indore,Madhya Pradesh,2024-01-09,Regular Customer
C004117,Nikhil Yadav,Female,37,Chennai,Tamil Nadu,2024-01-11,Regular Customer
C004118,Aniket Chavan,Female,52,Patna,Bihar,2024-03-08,Regular Customer
C004119,Aarav Jadhav,Female,40,Delhi,Delhi,2024-01-05,Regular Customer
C004120,Aditi Gupta,Male,61,Aurangabad,Maharashtra,2024-08-25,New Customer
C004121,Aarav Pawar,Female,64,Chennai,Tamil Nadu,2024-01-08,Regular Customer
C004122,Akash Sawant,Male,56,Indore,Madhya Pradesh,2024-01-01,Regular Customer
C004123,Arjun Jadhav,Male,42,Latur,Maharashtra,2024-01-28,Regular Customer
C004124,Riya Thakur,Female,39,Mumbai,Maharashtra,2024-01-01,Loyal Customer
C004125,Rohan Sharma,Male,64,Aurangabad,Maharashtra,2024-02-29,Occasional Customer
C004126,Anjali Deshmukh,Female,25,Surat,Gujarat,2024-03-19,Occasional Customer
C004127,Amit Sharma,Male,26,Aurangabad,Maharashtra,2024-01-29,Occasional Customer
C004128,Karan Shinde,Female,32,Vadodara,Gujarat,2024-01-11,Occasional Customer
C004129,Deepak Bhosale,Female,65,Mumbai,Maharashtra,2024-03-27,Regular Customer
C004130,Ayush Das,Female,37,Bhopal,Madhya Pradesh,2024-03-16,Regular Customer
C004131,Sameer Yadav,Female,52,Jaipur,Rajasthan,2024-01-26,Loyal Customer
C004132,Divya Thakur,Female,54,Bengaluru,Karnataka,2024-01-02,Loyal Customer
C004133,Riya Das,Female,20,Lucknow,Uttar Pradesh,2025-05-27,New Customer
C004134,Aditi Chavan,Male,51,Vadodara,Gujarat,2024-05-08,Occasional Customer
C004135,Aditya Banerjee,Female,51,Aurangabad,Maharashtra,2024-05-08,Occasional Customer
C004136,Sakshi Jadhav,Male,53,Pune,Maharashtra,2024-01-06,Regular Customer
C004137,Aditi More,Male,52,Kolkata,West Bengal,2024-07-04,Regular Customer
C004138,Sakshi Gaikwad,Male,26,Hyderabad,Telangana,2024-01-05,Loyal Customer
C004139,Aditya Gupta,Male,47,Nashik,Maharashtra,2024-05-15,Occasional Customer
C004140,Karan Pawar,Female,43,Mumbai,Maharashtra,2024-01-09,Regular Customer
C004141,Aniket Singh,Female,29,Ahmedabad,Gujarat,2024-05-21,Occasional Customer
C004142,Sneha More,Female,41,Kanpur,Uttar Pradesh,2024-02-23,Loyal Customer
C004143,Sneha Gaikwad,Female,58,Vadodara,Gujarat,2024-01-01,Loyal Customer
C004144,Sneha Sharma,Male,36,Hyderabad,Telangana,2024-04-13,Regular Customer
C004145,Akash Menon,Male,61,Kolkata,West Bengal,2024-02-21,Regular Customer
C004146,Riya Joshi,Male,33,Surat,Gujarat,2024-01-05,Occasional Customer
C004147,Gaurav Menon,Female,43,Lucknow,Uttar Pradesh,2024-02-25,Regular Customer
C004148,Isha Joshi,Male,40,Vadodara,Gujarat,2024-01-05,Loyal Customer
C004149,Rohan Patil,Female,50,Kanpur,Uttar Pradesh,2024-06-26,Occasional Customer
C004150,Aniket Thakur,Female,59,Bhopal,Madhya Pradesh,2024-01-02,Loyal Customer
C004151,Rohan Menon,Female,47,Mysuru,Karnataka,2024-07-28,Occasional Customer
C004152,Akash Verma,Female,40,Bengaluru,Karnataka,2024-01-26,Occasional Customer
C004153,Rahul Shinde,Female,27,Warangal,Telangana,2024-01-12,Regular Customer
C004154,Karan Gaikwad,Male,53,Mysuru,Karnataka,2025-11-04,New Customer
C004155,Rahul Sawant,Male,48,Indore,Madhya Pradesh,2024-04-03,Occasional Customer
C004156,Vivek Chavan,Female,60,Pune,Maharashtra,2024-01-12,Occasional Customer
C004157,Ananya Reddy,Female,39,Latur,Maharashtra,2024-03-23,Occasional Customer
C004158,Rohan Patil,Female,60,Aurangabad,Maharashtra,2024-01-24,Occasional Customer
C004159,Rohan Kumar,Male,60,Bengaluru,Karnataka,2024-01-20,Occasional Customer
C004160,Manish Verma,Female,55,Aurangabad,Maharashtra,2024-02-20,Occasional Customer
C004161,Akash More,Male,64,Bhopal,Madhya Pradesh,2024-03-12,Regular Customer
C004162,Karan Reddy,Male,19,Kanpur,Uttar Pradesh,2024-01-01,Loyal Customer
C004163,Ayush Shinde,Male,40,Bengaluru,Karnataka,2024-01-24,Regular Customer
C004164,Divya Singh,Male,52,Indore,Madhya Pradesh,2024-05-06,Regular Customer
C004165,Aditi Mishra,Male,54,Indore,Madhya Pradesh,2024-01-16,Occasional Customer
C004166,Rahul Shinde,Male,49,Chennai,Tamil Nadu,2024-01-08,Loyal Customer
C004167,Akash Joshi,Female,60,Hyderabad,Telangana,2024-04-12,Regular Customer
C004168,Pooja Bhosale,Female,29,Nagpur,Maharashtra,2024-02-22,New Customer
C004169,Deepak Sharma,Female,52,Mysuru,Karnataka,2024-06-08,Regular Customer
C004170,Ananya Das,Male,58,Pune,Maharashtra,2024-03-19,Regular Customer
C004171,Arjun Mehta,Female,20,Nagpur,Maharashtra,2024-04-05,Regular Customer
C004172,Akash Gaikwad,Male,51,Jaipur,Rajasthan,2024-05-15,Regular Customer
C004173,Sameer Joshi,Male,55,Pune,Maharashtra,2024-04-18,Occasional Customer
C004174,Aarav Patil,Female,41,Mysuru,Karnataka,2024-01-01,Loyal Customer
C004175,Neha Das,Male,55,Latur,Maharashtra,2024-01-04,Occasional Customer
C004176,Riya Yadav,Female,34,Vadodara,Gujarat,2024-01-08,Loyal Customer
C004177,Riya Shah,Female,57,Delhi,Delhi,2024-01-05,Regular Customer
C004178,Amit Kadam,Female,18,Hyderabad,Telangana,2024-01-26,Regular Customer
C004179,Sakshi Deshmukh,Female,25,Kolkata,West Bengal,2024-01-23,Loyal Customer
C004180,Anjali Pawar,Female,32,Latur,Maharashtra,2024-02-02,Loyal Customer
C004181,Karan Deshmukh,Male,62,Kanpur,Uttar Pradesh,2025-01-29,Occasional Customer
C004182,Rahul Shah,Female,42,Bengaluru,Karnataka,2024-01-04,Loyal Customer
C004183,Deepak Kumar,Male,25,Vadodara,Gujarat,2024-01-01,Loyal Customer
C004184,Sakshi Reddy,Female,49,Kanpur,Uttar Pradesh,2024-04-13,Occasional Customer
C004185,Aditi Patil,Female,30,Chennai,Tamil Nadu,2024-01-03,Regular Customer
C004186,Divya Reddy,Male,63,Lucknow,Uttar Pradesh,2024-01-08,Occasional Customer
C004187,Amit Nair,Female,32,Kanpur,Uttar Pradesh,2024-03-30,Regular Customer
C004188,Manish Das,Male,23,Nagpur,Maharashtra,2024-01-26,Occasional Customer
C004189,Akash Jadhav,Male,50,Kolkata,West Bengal,2024-01-27,Regular Customer
C004190,Karan Joshi,Female,24,Pune,Maharashtra,2024-02-27,Loyal Customer
C004191,Deepak Gupta,Male,50,Patna,Bihar,2024-05-20,New Customer
C004192,Sameer Reddy,Male,64,Pune,Maharashtra,2024-01-04,Loyal Customer
C004193,Sakshi Kadam,Male,46,Vadodara,Gujarat,2024-01-06,New Customer
C004194,Sameer Singh,Female,55,Nagpur,Maharashtra,2024-01-12,Regular Customer
C004195,Isha Iyer,Male,54,Latur,Maharashtra,2024-04-13,Regular Customer
C004196,Aniket Sharma,Male,61,Kolkata,West Bengal,2024-02-05,Loyal Customer
C004197,Riya Gaikwad,Female,49,Mysuru,Karnataka,2024-01-03,Occasional Customer
C004198,Divya Iyer,Male,20,Bengaluru,Karnataka,2024-01-01,Loyal Customer
C004199,Amit More,Male,37,Mumbai,Maharashtra,2024-01-07,Regular Customer
C004200,Vikas Patil,Female,31,Jaipur,Rajasthan,2024-06-01,Occasional Customer
C004201,Karan Nair,Female,45,Latur,Maharashtra,2024-01-31,Regular Customer
C004202,Isha Gupta,Female,55,Bengaluru,Karnataka,2024-01-01,Regular Customer
C004203,Ayush Gupta,Male,21,Nashik,Maharashtra,2024-01-31,Regular Customer
C004204,Riya Yadav,Female,32,Pune,Maharashtra,2024-01-04,Occasional Customer
C004205,Aniket Mehta,Female,34,Nashik,Maharashtra,2026-02-07,New Customer
C004206,Ananya Gupta,Male,54,Mumbai,Maharashtra,2024-02-14,Regular Customer
C004207,Divya Chavan,Male,41,Lucknow,Uttar Pradesh,2024-03-04,Regular Customer
C004208,Rohan Thakur,Other,55,Mysuru,Karnataka,2024-01-06,Regular Customer
C004209,Arjun Mishra,Male,59,Patna,Bihar,2024-01-04,Regular Customer
C004210,Sneha Shah,Female,58,Kolkata,West Bengal,2024-02-07,Regular Customer
C004211,Vivek Mishra,Female,53,Vadodara,Gujarat,2024-01-04,Occasional Customer
C004212,Manish Pawar,Female,58,Lucknow,Uttar Pradesh,2025-01-25,Occasional Customer
C004213,Aditya Verma,Female,25,Jaipur,Rajasthan,2024-02-11,Regular Customer
C004214,Amit Thakur,Male,20,Patna,Bihar,2024-10-11,Occasional Customer
C004215,Ayush Banerjee,Male,47,Vadodara,Gujarat,2024-07-31,Occasional Customer
C004216,Arjun Gupta,Female,39,Nashik,Maharashtra,2024-04-04,New Customer
C004217,Divya Thakur,Female,50,Pune,Maharashtra,2024-01-12,Regular Customer
C004218,Aarav Menon,Female,42,Ahmedabad,Gujarat,2024-01-27,Regular Customer
C004219,Pooja Verma,Other,47,Mumbai,Maharashtra,2024-02-19,Regular Customer
C004220,Gaurav Iyer,Female,54,Indore,Madhya Pradesh,2024-03-20,Occasional Customer
C004221,Ananya Singh,Male,20,Ahmedabad,Gujarat,2024-04-07,Occasional Customer
C004222,Aarav Shah,Female,21,Nashik,Maharashtra,2024-01-01,Regular Customer
C004223,Sonia Kadam,Male,46,Hyderabad,Telangana,2024-01-06,Occasional Customer
C004224,Sakshi Shah,Male,49,Indore,Madhya Pradesh,2025-01-01,Occasional Customer
C004225,Anjali Chavan,Male,40,Bengaluru,Karnataka,2024-01-10,Loyal Customer
C004226,Rohan Deshmukh,Female,36,Nashik,Maharashtra,2025-01-19,New Customer
C004227,Rahul Gupta,Female,32,Lucknow,Uttar Pradesh,2024-01-14,Occasional Customer
C004228,Sneha Gaikwad,Male,33,Mumbai,Maharashtra,2024-01-09,Loyal Customer
C004229,Aniket Verma,Male,40,Mysuru,Karnataka,2024-01-17,Regular Customer
C004230,Rahul Yadav,Female,57,Nashik,Maharashtra,2024-01-13,Occasional Customer
C004231,Sakshi Gupta,Female,63,Bengaluru,Karnataka,2024-01-05,Loyal Customer
C004232,Amit Shah,Female,54,Ahmedabad,Gujarat,2024-03-23,Regular Customer
C004233,Ayush Chavan,Female,18,Surat,Gujarat,2024-07-07,New Customer
C004234,Harsh Reddy,Female,36,Mysuru,Karnataka,2024-05-25,Occasional Customer
C004235,Deepak Kulkarni,Male,54,Latur,Maharashtra,2025-10-13,New Customer
C004236,Akash Verma,Male,52,Jaipur,Rajasthan,2024-02-29,Regular Customer
C004237,Rahul Deshmukh,Male,47,Latur,Maharashtra,2024-01-09,Loyal Customer
C004238,Aditi Banerjee,Female,34,Indore,Madhya Pradesh,2024-01-06,Regular Customer
C004239,Amit Pawar,Male,56,Mysuru,Karnataka,2024-01-12,Loyal Customer
C004240,Sonia Patil,Female,43,Bhopal,Madhya Pradesh,2024-01-02,Regular Customer
C004241,Aniket Kulkarni,Male,30,Vadodara,Gujarat,2024-02-10,Regular Customer
C004242,Karan Shinde,Male,39,Bhopal,Madhya Pradesh,2024-05-03,New Customer
C004243,Akash Patil,Male,63,Nagpur,Maharashtra,2024-01-03,Occasional Customer
C004244,Neha Reddy,Male,40,Kanpur,Uttar Pradesh,2024-04-15,Occasional Customer
C004245,Sneha Gaikwad,Male,61,Patna,Bihar,2024-02-26,Occasional Customer
C004246,Rahul Yadav,Female,60,Kolkata,West Bengal,2024-02-13,Occasional Customer
C004247,Kavita Shah,Male,50,Kolkata,West Bengal,2024-01-04,Loyal Customer
C004248,Riya Mehta,Female,44,Nashik,Maharashtra,2024-02-13,Regular Customer
C004249,Arjun Patil,Male,52,Bengaluru,Karnataka,2024-05-15,Regular Customer
C004250,Divya Joshi,Female,29,Lucknow,Uttar Pradesh,2024-01-22,Regular Customer
C004251,Nikhil Nair,Female,26,Indore,Madhya Pradesh,2024-01-12,Loyal Customer
C004252,Aditya Sharma,Female,51,Delhi,Delhi,2024-03-02,Regular Customer
C004253,Vivek Kumar,Male,31,Bengaluru,Karnataka,2024-01-02,Occasional Customer
C004254,Aniket Reddy,Male,54,Mysuru,Karnataka,2024-04-30,Loyal Customer
C004255,Karan Kumar,Female,20,Bhopal,Madhya Pradesh,2024-02-12,Occasional Customer
C004256,Vikas Banerjee,Male,61,Kanpur,Uttar Pradesh,2024-03-12,New Customer
C004257,Aditya Thakur,Female,61,Ahmedabad,Gujarat,2024-01-09,Loyal Customer
C004258,Sameer Reddy,Male,38,Warangal,Telangana,2024-01-22,Regular Customer
C004259,Aditi Kadam,Female,24,Hyderabad,Telangana,2024-04-23,Occasional Customer
C004260,Manish Iyer,Male,50,Indore,Madhya Pradesh,2024-01-03,Loyal Customer
C004261,Vikas Bhosale,Female,52,Patna,Bihar,2024-01-12,Regular Customer
C004262,Sneha Kadam,Female,28,Kolkata,West Bengal,2024-01-01,Loyal Customer
C004263,Sameer Nair,Male,62,Kanpur,Uttar Pradesh,2024-12-08,New Customer
C004264,Aditi Banerjee,Male,49,Kolkata,West Bengal,2025-04-27,New Customer
C004265,Nikhil More,Male,39,Mumbai,Maharashtra,2024-01-18,Regular Customer
C004266,Kavita Patil,Female,59,Surat,Gujarat,2024-02-29,Loyal Customer
C004267,Rohan Deshmukh,Male,36,Aurangabad,Maharashtra,2024-01-02,Loyal Customer
C004268,Sneha Sawant,Male,53,Delhi,Delhi,2024-01-23,Regular Customer
C004269,Aditya Shinde,Female,54,Jaipur,Rajasthan,2024-01-15,Regular Customer
C004270,Kavita Kulkarni,Male,28,Pune,Maharashtra,2024-02-29,Regular Customer
C004271,Akash Iyer,Male,58,Warangal,Telangana,2024-02-27,Occasional Customer
C004272,Anjali Gupta,Male,30,Delhi,Delhi,2025-03-01,New Customer
C004273,Gaurav Shinde,Female,45,Bhopal,Madhya Pradesh,2024-04-18,Occasional Customer
C004274,Aniket Verma,Female,32,Nagpur,Maharashtra,2024-04-19,Occasional Customer
C004275,Rahul Joshi,Male,30,Mumbai,Maharashtra,2024-01-04,Occasional Customer
C004276,Neha Reddy,Female,60,Delhi,Delhi,2024-02-05,Loyal Customer
C004277,Ananya Gupta,Male,50,Jaipur,Rajasthan,2024-03-06,Regular Customer
C004278,Rohan Gupta,Male,25,Bhopal,Madhya Pradesh,2024-01-29,Regular Customer
C004279,Harsh Iyer,Female,49,Jaipur,Rajasthan,2024-03-01,Loyal Customer
C004280,Akash Menon,Male,54,Mysuru,Karnataka,2024-06-07,Occasional Customer
C004281,Pooja Mehta,Female,65,Bhopal,Madhya Pradesh,2024-02-19,New Customer
C004282,Divya Rao,Female,21,Latur,Maharashtra,2024-01-17,Occasional Customer
C004283,Isha Nair,Female,35,Lucknow,Uttar Pradesh,2024-01-26,Regular Customer
C004284,Rahul Bhosale,Male,40,Nashik,Maharashtra,2024-03-27,Regular Customer
C004285,Vikas Kulkarni,Male,46,Ahmedabad,Gujarat,2024-01-20,Occasional Customer
C004286,Ananya Das,Female,19,Surat,Gujarat,2025-01-23,Occasional Customer
C004287,Ananya Gupta,Male,30,Nagpur,Maharashtra,2024-04-08,Regular Customer
C004288,Gaurav Verma,Female,33,Mysuru,Karnataka,2024-01-09,Regular Customer
C004289,Deepak Rao,Male,25,Latur,Maharashtra,2024-01-16,Loyal Customer
C004290,Ananya Gupta,Male,36,Mumbai,Maharashtra,2025-05-17,Occasional Customer
C004291,Nikhil Thakur,Male,49,Surat,Gujarat,2024-01-16,Regular Customer
C004292,Vivek Kadam,Female,20,Warangal,Telangana,2024-03-09,Occasional Customer
C004293,Vikas Chavan,Female,49,Lucknow,Uttar Pradesh,2024-02-20,Occasional Customer
C004294,Manish Chavan,Male,58,Surat,Gujarat,2024-03-03,Regular Customer
C004295,Sonia Kadam,Female,38,Mysuru,Karnataka,2024-06-22,Occasional Customer
C004296,Harsh Menon,Male,42,Indore,Madhya Pradesh,2024-02-28,Regular Customer
C004297,Pooja Bhosale,Male,34,Bengaluru,Karnataka,2024-02-11,New Customer
C004298,Sneha Iyer,Female,42,Latur,Maharashtra,2024-08-17,Occasional Customer
C004299,Deepak Shah,Female,50,Delhi,Delhi,2024-01-14,Loyal Customer
C004300,Anjali Mehta,Male,48,Hyderabad,Telangana,2024-01-09,Loyal Customer
C004301,Manish Shinde,Male,53,Indore,Madhya Pradesh,2024-02-24,Occasional Customer
C004302,Gaurav Menon,Female,40,Mumbai,Maharashtra,2024-02-27,Regular Customer
C004303,Manish Kumar,Female,64,Vadodara,Gujarat,2024-06-24,New Customer
C004304,Rohan More,Female,61,Aurangabad,Maharashtra,2024-01-02,Loyal Customer
C004305,Divya Thakur,Male,42,Bengaluru,Karnataka,2024-02-16,Regular Customer
C004306,Isha Gaikwad,Female,61,Bhopal,Madhya Pradesh,2024-10-20,New Customer
C004307,Aarav Iyer,Male,65,Patna,Bihar,2024-02-05,Regular Customer
C004308,Aditi Sawant,Female,47,Pune,Maharashtra,2024-01-04,Regular Customer
C004309,Nikhil Sharma,Male,30,Delhi,Delhi,2024-12-10,Occasional Customer
C004310,Kavita Jadhav,Male,60,Latur,Maharashtra,2024-02-16,Loyal Customer
C004311,Vikas Sawant,Male,64,Warangal,Telangana,2024-04-01,Regular Customer
C004312,Aarav Sawant,Female,46,Nashik,Maharashtra,2024-02-05,Regular Customer
C004313,Anjali Shinde,Female,33,Bhopal,Madhya Pradesh,2025-01-10,Occasional Customer
C004314,Sonia Chavan,Male,55,Delhi,Delhi,2024-01-03,Regular Customer
C004315,Aarav Menon,Female,44,Aurangabad,Maharashtra,2024-01-15,Regular Customer
C004316,Sneha Nair,Female,43,Kolkata,West Bengal,2024-03-05,Regular Customer
C004317,Sneha More,Male,28,Bhopal,Madhya Pradesh,2024-01-03,Loyal Customer
C004318,Vivek Gupta,Female,64,Pune,Maharashtra,2024-01-01,Loyal Customer
C004319,Kavita Gupta,Female,54,Vadodara,Gujarat,2024-01-22,Regular Customer
C004320,Neha Kumar,Male,20,Delhi,Delhi,2024-01-05,Regular Customer
C004321,Neha Jadhav,Male,43,Ahmedabad,Gujarat,2024-03-26,Regular Customer
C004322,Akash Patil,Male,51,Nashik,Maharashtra,2024-02-07,Regular Customer
C004323,Isha Kadam,Male,50,Vadodara,Gujarat,2025-02-01,New Customer
C004324,Amit Jadhav,Male,32,Hyderabad,Telangana,2024-01-02,Loyal Customer
C004325,Arjun Kadam,Female,19,Delhi,Delhi,2024-01-09,Loyal Customer
C004326,Vikas Mehta,Female,45,Vadodara,Gujarat,2024-01-14,Regular Customer
C004327,Anjali Joshi,Male,37,Nashik,Maharashtra,2024-01-07,Loyal Customer
C004328,Arjun Das,Female,55,Kolkata,West Bengal,2024-01-24,Loyal Customer
C004329,Ayush Deshmukh,Female,61,Mumbai,Maharashtra,2024-06-15,Occasional Customer
C004330,Neha Gaikwad,Female,33,Nagpur,Maharashtra,2024-01-16,Regular Customer
C004331,Neha Kumar,Male,63,Surat,Gujarat,2024-01-07,Loyal Customer
C004332,Aniket Iyer,Female,21,Latur,Maharashtra,2024-01-19,Loyal Customer
C004333,Aditya Iyer,Female,25,Bhopal,Madhya Pradesh,2024-01-03,Loyal Customer
C004334,Deepak Das,Female,61,Mumbai,Maharashtra,2024-01-04,Regular Customer
C004335,Karan Pawar,Male,63,Latur,Maharashtra,2024-02-18,Regular Customer
C004336,Karan Banerjee,Male,37,Latur,Maharashtra,2024-03-11,Regular Customer
C004337,Vikas Nair,Female,43,Patna,Bihar,2024-01-12,Loyal Customer
C004338,Riya Mehta,Male,49,Jaipur,Rajasthan,2024-01-30,Regular Customer
C004339,Sneha Kumar,Female,30,Aurangabad,Maharashtra,2024-01-05,Occasional Customer
C004340,Akash Shah,Female,22,Indore,Madhya Pradesh,2024-01-13,Occasional Customer
C004341,Pooja Sawant,Male,61,Mysuru,Karnataka,2025-11-13,New Customer
C004342,Aditi Iyer,Female,59,Patna,Bihar,2024-03-01,Regular Customer
C004343,Sameer Mehta,Male,30,Bhopal,Madhya Pradesh,2024-01-03,Regular Customer
C004344,Gaurav Deshmukh,Male,58,Hyderabad,Telangana,2024-01-13,Loyal Customer
C004345,Sakshi Patil,Female,28,Nagpur,Maharashtra,2024-01-04,Occasional Customer
C004346,Vivek Menon,Female,54,Ahmedabad,Gujarat,2024-02-15,Loyal Customer
C004347,Deepak Kadam,Male,49,Kolkata,West Bengal,2024-01-09,Loyal Customer
C004348,Vikas Banerjee,Female,62,Kanpur,Uttar Pradesh,2024-02-25,Loyal Customer
C004349,Harsh Bhosale,Male,59,Lucknow,Uttar Pradesh,2024-03-20,Regular Customer
C004350,Vivek Mishra,Male,35,Nagpur,Maharashtra,2024-02-14,Occasional Customer
C004351,Akash Mishra,Male,46,Nashik,Maharashtra,2024-01-16,Occasional Customer
C004352,Sakshi Joshi,Male,32,Aurangabad,Maharashtra,2024-01-08,Occasional Customer
C004353,Rohan Reddy,Female,37,Mumbai,Maharashtra,2024-02-06,Loyal Customer
C004354,Sonia Shah,Female,61,Nashik,Maharashtra,2024-07-05,Occasional Customer
C004355,Vivek Sharma,Female,53,Chennai,Tamil Nadu,2024-01-10,Occasional Customer
C004356,Pooja Menon,Female,22,Mysuru,Karnataka,2024-02-15,Occasional Customer
C004357,Pooja Gaikwad,Male,57,Patna,Bihar,2024-01-11,Regular Customer
C004358,Aditi Sawant,Male,54,Kanpur,Uttar Pradesh,2024-01-02,Loyal Customer
C004359,Kavita Patil,Female,50,Ahmedabad,Gujarat,2024-01-08,Regular Customer
C004360,Deepak Gupta,Female,35,Surat,Gujarat,2024-07-27,Occasional Customer
C004361,Neha Jadhav,Female,36,Aurangabad,Maharashtra,2024-03-17,Regular Customer
C004362,Deepak Verma,Male,49,Nashik,Maharashtra,2024-01-05,Regular Customer
C004363,Riya Joshi,Male,59,Surat,Gujarat,2024-01-25,Occasional Customer
C004364,Amit Patil,Male,39,Mysuru,Karnataka,2024-01-03,Loyal Customer
C004365,Rahul Iyer,Male,58,Indore,Madhya Pradesh,2024-01-01,Loyal Customer
C004366,Gaurav Thakur,Male,18,Mysuru,Karnataka,2024-01-31,Occasional Customer
C004367,Sakshi Shah,Female,42,Hyderabad,Telangana,2024-01-01,Regular Customer
C004368,Neha Verma,Male,37,Jaipur,Rajasthan,2024-01-28,Loyal Customer
C004369,Aditya Joshi,Female,52,Mumbai,Maharashtra,2024-01-26,Loyal Customer
C004370,Harsh Sawant,Female,62,Indore,Madhya Pradesh,2024-04-03,Regular Customer
C004371,Sameer Gaikwad,Male,23,Patna,Bihar,2024-01-02,Loyal Customer
C004372,Amit Jadhav,Female,23,Bengaluru,Karnataka,2024-11-28,Occasional Customer
C004373,Deepak Deshmukh,Male,54,Latur,Maharashtra,2024-09-24,Occasional Customer
C004374,Karan Mehta,Female,20,Lucknow,Uttar Pradesh,2024-02-03,Regular Customer
C004375,Rohan Patil,Female,54,Ahmedabad,Gujarat,2024-02-27,Regular Customer
C004376,Manish Gaikwad,Female,48,Nagpur,Maharashtra,2024-03-21,New Customer
C004377,Arjun Deshmukh,Female,52,Hyderabad,Telangana,2024-01-01,Loyal Customer
C004378,Gaurav Verma,Male,62,Vadodara,Gujarat,2024-01-03,Occasional Customer
C004379,Harsh Menon,Female,32,Bengaluru,Karnataka,2024-01-28,Regular Customer
C004380,Riya Jadhav,Female,34,Vadodara,Gujarat,2024-01-03,Loyal Customer
C004381,Sakshi Jadhav,Female,32,Aurangabad,Maharashtra,2024-01-08,Loyal Customer
C004382,Karan Gupta,Female,22,Mysuru,Karnataka,2024-01-01,Occasional Customer
C004383,Aniket Yadav,Female,39,Indore,Madhya Pradesh,2024-11-13,Occasional Customer
C004384,Gaurav Reddy,Female,63,Chennai,Tamil Nadu,2024-02-04,Occasional Customer
C004385,Neha Shinde,Male,28,Jaipur,Rajasthan,2024-01-29,Loyal Customer
C004386,Manish Shah,Male,45,Nagpur,Maharashtra,2024-03-14,Loyal Customer
C004387,Rohan Verma,Female,31,Vadodara,Gujarat,2024-05-20,New Customer
C004388,Anjali Joshi,Female,56,Bengaluru,Karnataka,2024-01-02,Loyal Customer
C004389,Aditya More,Female,20,Kolkata,West Bengal,2024-03-10,Loyal Customer
C004390,Sakshi Bhosale,Male,59,Aurangabad,Maharashtra,2024-02-07,Regular Customer
C004391,Deepak Rao,Male,28,Ahmedabad,Gujarat,2024-09-14,Occasional Customer
C004392,Vivek Mehta,Female,47,Surat,Gujarat,2024-01-01,Loyal Customer
C004393,Aditya Kulkarni,Female,55,Kanpur,Uttar Pradesh,2024-04-22,Occasional Customer
C004394,Rahul Bhosale,Female,22,Kolkata,West Bengal,2024-01-13,Regular Customer
C004395,Harsh Kadam,Male,39,Jaipur,Rajasthan,2024-01-02,New Customer
C004396,Divya Shinde,Male,30,Ahmedabad,Gujarat,2024-01-10,Loyal Customer
C004397,Deepak Kadam,Male,61,Indore,Madhya Pradesh,2024-02-24,Occasional Customer
C004398,Nikhil Reddy,Male,38,Warangal,Telangana,2024-04-04,Occasional Customer
C004399,Aarav Menon,Other,54,Patna,Bihar,2024-08-05,Occasional Customer
C004400,Ayush Pawar,Male,42,Pune,Maharashtra,2024-01-01,Occasional Customer
C004401,Divya Shah,Male,38,Aurangabad,Maharashtra,2024-01-10,Regular Customer
C004402,Sneha Das,Male,45,Latur,Maharashtra,2024-01-01,Loyal Customer
C004403,Isha Shah,Male,58,Chennai,Tamil Nadu,2024-01-01,Loyal Customer
C004404,Amit Thakur,Female,21,Bhopal,Madhya Pradesh,2024-04-19,Occasional Customer
C004405,Aditi Kumar,Male,46,Vadodara,Gujarat,2024-01-15,Occasional Customer
C004406,Sneha Joshi,Male,64,Vadodara,Gujarat,2024-01-12,New Customer
C004407,Aniket Rao,Female,52,Mumbai,Maharashtra,2024-01-19,Regular Customer
C004408,Divya Jadhav,Male,40,Indore,Madhya Pradesh,2024-01-04,Regular Customer
C004409,Sakshi Iyer,Female,24,Delhi,Delhi,2024-02-17,Regular Customer
C004410,Sonia Deshmukh,Male,63,Mysuru,Karnataka,2024-01-10,Loyal Customer
C004411,Akash Iyer,Female,63,Lucknow,Uttar Pradesh,2024-01-04,Regular Customer
C004412,Aditi Joshi,Male,26,Surat,Gujarat,2025-05-02,New Customer
C004413,Nikhil Kumar,Male,40,Mysuru,Karnataka,2024-04-02,Loyal Customer
C004414,Amit Mishra,Female,20,Kolkata,West Bengal,2024-01-12,Loyal Customer
C004415,Sneha Banerjee,Male,26,Lucknow,Uttar Pradesh,2024-02-19,Occasional Customer
C004416,Ayush Sharma,Female,21,Nashik,Maharashtra,2024-01-10,Loyal Customer
C004417,Deepak Nair,Male,42,Pune,Maharashtra,2024-01-02,Occasional Customer
C004418,Sameer Kulkarni,Female,23,Bengaluru,Karnataka,2024-01-08,Occasional Customer
C004419,Ayush Thakur,Female,65,Mysuru,Karnataka,2024-02-29,Occasional Customer
C004420,Karan Sharma,Male,35,Delhi,Delhi,2024-02-12,Loyal Customer
C004421,Deepak Shinde,Male,62,Surat,Gujarat,2024-04-29,Regular Customer
C004422,Rohan Gupta,Female,24,Hyderabad,Telangana,2024-01-10,Regular Customer
C004423,Aniket Shinde,Female,52,Kolkata,West Bengal,2024-01-09,Loyal Customer
C004424,Manish Verma,Male,48,Vadodara,Gujarat,2024-01-01,Regular Customer
C004425,Sakshi More,Male,55,Lucknow,Uttar Pradesh,2024-01-12,Loyal Customer
C004426,Manish Yadav,Male,49,Vadodara,Gujarat,2024-01-01,Regular Customer
C004427,Nikhil Iyer,Male,52,Kolkata,West Bengal,2024-06-15,Occasional Customer
C004428,Amit Nair,Female,45,Warangal,Telangana,2024-01-01,Regular Customer
C004429,Riya Rao,Female,61,Delhi,Delhi,2024-01-01,Loyal Customer
C004430,Aarav Gaikwad,Female,22,Bengaluru,Karnataka,2024-01-18,Loyal Customer
C004431,Neha Singh,Male,47,Kolkata,West Bengal,2024-08-21,Loyal Customer
C004432,Rahul Verma,Male,39,Mumbai,Maharashtra,2024-02-01,Loyal Customer
C004433,Aditi More,Female,34,Mumbai,Maharashtra,2024-01-27,Loyal Customer
C004434,Ananya Patil,Male,27,Lucknow,Uttar Pradesh,2025-05-08,New Customer
C004435,Ayush Shinde,Male,24,Nagpur,Maharashtra,2024-02-03,Loyal Customer
C004436,Sameer Nair,Male,21,Mysuru,Karnataka,2024-02-09,Regular Customer
C004437,Nikhil More,Female,59,Warangal,Telangana,2024-02-01,Regular Customer
C004438,Aditi Thakur,Male,44,Kolkata,West Bengal,2024-01-09,Loyal Customer
C004439,Pooja Sharma,Male,24,Mysuru,Karnataka,2024-01-14,Occasional Customer
C004440,Aditya Gaikwad,Female,40,Mumbai,Maharashtra,2024-10-26,Occasional Customer
C004441,Rahul More,Female,28,Bhopal,Madhya Pradesh,2025-03-10,New Customer
C004442,Rahul Mishra,Male,25,Pune,Maharashtra,2024-08-07,Occasional Customer
C004443,Vivek Rao,Female,25,Lucknow,Uttar Pradesh,2024-03-03,Occasional Customer
C004444,Divya Mishra,Male,54,Ahmedabad,Gujarat,2024-02-10,Loyal Customer
C004445,Akash Sharma,Male,22,Vadodara,Gujarat,2024-08-29,New Customer
C004446,Ayush Mishra,Female,24,Mumbai,Maharashtra,2024-02-01,Regular Customer
C004447,Vikas Reddy,Male,39,Pune,Maharashtra,2024-10-09,Regular Customer
C004448,Gaurav Joshi,Male,53,Jaipur,Rajasthan,2024-01-11,Regular Customer
C004449,Gaurav Verma,Female,19,Kolkata,West Bengal,2024-01-21,Regular Customer
C004450,Riya Kulkarni,Female,41,Ahmedabad,Gujarat,2024-01-01,Loyal Customer
C004451,Vikas Chavan,Female,19,Jaipur,Rajasthan,2024-01-03,Loyal Customer
C004452,Karan Mishra,Male,65,Indore,Madhya Pradesh,2024-10-06,Regular Customer
C004453,Nikhil Gupta,Male,29,Patna,Bihar,2024-02-19,Loyal Customer
C004454,Aditya Pawar,Male,64,Hyderabad,Telangana,2024-01-05,Loyal Customer
C004455,Aniket Verma,Male,59,Indore,Madhya Pradesh,2024-04-24,Regular Customer
C004456,Isha Gupta,Male,43,Hyderabad,Telangana,2025-01-27,New Customer
C004457,Vivek Nair,Female,55,Ahmedabad,Gujarat,2024-02-28,Loyal Customer
C004458,Aarav Patil,Male,62,Aurangabad,Maharashtra,2024-09-09,Occasional Customer
C004459,Anjali Kumar,Male,23,Indore,Madhya Pradesh,2024-01-22,Regular Customer
C004460,Kavita Sawant,Female,40,Nagpur,Maharashtra,2024-04-10,Occasional Customer
C004461,Deepak Yadav,Male,19,Hyderabad,Telangana,2024-01-09,Occasional Customer
C004462,Gaurav Iyer,Other,43,Indore,Madhya Pradesh,2024-02-29,Occasional Customer
C004463,Ananya Sharma,Male,31,Hyderabad,Telangana,2024-02-07,Regular Customer
C004464,Divya Rao,Female,35,Patna,Bihar,2025-01-16,New Customer
C004465,Divya Kadam,Female,55,Mumbai,Maharashtra,2024-04-07,Occasional Customer
C004466,Pooja Sawant,Female,49,Indore,Madhya Pradesh,2025-07-30,New Customer
C004467,Anjali Verma,Male,31,Indore,Madhya Pradesh,2024-01-08,Occasional Customer
C004468,Arjun Das,Female,47,Delhi,Delhi,2024-05-09,Occasional Customer
C004469,Aditi Reddy,Male,30,Nagpur,Maharashtra,2024-01-13,Occasional Customer
C004470,Arjun Singh,Male,57,Kolkata,West Bengal,2024-01-11,Regular Customer
C004471,Gaurav Singh,Male,48,Patna,Bihar,2024-04-02,Regular Customer
C004472,Sneha Sharma,Male,54,Delhi,Delhi,2024-05-12,Regular Customer
C004473,Manish More,Male,62,Jaipur,Rajasthan,2024-01-10,Loyal Customer
C004474,Anjali Jadhav,Male,55,Vadodara,Gujarat,2024-01-13,Regular Customer
C004475,Deepak Singh,Male,39,Bengaluru,Karnataka,2024-01-14,Regular Customer
C004476,Gaurav Rao,Female,45,Mumbai,Maharashtra,2024-02-10,Regular Customer
C004477,Amit Deshmukh,Male,36,Vadodara,Gujarat,2024-01-12,Occasional Customer
C004478,Rohan Gaikwad,Female,60,Jaipur,Rajasthan,2025-01-25,Occasional Customer
C004479,Kavita Rao,Other,33,Bengaluru,Karnataka,2024-03-26,Occasional Customer
C004480,Nikhil Mishra,Male,22,Lucknow,Uttar Pradesh,2024-04-28,Regular Customer
C004481,Pooja Rao,Female,61,Chennai,Tamil Nadu,2024-01-06,Loyal Customer
C004482,Anjali Bhosale,Female,19,Lucknow,Uttar Pradesh,2024-01-08,Loyal Customer
C004483,Anjali Mehta,Male,27,Vadodara,Gujarat,2024-02-19,Regular Customer
C004484,Amit Bhosale,Male,64,Bengaluru,Karnataka,2024-01-05,Occasional Customer
C004485,Ayush Kumar,Female,36,Hyderabad,Telangana,2024-01-10,Occasional Customer
C004486,Nikhil Chavan,Female,37,Surat,Gujarat,2025-01-06,New Customer
C004487,Isha Gupta,Female,46,Lucknow,Uttar Pradesh,2024-05-31,New Customer
C004488,Amit Shinde,Male,42,Lucknow,Uttar Pradesh,2024-01-10,Regular Customer
C004489,Pooja Jadhav,Female,34,Pune,Maharashtra,2024-08-10,New Customer
C004490,Neha Gupta,Male,30,Bengaluru,Karnataka,2024-01-12,Loyal Customer
C004491,Rahul Das,Male,62,Ahmedabad,Gujarat,2024-03-12,Occasional Customer
C004492,Aniket Mishra,Male,33,Kolkata,West Bengal,2024-01-14,Loyal Customer
C004493,Amit Sawant,Male,52,Nagpur,Maharashtra,2024-07-16,Occasional Customer
C004494,Riya Nair,Female,53,Delhi,Delhi,2024-02-29,Occasional Customer
C004495,Vikas Verma,Female,56,Patna,Bihar,2024-02-29,Loyal Customer
C004496,Vivek Jadhav,Female,20,Surat,Gujarat,2024-01-19,Regular Customer
C004497,Harsh Kumar,Male,26,Warangal,Telangana,2024-01-19,New Customer
C004498,Sakshi Jadhav,Female,57,Bhopal,Madhya Pradesh,2024-01-23,Regular Customer
C004499,Pooja Kumar,Female,63,Lucknow,Uttar Pradesh,2024-01-03,Occasional Customer
C004500,Neha Kumar,Male,46,Jaipur,Rajasthan,2024-08-14,Occasional Customer
C004501,Ananya Chavan,Female,22,Pune,Maharashtra,2024-01-07,Regular Customer
C004502,Aditya Gupta,Female,20,Warangal,Telangana,2024-01-14,Occasional Customer
C004503,Manish Iyer,Female,27,Vadodara,Gujarat,2024-04-27,Occasional Customer
C004504,Akash Pawar,Male,48,Latur,Maharashtra,2024-02-22,Loyal Customer
C004505,Deepak Banerjee,Female,28,Chennai,Tamil Nadu,2024-03-03,New Customer
C004506,Vikas Jadhav,Female,34,Kolkata,West Bengal,2024-02-02,Occasional Customer
C004507,Rohan Sharma,Male,57,Warangal,Telangana,2024-01-30,Loyal Customer
C004508,Sakshi Chavan,Female,58,Nashik,Maharashtra,2024-01-04,Loyal Customer
C004509,Vikas Bhosale,Male,25,Kolkata,West Bengal,2024-04-02,Occasional Customer
C004510,Harsh Sawant,Female,19,Kanpur,Uttar Pradesh,2024-02-19,Regular Customer
C004511,Isha Iyer,Female,21,Indore,Madhya Pradesh,2024-01-05,Loyal Customer
C004512,Vivek Banerjee,Female,33,Ahmedabad,Gujarat,2024-03-24,Loyal Customer
C004513,Vikas Reddy,Female,58,Bhopal,Madhya Pradesh,2024-01-16,Regular Customer
C004514,Vivek Iyer,Male,58,Pune,Maharashtra,2024-03-09,Regular Customer
C004515,Arjun Jadhav,Male,38,Ahmedabad,Gujarat,2024-01-04,Regular Customer
C004516,Sakshi Shinde,Female,22,Ahmedabad,Gujarat,2024-03-02,Loyal Customer
C004517,Akash Jadhav,Male,52,Vadodara,Gujarat,2024-01-04,Regular Customer
C004518,Ananya Sharma,Male,31,Kolkata,West Bengal,2024-01-14,Loyal Customer
C004519,Sakshi Shah,Male,32,Kanpur,Uttar Pradesh,2024-04-10,Occasional Customer
C004520,Nikhil More,Male,23,Mysuru,Karnataka,2024-01-08,Occasional Customer
C004521,Nikhil Mehta,Female,33,Nagpur,Maharashtra,2024-01-06,Loyal Customer
C004522,Nikhil Joshi,Female,40,Lucknow,Uttar Pradesh,2026-04-15,New Customer
C004523,Nikhil Joshi,Male,48,Nagpur,Maharashtra,2024-02-09,Occasional Customer
C004524,Anjali Rao,Male,59,Vadodara,Gujarat,2024-02-28,Occasional Customer
C004525,Aarav Kadam,Male,63,Surat,Gujarat,2024-03-08,Regular Customer
C004526,Aditya Nair,Male,29,Warangal,Telangana,2024-01-09,New Customer
C004527,Sakshi Yadav,Male,58,Nashik,Maharashtra,2024-01-24,Regular Customer
C004528,Amit Verma,Male,36,Kanpur,Uttar Pradesh,2024-08-14,Occasional Customer
C004529,Sonia Shah,Female,29,Delhi,Delhi,2024-05-31,Occasional Customer
C004530,Karan Nair,Female,62,Delhi,Delhi,2024-01-10,Occasional Customer
C004531,Pooja Kadam,Male,30,Delhi,Delhi,2024-03-18,Regular Customer
C004532,Ananya Mishra,Female,19,Pune,Maharashtra,2024-01-17,Occasional Customer
C004533,Gaurav Yadav,Female,37,Indore,Madhya Pradesh,2024-01-02,New Customer
C004534,Karan Jadhav,Male,48,Bengaluru,Karnataka,2024-01-15,Regular Customer
C004535,Ananya Shinde,Male,26,Pune,Maharashtra,2024-05-25,New Customer
C004536,Anjali Patil,Female,38,Kolkata,West Bengal,2024-01-06,Regular Customer
C004537,Harsh Menon,Male,25,Jaipur,Rajasthan,2024-02-19,Occasional Customer
C004538,Aarav Kumar,Female,56,Nashik,Maharashtra,2024-01-13,Regular Customer
C004539,Arjun Bhosale,Female,54,Warangal,Telangana,2024-01-21,Occasional Customer
C004540,Anjali Iyer,Male,46,Bengaluru,Karnataka,2024-01-23,Regular Customer
C004541,Rahul Shinde,Female,36,Aurangabad,Maharashtra,2024-03-26,Regular Customer
C004542,Sakshi Shinde,Female,52,Jaipur,Rajasthan,2024-01-03,Occasional Customer
C004543,Aditya Pawar,Male,62,Ahmedabad,Gujarat,2024-01-07,Loyal Customer
C004544,Vivek Thakur,Male,55,Hyderabad,Telangana,2024-02-20,Occasional Customer
C004545,Sonia Shah,Female,43,Kanpur,Uttar Pradesh,2024-06-24,Occasional Customer
C004546,Karan Nair,Female,28,Indore,Madhya Pradesh,2024-09-27,Regular Customer
C004547,Deepak Mishra,Female,53,Nagpur,Maharashtra,2024-01-04,Loyal Customer
C004548,Isha Singh,Female,52,Aurangabad,Maharashtra,2024-01-10,Occasional Customer
C004549,Anjali Bhosale,Male,21,Lucknow,Uttar Pradesh,2024-02-27,Regular Customer
C004550,Gaurav Menon,Male,20,Chennai,Tamil Nadu,2024-04-05,Occasional Customer
C004551,Aditi Shah,Male,62,Hyderabad,Telangana,2024-05-22,Occasional Customer
C004552,Rohan Banerjee,Male,64,Bengaluru,Karnataka,2024-09-21,Regular Customer
C004553,Gaurav Iyer,Female,29,Latur,Maharashtra,2024-02-08,Regular Customer
C004554,Deepak Gaikwad,Other,49,Indore,Madhya Pradesh,2024-01-12,Occasional Customer
C004555,Nikhil Iyer,Female,64,Jaipur,Rajasthan,2024-01-04,Loyal Customer
C004556,Neha Shah,Female,43,Nagpur,Maharashtra,2024-02-23,Regular Customer
C004557,Manish Verma,Male,60,Patna,Bihar,2024-08-07,Occasional Customer
C004558,Pooja Singh,Male,60,Nashik,Maharashtra,2024-03-05,Loyal Customer
C004559,Riya Das,Male,30,Mysuru,Karnataka,2024-01-18,Occasional Customer
C004560,Aditi Verma,Female,61,Aurangabad,Maharashtra,2024-01-11,New Customer
C004561,Akash Thakur,Male,55,Patna,Bihar,2024-04-24,Regular Customer
C004562,Isha Banerjee,Female,46,Vadodara,Gujarat,2024-02-11,Loyal Customer
C004563,Vikas Patil,Female,36,Mysuru,Karnataka,2024-02-18,Loyal Customer
C004564,Vikas Joshi,Male,52,Chennai,Tamil Nadu,2024-01-07,Regular Customer
C004565,Kavita Gupta,Male,65,Mysuru,Karnataka,2024-03-14,Occasional Customer
C004566,Gaurav Iyer,Female,58,Ahmedabad,Gujarat,2024-01-16,Loyal Customer
C004567,Aditi Gupta,Male,44,Delhi,Delhi,2024-01-18,Regular Customer
C004568,Gaurav Verma,Female,63,Vadodara,Gujarat,2024-06-29,Occasional Customer
C004569,Sakshi Reddy,Female,48,Jaipur,Rajasthan,2024-01-27,Regular Customer
C004570,Aditi Shinde,Male,20,Warangal,Telangana,2024-01-22,Regular Customer
C004571,Ayush Thakur,Male,52,Warangal,Telangana,2024-01-27,Regular Customer
C004572,Gaurav Singh,Male,41,Warangal,Telangana,2024-04-03,Loyal Customer
C004573,Ayush Menon,Female,24,Ahmedabad,Gujarat,2024-01-05,Loyal Customer
C004574,Sneha Sawant,Male,52,Pune,Maharashtra,2024-02-21,Occasional Customer
C004575,Isha Pawar,Female,38,Chennai,Tamil Nadu,2024-01-16,Regular Customer
C004576,Harsh Sawant,Female,18,Mysuru,Karnataka,2024-02-23,Loyal Customer
C004577,Nikhil Kumar,Female,61,Chennai,Tamil Nadu,2024-02-14,Loyal Customer
C004578,Aditi Nair,Male,23,Delhi,Delhi,2024-01-18,Loyal Customer
C004579,Kavita Singh,Female,56,Kolkata,West Bengal,2024-01-12,Occasional Customer
C004580,Amit Thakur,Female,51,Jaipur,Rajasthan,2024-01-05,Regular Customer
C004581,Sneha Reddy,Female,35,Indore,Madhya Pradesh,2024-02-02,Occasional Customer
C004582,Isha Deshmukh,Female,42,Pune,Maharashtra,2024-01-04,Loyal Customer
C004583,Rohan Verma,Female,32,Bhopal,Madhya Pradesh,2024-05-15,New Customer
C004584,Akash Pawar,Female,64,Chennai,Tamil Nadu,2024-01-28,Loyal Customer
C004585,Sakshi Mehta,Male,49,Lucknow,Uttar Pradesh,2024-02-02,Regular Customer
C004586,Vikas Nair,Female,59,Bhopal,Madhya Pradesh,2024-04-16,Regular Customer
C004587,Manish Jadhav,Male,35,Indore,Madhya Pradesh,2024-08-31,Occasional Customer
C004588,Gaurav Bhosale,Female,48,Latur,Maharashtra,2024-01-02,Regular Customer
C004589,Deepak Thakur,Female,46,Kolkata,West Bengal,2024-01-04,Regular Customer
C004590,Aarav Pawar,Male,32,Nagpur,Maharashtra,2024-01-08,Occasional Customer
C004591,Isha Mehta,Female,40,Latur,Maharashtra,2025-02-12,Occasional Customer
C004592,Vikas Nair,Female,55,Nagpur,Maharashtra,2024-05-14,Occasional Customer
C004593,Vikas Shinde,Male,58,Mumbai,Maharashtra,2024-01-17,Loyal Customer
C004594,Vikas Thakur,Male,28,Ahmedabad,Gujarat,2024-01-03,Regular Customer
C004595,Aditya More,Male,32,Patna,Bihar,2024-01-13,Occasional Customer
C004596,Deepak Nair,Female,40,Surat,Gujarat,2024-01-19,Regular Customer
C004597,Pooja Kumar,Female,20,Ahmedabad,Gujarat,2024-02-29,Regular Customer
C004598,Riya Das,Female,36,Nashik,Maharashtra,2024-01-02,Loyal Customer
C004599,Ananya Nair,Female,18,Hyderabad,Telangana,2024-01-02,Regular Customer
C004600,Rohan Kulkarni,Female,41,Vadodara,Gujarat,2026-03-11,New Customer
C004601,Aditya Kulkarni,Male,28,Mysuru,Karnataka,2024-02-14,Regular Customer
C004602,Riya Thakur,Male,47,Hyderabad,Telangana,2024-01-06,Loyal Customer
C004603,Pooja Kadam,Female,28,Patna,Bihar,2024-01-03,Loyal Customer
C004604,Aditya Verma,Female,56,Kolkata,West Bengal,2024-03-01,Regular Customer
C004605,Riya Gaikwad,Female,18,Kolkata,West Bengal,2024-09-22,Occasional Customer
C004606,Rohan Das,Female,29,Nashik,Maharashtra,2024-01-02,Regular Customer
C004607,Kavita Shah,Female,21,Latur,Maharashtra,2024-06-26,Regular Customer
C004608,Ananya Gaikwad,Male,42,Kanpur,Uttar Pradesh,2024-01-26,Occasional Customer
C004609,Manish Gaikwad,Female,25,Aurangabad,Maharashtra,2024-01-02,Loyal Customer
C004610,Aditi Menon,Male,32,Kanpur,Uttar Pradesh,2024-06-24,Occasional Customer
C004611,Ananya Kumar,Male,60,Chennai,Tamil Nadu,2024-02-03,Loyal Customer
C004612,Deepak Mehta,Female,47,Mumbai,Maharashtra,2024-01-05,Occasional Customer
C004613,Sonia Rao,Female,57,Warangal,Telangana,2024-05-01,Occasional Customer
C004614,Sonia Jadhav,Male,49,Mumbai,Maharashtra,2024-02-21,Occasional Customer
C004615,Ananya Mishra,Female,61,Aurangabad,Maharashtra,2024-02-23,Loyal Customer
C004616,Amit Pawar,Female,52,Vadodara,Gujarat,2024-02-17,Occasional Customer
C004617,Sakshi Nair,Female,38,Latur,Maharashtra,2024-02-12,Occasional Customer
C004618,Aditi Bhosale,Female,48,Patna,Bihar,2024-01-21,Regular Customer
C004619,Ayush Sawant,Male,53,Nagpur,Maharashtra,2024-01-05,Loyal Customer
C004620,Rohan Menon,Female,44,Kolkata,West Bengal,2024-02-24,Loyal Customer
C004621,Isha Sawant,Female,61,Aurangabad,Maharashtra,2024-01-15,Regular Customer
C004622,Pooja Pawar,Female,25,Surat,Gujarat,2025-03-15,Occasional Customer
C004623,Akash Singh,Female,40,Bhopal,Madhya Pradesh,2024-03-06,Loyal Customer
C004624,Amit Shinde,Male,40,Jaipur,Rajasthan,2024-01-05,Occasional Customer
C004625,Aarav Shah,Male,59,Latur,Maharashtra,2024-01-11,Regular Customer
C004626,Sakshi More,Female,50,Surat,Gujarat,2024-04-08,Occasional Customer
C004627,Aarav Thakur,Female,30,Warangal,Telangana,2024-02-13,Loyal Customer
C004628,Karan Mishra,Female,56,Hyderabad,Telangana,2024-01-11,Loyal Customer
C004629,Karan Gupta,Male,52,Warangal,Telangana,2024-01-03,Regular Customer
C004630,Sameer Sharma,Male,33,Ahmedabad,Gujarat,2024-02-22,Loyal Customer
C004631,Nikhil Singh,Male,29,Latur,Maharashtra,2024-02-27,Regular Customer
C004632,Karan Joshi,Female,48,Bhopal,Madhya Pradesh,2024-02-29,Occasional Customer
C004633,Aniket Mehta,Male,22,Pune,Maharashtra,2024-04-04,Occasional Customer
C004634,Rahul Yadav,Female,57,Warangal,Telangana,2024-05-01,Occasional Customer
C004635,Isha Bhosale,Male,61,Delhi,Delhi,2024-02-02,Regular Customer
C004636,Isha Deshmukh,Female,42,Mumbai,Maharashtra,2024-03-17,Regular Customer
C004637,Nikhil Shah,Male,38,Vadodara,Gujarat,2024-01-08,Regular Customer
C004638,Aarav Joshi,Male,20,Latur,Maharashtra,2024-05-07,Occasional Customer
C004639,Vikas Gupta,Female,65,Jaipur,Rajasthan,2024-01-06,Occasional Customer
C004640,Arjun Shah,Female,27,Kanpur,Uttar Pradesh,2024-02-14,Loyal Customer
C004641,Pooja Gupta,Male,40,Chennai,Tamil Nadu,2024-03-06,New Customer
C004642,Sneha Banerjee,Female,34,Delhi,Delhi,2024-02-10,Regular Customer
C004643,Aniket Patil,Male,59,Mysuru,Karnataka,2024-02-25,Occasional Customer
C004644,Ananya Jadhav,Male,52,Nagpur,Maharashtra,2024-01-10,Occasional Customer
C004645,Aditi Reddy,Male,42,Ahmedabad,Gujarat,2024-01-01,Loyal Customer
C004646,Divya Patil,Male,19,Nagpur,Maharashtra,2024-03-02,Regular Customer
C004647,Amit Mishra,Male,44,Kolkata,West Bengal,2024-09-26,New Customer
C004648,Aditi Rao,Male,63,Jaipur,Rajasthan,2024-03-07,Occasional Customer
C004649,Neha Banerjee,Female,26,Ahmedabad,Gujarat,2024-05-30,Occasional Customer
C004650,Nikhil Sawant,Male,21,Indore,Madhya Pradesh,2024-01-24,Regular Customer
C004651,Deepak Kumar,Female,43,Nagpur,Maharashtra,2024-05-02,Regular Customer
C004652,Aditya Patil,Male,49,Kanpur,Uttar Pradesh,2024-02-23,Regular Customer
C004653,Akash Bhosale,Male,46,Delhi,Delhi,2024-04-13,Regular Customer
C004654,Ananya Pawar,Male,39,Patna,Bihar,2024-05-13,New Customer
C004655,Rahul Sawant,Female,64,Lucknow,Uttar Pradesh,2024-02-28,Occasional Customer
C004656,Nikhil Rao,Female,30,Vadodara,Gujarat,2024-01-02,Occasional Customer
C004657,Riya Nair,Female,40,Delhi,Delhi,2024-01-06,Loyal Customer
C004658,Nikhil Mehta,Male,48,Jaipur,Rajasthan,2024-01-04,Loyal Customer
C004659,Sameer Gupta,Female,58,Patna,Bihar,2024-03-31,Occasional Customer
C004660,Ananya Thakur,Female,53,Nagpur,Maharashtra,2024-06-29,Occasional Customer
C004661,Rohan Mehta,Male,57,Vadodara,Gujarat,2024-01-12,Occasional Customer
C004662,Divya Kumar,Male,48,Latur,Maharashtra,2024-01-01,Regular Customer
C004663,Aditi Deshmukh,Male,32,Surat,Gujarat,2024-05-03,Occasional Customer
C004664,Sakshi Sawant,Female,31,Bhopal,Madhya Pradesh,2024-01-07,Regular Customer
C004665,Deepak Kadam,Male,52,Indore,Madhya Pradesh,2024-01-28,Occasional Customer
C004666,Vikas Gaikwad,Female,41,Nashik,Maharashtra,2024-01-20,Regular Customer
C004667,Sneha Deshmukh,Female,47,Kolkata,West Bengal,2024-08-25,Regular Customer
C004668,Sakshi Bhosale,Female,47,Delhi,Delhi,2024-02-17,Regular Customer
C004669,Sneha Gupta,Male,44,Nagpur,Maharashtra,2024-02-11,Regular Customer
C004670,Aditya Sawant,Female,57,Nagpur,Maharashtra,2024-02-01,Occasional Customer
C004671,Karan Jadhav,Male,31,Jaipur,Rajasthan,2024-01-28,Loyal Customer
C004672,Akash Nair,Male,62,Aurangabad,Maharashtra,2024-03-02,Regular Customer
C004673,Sonia More,Female,64,Patna,Bihar,2025-05-18,New Customer
C004674,Deepak Verma,Male,28,Mysuru,Karnataka,2024-01-04,Loyal Customer
C004675,Harsh Verma,Male,64,Lucknow,Uttar Pradesh,2024-02-24,Regular Customer
C004676,Aniket Nair,Male,61,Nashik,Maharashtra,2024-06-17,New Customer
C004677,Aniket Shah,Male,43,Lucknow,Uttar Pradesh,2024-01-01,Loyal Customer
C004678,Aditi Kulkarni,Male,38,Delhi,Delhi,2024-01-02,Loyal Customer
C004679,Neha Iyer,Male,26,Pune,Maharashtra,2024-01-19,Occasional Customer
C004680,Pooja Verma,Female,64,Mysuru,Karnataka,2024-01-21,Regular Customer
C004681,Aditya Yadav,Male,18,Delhi,Delhi,2024-02-17,Loyal Customer
C004682,Rohan Nair,Other,61,Kanpur,Uttar Pradesh,2024-01-30,Regular Customer
C004683,Nikhil Kumar,Male,23,Jaipur,Rajasthan,2024-05-27,Occasional Customer
C004684,Sameer Nair,Male,18,Lucknow,Uttar Pradesh,2024-10-01,Occasional Customer
C004685,Ayush Bhosale,Female,39,Delhi,Delhi,2024-02-05,Regular Customer
C004686,Nikhil Mishra,Male,30,Surat,Gujarat,2024-01-13,Loyal Customer
C004687,Deepak More,Female,55,Pune,Maharashtra,2024-10-22,Regular Customer
C004688,Kavita Mehta,Female,62,Aurangabad,Maharashtra,2024-01-05,Occasional Customer
C004689,Nikhil Kadam,Male,58,Aurangabad,Maharashtra,2024-01-02,Loyal Customer
C004690,Vivek Jadhav,Female,57,Lucknow,Uttar Pradesh,2024-01-02,Loyal Customer
C004691,Nikhil Mehta,Male,48,Patna,Bihar,2024-04-05,Regular Customer
C004692,Karan Verma,Other,32,Chennai,Tamil Nadu,2024-01-06,Loyal Customer
C004693,Rohan Reddy,Female,19,Bhopal,Madhya Pradesh,2024-01-14,Regular Customer
C004694,Karan Yadav,Female,48,Nashik,Maharashtra,2024-04-18,Occasional Customer
C004695,Sameer Pawar,Male,43,Vadodara,Gujarat,2024-05-28,Regular Customer
C004696,Vikas Shah,Male,19,Indore,Madhya Pradesh,2024-01-03,Occasional Customer
C004697,Anjali Nair,Male,28,Mysuru,Karnataka,2024-02-23,Loyal Customer
C004698,Ayush Shinde,Male,50,Kanpur,Uttar Pradesh,2024-05-29,Regular Customer
C004699,Aarav Kulkarni,Male,35,Latur,Maharashtra,2024-02-15,Occasional Customer
C004700,Aarav Thakur,Female,38,Surat,Gujarat,2024-01-12,Regular Customer
C004701,Pooja Das,Male,48,Delhi,Delhi,2024-01-08,Regular Customer
C004702,Akash Iyer,Female,43,Delhi,Delhi,2024-01-24,Regular Customer
C004703,Sonia Shinde,Female,47,Bhopal,Madhya Pradesh,2024-02-22,Occasional Customer
C004704,Sameer Shah,Female,56,Vadodara,Gujarat,2024-01-04,Regular Customer
C004705,Harsh Bhosale,Male,38,Bhopal,Madhya Pradesh,2024-01-07,Regular Customer
C004706,Aditi Chavan,Male,33,Delhi,Delhi,2024-01-09,Loyal Customer
C004707,Divya Gupta,Female,24,Patna,Bihar,2024-01-03,Occasional Customer
C004708,Sameer Reddy,Female,39,Chennai,Tamil Nadu,2024-03-27,Occasional Customer
C004709,Aniket Sharma,Female,24,Aurangabad,Maharashtra,2024-02-20,Regular Customer
C004710,Pooja Shinde,Female,19,Bengaluru,Karnataka,2024-05-17,Occasional Customer
C004711,Riya Sawant,Male,54,Bengaluru,Karnataka,2024-03-04,Regular Customer
C004712,Arjun Das,Female,31,Vadodara,Gujarat,2024-01-03,Loyal Customer
C004713,Aditya Sawant,Male,25,Mysuru,Karnataka,2024-01-08,New Customer
C004714,Ayush Verma,Female,46,Vadodara,Gujarat,2024-01-28,Regular Customer
C004715,Manish Chavan,Female,61,Lucknow,Uttar Pradesh,2024-02-04,Occasional Customer
C004716,Sakshi Sharma,Female,24,Mumbai,Maharashtra,2024-01-01,Loyal Customer
C004717,Akash Rao,Female,55,Hyderabad,Telangana,2024-02-06,Occasional Customer
C004718,Deepak Chavan,Female,62,Nashik,Maharashtra,2024-04-25,Occasional Customer
C004719,Gaurav Iyer,Male,39,Mumbai,Maharashtra,2024-01-15,Occasional Customer
C004720,Neha Shah,Male,61,Kolkata,West Bengal,2024-01-03,Occasional Customer
C004721,Aarav Banerjee,Female,34,Warangal,Telangana,2024-01-14,Regular Customer
C004722,Ananya Shinde,Male,33,Chennai,Tamil Nadu,2024-07-25,Occasional Customer
C004723,Deepak Banerjee,Male,50,Vadodara,Gujarat,2024-02-11,Occasional Customer
C004724,Deepak Kumar,Male,56,Vadodara,Gujarat,2024-01-13,Regular Customer
C004725,Rahul Yadav,Female,52,Bhopal,Madhya Pradesh,2024-01-13,Loyal Customer
C004726,Vivek Yadav,Male,55,Kolkata,West Bengal,2024-02-27,Regular Customer
C004727,Sameer Patil,Female,49,Indore,Madhya Pradesh,2024-01-03,Regular Customer
C004728,Pooja Jadhav,Female,20,Surat,Gujarat,2024-02-13,Occasional Customer
C004729,Karan Jadhav,Female,20,Surat,Gujarat,2024-01-22,Regular Customer
C004730,Pooja Thakur,Male,25,Bhopal,Madhya Pradesh,2024-01-01,Loyal Customer
C004731,Vikas Mishra,Female,63,Kanpur,Uttar Pradesh,2024-01-05,Regular Customer
C004732,Manish Singh,Other,48,Bhopal,Madhya Pradesh,2024-05-29,Occasional Customer
C004733,Deepak Thakur,Female,26,Jaipur,Rajasthan,2024-01-19,Regular Customer
C004734,Sameer Banerjee,Female,22,Mumbai,Maharashtra,2024-04-11,New Customer
C004735,Harsh Kumar,Female,45,Delhi,Delhi,2024-01-07,Loyal Customer
C004736,Rohan Patil,Male,32,Kolkata,West Bengal,2024-04-04,Occasional Customer
C004737,Sneha Verma,Female,44,Chennai,Tamil Nadu,2024-01-27,Occasional Customer
C004738,Ayush Mehta,Male,59,Warangal,Telangana,2024-01-30,Regular Customer
C004739,Rohan Rao,Male,48,Vadodara,Gujarat,2024-02-16,Loyal Customer
C004740,Deepak Gupta,Other,57,Kanpur,Uttar Pradesh,2024-01-05,Regular Customer
C004741,Manish Sharma,Male,35,Latur,Maharashtra,2026-07-27,New Customer
C004742,Aniket Mehta,Male,55,Nagpur,Maharashtra,2024-01-18,Loyal Customer
C004743,Rahul Chavan,Female,21,Ahmedabad,Gujarat,2024-01-25,Occasional Customer
C004744,Sameer Kumar,Other,38,Ahmedabad,Gujarat,2024-01-19,Occasional Customer
C004745,Vikas Das,Male,64,Pune,Maharashtra,2024-01-29,Occasional Customer
C004746,Divya Deshmukh,Female,59,Aurangabad,Maharashtra,2024-02-24,Occasional Customer
C004747,Amit More,Male,40,Indore,Madhya Pradesh,2024-01-02,Regular Customer
C004748,Sneha Sharma,Male,62,Latur,Maharashtra,2024-02-25,Loyal Customer
C004749,Deepak Gaikwad,Male,39,Pune,Maharashtra,2024-01-29,Occasional Customer
C004750,Pooja Gupta,Male,18,Nashik,Maharashtra,2024-01-21,Regular Customer
C004751,Sneha Pawar,Male,42,Vadodara,Gujarat,2025-07-30,New Customer
C004752,Neha Shah,Male,58,Delhi,Delhi,2024-01-09,Loyal Customer
C004753,Gaurav Pawar,Female,45,Warangal,Telangana,2024-01-15,Regular Customer
C004754,Nikhil Kulkarni,Female,54,Chennai,Tamil Nadu,2024-01-07,Loyal Customer
C004755,Sonia Das,Female,28,Warangal,Telangana,2024-01-04,Loyal Customer
C004756,Sakshi Sawant,Female,39,Delhi,Delhi,2024-01-18,Regular Customer
C004757,Riya Mishra,Male,42,Vadodara,Gujarat,2024-01-01,Occasional Customer
C004758,Deepak Nair,Female,38,Kanpur,Uttar Pradesh,2024-02-04,Regular Customer
C004759,Aditi More,Female,53,Warangal,Telangana,2024-01-29,Regular Customer
C004760,Harsh Deshmukh,Male,37,Warangal,Telangana,2024-05-24,Regular Customer
C004761,Karan Singh,Male,33,Indore,Madhya Pradesh,2024-01-09,Occasional Customer
C004762,Anjali Kadam,Female,45,Kanpur,Uttar Pradesh,2024-07-22,Occasional Customer
C004763,Isha Banerjee,Female,46,Kanpur,Uttar Pradesh,2024-01-21,Occasional Customer
C004764,Ayush Shinde,Female,43,Jaipur,Rajasthan,2024-01-17,Loyal Customer
C004765,Kavita Sawant,Male,57,Surat,Gujarat,2024-01-04,Regular Customer
C004766,Ananya Kulkarni,Male,19,Delhi,Delhi,2024-01-01,Regular Customer
C004767,Divya Das,Female,27,Hyderabad,Telangana,2024-12-24,Occasional Customer
C004768,Aditi Menon,Female,30,Jaipur,Rajasthan,2025-09-22,Occasional Customer
C004769,Aniket Kumar,Male,32,Ahmedabad,Gujarat,2024-06-15,Regular Customer
C004770,Aditya Thakur,Male,26,Kolkata,West Bengal,2024-01-02,Loyal Customer
C004771,Kavita Sharma,Female,44,Jaipur,Rajasthan,2024-01-15,Loyal Customer
C004772,Sameer Yadav,Female,25,Patna,Bihar,2024-01-15,Regular Customer
C004773,Vikas Verma,Male,23,Bengaluru,Karnataka,2024-03-06,Loyal Customer
C004774,Amit Shinde,Male,53,Nagpur,Maharashtra,2024-01-30,Loyal Customer
C004775,Deepak Kumar,Female,41,Lucknow,Uttar Pradesh,2024-02-10,Regular Customer
C004776,Karan Iyer,Female,20,Kanpur,Uttar Pradesh,2024-01-08,Loyal Customer
C004777,Sonia Verma,Male,43,Aurangabad,Maharashtra,2024-01-24,Regular Customer
C004778,Ayush Menon,Male,53,Mysuru,Karnataka,2024-01-05,Regular Customer
C004779,Deepak Jadhav,Female,38,Indore,Madhya Pradesh,2024-01-23,Regular Customer
C004780,Sakshi Mishra,Male,30,Kolkata,West Bengal,2024-06-12,Occasional Customer
C004781,Akash Banerjee,Female,28,Warangal,Telangana,2024-01-10,Occasional Customer
C004782,Kavita Rao,Female,25,Kolkata,West Bengal,2024-03-01,Occasional Customer
C004783,Amit Shinde,Male,63,Patna,Bihar,2024-04-09,Occasional Customer
C004784,Rohan Patil,Female,63,Surat,Gujarat,2024-01-01,Occasional Customer
C004785,Isha Gaikwad,Female,65,Kanpur,Uttar Pradesh,2024-02-26,Occasional Customer
C004786,Riya Mishra,Female,31,Hyderabad,Telangana,2024-03-30,Regular Customer
C004787,Kavita Kulkarni,Male,50,Patna,Bihar,2024-02-18,New Customer
C004788,Aarav Sawant,Other,19,Chennai,Tamil Nadu,2024-03-17,Occasional Customer
C004789,Vivek Patil,Male,18,Indore,Madhya Pradesh,2024-05-24,Occasional Customer
C004790,Rahul Mishra,Female,28,Indore,Madhya Pradesh,2024-07-28,Regular Customer
C004791,Nikhil Mishra,Female,23,Mysuru,Karnataka,2024-08-07,Occasional Customer
C004792,Aditya Chavan,Male,49,Lucknow,Uttar Pradesh,2024-01-08,Occasional Customer
C004793,Isha Singh,Female,32,Surat,Gujarat,2024-01-09,Occasional Customer
C004794,Aditi Kulkarni,Female,29,Delhi,Delhi,2024-01-07,Occasional Customer
C004795,Kavita Menon,Male,54,Pune,Maharashtra,2024-04-17,Regular Customer
C004796,Rahul Iyer,Male,46,Bhopal,Madhya Pradesh,2025-04-08,New Customer
C004797,Ayush Sharma,Female,61,Hyderabad,Telangana,2024-01-26,Loyal Customer
C004798,Neha Menon,Male,39,Chennai,Tamil Nadu,2024-11-26,Occasional Customer
C004799,Ayush Reddy,Male,63,Pune,Maharashtra,2024-06-18,Occasional Customer
C004800,Vikas Shinde,Female,31,Kanpur,Uttar Pradesh,2024-02-13,Regular Customer
C004801,Deepak Shinde,Female,36,Bhopal,Madhya Pradesh,2024-01-15,Occasional Customer
C004802,Aniket Sawant,Female,22,Latur,Maharashtra,2024-02-12,Regular Customer
C004803,Arjun Gupta,Male,52,Mysuru,Karnataka,2024-01-10,Occasional Customer
C004804,Deepak Menon,Male,42,Kanpur,Uttar Pradesh,2024-01-03,Loyal Customer
C004805,Isha Rao,Male,55,Kolkata,West Bengal,2024-01-01,Loyal Customer
C004806,Akash More,Female,26,Aurangabad,Maharashtra,2024-04-15,Regular Customer
C004807,Amit Pawar,Female,24,Kanpur,Uttar Pradesh,2024-10-28,Occasional Customer
C004808,Arjun Kulkarni,Male,35,Nagpur,Maharashtra,2024-09-07,Occasional Customer
C004809,Aarav Shah,Male,19,Aurangabad,Maharashtra,2024-02-03,Occasional Customer
C004810,Manish Verma,Female,27,Warangal,Telangana,2024-02-09,Loyal Customer
C004811,Akash Shinde,Female,61,Warangal,Telangana,2025-05-06,New Customer
C004812,Manish Kadam,Male,19,Warangal,Telangana,2024-01-01,Loyal Customer
C004813,Manish Chavan,Female,62,Chennai,Tamil Nadu,2024-01-06,Occasional Customer
C004814,Arjun Jadhav,Male,25,Warangal,Telangana,2024-01-04,Occasional Customer
C004815,Riya Das,Female,24,Delhi,Delhi,2024-02-16,New Customer
C004816,Ayush Mehta,Female,52,Surat,Gujarat,2024-01-01,Loyal Customer
C004817,Anjali Pawar,Female,40,Warangal,Telangana,2024-03-05,Loyal Customer
C004818,Aditya Sawant,Male,25,Mysuru,Karnataka,2026-05-29,New Customer
C004819,Nikhil Singh,Male,38,Hyderabad,Telangana,2024-03-10,Occasional Customer
C004820,Deepak Gupta,Female,50,Indore,Madhya Pradesh,2024-08-10,Occasional Customer
C004821,Isha Patil,Male,64,Nashik,Maharashtra,2024-02-08,Occasional Customer
C004822,Amit Sharma,Female,18,Ahmedabad,Gujarat,2024-01-01,Regular Customer
C004823,Karan Singh,Other,29,Nashik,Maharashtra,2024-01-07,Regular Customer
C004824,Rahul Patil,Other,28,Aurangabad,Maharashtra,2024-07-10,Occasional Customer
C004825,Akash Gaikwad,Female,65,Vadodara,Gujarat,2024-09-10,Occasional Customer
C004826,Aditi Deshmukh,Female,47,Nashik,Maharashtra,2024-01-24,Regular Customer
C004827,Harsh Gaikwad,Other,21,Bhopal,Madhya Pradesh,2024-04-15,New Customer
C004828,Ananya Nair,Male,51,Latur,Maharashtra,2025-04-25,New Customer
C004829,Nikhil Singh,Male,40,Vadodara,Gujarat,2024-01-02,Regular Customer
C004830,Neha Reddy,Male,49,Pune,Maharashtra,2024-01-22,Regular Customer
C004831,Sneha Nair,Male,20,Delhi,Delhi,2024-01-01,Regular Customer
C004832,Riya Thakur,Female,45,Surat,Gujarat,2024-01-01,Regular Customer
C004833,Nikhil Kadam,Female,21,Aurangabad,Maharashtra,2024-01-02,Regular Customer
C004834,Ayush Chavan,Female,29,Latur,Maharashtra,2024-02-06,Loyal Customer
C004835,Sneha Shinde,Female,41,Mysuru,Karnataka,2024-05-02,New Customer
C004836,Riya Menon,Female,50,Warangal,Telangana,2024-01-22,Occasional Customer
C004837,Rahul Das,Female,20,Surat,Gujarat,2024-06-01,Regular Customer
C004838,Manish Deshmukh,Male,21,Nagpur,Maharashtra,2024-01-06,Regular Customer
C004839,Vivek Menon,Female,47,Chennai,Tamil Nadu,2024-02-12,Occasional Customer
C004840,Sakshi Thakur,Male,23,Jaipur,Rajasthan,2024-01-01,Loyal Customer
C004841,Neha Jadhav,Female,47,Indore,Madhya Pradesh,2024-01-10,Loyal Customer
C004842,Aditya Banerjee,Male,25,Mumbai,Maharashtra,2024-01-24,Regular Customer
C004843,Sameer Kumar,Female,35,Mysuru,Karnataka,2024-11-02,Occasional Customer
C004844,Riya Thakur,Female,33,Mysuru,Karnataka,2024-03-01,Occasional Customer
C004845,Akash Thakur,Female,23,Patna,Bihar,2024-01-01,Regular Customer
C004846,Ayush Rao,Female,41,Pune,Maharashtra,2024-03-12,Regular Customer
C004847,Pooja Nair,Female,45,Bengaluru,Karnataka,2024-01-17,Loyal Customer
C004848,Sakshi Thakur,Male,49,Vadodara,Gujarat,2024-02-04,Regular Customer
C004849,Karan Joshi,Male,42,Ahmedabad,Gujarat,2024-10-20,Regular Customer
C004850,Anjali Jadhav,Female,45,Jaipur,Rajasthan,2024-01-09,Regular Customer
C004851,Sonia Singh,Male,38,Bhopal,Madhya Pradesh,2024-02-07,Occasional Customer
C004852,Nikhil More,Male,25,Lucknow,Uttar Pradesh,2024-01-15,Loyal Customer
C004853,Vivek Kadam,Male,53,Chennai,Tamil Nadu,2024-01-01,Loyal Customer
C004854,Gaurav Pawar,Male,26,Warangal,Telangana,2024-03-21,Occasional Customer
C004855,Riya Kumar,Male,57,Indore,Madhya Pradesh,2024-02-14,Regular Customer
C004856,Rahul Chavan,Male,38,Kolkata,West Bengal,2024-01-07,Occasional Customer
C004857,Sameer Mishra,Male,18,Mysuru,Karnataka,2025-05-21,New Customer
C004858,Vikas Chavan,Male,21,Kolkata,West Bengal,2024-09-10,New Customer
C004859,Isha Yadav,Female,27,Kolkata,West Bengal,2024-04-15,New Customer
C004860,Aarav Deshmukh,Female,43,Hyderabad,Telangana,2024-01-23,Regular Customer
C004861,Karan Kulkarni,Male,57,Ahmedabad,Gujarat,2024-01-01,Regular Customer
C004862,Divya Yadav,Female,20,Indore,Madhya Pradesh,2024-02-12,Occasional Customer
C004863,Isha Mishra,Male,61,Bengaluru,Karnataka,2024-02-01,Loyal Customer
C004864,Ananya Sawant,Female,26,Warangal,Telangana,2024-02-15,Occasional Customer
C004865,Sakshi Kadam,Female,49,Kanpur,Uttar Pradesh,2024-01-09,Occasional Customer
C004866,Nikhil Mehta,Female,20,Patna,Bihar,2024-01-03,Regular Customer
C004867,Amit Verma,Female,21,Bhopal,Madhya Pradesh,2024-01-03,Regular Customer
C004868,Akash Gaikwad,Male,23,Ahmedabad,Gujarat,2024-07-10,Regular Customer
C004869,Sneha Nair,Male,26,Jaipur,Rajasthan,2024-11-29,Occasional Customer
C004870,Sameer Kulkarni,Female,43,Bengaluru,Karnataka,2024-12-05,New Customer
C004871,Deepak Gupta,Male,19,Chennai,Tamil Nadu,2024-02-14,Regular Customer
C004872,Pooja Deshmukh,Male,19,Chennai,Tamil Nadu,2024-01-08,Regular Customer
C004873,Sameer Sawant,Male,38,Latur,Maharashtra,2024-01-15,Loyal Customer
C004874,Manish Thakur,Male,39,Lucknow,Uttar Pradesh,2024-01-15,Occasional Customer
C004875,Gaurav Mehta,Female,20,Hyderabad,Telangana,2024-01-22,Occasional Customer
C004876,Harsh Joshi,Female,52,Nagpur,Maharashtra,2024-01-10,Loyal Customer
C004877,Nikhil Joshi,Male,55,Jaipur,Rajasthan,2024-02-12,Regular Customer
C004878,Manish Pawar,Male,50,Bhopal,Madhya Pradesh,2024-01-05,Regular Customer
C004879,Karan Gaikwad,Female,32,Jaipur,Rajasthan,2024-01-08,Loyal Customer
C004880,Aditya Chavan,Female,28,Hyderabad,Telangana,2024-04-13,Regular Customer
C004881,Aniket Banerjee,Other,27,Nashik,Maharashtra,2024-01-03,Occasional Customer
C004882,Riya Mehta,Female,53,Warangal,Telangana,2024-01-06,Regular Customer
C004883,Harsh Das,Female,31,Ahmedabad,Gujarat,2024-07-19,Regular Customer
C004884,Harsh Mehta,Female,19,Ahmedabad,Gujarat,2024-01-27,Occasional Customer
C004885,Sameer Chavan,Female,62,Indore,Madhya Pradesh,2024-02-09,Regular Customer
C004886,Manish Nair,Male,65,Indore,Madhya Pradesh,2024-04-09,Regular Customer
C004887,Anjali Pawar,Female,61,Aurangabad,Maharashtra,2024-04-06,Loyal Customer
C004888,Rahul Rao,Male,54,Latur,Maharashtra,2024-05-05,Occasional Customer
C004889,Aditya Iyer,Female,46,Lucknow,Uttar Pradesh,2024-01-25,Regular Customer
C004890,Vivek Nair,Male,52,Ahmedabad,Gujarat,2024-01-11,Occasional Customer
C004891,Neha Banerjee,Female,37,Surat,Gujarat,2024-02-07,Regular Customer
C004892,Karan Kulkarni,Male,38,Vadodara,Gujarat,2024-02-01,Regular Customer
C004893,Neha Shah,Female,51,Nashik,Maharashtra,2024-01-26,Regular Customer
C004894,Isha Chavan,Male,60,Hyderabad,Telangana,2024-01-15,Regular Customer
C004895,Manish Kulkarni,Male,50,Warangal,Telangana,2024-01-21,Regular Customer
C004896,Sneha Thakur,Male,36,Ahmedabad,Gujarat,2024-01-10,Regular Customer
C004897,Ananya Sawant,Male,25,Latur,Maharashtra,2025-03-12,New Customer
C004898,Gaurav Deshmukh,Male,48,Latur,Maharashtra,2024-02-03,Occasional Customer
C004899,Nikhil Kulkarni,Male,28,Patna,Bihar,2024-01-04,Occasional Customer
C004900,Rahul Banerjee,Female,25,Nagpur,Maharashtra,2026-04-11,New Customer
C004901,Nikhil Menon,Male,42,Nagpur,Maharashtra,2024-03-10,New Customer
C004902,Sneha Gaikwad,Male,37,Ahmedabad,Gujarat,2024-01-18,Loyal Customer
C004903,Deepak Yadav,Other,55,Vadodara,Gujarat,2024-01-28,New Customer
C004904,Pooja Rao,Female,24,Pune,Maharashtra,2024-01-23,Regular Customer
C004905,Aditi Deshmukh,Male,30,Jaipur,Rajasthan,2024-03-13,Regular Customer
C004906,Aniket Banerjee,Male,56,Vadodara,Gujarat,2024-04-05,Occasional Customer
C004907,Amit Singh,Female,60,Latur,Maharashtra,2025-01-14,Occasional Customer
C004908,Neha Singh,Male,27,Warangal,Telangana,2024-06-16,New Customer
C004909,Sakshi Reddy,Male,25,Warangal,Telangana,2024-10-02,Occasional Customer
C004910,Sameer Sharma,Female,59,Latur,Maharashtra,2024-03-23,Regular Customer
C004911,Sakshi Jadhav,Male,60,Surat,Gujarat,2024-01-01,Loyal Customer
C004912,Rahul Jadhav,Female,37,Nagpur,Maharashtra,2024-01-01,Occasional Customer
C004913,Isha Gupta,Male,34,Mysuru,Karnataka,2024-01-17,Regular Customer
C004914,Ayush Gaikwad,Female,28,Nagpur,Maharashtra,2024-05-17,New Customer
C004915,Nikhil Mehta,Female,33,Chennai,Tamil Nadu,2024-07-11,Loyal Customer
C004916,Isha Shinde,Male,54,Indore,Madhya Pradesh,2024-01-09,Regular Customer
C004917,Aniket Rao,Female,59,Aurangabad,Maharashtra,2024-01-06,Occasional Customer
C004918,Vikas Chavan,Female,49,Kanpur,Uttar Pradesh,2024-01-11,Regular Customer
C004919,Ayush Mehta,Male,43,Bengaluru,Karnataka,2024-03-15,Loyal Customer
C004920,Sameer Kumar,Female,54,Patna,Bihar,2024-01-30,Regular Customer
C004921,Rahul Sawant,Male,26,Kanpur,Uttar Pradesh,2024-01-15,Loyal Customer
C004922,Vivek Kumar,Female,52,Hyderabad,Telangana,2024-03-26,Regular Customer
C004923,Harsh Nair,Male,20,Vadodara,Gujarat,2024-10-26,New Customer
C004924,Vivek Kadam,Male,48,Nashik,Maharashtra,2024-02-08,Occasional Customer
C004925,Aditya Mehta,Male,59,Ahmedabad,Gujarat,2024-02-20,Occasional Customer
C004926,Aarav Shah,Male,24,Ahmedabad,Gujarat,2024-02-10,Regular Customer
C004927,Kavita Gaikwad,Male,19,Mysuru,Karnataka,2024-01-09,Occasional Customer
C004928,Sonia Jadhav,Female,42,Bhopal,Madhya Pradesh,2024-01-29,Occasional Customer
C004929,Sonia Sawant,Female,57,Indore,Madhya Pradesh,2024-01-08,Loyal Customer
C004930,Aditi Kadam,Male,29,Kanpur,Uttar Pradesh,2024-01-19,Occasional Customer
C004931,Vikas Gupta,Male,47,Kanpur,Uttar Pradesh,2024-01-16,Regular Customer
C004932,Aditi Sharma,Female,47,Ahmedabad,Gujarat,2024-02-01,Loyal Customer
C004933,Riya Gupta,Male,46,Indore,Madhya Pradesh,2024-01-26,Loyal Customer
C004934,Sneha Kadam,Male,58,Vadodara,Gujarat,2024-04-11,Regular Customer
C004935,Akash Mishra,Female,28,Nashik,Maharashtra,2024-01-05,Loyal Customer
C004936,Ayush Mishra,Male,40,Mumbai,Maharashtra,2024-01-16,Loyal Customer
C004937,Aarav Joshi,Male,34,Mumbai,Maharashtra,2024-02-28,Loyal Customer
C004938,Harsh Nair,Female,30,Kolkata,West Bengal,2024-03-20,Loyal Customer
C004939,Neha Gaikwad,Female,50,Ahmedabad,Gujarat,2024-01-10,Loyal Customer
C004940,Pooja Chavan,Male,18,Indore,Madhya Pradesh,2024-02-17,Regular Customer
C004941,Riya Gaikwad,Female,57,Warangal,Telangana,2024-01-09,Loyal Customer
C004942,Gaurav Gaikwad,Female,30,Bhopal,Madhya Pradesh,2024-06-12,Occasional Customer
C004943,Harsh Gupta,Male,55,Ahmedabad,Gujarat,2024-01-03,Regular Customer
C004944,Aniket Rao,Male,20,Surat,Gujarat,2024-01-16,New Customer
C004945,Ananya Yadav,Male,33,Warangal,Telangana,2024-01-25,Regular Customer
C004946,Amit Shinde,Male,59,Warangal,Telangana,2024-01-02,Loyal Customer
C004947,Manish Gaikwad,Male,24,Kolkata,West Bengal,2024-01-05,Occasional Customer
C004948,Sneha Kumar,Male,20,Ahmedabad,Gujarat,2024-01-01,Loyal Customer
C004949,Divya Banerjee,Male,31,Hyderabad,Telangana,2024-02-06,Loyal Customer
C004950,Harsh Jadhav,Female,33,Aurangabad,Maharashtra,2024-01-02,Loyal Customer
C004951,Ayush Mishra,Female,21,Indore,Madhya Pradesh,2024-08-18,Occasional Customer
C004952,Rahul Jadhav,Female,48,Jaipur,Rajasthan,2024-02-27,Occasional Customer
C004953,Amit Sharma,Female,30,Pune,Maharashtra,2024-01-06,Regular Customer
C004954,Aditya Reddy,Female,44,Vadodara,Gujarat,2024-01-26,Occasional Customer
C004955,Aarav Jadhav,Female,18,Bhopal,Madhya Pradesh,2024-01-17,Loyal Customer
C004956,Rohan Singh,Male,42,Indore,Madhya Pradesh,2024-01-03,Loyal Customer
C004957,Karan Rao,Male,54,Hyderabad,Telangana,2024-02-20,Regular Customer
C004958,Harsh Jadhav,Female,61,Ahmedabad,Gujarat,2024-01-29,Loyal Customer
C004959,Aditya Jadhav,Male,28,Bhopal,Madhya Pradesh,2024-01-10,Regular Customer
C004960,Pooja Das,Male,26,Surat,Gujarat,2024-01-15,Loyal Customer
C004961,Harsh Mishra,Female,24,Bhopal,Madhya Pradesh,2026-03-24,New Customer
C004962,Isha Singh,Female,31,Ahmedabad,Gujarat,2024-01-02,Regular Customer
C004963,Sameer Nair,Female,47,Delhi,Delhi,2024-09-03,New Customer
C004964,Nikhil Kumar,Male,41,Patna,Bihar,2024-01-24,Loyal Customer
C004965,Harsh Shah,Male,20,Patna,Bihar,2024-01-30,Occasional Customer
C004966,Ananya Thakur,Female,65,Jaipur,Rajasthan,2024-02-21,Regular Customer
C004967,Kavita Bhosale,Male,56,Indore,Madhya Pradesh,2024-03-06,Occasional Customer
C004968,Manish Banerjee,Male,44,Warangal,Telangana,2024-08-04,Occasional Customer
C004969,Isha Gaikwad,Male,18,Lucknow,Uttar Pradesh,2024-03-11,Occasional Customer
C004970,Divya Joshi,Female,55,Kanpur,Uttar Pradesh,2024-01-08,Loyal Customer
C004971,Ananya Bhosale,Female,43,Kolkata,West Bengal,2024-02-10,Regular Customer
C004972,Nikhil Sharma,Female,23,Bengaluru,Karnataka,2024-01-02,Loyal Customer
C004973,Neha Yadav,Male,59,Kanpur,Uttar Pradesh,2024-06-19,New Customer
C004974,Sonia Iyer,Male,29,Mysuru,Karnataka,2024-03-06,Regular Customer
C004975,Anjali Nair,Male,55,Chennai,Tamil Nadu,2024-06-10,Occasional Customer
C004976,Kavita More,Female,63,Patna,Bihar,2024-04-12,New Customer
C004977,Harsh Kumar,Male,52,Kanpur,Uttar Pradesh,2024-01-09,Loyal Customer
C004978,Manish Mehta,Male,27,Mumbai,Maharashtra,2024-02-19,Regular Customer
C004979,Divya Patil,Female,26,Kanpur,Uttar Pradesh,2026-02-07,New Customer
C004980,Aditi Mehta,Male,40,Bengaluru,Karnataka,2024-01-27,Occasional Customer
C004981,Karan Nair,Female,47,Vadodara,Gujarat,2024-08-17,New Customer
C004982,Divya Kulkarni,Female,39,Kolkata,West Bengal,2024-01-10,Loyal Customer
C004983,Neha Yadav,Male,64,Mumbai,Maharashtra,2024-01-06,Loyal Customer
C004984,Riya Deshmukh,Male,26,Chennai,Tamil Nadu,2024-01-01,Regular Customer
C004985,Amit Iyer,Male,36,Nagpur,Maharashtra,2024-01-04,Regular Customer
C004986,Rohan Verma,Male,25,Delhi,Delhi,2024-01-16,Loyal Customer
C004987,Sonia Menon,Male,21,Pune,Maharashtra,2024-01-15,Regular Customer
C004988,Sakshi More,Female,22,Jaipur,Rajasthan,2024-04-13,Occasional Customer
C004989,Isha Verma,Male,36,Bengaluru,Karnataka,2024-02-28,Occasional Customer
C004990,Aditya Verma,Female,63,Kolkata,West Bengal,2024-01-04,Regular Customer
C004991,Vikas Shah,Male,35,Chennai,Tamil Nadu,2024-01-02,Regular Customer
C004992,Aditya Joshi,Male,46,Mumbai,Maharashtra,2024-03-14,Regular Customer
C004993,Karan Reddy,Male,36,Ahmedabad,Gujarat,2024-06-11,New Customer
C004994,Rohan Rao,Female,23,Surat,Gujarat,2024-01-22,New Customer
C004995,Rahul Deshmukh,Male,22,Warangal,Telangana,2024-05-16,Occasional Customer
C004996,Rahul Reddy,Female,60,Warangal,Telangana,2024-08-19,Regular Customer
C004997,Manish Das,Female,22,Chennai,Tamil Nadu,2024-02-04,Loyal Customer
C004998,Neha Sawant,Female,25,Mumbai,Maharashtra,2024-01-06,Regular Customer
C004999,Nikhil Patil,Female,44,Delhi,Delhi,2025-03-23,Occasional Customer
C005000,Vikas Chavan,Male,54,Warangal,Telangana,2024-01-18,Loyal Customer
C005001,Manish Menon,Female,60,Mysuru,Karnataka,2024-10-03,New Customer
C005002,Aarav Yadav,Female,62,Lucknow,Uttar Pradesh,2025-04-20,New Customer
C005003,Isha Verma,Other,55,Delhi,Delhi,2024-01-08,Occasional Customer
C005004,Vikas Yadav,Male,54,Hyderabad,Telangana,2024-01-25,Loyal Customer
C005005,Neha Iyer,Female,35,Delhi,Delhi,2024-02-12,Occasional Customer
C005006,Deepak Bhosale,Male,43,Indore,Madhya Pradesh,2024-12-27,Occasional Customer
C005007,Divya Das,Male,59,Mumbai,Maharashtra,2024-01-07,Regular Customer
C005008,Ayush Sawant,Female,33,Patna,Bihar,2024-01-01,Occasional Customer
C005009,Ananya Patil,Female,39,Patna,Bihar,2024-01-12,Regular Customer
C005010,Riya Kumar,Female,63,Warangal,Telangana,2024-01-30,Regular Customer
C005011,Nikhil Iyer,Female,40,Latur,Maharashtra,2024-02-12,Loyal Customer
C005012,Ayush Iyer,Male,64,Vadodara,Gujarat,2024-03-31,Regular Customer
C005013,Sameer Mehta,Male,20,Bhopal,Madhya Pradesh,2024-01-01,New Customer
C005014,Arjun Patil,Female,20,Latur,Maharashtra,2024-11-21,New Customer
C005015,Pooja Yadav,Male,29,Aurangabad,Maharashtra,2024-01-07,Loyal Customer
C005016,Neha Pawar,Female,40,Ahmedabad,Gujarat,2024-02-04,Occasional Customer
C005017,Neha Patil,Male,64,Lucknow,Uttar Pradesh,2024-01-07,Occasional Customer
C005018,Rahul Sawant,Male,28,Vadodara,Gujarat,2024-01-01,Loyal Customer
C005019,Sameer Iyer,Female,59,Warangal,Telangana,2024-01-04,Loyal Customer
C005020,Nikhil Sharma,Male,64,Bengaluru,Karnataka,2024-05-28,Occasional Customer
C005021,Ayush Yadav,Female,63,Indore,Madhya Pradesh,2024-01-01,Loyal Customer
C005022,Aditya Jadhav,Male,46,Nagpur,Maharashtra,2024-01-20,Regular Customer
C005023,Kavita Deshmukh,Male,23,Lucknow,Uttar Pradesh,2024-01-31,Occasional Customer
C005024,Sonia Das,Female,63,Delhi,Delhi,2024-01-01,Regular Customer
C005025,Arjun More,Male,33,Indore,Madhya Pradesh,2024-01-17,Occasional Customer
C005026,Amit Shah,Female,51,Patna,Bihar,2024-01-15,Occasional Customer
C005027,Arjun More,Male,54,Lucknow,Uttar Pradesh,2024-03-03,Regular Customer
C005028,Sonia More,Male,28,Pune,Maharashtra,2024-05-31,Occasional Customer
C005029,Aarav Iyer,Female,28,Warangal,Telangana,2024-08-24,Regular Customer
C005030,Akash Shah,Female,42,Lucknow,Uttar Pradesh,2024-02-10,Occasional Customer
C005031,Ananya Kumar,Male,36,Hyderabad,Telangana,2024-01-18,Regular Customer
C005032,Neha Iyer,Female,49,Indore,Madhya Pradesh,2024-05-13,Regular Customer
C005033,Amit Rao,Female,25,Latur,Maharashtra,2024-04-29,Regular Customer
C005034,Isha Kadam,Male,29,Lucknow,Uttar Pradesh,2024-01-17,Regular Customer
C005035,Sameer Pawar,Male,58,Latur,Maharashtra,2024-02-17,Occasional Customer
C005036,Arjun Das,Female,52,Pune,Maharashtra,2024-03-05,Regular Customer
C005037,Riya Joshi,Male,23,Latur,Maharashtra,2024-01-17,Loyal Customer
C005038,Karan Pawar,Male,38,Aurangabad,Maharashtra,2024-02-09,Occasional Customer
C005039,Sameer Verma,Female,43,Lucknow,Uttar Pradesh,2024-02-17,Occasional Customer
C005040,Sonia Patil,Male,18,Kanpur,Uttar Pradesh,2024-05-08,Regular Customer
C005041,Deepak Deshmukh,Female,34,Nashik,Maharashtra,2024-03-10,Occasional Customer
C005042,Amit Shah,Female,52,Vadodara,Gujarat,2024-03-01,Regular Customer
C005043,Vivek Banerjee,Female,44,Indore,Madhya Pradesh,2024-03-31,Regular Customer
C005044,Amit Banerjee,Female,19,Delhi,Delhi,2024-02-02,Loyal Customer
C005045,Karan Menon,Male,53,Nashik,Maharashtra,2024-11-17,Occasional Customer
C005046,Harsh Menon,Male,18,Ahmedabad,Gujarat,2024-02-11,Occasional Customer
C005047,Gaurav Joshi,Male,27,Kanpur,Uttar Pradesh,2024-01-06,Loyal Customer
C005048,Rahul Thakur,Female,48,Indore,Madhya Pradesh,2024-10-03,Occasional Customer
C005049,Rohan Reddy,Male,54,Bengaluru,Karnataka,2024-01-15,Loyal Customer
C005050,Ananya Shinde,Male,22,Nashik,Maharashtra,2024-10-29,Occasional Customer
C005051,Neha Iyer,Female,58,Surat,Gujarat,2024-01-24,Loyal Customer
C005052,Sneha Kadam,Other,63,Lucknow,Uttar Pradesh,2024-07-07,Regular Customer
C005053,Aditi Reddy,Male,30,Nagpur,Maharashtra,2024-01-01,Regular Customer
C005054,Arjun Menon,Male,62,Surat,Gujarat,2024-02-08,New Customer
C005055,Sneha Kulkarni,Female,41,Warangal,Telangana,2024-01-18,Regular Customer
C005056,Aditi Pawar,Female,44,Mumbai,Maharashtra,2024-05-03,Regular Customer
C005057,Isha Gaikwad,Male,18,Mysuru,Karnataka,2024-03-04,Regular Customer
C005058,Karan Sawant,Male,37,Bhopal,Madhya Pradesh,2024-01-11,Regular Customer
C005059,Karan Iyer,Female,25,Jaipur,Rajasthan,2024-08-08,Occasional Customer
C005060,Sakshi Kumar,Female,20,Warangal,Telangana,2024-05-06,Occasional Customer
C005061,Manish Joshi,Female,49,Mumbai,Maharashtra,2024-01-11,Regular Customer
C005062,Gaurav Rao,Male,61,Chennai,Tamil Nadu,2024-04-07,Occasional Customer
C005063,Riya Gaikwad,Male,42,Warangal,Telangana,2025-02-08,New Customer
C005064,Karan More,Female,42,Jaipur,Rajasthan,2024-01-01,Regular Customer
C005065,Amit Verma,Male,31,Bhopal,Madhya Pradesh,2024-01-27,Occasional Customer
C005066,Sonia Bhosale,Male,60,Nashik,Maharashtra,2024-03-01,Regular Customer
C005067,Aarav Sawant,Male,44,Latur,Maharashtra,2026-01-25,New Customer
C005068,Vivek Das,Female,65,Chennai,Tamil Nadu,2024-02-13,Regular Customer
C005069,Isha Gaikwad,Female,49,Bengaluru,Karnataka,2025-08-26,Occasional Customer
C005070,Rahul Chavan,Female,44,Kolkata,West Bengal,2024-05-30,Occasional Customer
C005071,Kavita Rao,Female,21,Jaipur,Rajasthan,2024-04-20,Occasional Customer
C005072,Aditi Kulkarni,Female,56,Chennai,Tamil Nadu,2024-01-12,Regular Customer
C005073,Vivek Gupta,Female,28,Surat,Gujarat,2024-02-18,Occasional Customer
C005074,Pooja Kadam,Male,65,Ahmedabad,Gujarat,2024-01-23,Loyal Customer
C005075,Sonia Bhosale,Male,65,Pune,Maharashtra,2024-04-21,Regular Customer
C005076,Nikhil Kumar,Female,20,Nagpur,Maharashtra,2024-06-07,Occasional Customer
C005077,Pooja Mishra,Male,42,Vadodara,Gujarat,2024-01-30,Regular Customer
C005078,Arjun Chavan,Female,41,Mysuru,Karnataka,2024-02-12,Regular Customer
C005079,Arjun More,Male,26,Bengaluru,Karnataka,2024-01-22,Loyal Customer
C005080,Sameer Kulkarni,Male,25,Kanpur,Uttar Pradesh,2025-04-23,New Customer
C005081,Arjun Reddy,Female,56,Warangal,Telangana,2025-01-01,Occasional Customer
C005082,Neha Gaikwad,Female,48,Mysuru,Karnataka,2024-05-18,Occasional Customer
C005083,Isha Menon,Female,34,Lucknow,Uttar Pradesh,2024-03-26,Occasional Customer
C005084,Rahul Iyer,Female,60,Nagpur,Maharashtra,2024-05-28,Occasional Customer
C005085,Anjali Iyer,Male,48,Aurangabad,Maharashtra,2024-01-07,Loyal Customer
C005086,Rahul Mehta,Male,21,Nagpur,Maharashtra,2024-02-05,Regular Customer
C005087,Sakshi Shinde,Female,21,Jaipur,Rajasthan,2024-01-01,Regular Customer
C005088,Kavita Chavan,Male,54,Indore,Madhya Pradesh,2024-01-06,Loyal Customer
C005089,Rahul Nair,Male,25,Kolkata,West Bengal,2024-01-17,Regular Customer
C005090,Ananya Chavan,Male,59,Nagpur,Maharashtra,2025-01-27,New Customer
C005091,Manish Sharma,Male,23,Chennai,Tamil Nadu,2026-03-29,New Customer
C005092,Rahul Sharma,Female,26,Bengaluru,Karnataka,2024-01-03,Regular Customer
C005093,Sneha Deshmukh,Female,59,Patna,Bihar,2024-04-04,Occasional Customer
C005094,Aarav Bhosale,Female,25,Chennai,Tamil Nadu,2024-01-04,Regular Customer
C005095,Akash Verma,Female,49,Kolkata,West Bengal,2024-05-18,Regular Customer
C005096,Akash Rao,Male,32,Pune,Maharashtra,2024-01-22,Occasional Customer
C005097,Isha Kadam,Male,35,Bhopal,Madhya Pradesh,2024-07-17,Occasional Customer
C005098,Anjali Iyer,Male,40,Kanpur,Uttar Pradesh,2024-01-02,Occasional Customer
C005099,Ayush More,Male,22,Chennai,Tamil Nadu,2024-02-25,Occasional Customer
C005100,Aniket Patil,Male,44,Nashik,Maharashtra,2025-05-04,Occasional Customer
C005101,Aarav Shah,Male,50,Jaipur,Rajasthan,2024-03-10,Occasional Customer
C005102,Aditya Patil,Female,19,Jaipur,Rajasthan,2024-01-07,Occasional Customer
C005103,Nikhil Rao,Female,59,Mumbai,Maharashtra,2024-02-14,Regular Customer
C005104,Vikas Banerjee,Female,55,Vadodara,Gujarat,2024-01-05,Occasional Customer
C005105,Aniket Shah,Female,45,Pune,Maharashtra,2024-02-17,Loyal Customer
C005106,Pooja Kulkarni,Male,41,Nagpur,Maharashtra,2024-01-18,Loyal Customer
C005107,Riya Kulkarni,Male,38,Patna,Bihar,2024-02-20,Regular Customer
C005108,Aditya Mishra,Male,48,Kanpur,Uttar Pradesh,2024-01-16,Regular Customer
C005109,Nikhil Jadhav,Male,28,Indore,Madhya Pradesh,2024-02-02,Occasional Customer
C005110,Gaurav Rao,Male,45,Kanpur,Uttar Pradesh,2024-12-03,Occasional Customer
C005111,Sakshi Singh,Male,65,Vadodara,Gujarat,2024-04-22,New Customer
C005112,Pooja Mehta,Female,57,Patna,Bihar,2024-05-29,Regular Customer
C005113,Sameer Pawar,Female,21,Mumbai,Maharashtra,2025-02-02,Occasional Customer
C005114,Vikas Kulkarni,Female,60,Kanpur,Uttar Pradesh,2024-02-13,Regular Customer
C005115,Riya Pawar,Male,59,Latur,Maharashtra,2024-02-16,Regular Customer
C005116,Arjun Sawant,Female,33,Kolkata,West Bengal,2024-01-10,Occasional Customer
C005117,Isha Rao,Female,29,Surat,Gujarat,2024-02-25,Regular Customer
C005118,Vivek Deshmukh,Female,39,Kanpur,Uttar Pradesh,2025-03-17,Regular Customer
C005119,Pooja Thakur,Male,52,Kolkata,West Bengal,2024-02-19,Regular Customer
C005120,Vivek More,Female,60,Surat,Gujarat,2024-03-22,Regular Customer
C005121,Sakshi Bhosale,Female,33,Patna,Bihar,2024-01-11,Regular Customer
C005122,Riya Singh,Male,41,Aurangabad,Maharashtra,2024-01-24,Loyal Customer
C005123,Rahul Menon,Male,52,Latur,Maharashtra,2024-01-11,Regular Customer
C005124,Sakshi Chavan,Male,45,Indore,Madhya Pradesh,2024-02-20,Loyal Customer
C005125,Arjun Pawar,Female,59,Delhi,Delhi,2024-05-29,Regular Customer
C005126,Sakshi Deshmukh,Female,46,Jaipur,Rajasthan,2024-01-13,Regular Customer
C005127,Arjun Menon,Male,38,Chennai,Tamil Nadu,2024-01-02,Loyal Customer
C005128,Aditi Gaikwad,Male,65,Kolkata,West Bengal,2024-10-11,Occasional Customer
C005129,Gaurav Chavan,Female,42,Nashik,Maharashtra,2024-03-22,New Customer
C005130,Aditi More,Male,56,Bhopal,Madhya Pradesh,2024-01-03,Loyal Customer
C005131,Sneha More,Male,48,Patna,Bihar,2024-01-02,Regular Customer
C005132,Ananya Thakur,Male,32,Nagpur,Maharashtra,2024-03-30,Occasional Customer
C005133,Aditya Yadav,Female,64,Vadodara,Gujarat,2024-01-03,Regular Customer
C005134,Vivek Shinde,Female,59,Warangal,Telangana,2024-01-14,Regular Customer
C005135,Nikhil Gaikwad,Male,52,Nagpur,Maharashtra,2025-06-30,New Customer
C005136,Ananya Reddy,Female,55,Warangal,Telangana,2024-01-03,New Customer
C005137,Karan Kulkarni,Female,39,Bhopal,Madhya Pradesh,2024-01-23,Loyal Customer
C005138,Amit Gupta,Male,22,Mysuru,Karnataka,2024-02-16,Regular Customer
C005139,Sakshi Bhosale,Female,65,Kanpur,Uttar Pradesh,2024-01-26,Loyal Customer
C005140,Aniket Shah,Male,30,Indore,Madhya Pradesh,2024-01-02,Occasional Customer
C005141,Pooja Kulkarni,Female,49,Warangal,Telangana,2024-02-08,Regular Customer
C005142,Vivek Thakur,Male,20,Delhi,Delhi,2024-01-29,Regular Customer
C005143,Riya More,Female,32,Aurangabad,Maharashtra,2024-02-14,Occasional Customer
C005144,Akash Patil,Male,44,Ahmedabad,Gujarat,2024-01-01,New Customer
C005145,Aditya Deshmukh,Female,44,Patna,Bihar,2024-01-04,Regular Customer
C005146,Neha Iyer,Male,47,Aurangabad,Maharashtra,2024-01-04,Loyal Customer
C005147,Arjun Menon,Female,23,Ahmedabad,Gujarat,2024-03-16,Regular Customer
C005148,Isha Sharma,Male,42,Latur,Maharashtra,2024-03-05,New Customer
C005149,Vikas Yadav,Female,45,Aurangabad,Maharashtra,2024-01-24,Occasional Customer
C005150,Amit Reddy,Female,39,Bengaluru,Karnataka,2024-06-14,Regular Customer
C005151,Pooja Sharma,Male,21,Jaipur,Rajasthan,2024-01-14,New Customer
C005152,Vivek Patil,Female,32,Pune,Maharashtra,2024-01-06,Loyal Customer
C005153,Rahul Gaikwad,Male,43,Mumbai,Maharashtra,2024-01-11,Loyal Customer
C005154,Arjun Jadhav,Female,35,Warangal,Telangana,2024-01-03,Regular Customer
C005155,Riya Chavan,Female,26,Lucknow,Uttar Pradesh,2024-03-03,Occasional Customer
C005156,Vikas Gaikwad,Male,21,Delhi,Delhi,2024-02-05,Loyal Customer
C005157,Neha Sharma,Female,65,Chennai,Tamil Nadu,2024-01-03,Regular Customer
C005158,Kavita Nair,Male,22,Chennai,Tamil Nadu,2024-01-05,Loyal Customer
C005159,Sakshi Yadav,Male,62,Hyderabad,Telangana,2024-02-06,Regular Customer
C005160,Karan Bhosale,Female,23,Ahmedabad,Gujarat,2024-10-20,Occasional Customer
C005161,Gaurav Mishra,Female,29,Warangal,Telangana,2024-01-01,Occasional Customer
C005162,Rohan Menon,Male,48,Vadodara,Gujarat,2024-03-17,Regular Customer
C005163,Sameer Das,Male,64,Bengaluru,Karnataka,2024-01-02,Loyal Customer
C005164,Aditya Gupta,Female,26,Hyderabad,Telangana,2025-11-29,New Customer
C005165,Anjali Sharma,Male,24,Patna,Bihar,2024-04-10,Regular Customer
C005166,Gaurav Nair,Female,46,Kolkata,West Bengal,2024-01-01,Occasional Customer
C005167,Sneha Menon,Female,31,Pune,Maharashtra,2024-01-10,Regular Customer
C005168,Karan Kulkarni,Male,37,Kanpur,Uttar Pradesh,2024-01-27,Regular Customer
C005169,Neha Gupta,Male,65,Chennai,Tamil Nadu,2024-01-26,Regular Customer
C005170,Vivek Kadam,Female,49,Mumbai,Maharashtra,2024-01-06,Regular Customer
C005171,Deepak Rao,Male,39,Vadodara,Gujarat,2024-03-29,Occasional Customer
C005172,Ayush Gaikwad,Female,53,Warangal,Telangana,2024-01-29,Regular Customer
C005173,Aditi Reddy,Female,61,Aurangabad,Maharashtra,2024-01-03,Regular Customer
C005174,Pooja Deshmukh,Female,35,Kolkata,West Bengal,2024-01-09,Loyal Customer
C005175,Divya Gupta,Male,57,Mumbai,Maharashtra,2024-01-14,Loyal Customer
C005176,Sonia Chavan,Male,42,Mumbai,Maharashtra,2024-09-12,New Customer
C005177,Aditya Banerjee,Female,48,Mysuru,Karnataka,2024-04-12,Occasional Customer
C005178,Isha Menon,Female,52,Vadodara,Gujarat,2024-01-01,Occasional Customer
C005179,Sakshi Sawant,Female,43,Mysuru,Karnataka,2024-03-08,Loyal Customer
C005180,Pooja Shinde,Male,21,Patna,Bihar,2024-03-28,Occasional Customer
C005181,Ananya Gupta,Female,59,Kolkata,West Bengal,2024-01-14,Loyal Customer
C005182,Aditi Gaikwad,Male,65,Indore,Madhya Pradesh,2024-08-02,Regular Customer
C005183,Rahul Shinde,Female,37,Vadodara,Gujarat,2024-01-04,Regular Customer
C005184,Ayush Nair,Female,51,Latur,Maharashtra,2024-01-10,Regular Customer
C005185,Gaurav Singh,Female,29,Nagpur,Maharashtra,2024-01-24,Loyal Customer
C005186,Akash Reddy,Male,33,Ahmedabad,Gujarat,2024-01-14,Loyal Customer
C005187,Riya Kadam,Female,59,Jaipur,Rajasthan,2024-01-13,Loyal Customer
C005188,Karan Deshmukh,Male,22,Warangal,Telangana,2024-02-17,Occasional Customer
C005189,Vikas Reddy,Female,61,Kolkata,West Bengal,2024-02-04,Regular Customer
C005190,Isha Iyer,Male,52,Indore,Madhya Pradesh,2024-01-16,Loyal Customer
C005191,Aniket Jadhav,Male,61,Indore,Madhya Pradesh,2024-02-06,Regular Customer
C005192,Aditi Shinde,Male,44,Vadodara,Gujarat,2024-02-11,Loyal Customer
C005193,Aarav Iyer,Female,18,Ahmedabad,Gujarat,2024-01-01,Loyal Customer
C005194,Neha Joshi,Female,51,Indore,Madhya Pradesh,2024-01-20,Occasional Customer
C005195,Karan Gaikwad,Female,60,Latur,Maharashtra,2024-01-30,Occasional Customer
C005196,Aditya Das,Female,49,Indore,Madhya Pradesh,2024-01-20,Regular Customer
C005197,Manish Reddy,Female,61,Jaipur,Rajasthan,2024-01-07,Regular Customer
C005198,Ayush Yadav,Male,56,Surat,Gujarat,2024-01-06,Occasional Customer
C005199,Manish Banerjee,Female,50,Ahmedabad,Gujarat,2024-01-10,Occasional Customer
C005200,Sameer Thakur,Female,48,Latur,Maharashtra,2024-01-04,Loyal Customer
C005201,Aarav Patil,Male,30,Nagpur,Maharashtra,2024-03-26,New Customer
C005202,Deepak Patil,Male,62,Surat,Gujarat,2024-03-03,Loyal Customer
C005203,Deepak Das,Male,19,Surat,Gujarat,2024-02-17,Occasional Customer
C005204,Rohan Patil,Male,47,Kolkata,West Bengal,2024-04-07,Regular Customer
C005205,Gaurav Kulkarni,Male,27,Warangal,Telangana,2024-01-02,Regular Customer
C005206,Aniket Das,Male,40,Kolkata,West Bengal,2024-01-09,Loyal Customer
C005207,Pooja Rao,Female,50,Vadodara,Gujarat,2024-06-07,Regular Customer
C005208,Kavita Thakur,Male,56,Ahmedabad,Gujarat,2024-01-02,Occasional Customer
C005209,Rahul Mishra,Male,62,Indore,Madhya Pradesh,2024-02-21,New Customer
C005210,Sonia Gupta,Female,46,Patna,Bihar,2024-01-05,Loyal Customer
C005211,Amit Iyer,Female,47,Nagpur,Maharashtra,2024-01-21,Regular Customer
C005212,Neha Joshi,Male,51,Latur,Maharashtra,2024-03-17,Regular Customer
C005213,Vivek Deshmukh,Female,56,Aurangabad,Maharashtra,2024-01-27,Loyal Customer
C005214,Aditi Iyer,Male,34,Vadodara,Gujarat,2024-01-30,Occasional Customer
C005215,Amit Yadav,Male,39,Indore,Madhya Pradesh,2024-01-03,Loyal Customer
C005216,Pooja Sharma,Male,22,Pune,Maharashtra,2024-01-06,Loyal Customer
C005217,Karan Kumar,Female,28,Kolkata,West Bengal,2024-03-16,Regular Customer
C005218,Vivek Shah,Female,39,Aurangabad,Maharashtra,2024-01-15,Occasional Customer
C005219,Aditi Joshi,Female,49,Kanpur,Uttar Pradesh,2024-01-25,Regular Customer
C005220,Riya Reddy,Other,41,Latur,Maharashtra,2024-01-01,Loyal Customer
C005221,Amit Sharma,Female,28,Latur,Maharashtra,2024-03-29,Occasional Customer
C005222,Ananya Reddy,Female,28,Bhopal,Madhya Pradesh,2024-01-02,Loyal Customer
C005223,Aditi Singh,Female,34,Bhopal,Madhya Pradesh,2024-08-02,Regular Customer
C005224,Ayush Banerjee,Male,49,Nashik,Maharashtra,2024-01-01,Occasional Customer
C005225,Sameer Kulkarni,Male,36,Indore,Madhya Pradesh,2024-02-03,Loyal Customer
C005226,Isha Shah,Female,44,Surat,Gujarat,2024-02-06,Regular Customer
C005227,Ananya Banerjee,Female,49,Surat,Gujarat,2024-02-29,Regular Customer
C005228,Neha Deshmukh,Female,42,Ahmedabad,Gujarat,2024-01-08,Regular Customer
C005229,Sneha Banerjee,Male,45,Hyderabad,Telangana,2024-06-17,Occasional Customer
C005230,Akash Kulkarni,Female,57,Chennai,Tamil Nadu,2024-01-01,Loyal Customer
C005231,Karan Shah,Female,44,Kolkata,West Bengal,2024-01-21,Regular Customer
C005232,Sameer Shah,Male,31,Lucknow,Uttar Pradesh,2025-02-13,New Customer
C005233,Anjali Deshmukh,Female,59,Delhi,Delhi,2024-03-12,Loyal Customer
C005234,Sameer Shinde,Female,56,Kolkata,West Bengal,2024-01-26,Occasional Customer
C005235,Harsh Chavan,Male,19,Chennai,Tamil Nadu,2024-01-29,Loyal Customer
C005236,Sameer Banerjee,Female,34,Nagpur,Maharashtra,2024-06-24,Regular Customer
C005237,Rohan Rao,Male,18,Indore,Madhya Pradesh,2024-02-17,Regular Customer
C005238,Gaurav Chavan,Male,62,Nagpur,Maharashtra,2024-02-23,Occasional Customer
C005239,Akash Rao,Female,49,Lucknow,Uttar Pradesh,2024-01-29,Occasional Customer
C005240,Neha Gupta,Male,36,Kanpur,Uttar Pradesh,2024-05-01,Occasional Customer
C005241,Amit Chavan,Male,31,Nashik,Maharashtra,2024-01-04,Regular Customer
C005242,Sneha Das,Male,48,Nagpur,Maharashtra,2024-02-03,Regular Customer
C005243,Aniket Menon,Male,35,Jaipur,Rajasthan,2025-10-06,New Customer
C005244,Aditi Mehta,Male,31,Chennai,Tamil Nadu,2024-01-07,Regular Customer
C005245,Ananya Chavan,Male,64,Warangal,Telangana,2024-02-08,New Customer
C005246,Aditya Kulkarni,Female,31,Indore,Madhya Pradesh,2024-01-03,Occasional Customer
C005247,Arjun Jadhav,Female,41,Hyderabad,Telangana,2024-01-14,Loyal Customer
C005248,Sakshi Bhosale,Male,22,Delhi,Delhi,2024-01-12,Loyal Customer
C005249,Ananya Nair,Male,33,Bhopal,Madhya Pradesh,2024-02-03,Loyal Customer
C005250,Divya Gupta,Male,22,Mumbai,Maharashtra,2024-01-23,Regular Customer
C005251,Ananya Thakur,Male,30,Nagpur,Maharashtra,2024-01-02,Regular Customer
C005252,Anjali Kumar,Female,33,Nashik,Maharashtra,2024-01-08,Regular Customer
C005253,Neha Patil,Female,32,Ahmedabad,Gujarat,2024-11-29,New Customer
C005254,Amit Kulkarni,Female,48,Latur,Maharashtra,2024-08-21,New Customer
C005255,Sameer Mishra,Male,22,Surat,Gujarat,2024-02-29,Regular Customer
C005256,Pooja Shah,Female,38,Aurangabad,Maharashtra,2024-01-03,Regular Customer
C005257,Gaurav Menon,Male,47,Jaipur,Rajasthan,2024-07-23,New Customer
C005258,Ananya Sharma,Female,40,Kolkata,West Bengal,2024-02-04,Occasional Customer
C005259,Vikas Yadav,Female,55,Kolkata,West Bengal,2024-01-04,Regular Customer
C005260,Aditya Sharma,Female,46,Nashik,Maharashtra,2024-02-16,Occasional Customer
C005261,Aarav Pawar,Male,30,Warangal,Telangana,2025-03-31,Occasional Customer
C005262,Vivek Deshmukh,Male,49,Jaipur,Rajasthan,2024-02-24,Regular Customer
C005263,Riya Reddy,Female,65,Jaipur,Rajasthan,2024-01-10,Regular Customer
C005264,Neha Singh,Male,59,Nashik,Maharashtra,2024-08-16,Occasional Customer
C005265,Ayush Bhosale,Male,44,Ahmedabad,Gujarat,2024-03-27,Occasional Customer
C005266,Riya Das,Female,51,Ahmedabad,Gujarat,2024-01-02,Loyal Customer
C005267,Sameer Menon,Male,62,Pune,Maharashtra,2024-01-27,Regular Customer
C005268,Karan Nair,Female,50,Nagpur,Maharashtra,2024-01-04,Loyal Customer
C005269,Amit Shinde,Male,21,Vadodara,Gujarat,2024-01-14,Regular Customer
C005270,Amit Reddy,Female,35,Warangal,Telangana,2024-01-30,Occasional Customer
C005271,Arjun Verma,Male,23,Kolkata,West Bengal,2024-01-01,Regular Customer
C005272,Isha Bhosale,Female,45,Delhi,Delhi,2024-01-09,Regular Customer
C005273,Anjali Pawar,Male,61,Bengaluru,Karnataka,2024-01-01,Loyal Customer
C005274,Nikhil Nair,Female,44,Hyderabad,Telangana,2024-01-10,Loyal Customer
C005275,Aditi Shah,Female,43,Ahmedabad,Gujarat,2024-01-12,Loyal Customer
C005276,Ananya Nair,Male,37,Pune,Maharashtra,2024-01-06,Regular Customer
C005277,Karan Shah,Male,30,Warangal,Telangana,2024-04-21,Occasional Customer
C005278,Aditya Reddy,Male,45,Hyderabad,Telangana,2024-01-10,Occasional Customer
C005279,Sneha Das,Male,51,Chennai,Tamil Nadu,2024-02-05,Regular Customer
C005280,Ayush Kadam,Female,40,Lucknow,Uttar Pradesh,2024-07-23,New Customer
C005281,Harsh Sharma,Male,27,Hyderabad,Telangana,2024-01-04,Regular Customer
C005282,Manish Joshi,Female,47,Mysuru,Karnataka,2024-01-07,Regular Customer
C005283,Aniket Kulkarni,Female,39,Jaipur,Rajasthan,2024-01-23,Loyal Customer
C005284,Kavita Kulkarni,Male,22,Nagpur,Maharashtra,2024-01-01,Loyal Customer
C005285,Nikhil Kadam,Female,61,Mysuru,Karnataka,2024-02-05,Loyal Customer
C005286,Sonia Menon,Male,26,Latur,Maharashtra,2024-01-10,Loyal Customer
C005287,Manish Verma,Male,60,Bhopal,Madhya Pradesh,2024-01-30,Regular Customer
C005288,Anjali Thakur,Male,21,Bhopal,Madhya Pradesh,2024-01-26,Regular Customer
C005289,Sakshi Reddy,Female,59,Aurangabad,Maharashtra,2024-02-28,Loyal Customer
C005290,Rahul Shinde,Male,18,Patna,Bihar,2024-01-23,Regular Customer
C005291,Arjun Patil,Female,51,Hyderabad,Telangana,2024-01-04,Loyal Customer
C005292,Aniket Kulkarni,Male,58,Pune,Maharashtra,2024-03-01,Regular Customer
C005293,Sameer Jadhav,Female,43,Delhi,Delhi,2024-02-19,Occasional Customer
C005294,Rahul Mishra,Female,35,Ahmedabad,Gujarat,2024-05-13,Regular Customer
C005295,Vivek Yadav,Male,33,Aurangabad,Maharashtra,2024-07-04,Occasional Customer
C005296,Karan Pawar,Female,40,Latur,Maharashtra,2024-01-31,Loyal Customer
C005297,Ananya Rao,Female,63,Surat,Gujarat,2024-01-14,Loyal Customer
C005298,Vivek Patil,Male,53,Chennai,Tamil Nadu,2024-01-03,Regular Customer
C005299,Aditi Reddy,Male,43,Nashik,Maharashtra,2024-02-24,Regular Customer
C005300,Divya Sawant,Male,19,Latur,Maharashtra,2024-06-26,Regular Customer
C005301,Aniket Bhosale,Female,61,Mysuru,Karnataka,2024-01-07,Loyal Customer
C005302,Arjun Chavan,Female,22,Bhopal,Madhya Pradesh,2024-05-08,Occasional Customer
C005303,Nikhil Das,Male,46,Kolkata,West Bengal,2024-01-20,Loyal Customer
C005304,Vikas Menon,Male,21,Warangal,Telangana,2024-02-07,Occasional Customer
C005305,Isha Patil,Male,64,Bengaluru,Karnataka,2024-01-06,Regular Customer
C005306,Akash Iyer,Female,52,Aurangabad,Maharashtra,2024-01-06,Occasional Customer
C005307,Aditi Kumar,Female,39,Mysuru,Karnataka,2024-01-27,Loyal Customer
C005308,Manish Pawar,Female,25,Kanpur,Uttar Pradesh,2024-01-03,Loyal Customer
C005309,Ananya Das,Male,61,Latur,Maharashtra,2024-02-24,Regular Customer
C005310,Aarav Yadav,Male,38,Jaipur,Rajasthan,2024-01-18,Regular Customer
C005311,Kavita Kulkarni,Male,25,Nagpur,Maharashtra,2024-08-30,Occasional Customer
C005312,Aditya Singh,Female,22,Mysuru,Karnataka,2024-01-06,Loyal Customer
C005313,Anjali Iyer,Male,38,Delhi,Delhi,2024-03-28,Occasional Customer
C005314,Isha Mehta,Male,44,Delhi,Delhi,2024-02-21,Occasional Customer
C005315,Neha Chavan,Female,55,Indore,Madhya Pradesh,2024-02-02,Regular Customer
C005316,Harsh Shinde,Male,22,Nashik,Maharashtra,2024-08-13,Occasional Customer
C005317,Rohan Rao,Male,38,Nashik,Maharashtra,2024-01-21,Occasional Customer
C005318,Vikas Chavan,Female,25,Indore,Madhya Pradesh,2024-01-23,New Customer
C005319,Anjali Menon,Male,39,Bengaluru,Karnataka,2024-02-23,Loyal Customer
C005320,Akash Chavan,Male,35,Lucknow,Uttar Pradesh,2024-02-01,Loyal Customer
C005321,Anjali Kulkarni,Male,21,Aurangabad,Maharashtra,2024-01-05,Loyal Customer
C005322,Anjali Iyer,Male,21,Vadodara,Gujarat,2024-01-07,Occasional Customer
C005323,Harsh Mishra,Male,54,Latur,Maharashtra,2025-01-12,New Customer
C005324,Aniket Gaikwad,Female,32,Nagpur,Maharashtra,2024-03-29,Occasional Customer
C005325,Vikas Joshi,Male,55,Vadodara,Gujarat,2024-02-08,Loyal Customer
C005326,Aditya Yadav,Female,44,Mumbai,Maharashtra,2024-02-16,Regular Customer
C005327,Neha Yadav,Male,38,Kanpur,Uttar Pradesh,2024-01-06,Regular Customer
C005328,Aditi Singh,Male,65,Vadodara,Gujarat,2024-04-22,Regular Customer
C005329,Harsh Jadhav,Male,63,Jaipur,Rajasthan,2024-03-27,Occasional Customer
C005330,Aniket Kumar,Male,63,Delhi,Delhi,2024-01-19,Regular Customer
C005331,Nikhil Thakur,Male,65,Ahmedabad,Gujarat,2024-03-12,Loyal Customer
C005332,Ananya Gaikwad,Male,21,Mysuru,Karnataka,2024-02-26,Regular Customer
C005333,Divya Jadhav,Female,28,Nagpur,Maharashtra,2024-04-23,Regular Customer
C005334,Isha Iyer,Male,36,Bengaluru,Karnataka,2024-02-09,Occasional Customer
C005335,Aniket Reddy,Female,36,Chennai,Tamil Nadu,2024-01-05,Occasional Customer
C005336,Divya More,Male,44,Surat,Gujarat,2024-03-09,Loyal Customer
C005337,Aniket Chavan,Male,57,Mumbai,Maharashtra,2024-02-09,Regular Customer
C005338,Amit Patil,Male,59,Bhopal,Madhya Pradesh,2024-03-04,Loyal Customer
C005339,Riya Mehta,Male,45,Indore,Madhya Pradesh,2024-01-06,Regular Customer
C005340,Aditi More,Female,22,Bengaluru,Karnataka,2024-01-02,Loyal Customer
C005341,Amit Kulkarni,Female,65,Bengaluru,Karnataka,2024-02-04,Regular Customer
C005342,Sonia Thakur,Male,42,Mysuru,Karnataka,2024-01-06,Regular Customer
C005343,Isha Bhosale,Male,20,Lucknow,Uttar Pradesh,2024-04-19,Occasional Customer
C005344,Ananya Menon,Female,43,Kolkata,West Bengal,2024-06-20,Occasional Customer
C005345,Deepak Joshi,Male,27,Aurangabad,Maharashtra,2024-01-26,Regular Customer
C005346,Vikas Sawant,Male,41,Kolkata,West Bengal,2025-10-24,New Customer
C005347,Nikhil Pawar,Male,46,Kanpur,Uttar Pradesh,2024-03-05,Occasional Customer
C005348,Sameer Das,Male,62,Pune,Maharashtra,2024-01-25,Regular Customer
C005349,Pooja Shah,Male,24,Ahmedabad,Gujarat,2024-01-17,Loyal Customer
C005350,Vikas Pawar,Female,61,Jaipur,Rajasthan,2024-01-01,Occasional Customer
C005351,Neha Gupta,Female,40,Kolkata,West Bengal,2024-01-01,Regular Customer
C005352,Sonia Joshi,Female,63,Mysuru,Karnataka,2024-01-22,Regular Customer
C005353,Aditya Bhosale,Male,44,Surat,Gujarat,2024-07-02,Occasional Customer
C005354,Sonia Verma,Female,59,Mysuru,Karnataka,2024-04-21,Loyal Customer
C005355,Karan Mishra,Female,26,Surat,Gujarat,2026-02-13,New Customer
C005356,Aniket Mehta,Female,61,Bengaluru,Karnataka,2024-02-07,Regular Customer
C005357,Karan Banerjee,Male,20,Surat,Gujarat,2024-07-16,Occasional Customer
C005358,Isha More,Female,30,Nagpur,Maharashtra,2024-10-01,Occasional Customer
C005359,Aarav Iyer,Male,23,Kanpur,Uttar Pradesh,2024-01-12,Occasional Customer
C005360,Harsh Iyer,Female,55,Jaipur,Rajasthan,2026-02-02,Occasional Customer
C005361,Sonia Joshi,Male,38,Pune,Maharashtra,2024-01-29,Occasional Customer
C005362,Anjali Chavan,Male,36,Mysuru,Karnataka,2024-02-18,Loyal Customer
C005363,Harsh Mehta,Male,42,Nagpur,Maharashtra,2024-01-02,Regular Customer
C005364,Anjali Singh,Female,56,Delhi,Delhi,2024-01-14,Regular Customer
C005365,Vivek Mehta,Male,21,Delhi,Delhi,2024-02-05,Loyal Customer
C005366,Amit Kumar,Female,39,Patna,Bihar,2024-02-06,Occasional Customer
C005367,Neha Singh,Female,22,Patna,Bihar,2024-01-11,Occasional Customer
C005368,Aarav Bhosale,Female,18,Vadodara,Gujarat,2024-02-05,Loyal Customer
C005369,Aditi Patil,Female,34,Ahmedabad,Gujarat,2024-01-23,Occasional Customer
C005370,Karan Iyer,Female,26,Hyderabad,Telangana,2024-01-15,Loyal Customer
C005371,Sakshi Verma,Female,26,Indore,Madhya Pradesh,2024-01-06,Regular Customer
C005372,Aditi Bhosale,Male,41,Pune,Maharashtra,2024-04-11,Occasional Customer
C005373,Kavita Gaikwad,Female,27,Chennai,Tamil Nadu,2024-02-03,Loyal Customer
C005374,Karan Das,Female,37,Mysuru,Karnataka,2024-02-25,Regular Customer
C005375,Sameer Nair,Male,34,Bhopal,Madhya Pradesh,2024-07-06,Regular Customer
C005376,Sneha Kulkarni,Female,30,Vadodara,Gujarat,2024-03-09,Regular Customer
C005377,Isha Yadav,Male,46,Delhi,Delhi,2024-01-17,Occasional Customer
C005378,Anjali Deshmukh,Male,53,Jaipur,Rajasthan,2024-01-13,New Customer
C005379,Manish Menon,Male,40,Indore,Madhya Pradesh,2024-01-01,Regular Customer
C005380,Aarav Nair,Male,44,Lucknow,Uttar Pradesh,2024-06-01,Regular Customer
C005381,Rohan Bhosale,Female,35,Bhopal,Madhya Pradesh,2024-01-22,Regular Customer
C005382,Aniket Jadhav,Female,35,Nagpur,Maharashtra,2024-01-15,Loyal Customer
C005383,Divya Sawant,Female,26,Patna,Bihar,2024-02-02,Loyal Customer
C005384,Anjali Reddy,Female,20,Jaipur,Rajasthan,2024-01-01,Regular Customer
C005385,Aditya Sharma,Male,24,Latur,Maharashtra,2024-01-03,Occasional Customer
C005386,Karan Rao,Male,32,Chennai,Tamil Nadu,2024-01-08,Loyal Customer
C005387,Ayush Pawar,Female,47,Delhi,Delhi,2024-01-24,Occasional Customer
C005388,Riya Thakur,Female,26,Kolkata,West Bengal,2026-08-24,New Customer
C005389,Sonia Mehta,Male,58,Kolkata,West Bengal,2024-01-18,Regular Customer
C005390,Rohan Mehta,Other,44,Jaipur,Rajasthan,2024-01-23,Regular Customer
C005391,Aarav Thakur,Female,53,Mysuru,Karnataka,2024-01-24,Regular Customer
C005392,Isha Menon,Female,35,Chennai,Tamil Nadu,2024-01-13,Loyal Customer
C005393,Amit Mishra,Male,48,Ahmedabad,Gujarat,2024-02-16,Loyal Customer
C005394,Riya Gaikwad,Male,34,Nashik,Maharashtra,2024-01-05,Loyal Customer
C005395,Ananya Das,Female,23,Hyderabad,Telangana,2024-01-31,Regular Customer
C005396,Sonia Kadam,Female,56,Vadodara,Gujarat,2024-01-02,Loyal Customer
C005397,Pooja Thakur,Male,42,Pune,Maharashtra,2024-01-05,Regular Customer
C005398,Riya Reddy,Female,59,Kolkata,West Bengal,2024-01-07,Loyal Customer
C005399,Aarav Mishra,Female,59,Warangal,Telangana,2024-01-17,Occasional Customer
C005400,Pooja Deshmukh,Male,55,Hyderabad,Telangana,2024-02-07,Loyal Customer
C005401,Gaurav Singh,Male,55,Kolkata,West Bengal,2024-02-26,Occasional Customer
C005402,Riya Chavan,Male,48,Surat,Gujarat,2024-05-02,Occasional Customer
C005403,Kavita Patil,Male,46,Warangal,Telangana,2024-05-16,Occasional Customer
C005404,Ayush Bhosale,Female,57,Chennai,Tamil Nadu,2024-01-10,Occasional Customer
C005405,Sakshi More,Male,26,Ahmedabad,Gujarat,2024-02-03,Loyal Customer
C005406,Riya Shah,Female,18,Delhi,Delhi,2024-08-06,Occasional Customer
C005407,Manish Mehta,Female,33,Indore,Madhya Pradesh,2024-01-13,Occasional Customer
C005408,Sameer Shinde,Male,55,Indore,Madhya Pradesh,2024-01-05,Occasional Customer
C005409,Sameer Rao,Female,40,Nashik,Maharashtra,2024-09-07,New Customer
C005410,Aditya Shah,Male,25,Patna,Bihar,2024-04-18,Regular Customer
C005411,Vikas Chavan,Male,64,Warangal,Telangana,2024-03-23,Regular Customer
C005412,Rohan Kumar,Female,29,Aurangabad,Maharashtra,2024-02-10,Regular Customer
C005413,Aditi Verma,Female,27,Jaipur,Rajasthan,2024-04-15,Regular Customer
C005414,Vivek Rao,Male,33,Nashik,Maharashtra,2024-02-17,Regular Customer
C005415,Divya Singh,Male,64,Vadodara,Gujarat,2024-01-07,Occasional Customer
C005416,Aditi Kulkarni,Male,60,Kolkata,West Bengal,2024-03-16,Regular Customer
C005417,Gaurav Kadam,Male,41,Chennai,Tamil Nadu,2024-01-15,Regular Customer
C005418,Isha Shah,Male,56,Aurangabad,Maharashtra,2024-02-28,Loyal Customer
C005419,Aditi Kadam,Female,25,Jaipur,Rajasthan,2024-03-05,Regular Customer
C005420,Divya Pawar,Male,28,Surat,Gujarat,2024-03-07,Regular Customer
C005421,Pooja Gupta,Female,58,Mysuru,Karnataka,2024-01-09,Regular Customer
C005422,Riya Deshmukh,Male,43,Hyderabad,Telangana,2024-01-09,Occasional Customer
C005423,Manish Nair,Female,24,Ahmedabad,Gujarat,2024-01-14,Loyal Customer
C005424,Sakshi Shinde,Female,32,Kanpur,Uttar Pradesh,2024-04-27,Regular Customer
C005425,Amit Chavan,Female,32,Aurangabad,Maharashtra,2024-01-04,Loyal Customer
C005426,Anjali Gupta,Male,65,Nagpur,Maharashtra,2024-02-20,Regular Customer
C005427,Akash Reddy,Female,20,Kolkata,West Bengal,2024-01-13,Loyal Customer
C005428,Karan Iyer,Female,33,Nashik,Maharashtra,2024-01-11,Occasional Customer
C005429,Sakshi Mehta,Female,32,Kolkata,West Bengal,2024-05-18,Occasional Customer
C005430,Sonia Nair,Female,42,Surat,Gujarat,2024-04-25,Regular Customer
C005431,Aniket Menon,Male,50,Kanpur,Uttar Pradesh,2024-11-29,New Customer
C005432,Rohan Menon,Female,31,Lucknow,Uttar Pradesh,2024-01-02,Loyal Customer
C005433,Anjali Chavan,Other,41,Ahmedabad,Gujarat,2024-02-26,Occasional Customer
C005434,Divya Singh,Female,28,Mysuru,Karnataka,2024-07-31,Regular Customer
C005435,Arjun Verma,Female,20,Patna,Bihar,2024-03-06,Regular Customer
C005436,Rahul Bhosale,Female,26,Aurangabad,Maharashtra,2024-02-23,Regular Customer
C005437,Arjun Patil,Female,23,Kanpur,Uttar Pradesh,2024-08-27,Occasional Customer
C005438,Aditya Kadam,Female,48,Kanpur,Uttar Pradesh,2024-01-17,Regular Customer
C005439,Divya Thakur,Female,33,Latur,Maharashtra,2024-01-07,Loyal Customer
C005440,Karan Verma,Male,28,Nashik,Maharashtra,2024-04-29,Occasional Customer
C005441,Kavita Banerjee,Female,34,Pune,Maharashtra,2024-01-26,Regular Customer
C005442,Akash Yadav,Female,20,Vadodara,Gujarat,2024-03-11,New Customer
C005443,Riya Gupta,Male,36,Jaipur,Rajasthan,2024-01-18,Regular Customer
C005444,Rahul Banerjee,Male,41,Bhopal,Madhya Pradesh,2024-01-24,Loyal Customer
C005445,Manish Singh,Female,64,Aurangabad,Maharashtra,2024-10-31,New Customer
C005446,Ayush Thakur,Female,59,Vadodara,Gujarat,2024-01-06,Occasional Customer
C005447,Nikhil Kadam,Male,25,Nashik,Maharashtra,2024-01-17,Occasional Customer
C005448,Sameer Rao,Female,53,Ahmedabad,Gujarat,2024-02-17,Loyal Customer
C005449,Riya Das,Female,57,Lucknow,Uttar Pradesh,2024-05-12,Occasional Customer
C005450,Vikas Deshmukh,Male,19,Pune,Maharashtra,2024-02-17,Occasional Customer
C005451,Aniket Singh,Male,40,Ahmedabad,Gujarat,2024-11-07,Occasional Customer
C005452,Vikas Thakur,Female,57,Delhi,Delhi,2024-01-09,Occasional Customer
C005453,Aditya Deshmukh,Female,47,Vadodara,Gujarat,2024-01-01,Loyal Customer
C005454,Gaurav Singh,Male,42,Nashik,Maharashtra,2024-01-20,Occasional Customer
C005455,Ananya Sawant,Male,24,Vadodara,Gujarat,2024-08-19,Regular Customer
C005456,Aditya Kulkarni,Male,45,Kanpur,Uttar Pradesh,2024-05-01,Loyal Customer
C005457,Ananya More,Female,58,Kanpur,Uttar Pradesh,2024-06-19,Occasional Customer
C005458,Akash Nair,Male,34,Kolkata,West Bengal,2024-03-14,Regular Customer
C005459,Amit Yadav,Female,49,Nashik,Maharashtra,2024-01-02,Regular Customer
C005460,Amit Mishra,Male,18,Bengaluru,Karnataka,2024-01-01,Loyal Customer
C005461,Aniket Verma,Female,44,Hyderabad,Telangana,2024-05-12,Occasional Customer
C005462,Pooja Sharma,Male,61,Lucknow,Uttar Pradesh,2024-06-06,New Customer
C005463,Ayush Bhosale,Female,53,Lucknow,Uttar Pradesh,2024-01-11,Loyal Customer
C005464,Rahul Gupta,Female,24,Latur,Maharashtra,2024-01-02,Regular Customer
C005465,Vivek Jadhav,Male,20,Latur,Maharashtra,2024-02-14,Loyal Customer
C005466,Karan Kadam,Male,47,Kanpur,Uttar Pradesh,2024-02-28,Regular Customer
C005467,Harsh Thakur,Female,18,Kolkata,West Bengal,2024-01-21,Regular Customer
C005468,Rohan Reddy,Male,51,Kolkata,West Bengal,2024-03-12,Regular Customer
C005469,Aarav Sawant,Female,55,Kanpur,Uttar Pradesh,2024-04-08,Occasional Customer
C005470,Aniket Deshmukh,Male,60,Bengaluru,Karnataka,2024-01-01,Regular Customer
C005471,Aarav Mishra,Male,53,Nashik,Maharashtra,2024-02-07,Occasional Customer
C005472,Sameer Joshi,Female,50,Bhopal,Madhya Pradesh,2024-01-04,Regular Customer
C005473,Sneha Verma,Female,60,Bhopal,Madhya Pradesh,2024-04-03,New Customer
C005474,Pooja Chavan,Female,33,Aurangabad,Maharashtra,2024-01-27,Regular Customer
C005475,Harsh Mehta,Male,55,Kanpur,Uttar Pradesh,2024-07-11,Regular Customer
C005476,Deepak Reddy,Male,28,Delhi,Delhi,2024-02-24,Regular Customer
C005477,Pooja Das,Female,25,Aurangabad,Maharashtra,2024-01-18,Occasional Customer
C005478,Deepak Yadav,Male,18,Vadodara,Gujarat,2024-01-11,Regular Customer
C005479,Neha Rao,Male,31,Nashik,Maharashtra,2024-04-25,Occasional Customer
C005480,Riya Verma,Male,47,Chennai,Tamil Nadu,2024-01-02,Occasional Customer
C005481,Sneha Gupta,Male,38,Pune,Maharashtra,2024-02-28,Occasional Customer
C005482,Isha Thakur,Female,38,Ahmedabad,Gujarat,2024-01-08,Regular Customer
C005483,Ayush Mehta,Female,51,Mysuru,Karnataka,2024-01-29,Loyal Customer
C005484,Amit Singh,Female,55,Bengaluru,Karnataka,2024-03-09,Loyal Customer
C005485,Sameer Sawant,Female,43,Mysuru,Karnataka,2024-08-05,Occasional Customer
C005486,Ananya Das,Female,58,Hyderabad,Telangana,2024-01-19,Regular Customer
C005487,Arjun Joshi,Female,31,Nashik,Maharashtra,2024-01-17,Loyal Customer
C005488,Karan Kadam,Female,57,Lucknow,Uttar Pradesh,2024-02-01,Regular Customer
C005489,Ayush Menon,Male,52,Mysuru,Karnataka,2024-01-01,Occasional Customer
C005490,Sonia Patil,Male,59,Nagpur,Maharashtra,2024-01-04,Loyal Customer
C005491,Amit Kadam,Female,35,Patna,Bihar,2024-01-07,Regular Customer
C005492,Ayush Thakur,Male,37,Lucknow,Uttar Pradesh,2024-04-11,Regular Customer
C005493,Ananya Shah,Male,26,Patna,Bihar,2024-05-03,Regular Customer
C005494,Vivek Pawar,Female,58,Pune,Maharashtra,2024-02-11,Occasional Customer
C005495,Riya Gupta,Female,62,Kanpur,Uttar Pradesh,2024-08-13,Occasional Customer
C005496,Ayush Pawar,Female,50,Mysuru,Karnataka,2025-11-12,Occasional Customer
C005497,Ananya Banerjee,Male,21,Pune,Maharashtra,2024-02-24,Regular Customer
C005498,Riya Nair,Female,21,Pune,Maharashtra,2024-01-02,Regular Customer
C005499,Vikas Rao,Female,65,Indore,Madhya Pradesh,2024-07-26,New Customer
C005500,Sameer Jadhav,Female,33,Jaipur,Rajasthan,2024-08-29,Occasional Customer
C005501,Ananya Joshi,Male,64,Jaipur,Rajasthan,2024-01-31,Regular Customer
C005502,Akash Patil,Male,43,Surat,Gujarat,2024-01-18,Loyal Customer
C005503,Deepak Mehta,Male,23,Hyderabad,Telangana,2024-01-18,Occasional Customer
C005504,Amit Thakur,Male,54,Patna,Bihar,2024-01-24,Regular Customer
C005505,Arjun Kadam,Male,39,Delhi,Delhi,2024-01-01,Loyal Customer
C005506,Ananya Shinde,Male,59,Mumbai,Maharashtra,2025-03-06,New Customer
C005507,Manish Nair,Female,56,Delhi,Delhi,2024-11-17,New Customer
C005508,Aditi Rao,Female,24,Patna,Bihar,2025-02-24,Occasional Customer
C005509,Deepak Kadam,Female,59,Nashik,Maharashtra,2024-03-01,Occasional Customer
C005510,Amit Kadam,Male,47,Hyderabad,Telangana,2024-01-19,Loyal Customer
C005511,Isha Gupta,Male,27,Kolkata,West Bengal,2024-02-11,Occasional Customer
C005512,Ananya Gupta,Male,32,Bhopal,Madhya Pradesh,2024-01-01,Loyal Customer
C005513,Ayush Kulkarni,Male,23,Chennai,Tamil Nadu,2024-02-11,Regular Customer
C005514,Vivek Sharma,Male,41,Indore,Madhya Pradesh,2024-01-03,Regular Customer
C005515,Gaurav Kumar,Male,19,Mumbai,Maharashtra,2024-09-19,Occasional Customer
C005516,Karan Menon,Female,57,Delhi,Delhi,2024-02-27,Regular Customer
C005517,Amit Thakur,Female,32,Mumbai,Maharashtra,2024-01-17,Loyal Customer
C005518,Vivek Chavan,Female,38,Kolkata,West Bengal,2024-02-11,Regular Customer
C005519,Amit Sharma,Female,35,Patna,Bihar,2024-02-02,Loyal Customer
C005520,Rohan Gupta,Female,22,Mysuru,Karnataka,2024-08-08,Occasional Customer
C005521,Kavita Chavan,Female,42,Hyderabad,Telangana,2024-01-06,Regular Customer
C005522,Pooja Nair,Female,53,Pune,Maharashtra,2024-04-21,Occasional Customer
C005523,Ayush Yadav,Female,27,Mysuru,Karnataka,2024-02-02,Regular Customer
C005524,Vikas Sawant,Female,63,Nashik,Maharashtra,2024-03-25,Regular Customer
C005525,Sakshi Mehta,Male,40,Chennai,Tamil Nadu,2024-06-22,Occasional Customer
C005526,Rahul Jadhav,Female,41,Lucknow,Uttar Pradesh,2024-11-28,New Customer
C005527,Sameer Mehta,Female,62,Delhi,Delhi,2024-01-21,New Customer
C005528,Rohan Kumar,Female,27,Warangal,Telangana,2024-01-06,Regular Customer
C005529,Vivek Thakur,Male,23,Bhopal,Madhya Pradesh,2024-04-09,Occasional Customer
C005530,Deepak Nair,Male,30,Delhi,Delhi,2024-01-16,Regular Customer
C005531,Akash Iyer,Female,38,Delhi,Delhi,2024-02-22,Occasional Customer
C005532,Karan Singh,Female,49,Ahmedabad,Gujarat,2024-04-16,Loyal Customer
C005533,Aditi Jadhav,Male,60,Nagpur,Maharashtra,2024-04-14,Occasional Customer
C005534,Rahul Gupta,Female,32,Chennai,Tamil Nadu,2024-03-18,Occasional Customer
C005535,Akash Sawant,Female,19,Nagpur,Maharashtra,2024-01-22,Regular Customer
C005536,Aarav Gaikwad,Male,32,Mysuru,Karnataka,2024-03-27,Occasional Customer
C005537,Nikhil Banerjee,Female,34,Indore,Madhya Pradesh,2024-05-11,Regular Customer
C005538,Anjali Thakur,Male,37,Vadodara,Gujarat,2024-03-29,Occasional Customer
C005539,Divya Deshmukh,Female,23,Pune,Maharashtra,2024-06-07,Regular Customer
C005540,Deepak Patil,Female,32,Indore,Madhya Pradesh,2024-05-08,Regular Customer
C005541,Nikhil Reddy,Female,34,Jaipur,Rajasthan,2024-02-18,Regular Customer
C005542,Aniket Mehta,Female,43,Pune,Maharashtra,2024-01-08,Loyal Customer
C005543,Kavita Joshi,Male,39,Vadodara,Gujarat,2024-01-04,Loyal Customer
C005544,Sameer Kumar,Female,26,Kanpur,Uttar Pradesh,2024-01-02,Occasional Customer
C005545,Sakshi More,Female,29,Latur,Maharashtra,2024-04-04,Loyal Customer
C005546,Aniket Sharma,Female,39,Mysuru,Karnataka,2024-03-21,Regular Customer
C005547,Aditya Gupta,Male,40,Mysuru,Karnataka,2024-01-21,Regular Customer
C005548,Sonia Thakur,Male,54,Warangal,Telangana,2024-02-24,Loyal Customer
C005549,Rahul Rao,Male,31,Mumbai,Maharashtra,2024-01-12,Occasional Customer
C005550,Aditya Verma,Female,41,Ahmedabad,Gujarat,2024-04-18,Regular Customer
C005551,Gaurav Shinde,Male,25,Bengaluru,Karnataka,2024-01-22,Regular Customer
C005552,Karan Chavan,Other,43,Vadodara,Gujarat,2026-07-09,New Customer
C005553,Nikhil Shah,Female,49,Mysuru,Karnataka,2024-01-21,Regular Customer
C005554,Kavita Patil,Female,45,Kolkata,West Bengal,2024-01-10,Regular Customer
C005555,Vivek Rao,Female,49,Aurangabad,Maharashtra,2024-01-10,Loyal Customer
C005556,Divya Gaikwad,Female,39,Vadodara,Gujarat,2024-02-05,Occasional Customer
C005557,Amit Nair,Female,26,Jaipur,Rajasthan,2024-01-09,Occasional Customer
C005558,Sonia Bhosale,Male,20,Ahmedabad,Gujarat,2024-03-01,Regular Customer
C005559,Divya Gaikwad,Female,42,Vadodara,Gujarat,2024-02-28,Occasional Customer
C005560,Divya Sharma,Female,56,Kanpur,Uttar Pradesh,2024-01-02,Regular Customer
C005561,Ayush Kadam,Female,29,Bhopal,Madhya Pradesh,2024-01-05,Regular Customer
C005562,Divya Sawant,Female,46,Delhi,Delhi,2024-01-14,Loyal Customer
C005563,Isha Mishra,Male,20,Bengaluru,Karnataka,2024-01-10,Occasional Customer
C005564,Manish Deshmukh,Male,58,Jaipur,Rajasthan,2024-02-04,Regular Customer
C005565,Aniket Iyer,Female,63,Pune,Maharashtra,2026-06-04,New Customer
C005566,Vikas Thakur,Male,40,Pune,Maharashtra,2024-01-13,Loyal Customer
C005567,Rohan Bhosale,Female,40,Chennai,Tamil Nadu,2024-03-28,Occasional Customer
C005568,Sameer Thakur,Male,35,Warangal,Telangana,2024-02-26,Occasional Customer
C005569,Ayush Pawar,Male,28,Bengaluru,Karnataka,2024-01-02,Loyal Customer
C005570,Sameer Iyer,Male,53,Chennai,Tamil Nadu,2024-01-27,Regular Customer
C005571,Vikas Bhosale,Female,43,Bengaluru,Karnataka,2024-07-19,New Customer
C005572,Rohan Singh,Female,25,Mysuru,Karnataka,2025-11-17,New Customer
C005573,Harsh Jadhav,Female,45,Pune,Maharashtra,2024-01-14,Loyal Customer
C005574,Sneha Mehta,Female,35,Jaipur,Rajasthan,2024-04-05,Occasional Customer
C005575,Nikhil Deshmukh,Male,30,Kanpur,Uttar Pradesh,2024-01-01,Loyal Customer
C005576,Amit Shinde,Male,53,Hyderabad,Telangana,2024-01-03,Loyal Customer
C005577,Ayush Yadav,Female,59,Pune,Maharashtra,2024-01-07,Loyal Customer
C005578,Sonia Verma,Female,57,Mumbai,Maharashtra,2024-01-02,Occasional Customer
C005579,Deepak Deshmukh,Male,61,Lucknow,Uttar Pradesh,2024-01-19,Occasional Customer
C005580,Vivek Mehta,Female,29,Nashik,Maharashtra,2024-01-22,Loyal Customer
C005581,Sakshi Gaikwad,Female,39,Vadodara,Gujarat,2024-01-02,Occasional Customer
C005582,Aditya Sharma,Male,19,Pune,Maharashtra,2024-05-01,Regular Customer
C005583,Harsh Reddy,Male,57,Surat,Gujarat,2024-02-19,Occasional Customer
C005584,Vivek More,Female,45,Pune,Maharashtra,2024-02-21,Loyal Customer
C005585,Harsh Pawar,Male,30,Kolkata,West Bengal,2025-08-17,Occasional Customer
C005586,Manish Thakur,Male,50,Chennai,Tamil Nadu,2025-07-10,New Customer
C005587,Riya Mehta,Female,20,Aurangabad,Maharashtra,2024-01-01,Occasional Customer
C005588,Sakshi Kumar,Male,51,Kanpur,Uttar Pradesh,2024-01-02,Occasional Customer
C005589,Amit Shinde,Male,40,Hyderabad,Telangana,2024-01-02,Regular Customer
C005590,Ananya Banerjee,Male,49,Patna,Bihar,2024-02-01,Regular Customer
C005591,Gaurav Sawant,Female,37,Mysuru,Karnataka,2024-01-31,Occasional Customer
C005592,Manish Yadav,Female,45,Surat,Gujarat,2024-06-06,Occasional Customer
C005593,Aditi Banerjee,Male,25,Surat,Gujarat,2024-02-23,Loyal Customer
C005594,Sneha Sawant,Male,20,Aurangabad,Maharashtra,2024-01-23,Regular Customer
C005595,Sneha Mehta,Female,47,Bhopal,Madhya Pradesh,2025-01-09,New Customer
C005596,Ayush Yadav,Female,42,Surat,Gujarat,2025-06-14,New Customer
C005597,Manish Iyer,Female,47,Pune,Maharashtra,2024-01-06,Loyal Customer
C005598,Isha Joshi,Male,46,Chennai,Tamil Nadu,2024-01-07,Loyal Customer
C005599,Aarav Das,Female,64,Vadodara,Gujarat,2024-01-14,Regular Customer
C005600,Aarav Jadhav,Female,47,Latur,Maharashtra,2024-01-30,Occasional Customer
C005601,Arjun Sawant,Female,51,Nashik,Maharashtra,2024-02-29,Regular Customer
C005602,Pooja Banerjee,Female,42,Ahmedabad,Gujarat,2024-02-16,Regular Customer
C005603,Pooja Yadav,Male,34,Nashik,Maharashtra,2024-01-15,Regular Customer
C005604,Akash Reddy,Female,41,Vadodara,Gujarat,2024-01-01,Regular Customer
C005605,Rahul Singh,Male,55,Surat,Gujarat,2024-03-09,Regular Customer
C005606,Ayush Bhosale,Male,45,Jaipur,Rajasthan,2024-01-28,Loyal Customer
C005607,Ananya Yadav,Female,50,Nashik,Maharashtra,2024-01-20,Regular Customer
C005608,Vivek Nair,Other,53,Mumbai,Maharashtra,2024-05-14,Occasional Customer
C005609,Pooja Joshi,Male,24,Ahmedabad,Gujarat,2024-01-11,Regular Customer
C005610,Aarav Kulkarni,Female,40,Nashik,Maharashtra,2024-01-26,Regular Customer
C005611,Sakshi More,Male,63,Kanpur,Uttar Pradesh,2025-08-24,Occasional Customer
C005612,Karan Deshmukh,Female,43,Bhopal,Madhya Pradesh,2024-01-02,Regular Customer
C005613,Nikhil Iyer,Female,31,Latur,Maharashtra,2024-01-21,Loyal Customer
C005614,Divya Mehta,Male,59,Nagpur,Maharashtra,2024-01-01,Regular Customer
C005615,Karan Mehta,Male,45,Ahmedabad,Gujarat,2024-01-27,Regular Customer
C005616,Harsh Mishra,Male,41,Jaipur,Rajasthan,2024-07-02,New Customer
C005617,Arjun Reddy,Male,24,Aurangabad,Maharashtra,2024-03-30,Regular Customer
C005618,Rahul Yadav,Male,65,Nashik,Maharashtra,2024-01-10,Regular Customer
C005619,Riya Banerjee,Female,53,Patna,Bihar,2024-10-01,New Customer
C005620,Akash Kadam,Male,56,Warangal,Telangana,2024-03-28,Loyal Customer
C005621,Kavita Iyer,Female,32,Lucknow,Uttar Pradesh,2024-01-16,Regular Customer
C005622,Neha Sharma,Male,20,Surat,Gujarat,2024-01-12,Loyal Customer
C005623,Sonia More,Female,65,Hyderabad,Telangana,2024-01-31,Loyal Customer
C005624,Ananya Mehta,Male,19,Surat,Gujarat,2024-03-24,Occasional Customer
C005625,Aditi Jadhav,Male,24,Latur,Maharashtra,2024-01-20,Regular Customer
C005626,Deepak Thakur,Female,33,Chennai,Tamil Nadu,2024-02-10,Loyal Customer
C005627,Vikas Nair,Male,38,Jaipur,Rajasthan,2024-01-01,Loyal Customer
C005628,Amit Kadam,Female,26,Indore,Madhya Pradesh,2024-02-27,Regular Customer
C005629,Ananya Patil,Female,29,Ahmedabad,Gujarat,2024-01-19,Regular Customer
C005630,Arjun Kadam,Female,46,Surat,Gujarat,2024-01-12,Regular Customer
C005631,Harsh Reddy,Male,41,Hyderabad,Telangana,2024-05-24,Regular Customer
C005632,Vivek Kadam,Male,50,Surat,Gujarat,2024-02-09,Regular Customer
C005633,Aditi Sawant,Male,31,Kolkata,West Bengal,2024-01-27,Regular Customer
C005634,Ayush Verma,Female,60,Chennai,Tamil Nadu,2024-04-25,Occasional Customer
C005635,Pooja Kumar,Male,35,Indore,Madhya Pradesh,2024-01-07,Regular Customer
C005636,Aditya Verma,Male,22,Bengaluru,Karnataka,2025-01-24,Occasional Customer
C005637,Aniket Menon,Male,32,Vadodara,Gujarat,2024-01-03,Loyal Customer
C005638,Pooja Pawar,Male,24,Kolkata,West Bengal,2024-01-05,Regular Customer
C005639,Sakshi Kulkarni,Male,42,Chennai,Tamil Nadu,2024-01-10,Loyal Customer
C005640,Nikhil Menon,Male,31,Pune,Maharashtra,2024-01-02,Loyal Customer
C005641,Ananya Gupta,Male,57,Aurangabad,Maharashtra,2024-10-02,Occasional Customer
C005642,Deepak Mishra,Male,53,Ahmedabad,Gujarat,2024-04-22,Occasional Customer
C005643,Deepak Banerjee,Male,52,Kanpur,Uttar Pradesh,2024-07-13,New Customer
C005644,Sonia Rao,Female,61,Warangal,Telangana,2024-01-02,Occasional Customer
C005645,Sameer Sawant,Male,41,Surat,Gujarat,2024-01-06,Regular Customer
C005646,Arjun Rao,Male,32,Kolkata,West Bengal,2024-01-05,Regular Customer
C005647,Riya Nair,Male,28,Delhi,Delhi,2024-01-21,Occasional Customer
C005648,Divya Kulkarni,Male,41,Mumbai,Maharashtra,2024-01-05,Loyal Customer
C005649,Manish Mehta,Male,28,Patna,Bihar,2024-01-15,Loyal Customer
C005650,Divya Banerjee,Female,61,Nagpur,Maharashtra,2024-01-09,Occasional Customer
C005651,Amit Sharma,Female,34,Indore,Madhya Pradesh,2024-01-17,Loyal Customer
C005652,Amit Verma,Male,23,Lucknow,Uttar Pradesh,2024-01-18,Loyal Customer
C005653,Ayush Kadam,Female,38,Surat,Gujarat,2024-05-05,Occasional Customer
C005654,Sakshi Yadav,Male,25,Vadodara,Gujarat,2024-07-26,Occasional Customer
C005655,Harsh Chavan,Male,32,Warangal,Telangana,2024-01-04,Loyal Customer
C005656,Vivek Kumar,Other,49,Ahmedabad,Gujarat,2024-03-16,Occasional Customer
C005657,Ananya Kulkarni,Female,27,Kanpur,Uttar Pradesh,2024-07-19,New Customer
C005658,Aniket Jadhav,Other,45,Nagpur,Maharashtra,2024-04-21,Regular Customer
C005659,Kavita Joshi,Male,32,Aurangabad,Maharashtra,2024-01-12,Loyal Customer
C005660,Sneha Shinde,Male,29,Bengaluru,Karnataka,2024-02-13,Regular Customer
C005661,Sameer Singh,Female,60,Latur,Maharashtra,2024-01-01,Loyal Customer
C005662,Manish Shah,Female,35,Vadodara,Gujarat,2024-01-30,Regular Customer
C005663,Riya Banerjee,Male,54,Pune,Maharashtra,2024-10-02,Occasional Customer
C005664,Kavita Mishra,Female,61,Ahmedabad,Gujarat,2024-01-04,Regular Customer
C005665,Manish Nair,Female,41,Aurangabad,Maharashtra,2024-01-14,Loyal Customer
C005666,Manish Nair,Male,54,Warangal,Telangana,2024-01-31,Regular Customer
C005667,Sakshi Das,Female,46,Mumbai,Maharashtra,2024-01-05,Occasional Customer
C005668,Akash Bhosale,Female,27,Kanpur,Uttar Pradesh,2024-11-14,New Customer
C005669,Isha Kumar,Male,31,Chennai,Tamil Nadu,2024-01-01,Regular Customer
C005670,Aditya Kulkarni,Other,33,Delhi,Delhi,2024-01-07,Occasional Customer
C005671,Sneha Jadhav,Male,54,Hyderabad,Telangana,2024-01-21,Regular Customer
C005672,Vivek Sharma,Male,28,Kolkata,West Bengal,2024-01-25,Regular Customer
C005673,Karan Kadam,Female,43,Vadodara,Gujarat,2024-02-11,Regular Customer
C005674,Ayush Nair,Other,57,Delhi,Delhi,2024-01-05,Regular Customer
C005675,Divya Jadhav,Female,36,Vadodara,Gujarat,2024-02-26,Occasional Customer
C005676,Sneha Thakur,Female,35,Jaipur,Rajasthan,2024-01-04,Regular Customer
C005677,Vikas Shah,Female,47,Nagpur,Maharashtra,2024-03-28,Regular Customer
C005678,Kavita Menon,Female,49,Kanpur,Uttar Pradesh,2024-02-26,Loyal Customer
C005679,Deepak Pawar,Male,40,Surat,Gujarat,2024-01-02,Occasional Customer
C005680,Riya Sawant,Female,29,Nagpur,Maharashtra,2024-02-22,Occasional Customer
C005681,Aarav Iyer,Female,30,Mumbai,Maharashtra,2024-01-25,Regular Customer
C005682,Sneha Kulkarni,Male,38,Patna,Bihar,2024-05-09,Occasional Customer
C005683,Anjali Jadhav,Female,38,Kolkata,West Bengal,2024-05-28,New Customer
C005684,Sonia Nair,Female,46,Mumbai,Maharashtra,2024-03-25,Regular Customer
C005685,Amit Nair,Female,46,Indore,Madhya Pradesh,2024-01-19,Regular Customer
C005686,Anjali Sawant,Male,44,Pune,Maharashtra,2024-04-25,Regular Customer
C005687,Amit Shinde,Female,46,Kanpur,Uttar Pradesh,2024-01-12,Regular Customer
C005688,Amit Deshmukh,Male,32,Latur,Maharashtra,2024-12-02,Occasional Customer
C005689,Harsh Nair,Male,64,Warangal,Telangana,2024-01-01,Occasional Customer
C005690,Sakshi Das,Female,29,Jaipur,Rajasthan,2024-01-13,Loyal Customer
C005691,Akash Deshmukh,Female,58,Lucknow,Uttar Pradesh,2024-01-29,Occasional Customer
C005692,Aarav Menon,Male,36,Mumbai,Maharashtra,2024-04-09,Regular Customer
C005693,Karan Menon,Male,29,Nagpur,Maharashtra,2024-01-24,Regular Customer
C005694,Harsh Patil,Female,40,Nagpur,Maharashtra,2024-01-15,Occasional Customer
C005695,Aniket Kulkarni,Other,22,Aurangabad,Maharashtra,2024-01-08,Loyal Customer
C005696,Aditi Das,Female,43,Chennai,Tamil Nadu,2024-01-02,Regular Customer
C005697,Rahul Verma,Female,27,Chennai,Tamil Nadu,2024-02-08,Regular Customer
C005698,Neha Patil,Male,39,Kanpur,Uttar Pradesh,2024-02-09,Occasional Customer
C005699,Karan Kulkarni,Male,56,Ahmedabad,Gujarat,2024-07-30,Occasional Customer
C005700,Vivek More,Male,40,Kanpur,Uttar Pradesh,2024-06-10,Occasional Customer
C005701,Aditi Deshmukh,Male,28,Bengaluru,Karnataka,2024-03-17,Occasional Customer
C005702,Ayush Rao,Male,45,Hyderabad,Telangana,2024-01-11,Occasional Customer
C005703,Aarav Menon,Male,48,Nashik,Maharashtra,2024-02-27,Occasional Customer
C005704,Akash Das,Female,25,Lucknow,Uttar Pradesh,2024-01-07,Regular Customer
C005705,Akash Kumar,Male,56,Vadodara,Gujarat,2024-01-01,Loyal Customer
C005706,Nikhil Shinde,Female,65,Lucknow,Uttar Pradesh,2024-01-01,Loyal Customer
C005707,Neha Singh,Female,45,Latur,Maharashtra,2024-03-06,Regular Customer
C005708,Aniket Pawar,Female,33,Ahmedabad,Gujarat,2024-01-03,Regular Customer
C005709,Rahul Kadam,Female,63,Delhi,Delhi,2024-01-17,Regular Customer
C005710,Aarav Deshmukh,Female,64,Ahmedabad,Gujarat,2024-11-23,Occasional Customer
C005711,Amit Mishra,Male,48,Ahmedabad,Gujarat,2024-01-29,Regular Customer
C005712,Rohan More,Male,58,Vadodara,Gujarat,2024-02-03,New Customer
C005713,Neha Kadam,Male,65,Kanpur,Uttar Pradesh,2024-08-20,Occasional Customer
C005714,Divya Pawar,Male,33,Kolkata,West Bengal,2024-01-06,Regular Customer
C005715,Sonia Verma,Female,22,Patna,Bihar,2024-01-26,Regular Customer
C005716,Sakshi Iyer,Female,52,Ahmedabad,Gujarat,2024-01-10,Regular Customer
C005717,Nikhil Joshi,Female,42,Vadodara,Gujarat,2025-06-25,Occasional Customer
C005718,Kavita Mehta,Male,30,Delhi,Delhi,2024-01-22,Regular Customer
C005719,Aditya Kulkarni,Other,46,Lucknow,Uttar Pradesh,2024-01-27,Loyal Customer
C005720,Sneha Mehta,Male,44,Warangal,Telangana,2024-01-23,Loyal Customer
C005721,Sakshi Sharma,Female,57,Kanpur,Uttar Pradesh,2024-03-16,Regular Customer
C005722,Kavita Shinde,Male,34,Warangal,Telangana,2024-01-05,Regular Customer
C005723,Riya Shinde,Male,54,Mysuru,Karnataka,2024-03-08,Loyal Customer
C005724,Ayush Pawar,Male,55,Jaipur,Rajasthan,2024-02-11,Regular Customer
C005725,Vikas Menon,Female,46,Lucknow,Uttar Pradesh,2024-01-02,Loyal Customer
C005726,Manish Sharma,Male,51,Delhi,Delhi,2024-03-25,Regular Customer
C005727,Rohan Kulkarni,Male,47,Ahmedabad,Gujarat,2024-01-01,Loyal Customer
C005728,Vivek Shinde,Female,48,Bengaluru,Karnataka,2024-08-22,Regular Customer
C005729,Vivek Verma,Female,39,Kanpur,Uttar Pradesh,2024-01-10,Regular Customer
C005730,Sonia Nair,Male,63,Lucknow,Uttar Pradesh,2024-02-03,Regular Customer
C005731,Karan Kadam,Female,42,Jaipur,Rajasthan,2024-01-02,Regular Customer
C005732,Riya Mehta,Male,21,Hyderabad,Telangana,2024-02-06,Occasional Customer
C005733,Ananya Thakur,Male,52,Lucknow,Uttar Pradesh,2024-02-17,Occasional Customer
C005734,Rahul Kulkarni,Male,58,Chennai,Tamil Nadu,2024-02-11,Loyal Customer
C005735,Ananya Banerjee,Male,61,Kolkata,West Bengal,2025-10-24,Occasional Customer
C005736,Divya Gaikwad,Female,26,Surat,Gujarat,2024-01-08,Regular Customer
C005737,Harsh Shinde,Female,43,Delhi,Delhi,2024-02-10,Loyal Customer
C005738,Kavita Joshi,Male,44,Mysuru,Karnataka,2024-02-05,Occasional Customer
C005739,Harsh Kulkarni,Female,44,Delhi,Delhi,2024-01-01,Regular Customer
C005740,Sakshi Chavan,Female,35,Latur,Maharashtra,2024-01-05,Regular Customer
C005741,Akash Thakur,Male,47,Pune,Maharashtra,2024-01-27,Regular Customer
C005742,Akash Verma,Male,62,Delhi,Delhi,2024-01-18,Loyal Customer
C005743,Amit Yadav,Female,63,Lucknow,Uttar Pradesh,2024-01-01,Loyal Customer
C005744,Sakshi Kadam,Female,48,Latur,Maharashtra,2024-04-18,Occasional Customer
C005745,Riya Sawant,Female,59,Surat,Gujarat,2024-01-29,Occasional Customer
C005746,Manish Iyer,Female,20,Kanpur,Uttar Pradesh,2024-07-03,Occasional Customer
C005747,Aditi Deshmukh,Male,46,Latur,Maharashtra,2024-06-01,New Customer
C005748,Deepak Yadav,Female,24,Indore,Madhya Pradesh,2024-06-02,Occasional Customer
C005749,Akash Gaikwad,Male,35,Mysuru,Karnataka,2024-01-07,Regular Customer
C005750,Ayush Thakur,Female,33,Mumbai,Maharashtra,2024-01-01,Loyal Customer
C005751,Nikhil Iyer,Female,49,Nagpur,Maharashtra,2024-02-13,Regular Customer
C005752,Ayush Rao,Male,55,Warangal,Telangana,2024-01-08,Regular Customer
C005753,Sneha Thakur,Male,42,Warangal,Telangana,2024-04-13,Regular Customer
C005754,Anjali Gupta,Female,61,Kanpur,Uttar Pradesh,2024-02-20,Occasional Customer
C005755,Harsh Sawant,Male,49,Vadodara,Gujarat,2024-01-17,Regular Customer
C005756,Sonia Bhosale,Female,36,Kolkata,West Bengal,2024-01-04,Regular Customer
C005757,Aniket Mishra,Female,20,Hyderabad,Telangana,2024-05-22,Occasional Customer
C005758,Aditya Singh,Female,52,Delhi,Delhi,2024-02-03,New Customer
C005759,Sneha Das,Male,46,Hyderabad,Telangana,2024-03-08,Regular Customer
C005760,Karan Rao,Female,28,Nashik,Maharashtra,2024-01-18,Regular Customer
C005761,Divya Pawar,Female,23,Chennai,Tamil Nadu,2024-01-05,Regular Customer
C005762,Aarav Rao,Female,36,Latur,Maharashtra,2024-01-01,Regular Customer
C005763,Karan Rao,Female,54,Surat,Gujarat,2024-11-15,Occasional Customer
C005764,Akash Gaikwad,Other,62,Chennai,Tamil Nadu,2024-01-01,Regular Customer
C005765,Isha Verma,Female,44,Delhi,Delhi,2024-04-26,Regular Customer
C005766,Rahul Rao,Male,22,Lucknow,Uttar Pradesh,2024-01-08,New Customer
C005767,Aditya Kulkarni,Female,43,Patna,Bihar,2024-06-11,New Customer
C005768,Amit Gaikwad,Male,52,Aurangabad,Maharashtra,2024-01-12,Occasional Customer
C005769,Gaurav Nair,Male,36,Surat,Gujarat,2024-01-15,Loyal Customer
C005770,Neha Kulkarni,Male,34,Patna,Bihar,2024-08-03,Occasional Customer
C005771,Rohan Kumar,Female,52,Jaipur,Rajasthan,2024-01-07,Regular Customer
C005772,Vikas Pawar,Female,64,Ahmedabad,Gujarat,2024-02-03,Occasional Customer
C005773,Aditya Kadam,Female,30,Vadodara,Gujarat,2024-01-18,Regular Customer
C005774,Aniket Chavan,Male,31,Vadodara,Gujarat,2024-01-18,Regular Customer
C005775,Aniket Shah,Male,47,Kanpur,Uttar Pradesh,2025-12-27,New Customer
C005776,Sonia Gaikwad,Male,65,Vadodara,Gujarat,2024-02-25,Regular Customer
C005777,Akash Joshi,Female,60,Nashik,Maharashtra,2024-01-11,Loyal Customer
C005778,Sneha Bhosale,Male,34,Delhi,Delhi,2024-01-07,Regular Customer
C005779,Rohan Yadav,Male,54,Indore,Madhya Pradesh,2024-11-18,Occasional Customer
C005780,Arjun Menon,Male,32,Hyderabad,Telangana,2024-02-11,Occasional Customer
C005781,Riya Menon,Female,35,Surat,Gujarat,2024-01-12,Regular Customer
C005782,Neha Mehta,Female,65,Delhi,Delhi,2024-01-11,Regular Customer
C005783,Arjun Menon,Female,31,Vadodara,Gujarat,2024-03-05,Regular Customer
C005784,Sameer Das,Male,31,Bengaluru,Karnataka,2024-02-12,Loyal Customer
C005785,Pooja Gaikwad,Male,62,Ahmedabad,Gujarat,2024-01-17,Regular Customer
C005786,Divya Yadav,Male,50,Bhopal,Madhya Pradesh,2024-06-23,Occasional Customer
C005787,Rahul Shah,Male,55,Delhi,Delhi,2024-01-08,Loyal Customer
C005788,Gaurav Yadav,Male,28,Kolkata,West Bengal,2024-01-01,Regular Customer
C005789,Kavita More,Male,28,Vadodara,Gujarat,2024-01-06,Regular Customer
C005790,Amit Menon,Male,65,Lucknow,Uttar Pradesh,2024-02-15,Regular Customer
C005791,Isha Kulkarni,Male,43,Mumbai,Maharashtra,2024-01-06,New Customer
C005792,Akash More,Male,20,Nashik,Maharashtra,2024-04-04,Regular Customer
C005793,Karan Yadav,Female,42,Surat,Gujarat,2024-01-19,Occasional Customer
C005794,Anjali Reddy,Other,34,Surat,Gujarat,2024-04-13,Regular Customer
C005795,Amit Sharma,Female,39,Nagpur,Maharashtra,2024-01-22,Occasional Customer
C005796,Akash Iyer,Male,46,Indore,Madhya Pradesh,2024-07-27,New Customer
C005797,Aditi Banerjee,Male,63,Nagpur,Maharashtra,2024-12-02,Occasional Customer
C005798,Aditya Yadav,Female,43,Jaipur,Rajasthan,2024-01-05,Loyal Customer
C005799,Rahul Sharma,Male,51,Surat,Gujarat,2024-03-17,Occasional Customer
C005800,Ananya Gaikwad,Female,43,Kanpur,Uttar Pradesh,2024-01-06,Regular Customer
C005801,Nikhil Rao,Female,26,Ahmedabad,Gujarat,2024-04-05,Occasional Customer
C005802,Deepak Jadhav,Female,57,Kolkata,West Bengal,2024-02-25,Occasional Customer
C005803,Ayush Shah,Female,28,Surat,Gujarat,2024-01-27,Occasional Customer
C005804,Nikhil Kulkarni,Female,24,Lucknow,Uttar Pradesh,2024-03-17,New Customer
C005805,Sakshi Deshmukh,Female,47,Latur,Maharashtra,2024-01-05,Regular Customer
C005806,Rahul Menon,Male,19,Mysuru,Karnataka,2024-02-07,Regular Customer
C005807,Kavita Menon,Male,47,Kolkata,West Bengal,2024-01-12,Occasional Customer
C005808,Karan Das,Male,21,Patna,Bihar,2024-01-20,Regular Customer
C005809,Isha Shinde,Male,31,Vadodara,Gujarat,2024-02-27,Occasional Customer
C005810,Ayush Rao,Male,30,Kanpur,Uttar Pradesh,2024-04-27,Occasional Customer
C005811,Karan Yadav,Male,42,Latur,Maharashtra,2024-01-06,Loyal Customer
C005812,Kavita More,Female,30,Mysuru,Karnataka,2024-09-11,New Customer
C005813,Manish Chavan,Male,30,Hyderabad,Telangana,2024-01-02,Occasional Customer
C005814,Sameer Mishra,Male,54,Vadodara,Gujarat,2025-12-29,New Customer
C005815,Manish Gupta,Male,61,Indore,Madhya Pradesh,2024-01-24,Occasional Customer
C005816,Aarav Menon,Female,23,Bhopal,Madhya Pradesh,2024-10-09,Occasional Customer
C005817,Aditi Bhosale,Male,43,Indore,Madhya Pradesh,2024-03-09,Regular Customer
C005818,Vikas Kumar,Female,31,Bengaluru,Karnataka,2024-02-06,Regular Customer
C005819,Akash Gaikwad,Female,25,Mysuru,Karnataka,2024-02-27,Loyal Customer
C005820,Isha Chavan,Female,41,Mysuru,Karnataka,2025-02-18,New Customer
C005821,Sonia Gaikwad,Male,39,Hyderabad,Telangana,2024-06-29,Regular Customer
C005822,Isha Thakur,Male,57,Jaipur,Rajasthan,2024-01-08,Regular Customer
C005823,Aditi Patil,Female,56,Bhopal,Madhya Pradesh,2024-01-01,Regular Customer
C005824,Ananya Gupta,Male,38,Latur,Maharashtra,2025-09-16,New Customer
C005825,Rahul Mishra,Male,60,Kanpur,Uttar Pradesh,2024-01-13,Loyal Customer
C005826,Sakshi Sawant,Male,43,Mumbai,Maharashtra,2024-08-17,Occasional Customer
C005827,Vikas Nair,Female,27,Mumbai,Maharashtra,2024-01-01,Occasional Customer
C005828,Ananya Yadav,Male,30,Chennai,Tamil Nadu,2024-02-03,Regular Customer
C005829,Harsh Jadhav,Female,59,Patna,Bihar,2024-03-16,Occasional Customer
C005830,Ayush Nair,Male,31,Pune,Maharashtra,2024-01-16,Loyal Customer
C005831,Gaurav Yadav,Female,26,Nashik,Maharashtra,2024-01-07,Loyal Customer
C005832,Sakshi Kulkarni,Female,24,Indore,Madhya Pradesh,2024-01-03,Loyal Customer
C005833,Neha Rao,Male,56,Nashik,Maharashtra,2024-01-09,Regular Customer
C005834,Karan Rao,Male,48,Delhi,Delhi,2024-01-03,Occasional Customer
C005835,Manish Rao,Male,33,Vadodara,Gujarat,2024-02-09,Occasional Customer
C005836,Manish Mehta,Male,25,Nashik,Maharashtra,2024-01-06,Regular Customer
C005837,Karan Yadav,Female,65,Mumbai,Maharashtra,2024-03-31,Loyal Customer
C005838,Manish Mishra,Male,32,Hyderabad,Telangana,2024-01-23,Loyal Customer
C005839,Ananya Verma,Female,42,Bhopal,Madhya Pradesh,2024-01-15,Regular Customer
C005840,Aditi Gaikwad,Male,64,Bengaluru,Karnataka,2024-06-27,Regular Customer
C005841,Arjun Yadav,Male,55,Nagpur,Maharashtra,2024-04-18,Occasional Customer
C005842,Neha Gaikwad,Female,58,Warangal,Telangana,2024-01-02,Loyal Customer
C005843,Nikhil Rao,Female,32,Lucknow,Uttar Pradesh,2024-09-13,Occasional Customer
C005844,Divya Menon,Male,42,Nashik,Maharashtra,2024-07-11,Occasional Customer
C005845,Ayush Chavan,Female,24,Bhopal,Madhya Pradesh,2024-03-22,Occasional Customer
C005846,Aditi Sharma,Male,43,Kanpur,Uttar Pradesh,2024-01-29,Loyal Customer
C005847,Neha Patil,Female,25,Delhi,Delhi,2024-07-07,Regular Customer
C005848,Amit Banerjee,Male,35,Surat,Gujarat,2024-02-05,Occasional Customer
C005849,Divya Kadam,Male,38,Bhopal,Madhya Pradesh,2024-06-22,Occasional Customer
C005850,Sameer Iyer,Female,33,Jaipur,Rajasthan,2024-01-17,Occasional Customer
C005851,Neha Sharma,Male,64,Nagpur,Maharashtra,2024-02-01,Regular Customer
C005852,Sakshi Singh,Male,20,Kolkata,West Bengal,2026-08-22,New Customer
C005853,Pooja Chavan,Male,18,Nashik,Maharashtra,2024-01-26,Loyal Customer
C005854,Gaurav Kulkarni,Female,30,Aurangabad,Maharashtra,2024-02-04,Regular Customer
C005855,Harsh Kadam,Female,49,Indore,Madhya Pradesh,2024-03-06,Occasional Customer
C005856,Divya Bhosale,Female,29,Hyderabad,Telangana,2024-10-06,Occasional Customer
C005857,Divya Patil,Male,48,Jaipur,Rajasthan,2024-01-10,Regular Customer
C005858,Rahul Joshi,Female,58,Surat,Gujarat,2024-01-08,Occasional Customer
C005859,Anjali Joshi,Male,19,Jaipur,Rajasthan,2024-02-15,Loyal Customer
C005860,Pooja Sawant,Male,58,Hyderabad,Telangana,2024-02-27,New Customer
C005861,Neha Deshmukh,Female,25,Bengaluru,Karnataka,2024-05-07,Regular Customer
C005862,Vivek Nair,Male,42,Nashik,Maharashtra,2024-05-07,Occasional Customer
C005863,Aditya Mishra,Male,22,Vadodara,Gujarat,2024-03-07,Occasional Customer
C005864,Ayush Kulkarni,Female,62,Delhi,Delhi,2024-01-06,Loyal Customer
C005865,Deepak Pawar,Female,19,Pune,Maharashtra,2024-02-05,Occasional Customer
C005866,Aarav Gupta,Male,59,Chennai,Tamil Nadu,2024-01-26,Loyal Customer
C005867,Deepak Patil,Male,55,Chennai,Tamil Nadu,2024-04-15,Regular Customer
C005868,Isha Rao,Female,56,Nashik,Maharashtra,2024-01-10,Regular Customer
C005869,Sonia Bhosale,Male,20,Bhopal,Madhya Pradesh,2024-07-21,Occasional Customer
C005870,Neha Verma,Male,63,Patna,Bihar,2024-01-05,Regular Customer
C005871,Vikas Bhosale,Male,65,Hyderabad,Telangana,2024-04-28,Occasional Customer
C005872,Arjun Sharma,Other,55,Mumbai,Maharashtra,2024-01-01,Loyal Customer
C005873,Riya Yadav,Male,39,Ahmedabad,Gujarat,2024-01-01,Loyal Customer
C005874,Neha Sharma,Male,57,Latur,Maharashtra,2024-07-14,Occasional Customer
C005875,Deepak Gaikwad,Male,50,Latur,Maharashtra,2024-01-26,Regular Customer
C005876,Neha Gaikwad,Male,49,Chennai,Tamil Nadu,2024-08-25,Regular Customer
C005877,Deepak Mehta,Male,64,Warangal,Telangana,2024-01-17,Loyal Customer
C005878,Akash Das,Female,34,Vadodara,Gujarat,2024-02-22,Occasional Customer
C005879,Karan Kulkarni,Female,35,Lucknow,Uttar Pradesh,2024-02-06,Regular Customer
C005880,Riya Rao,Male,20,Aurangabad,Maharashtra,2024-05-29,Occasional Customer
C005881,Aniket Chavan,Female,23,Bhopal,Madhya Pradesh,2024-09-24,New Customer
C005882,Karan Verma,Male,30,Aurangabad,Maharashtra,2024-02-07,Regular Customer
C005883,Sameer Menon,Female,48,Mysuru,Karnataka,2024-01-09,Regular Customer
C005884,Rahul Chavan,Male,34,Mumbai,Maharashtra,2024-01-01,Occasional Customer
C005885,Ananya Shah,Female,38,Mysuru,Karnataka,2024-01-24,Regular Customer
C005886,Ayush Kadam,Male,33,Aurangabad,Maharashtra,2024-01-05,Regular Customer
C005887,Harsh Shinde,Female,34,Chennai,Tamil Nadu,2024-01-01,Regular Customer
C005888,Karan Reddy,Female,49,Vadodara,Gujarat,2024-02-09,Regular Customer
C005889,Sonia Das,Male,18,Hyderabad,Telangana,2024-10-17,New Customer
C005890,Aditya Banerjee,Male,65,Bengaluru,Karnataka,2024-05-04,Occasional Customer
C005891,Sonia Gupta,Male,55,Vadodara,Gujarat,2024-01-12,Loyal Customer
C005892,Aniket Sawant,Female,25,Patna,Bihar,2024-03-10,Regular Customer
C005893,Arjun Patil,Male,18,Chennai,Tamil Nadu,2024-04-05,Regular Customer
C005894,Ayush Mehta,Female,19,Mumbai,Maharashtra,2025-09-22,New Customer
C005895,Gaurav Das,Female,64,Delhi,Delhi,2024-01-26,Occasional Customer
C005896,Anjali Shah,Male,54,Patna,Bihar,2024-01-17,Regular Customer
C005897,Rohan Deshmukh,Male,41,Kolkata,West Bengal,2024-02-17,Regular Customer
C005898,Riya Mishra,Female,44,Pune,Maharashtra,2024-01-25,Regular Customer
C005899,Neha Kulkarni,Female,37,Kanpur,Uttar Pradesh,2024-02-17,Occasional Customer
C005900,Neha Chavan,Female,64,Hyderabad,Telangana,2024-01-02,Loyal Customer
C005901,Arjun Deshmukh,Male,38,Patna,Bihar,2024-01-01,Loyal Customer
C005902,Neha Das,Male,59,Chennai,Tamil Nadu,2024-04-15,Regular Customer
C005903,Kavita Yadav,Female,54,Vadodara,Gujarat,2024-05-24,Regular Customer
C005904,Harsh Shinde,Female,52,Bhopal,Madhya Pradesh,2024-01-10,New Customer
C005905,Divya Das,Female,55,Nagpur,Maharashtra,2024-05-11,Occasional Customer
C005906,Aditya Reddy,Male,32,Hyderabad,Telangana,2026-04-19,New Customer
C005907,Sneha Sawant,Male,63,Delhi,Delhi,2024-01-01,Loyal Customer
C005908,Kavita Das,Male,59,Bhopal,Madhya Pradesh,2024-04-08,Occasional Customer
C005909,Ayush Bhosale,Female,47,Chennai,Tamil Nadu,2024-01-27,Regular Customer
C005910,Rahul Gupta,Male,21,Latur,Maharashtra,2024-01-26,Regular Customer
C005911,Deepak Shinde,Female,60,Aurangabad,Maharashtra,2024-01-10,Regular Customer
C005912,Harsh Gaikwad,Female,56,Mumbai,Maharashtra,2024-01-30,Loyal Customer
C005913,Arjun Shah,Male,32,Chennai,Tamil Nadu,2024-01-19,Regular Customer
C005914,Kavita Thakur,Male,40,Delhi,Delhi,2024-02-22,Loyal Customer
C005915,Rahul Menon,Female,58,Nashik,Maharashtra,2024-06-30,New Customer
C005916,Manish Pawar,Male,32,Bhopal,Madhya Pradesh,2024-02-18,Occasional Customer
C005917,Vikas Sharma,Male,43,Nashik,Maharashtra,2025-05-21,New Customer
C005918,Pooja Nair,Male,29,Indore,Madhya Pradesh,2024-03-29,Loyal Customer
C005919,Kavita Mishra,Female,35,Pune,Maharashtra,2024-02-18,Occasional Customer
C005920,Ananya Mehta,Female,23,Vadodara,Gujarat,2024-03-19,Loyal Customer
C005921,Karan Shinde,Female,35,Pune,Maharashtra,2024-01-01,Loyal Customer
C005922,Rahul Banerjee,Female,41,Chennai,Tamil Nadu,2024-01-01,Occasional Customer
C005923,Rohan Thakur,Female,55,Latur,Maharashtra,2024-01-16,Occasional Customer
C005924,Arjun Kumar,Female,45,Mysuru,Karnataka,2025-08-29,New Customer
C005925,Pooja Gupta,Other,32,Patna,Bihar,2024-01-28,Occasional Customer
C005926,Sameer Shah,Male,36,Jaipur,Rajasthan,2024-01-11,Loyal Customer
C005927,Sonia Menon,Male,22,Surat,Gujarat,2024-03-11,Regular Customer
C005928,Vivek Bhosale,Female,21,Hyderabad,Telangana,2024-01-08,Regular Customer
C005929,Vivek Mehta,Female,34,Lucknow,Uttar Pradesh,2024-02-21,Loyal Customer
C005930,Rohan Reddy,Male,27,Indore,Madhya Pradesh,2024-01-09,Occasional Customer
C005931,Aditi Verma,Other,29,Bengaluru,Karnataka,2024-02-02,Occasional Customer
C005932,Aniket Kadam,Male,22,Ahmedabad,Gujarat,2024-02-29,Occasional Customer
C005933,Isha Jadhav,Male,24,Vadodara,Gujarat,2024-09-10,Regular Customer
C005934,Anjali Jadhav,Female,61,Aurangabad,Maharashtra,2024-01-29,Loyal Customer
C005935,Rohan Rao,Male,40,Aurangabad,Maharashtra,2024-04-05,Occasional Customer
C005936,Sakshi Sawant,Female,19,Mysuru,Karnataka,2024-02-17,Occasional Customer
C005937,Sonia Bhosale,Male,47,Patna,Bihar,2024-02-25,Regular Customer
C005938,Harsh Chavan,Male,62,Mysuru,Karnataka,2024-01-04,Regular Customer
C005939,Sonia Banerjee,Female,54,Hyderabad,Telangana,2024-01-10,Loyal Customer
C005940,Vivek Deshmukh,Female,22,Kolkata,West Bengal,2024-01-08,Occasional Customer
C005941,Pooja Shinde,Male,37,Hyderabad,Telangana,2024-01-04,Regular Customer
C005942,Sonia Bhosale,Female,43,Kolkata,West Bengal,2024-01-17,Loyal Customer
C005943,Arjun Banerjee,Female,61,Nagpur,Maharashtra,2024-02-03,Regular Customer
C005944,Ayush Reddy,Male,61,Lucknow,Uttar Pradesh,2024-01-12,Regular Customer
C005945,Ananya More,Male,56,Mysuru,Karnataka,2024-01-07,Regular Customer
C005946,Rahul Shah,Female,23,Kolkata,West Bengal,2024-02-03,Regular Customer
C005947,Anjali Gaikwad,Female,46,Nagpur,Maharashtra,2024-01-09,Regular Customer
C005948,Anjali Kulkarni,Male,27,Latur,Maharashtra,2024-03-18,Occasional Customer
C005949,Amit Shinde,Male,33,Chennai,Tamil Nadu,2024-01-14,Regular Customer
C005950,Aarav Joshi,Male,51,Kolkata,West Bengal,2024-02-01,Regular Customer
C005951,Sameer Banerjee,Male,48,Latur,Maharashtra,2024-01-13,Occasional Customer
C005952,Ayush Thakur,Female,53,Ahmedabad,Gujarat,2024-03-24,Occasional Customer
C005953,Karan Gupta,Female,58,Lucknow,Uttar Pradesh,2024-01-13,Regular Customer
C005954,Harsh Bhosale,Male,22,Nagpur,Maharashtra,2025-09-09,New Customer
C005955,Pooja Singh,Female,50,Warangal,Telangana,2024-03-08,Occasional Customer
C005956,Aditi Shinde,Female,60,Warangal,Telangana,2024-02-17,Regular Customer
C005957,Ananya More,Female,36,Kanpur,Uttar Pradesh,2024-01-07,Regular Customer
C005958,Amit Sharma,Female,49,Kolkata,West Bengal,2024-04-07,Loyal Customer
C005959,Arjun Das,Female,40,Nashik,Maharashtra,2024-01-03,Loyal Customer
C005960,Sameer More,Female,20,Lucknow,Uttar Pradesh,2024-01-10,Loyal Customer
C005961,Rahul Gupta,Male,18,Patna,Bihar,2024-01-09,Loyal Customer
C005962,Ananya Reddy,Male,53,Nagpur,Maharashtra,2024-01-26,Regular Customer
C005963,Sonia Patil,Female,58,Ahmedabad,Gujarat,2024-01-01,Loyal Customer
C005964,Rohan Yadav,Male,45,Warangal,Telangana,2024-01-04,Occasional Customer
C005965,Sameer Sharma,Male,65,Jaipur,Rajasthan,2024-01-01,Occasional Customer
C005966,Aditi Mishra,Male,56,Ahmedabad,Gujarat,2024-02-27,Loyal Customer
C005967,Vikas Deshmukh,Female,22,Nagpur,Maharashtra,2024-01-18,Occasional Customer
C005968,Deepak Shah,Female,30,Jaipur,Rajasthan,2024-02-07,Regular Customer
C005969,Ayush Mishra,Male,28,Bengaluru,Karnataka,2026-04-17,New Customer
C005970,Aditya Singh,Male,63,Surat,Gujarat,2024-01-10,Regular Customer
C005971,Harsh Singh,Female,39,Ahmedabad,Gujarat,2024-01-04,Regular Customer
C005972,Divya Rao,Male,40,Patna,Bihar,2024-01-21,Loyal Customer
C005973,Rahul Singh,Female,29,Hyderabad,Telangana,2024-01-30,Loyal Customer
C005974,Aditya Gaikwad,Male,38,Kolkata,West Bengal,2024-01-26,Occasional Customer
C005975,Sneha Iyer,Female,36,Hyderabad,Telangana,2024-01-05,Regular Customer
C005976,Sneha Jadhav,Female,22,Latur,Maharashtra,2024-02-24,New Customer
C005977,Anjali Kulkarni,Female,41,Pune,Maharashtra,2024-01-01,Loyal Customer
C005978,Neha Iyer,Female,47,Bengaluru,Karnataka,2024-03-19,Occasional Customer
C005979,Kavita Kumar,Male,25,Vadodara,Gujarat,2024-02-11,Occasional Customer
C005980,Akash Verma,Male,19,Indore,Madhya Pradesh,2024-01-01,Regular Customer
C005981,Rahul Banerjee,Female,51,Aurangabad,Maharashtra,2024-01-03,Regular Customer
C005982,Neha Menon,Female,40,Chennai,Tamil Nadu,2024-02-06,Regular Customer
C005983,Vivek Verma,Male,20,Mumbai,Maharashtra,2024-02-06,Occasional Customer
C005984,Arjun Yadav,Female,41,Mysuru,Karnataka,2024-01-07,Regular Customer
C005985,Vikas Deshmukh,Female,35,Delhi,Delhi,2024-01-02,Regular Customer
C005986,Anjali Shah,Female,64,Jaipur,Rajasthan,2024-01-08,Regular Customer
C005987,Akash Menon,Female,54,Surat,Gujarat,2024-01-02,Regular Customer
C005988,Sameer Chavan,Female,48,Warangal,Telangana,2024-01-14,Regular Customer
C005989,Deepak Banerjee,Female,31,Indore,Madhya Pradesh,2024-03-07,Loyal Customer
C005990,Neha Iyer,Female,18,Bhopal,Madhya Pradesh,2024-02-06,Occasional Customer
C005991,Gaurav Das,Female,31,Chennai,Tamil Nadu,2024-01-16,Regular Customer
C005992,Rohan Iyer,Female,58,Indore,Madhya Pradesh,2026-01-16,New Customer
C005993,Anjali Kumar,Male,22,Surat,Gujarat,2024-06-13,Occasional Customer
C005994,Harsh Shinde,Male,48,Jaipur,Rajasthan,2024-02-08,Regular Customer
C005995,Amit Kulkarni,Male,48,Surat,Gujarat,2025-10-12,Occasional Customer
C005996,Ananya Shinde,Female,47,Bengaluru,Karnataka,2024-03-10,Regular Customer
C005997,Arjun Thakur,Female,53,Nashik,Maharashtra,2024-03-01,Occasional Customer
C005998,Harsh More,Female,18,Delhi,Delhi,2024-01-09,Loyal Customer
C005999,Sonia Mehta,Female,20,Latur,Maharashtra,2024-01-09,Regular Customer
C006000,Aditi Yadav,Male,37,Kolkata,West Bengal,2024-03-16,Occasional Customer
C006001,Manish Kadam,Male,60,Aurangabad,Maharashtra,2024-01-28,Regular Customer
C006002,Riya Kulkarni,Female,65,Delhi,Delhi,2024-03-24,Occasional Customer
C006003,Deepak Gupta,Male,60,Bhopal,Madhya Pradesh,2024-03-26,Regular Customer
C006004,Harsh Yadav,Male,38,Ahmedabad,Gujarat,2024-01-25,Loyal Customer
C006005,Rahul Joshi,Female,47,Delhi,Delhi,2024-01-20,Loyal Customer
C006006,Arjun Singh,Male,59,Surat,Gujarat,2024-01-11,Regular Customer
C006007,Sameer Kumar,Female,61,Bhopal,Madhya Pradesh,2024-01-05,Regular Customer
C006008,Amit Kadam,Male,47,Lucknow,Uttar Pradesh,2026-07-03,New Customer
C006009,Karan Nair,Female,22,Kolkata,West Bengal,2024-05-31,New Customer
C006010,Divya Banerjee,Male,27,Bengaluru,Karnataka,2024-01-12,New Customer
C006011,Ayush Sharma,Male,41,Warangal,Telangana,2024-01-22,Regular Customer
C006012,Pooja Singh,Female,62,Kanpur,Uttar Pradesh,2024-06-07,Occasional Customer
C006013,Nikhil Patil,Female,56,Mumbai,Maharashtra,2024-03-18,Occasional Customer
C006014,Sneha Iyer,Female,65,Nashik,Maharashtra,2024-01-08,Regular Customer
C006015,Rahul Das,Male,23,Surat,Gujarat,2024-03-07,Regular Customer
C006016,Aditi Nair,Male,27,Pune,Maharashtra,2024-01-12,Regular Customer
C006017,Vivek Das,Female,59,Jaipur,Rajasthan,2024-02-29,Regular Customer
C006018,Rahul Joshi,Male,60,Nagpur,Maharashtra,2024-12-10,New Customer
C006019,Arjun Gupta,Male,27,Warangal,Telangana,2024-01-15,Regular Customer
C006020,Gaurav Sawant,Female,42,Latur,Maharashtra,2024-01-01,Occasional Customer
C006021,Pooja Nair,Male,31,Jaipur,Rajasthan,2024-01-02,Loyal Customer
C006022,Divya Singh,Male,64,Jaipur,Rajasthan,2024-05-25,Regular Customer
C006023,Sameer Rao,Male,56,Hyderabad,Telangana,2024-01-08,Loyal Customer
C006024,Akash Gupta,Other,30,Ahmedabad,Gujarat,2024-01-14,Loyal Customer
C006025,Sonia Joshi,Male,28,Ahmedabad,Gujarat,2024-01-07,Occasional Customer
C006026,Sonia Thakur,Female,56,Aurangabad,Maharashtra,2024-01-04,Loyal Customer
C006027,Gaurav Sharma,Male,28,Kanpur,Uttar Pradesh,2024-01-20,Regular Customer
C006028,Vivek Gaikwad,Female,63,Vadodara,Gujarat,2024-01-03,Loyal Customer
C006029,Vivek Kumar,Male,33,Bhopal,Madhya Pradesh,2024-03-12,Regular Customer
C006030,Arjun Sawant,Male,50,Kolkata,West Bengal,2024-01-26,Loyal Customer
C006031,Aditya Kumar,Female,58,Bhopal,Madhya Pradesh,2024-01-03,Occasional Customer
C006032,Sneha Menon,Female,58,Pune,Maharashtra,2024-02-04,Occasional Customer
C006033,Anjali Sawant,Female,49,Mysuru,Karnataka,2024-01-21,Regular Customer
C006034,Aniket Mishra,Female,27,Ahmedabad,Gujarat,2024-02-17,Loyal Customer
C006035,Vikas Pawar,Male,32,Bhopal,Madhya Pradesh,2025-02-15,New Customer
C006036,Vivek Thakur,Male,33,Kolkata,West Bengal,2024-02-04,Loyal Customer
C006037,Pooja Chavan,Male,60,Chennai,Tamil Nadu,2024-01-09,Loyal Customer
C006038,Vikas Das,Female,44,Kolkata,West Bengal,2024-01-01,Regular Customer
C006039,Sakshi Reddy,Male,62,Ahmedabad,Gujarat,2024-01-22,Regular Customer
C006040,Harsh Das,Female,49,Bhopal,Madhya Pradesh,2024-05-01,Occasional Customer
C006041,Aditi More,Male,23,Kolkata,West Bengal,2024-07-05,Occasional Customer
C006042,Sonia Deshmukh,Female,64,Delhi,Delhi,2024-05-05,Occasional Customer
C006043,Sneha Menon,Male,65,Lucknow,Uttar Pradesh,2024-01-01,Regular Customer
C006044,Karan Yadav,Male,53,Nagpur,Maharashtra,2024-01-29,Regular Customer
C006045,Rohan Bhosale,Female,25,Hyderabad,Telangana,2024-03-19,Loyal Customer
C006046,Vivek Banerjee,Female,42,Patna,Bihar,2024-04-14,Occasional Customer
C006047,Deepak Nair,Female,24,Surat,Gujarat,2024-02-22,Loyal Customer
C006048,Harsh Singh,Female,34,Surat,Gujarat,2024-01-07,Regular Customer
C006049,Vivek Banerjee,Female,65,Vadodara,Gujarat,2024-03-08,Regular Customer
C006050,Akash Banerjee,Female,47,Ahmedabad,Gujarat,2024-08-08,Regular Customer
C006051,Ananya Nair,Female,19,Chennai,Tamil Nadu,2024-01-05,Regular Customer
C006052,Arjun Verma,Female,34,Bengaluru,Karnataka,2024-03-26,Occasional Customer
C006053,Aditya Kadam,Male,21,Mumbai,Maharashtra,2024-01-31,Regular Customer
C006054,Harsh Shah,Male,43,Lucknow,Uttar Pradesh,2024-02-09,Occasional Customer
C006055,Rohan Banerjee,Female,31,Delhi,Delhi,2024-07-12,Regular Customer
C006056,Manish Iyer,Female,25,Vadodara,Gujarat,2024-01-19,Loyal Customer
C006057,Deepak Thakur,Male,22,Vadodara,Gujarat,2024-01-01,Regular Customer
C006058,Riya Sharma,Male,22,Lucknow,Uttar Pradesh,2024-01-05,Regular Customer
C006059,Sakshi Patil,Female,22,Bhopal,Madhya Pradesh,2026-03-01,New Customer
C006060,Pooja Reddy,Male,44,Chennai,Tamil Nadu,2024-01-01,Occasional Customer
C006061,Ananya Reddy,Female,22,Mumbai,Maharashtra,2024-02-20,Regular Customer
C006062,Isha Das,Female,20,Lucknow,Uttar Pradesh,2024-02-09,Occasional Customer
C006063,Pooja Jadhav,Male,55,Kanpur,Uttar Pradesh,2024-01-08,Loyal Customer
C006064,Aarav Gaikwad,Female,47,Indore,Madhya Pradesh,2024-05-11,Occasional Customer
C006065,Aniket Reddy,Female,18,Aurangabad,Maharashtra,2024-01-08,Regular Customer
C006066,Ayush Chavan,Female,25,Nagpur,Maharashtra,2024-12-29,Occasional Customer
C006067,Neha Deshmukh,Male,30,Pune,Maharashtra,2024-02-11,Regular Customer
C006068,Akash Pawar,Male,37,Nagpur,Maharashtra,2024-02-10,Loyal Customer
C006069,Anjali Verma,Female,23,Warangal,Telangana,2024-01-29,Regular Customer
C006070,Riya Menon,Male,65,Jaipur,Rajasthan,2024-01-02,Regular Customer
C006071,Sneha Reddy,Male,25,Latur,Maharashtra,2024-01-25,Regular Customer
C006072,Sakshi Jadhav,Male,47,Ahmedabad,Gujarat,2024-01-08,Occasional Customer
C006073,Sonia Shah,Male,57,Vadodara,Gujarat,2024-01-22,Regular Customer
C006074,Rahul Bhosale,Male,32,Vadodara,Gujarat,2025-02-28,New Customer
C006075,Sameer Chavan,Male,27,Jaipur,Rajasthan,2024-01-06,Regular Customer
C006076,Isha Yadav,Female,50,Jaipur,Rajasthan,2024-01-02,Regular Customer
C006077,Sonia Iyer,Female,26,Nagpur,Maharashtra,2024-01-01,Loyal Customer
C006078,Amit More,Male,50,Ahmedabad,Gujarat,2024-01-14,New Customer
C006079,Ananya Rao,Female,26,Surat,Gujarat,2024-01-04,Regular Customer
C006080,Neha Banerjee,Male,31,Warangal,Telangana,2025-12-12,New Customer
C006081,Deepak Das,Female,49,Chennai,Tamil Nadu,2024-01-01,Loyal Customer
C006082,Ayush Shinde,Male,54,Vadodara,Gujarat,2024-03-03,Regular Customer
C006083,Aditya Bhosale,Male,23,Patna,Bihar,2024-02-01,Occasional Customer
C006084,Divya Pawar,Female,22,Warangal,Telangana,2024-02-20,New Customer
C006085,Gaurav Singh,Male,21,Patna,Bihar,2024-06-13,Occasional Customer
C006086,Gaurav Banerjee,Female,65,Bengaluru,Karnataka,2024-01-03,Loyal Customer
C006087,Vikas Mehta,Male,33,Mumbai,Maharashtra,2024-01-05,Loyal Customer
C006088,Anjali Sharma,Male,27,Latur,Maharashtra,2024-01-16,Regular Customer
C006089,Aarav Kumar,Female,48,Lucknow,Uttar Pradesh,2024-02-14,Regular Customer
C006090,Manish Reddy,Female,48,Delhi,Delhi,2024-02-01,Occasional Customer
C006091,Nikhil Reddy,Male,31,Delhi,Delhi,2024-01-08,Regular Customer
C006092,Anjali Kumar,Male,30,Ahmedabad,Gujarat,2024-01-01,Loyal Customer
C006093,Aditya Thakur,Male,21,Delhi,Delhi,2024-01-02,Loyal Customer
C006094,Aniket More,Female,63,Bhopal,Madhya Pradesh,2024-01-23,Loyal Customer
C006095,Riya Mishra,Male,43,Kolkata,West Bengal,2024-01-06,Regular Customer
C006096,Ananya Patil,Male,41,Mumbai,Maharashtra,2024-01-19,Regular Customer
C006097,Gaurav Shah,Female,26,Patna,Bihar,2024-01-11,Regular Customer
C006098,Harsh Shah,Male,52,Hyderabad,Telangana,2024-02-23,Loyal Customer
C006099,Arjun Jadhav,Male,59,Ahmedabad,Gujarat,2024-01-05,Loyal Customer
C006100,Aditya Kadam,Male,32,Chennai,Tamil Nadu,2024-10-29,Occasional Customer
C006101,Ananya Mehta,Female,41,Bhopal,Madhya Pradesh,2024-02-20,Regular Customer
C006102,Akash Sharma,Male,48,Lucknow,Uttar Pradesh,2024-01-09,Occasional Customer
C006103,Riya Verma,Male,36,Kolkata,West Bengal,2024-01-16,Loyal Customer
C006104,Harsh Menon,Female,19,Warangal,Telangana,2024-02-19,Regular Customer
C006105,Vivek Kumar,Male,19,Lucknow,Uttar Pradesh,2024-04-17,Regular Customer
C006106,Isha Banerjee,Male,58,Mysuru,Karnataka,2024-08-23,Occasional Customer
C006107,Rahul Yadav,Male,53,Hyderabad,Telangana,2024-02-11,Occasional Customer
C006108,Akash Joshi,Female,54,Bhopal,Madhya Pradesh,2024-01-02,Occasional Customer
C006109,Riya Shinde,Female,51,Jaipur,Rajasthan,2024-11-01,Occasional Customer
C006110,Aniket Mishra,Male,56,Kanpur,Uttar Pradesh,2024-01-12,Regular Customer
C006111,Sneha Das,Male,36,Latur,Maharashtra,2024-03-16,Regular Customer
C006112,Arjun Sawant,Male,55,Bengaluru,Karnataka,2024-02-09,Occasional Customer
C006113,Rohan Yadav,Male,40,Patna,Bihar,2024-02-05,Occasional Customer
C006114,Gaurav Jadhav,Female,33,Ahmedabad,Gujarat,2024-02-24,Loyal Customer
C006115,Harsh Mishra,Male,63,Patna,Bihar,2024-01-15,Loyal Customer
C006116,Aniket Shah,Male,61,Warangal,Telangana,2024-03-14,Regular Customer
C006117,Aniket Banerjee,Female,23,Jaipur,Rajasthan,2024-03-11,Regular Customer
C006118,Ayush Iyer,Male,43,Ahmedabad,Gujarat,2024-03-18,Occasional Customer
C006119,Rahul Shinde,Female,39,Ahmedabad,Gujarat,2024-01-01,Regular Customer
C006120,Harsh Pawar,Male,62,Indore,Madhya Pradesh,2024-01-07,Regular Customer
C006121,Harsh Das,Female,64,Kanpur,Uttar Pradesh,2024-01-18,Occasional Customer
C006122,Amit Sharma,Male,41,Aurangabad,Maharashtra,2024-01-16,Loyal Customer
C006123,Ayush More,Female,63,Vadodara,Gujarat,2024-01-28,Regular Customer
C006124,Anjali Shah,Male,57,Patna,Bihar,2024-01-14,Occasional Customer
C006125,Isha Kumar,Female,38,Indore,Madhya Pradesh,2024-04-23,Regular Customer
C006126,Anjali Kadam,Male,47,Bengaluru,Karnataka,2024-03-09,Regular Customer
C006127,Neha Rao,Female,28,Pune,Maharashtra,2024-01-14,Loyal Customer
C006128,Pooja Thakur,Male,26,Bhopal,Madhya Pradesh,2025-03-19,Occasional Customer
C006129,Aditya Sharma,Female,29,Bengaluru,Karnataka,2024-02-02,Occasional Customer
C006130,Karan Jadhav,Female,43,Latur,Maharashtra,2024-01-25,Occasional Customer
C006131,Sonia Chavan,Female,55,Delhi,Delhi,2024-02-27,Regular Customer
C006132,Riya Gaikwad,Female,20,Latur,Maharashtra,2024-02-10,Regular Customer
C006133,Rahul Shinde,Male,50,Latur,Maharashtra,2024-01-02,Occasional Customer
C006134,Riya Gaikwad,Male,32,Ahmedabad,Gujarat,2024-01-01,Occasional Customer
C006135,Riya Bhosale,Female,64,Delhi,Delhi,2024-01-12,Regular Customer
C006136,Rohan Shah,Male,22,Surat,Gujarat,2024-03-01,Regular Customer
C006137,Arjun Deshmukh,Male,41,Pune,Maharashtra,2025-09-17,New Customer
C006138,Akash Gupta,Male,28,Warangal,Telangana,2024-01-27,Occasional Customer
C006139,Aditi Patil,Male,50,Nagpur,Maharashtra,2024-03-23,Regular Customer
C006140,Deepak Kumar,Female,40,Patna,Bihar,2024-01-05,Occasional Customer
C006141,Anjali Yadav,Female,27,Nagpur,Maharashtra,2024-01-01,Loyal Customer
C006142,Vivek Kadam,Female,60,Mumbai,Maharashtra,2024-01-13,Loyal Customer
C006143,Nikhil Rao,Male,45,Lucknow,Uttar Pradesh,2024-03-18,Regular Customer
C006144,Sameer Shah,Female,56,Bhopal,Madhya Pradesh,2024-01-03,Loyal Customer
C006145,Riya Iyer,Female,34,Indore,Madhya Pradesh,2024-04-30,Occasional Customer
C006146,Sameer Patil,Female,61,Kanpur,Uttar Pradesh,2024-11-18,Occasional Customer
C006147,Aarav More,Female,43,Ahmedabad,Gujarat,2024-01-09,Occasional Customer
C006148,Kavita Shah,Female,42,Nagpur,Maharashtra,2024-12-18,Regular Customer
C006149,Gaurav Sawant,Male,53,Mumbai,Maharashtra,2024-03-12,Occasional Customer
C006150,Gaurav Rao,Male,29,Nashik,Maharashtra,2024-02-15,Loyal Customer
C006151,Divya Jadhav,Male,20,Ahmedabad,Gujarat,2024-01-12,Regular Customer
C006152,Vikas Gupta,Female,46,Indore,Madhya Pradesh,2024-01-31,Regular Customer
C006153,Aditi Mehta,Female,61,Delhi,Delhi,2024-01-08,Loyal Customer
C006154,Ananya More,Female,41,Pune,Maharashtra,2024-01-01,Regular Customer
C006155,Ananya Verma,Female,36,Jaipur,Rajasthan,2024-10-02,Occasional Customer
C006156,Karan Kumar,Female,30,Pune,Maharashtra,2024-10-30,Occasional Customer
C006157,Deepak Singh,Female,33,Lucknow,Uttar Pradesh,2024-02-14,Regular Customer
C006158,Isha Jadhav,Female,57,Lucknow,Uttar Pradesh,2024-03-21,New Customer
C006159,Aditya Chavan,Male,44,Jaipur,Rajasthan,2024-02-04,Regular Customer
C006160,Riya Verma,Male,23,Vadodara,Gujarat,2024-03-31,Occasional Customer
C006161,Harsh Jadhav,Male,59,Lucknow,Uttar Pradesh,2024-04-08,Regular Customer
C006162,Arjun Kulkarni,Male,27,Bengaluru,Karnataka,2024-01-07,Occasional Customer
C006163,Deepak Patil,Female,55,Mumbai,Maharashtra,2024-12-16,New Customer
C006164,Amit Yadav,Male,25,Mysuru,Karnataka,2024-01-17,Loyal Customer
C006165,Sonia Banerjee,Female,35,Lucknow,Uttar Pradesh,2024-01-10,Occasional Customer
C006166,Arjun Iyer,Male,49,Mumbai,Maharashtra,2024-01-20,Regular Customer
C006167,Divya Kumar,Male,34,Pune,Maharashtra,2024-07-27,Regular Customer
C006168,Harsh Sawant,Female,59,Jaipur,Rajasthan,2024-02-07,Regular Customer
C006169,Vikas Singh,Female,19,Chennai,Tamil Nadu,2024-06-30,Occasional Customer
C006170,Arjun Shah,Male,61,Warangal,Telangana,2024-01-09,Loyal Customer
C006171,Sneha Menon,Female,37,Bhopal,Madhya Pradesh,2024-01-01,Regular Customer
C006172,Vivek More,Male,27,Pune,Maharashtra,2024-03-29,Occasional Customer
C006173,Kavita Chavan,Female,26,Ahmedabad,Gujarat,2024-02-14,Regular Customer
C006174,Harsh Singh,Female,65,Latur,Maharashtra,2024-02-10,Occasional Customer
C006175,Ananya Chavan,Male,56,Patna,Bihar,2024-01-13,Occasional Customer
C006176,Rohan Yadav,Female,58,Latur,Maharashtra,2024-03-23,Occasional Customer
C006177,Sakshi Jadhav,Female,42,Bengaluru,Karnataka,2024-01-29,Regular Customer
C006178,Manish Mishra,Female,42,Jaipur,Rajasthan,2024-02-03,Loyal Customer
C006179,Vivek Rao,Female,41,Delhi,Delhi,2024-01-18,Loyal Customer
C006180,Pooja Das,Male,23,Hyderabad,Telangana,2024-01-23,Regular Customer
C006181,Isha Patil,Female,47,Mysuru,Karnataka,2024-01-20,Regular Customer
C006182,Aniket Jadhav,Female,27,Mysuru,Karnataka,2024-01-13,Loyal Customer
C006183,Aditi Joshi,Female,56,Kanpur,Uttar Pradesh,2024-06-20,Occasional Customer
C006184,Ananya Patil,Male,48,Bhopal,Madhya Pradesh,2024-02-16,Regular Customer
C006185,Karan More,Female,35,Kanpur,Uttar Pradesh,2024-02-01,Loyal Customer
C006186,Ananya Nair,Female,60,Bengaluru,Karnataka,2024-02-08,Occasional Customer
C006187,Isha Bhosale,Female,50,Kolkata,West Bengal,2024-06-19,Occasional Customer
C006188,Akash Singh,Male,36,Nashik,Maharashtra,2024-04-29,Occasional Customer
C006189,Vivek Yadav,Male,40,Warangal,Telangana,2024-01-02,Occasional Customer
C006190,Aditi Thakur,Male,22,Bengaluru,Karnataka,2024-01-02,Occasional Customer
C006191,Divya Nair,Male,43,Ahmedabad,Gujarat,2024-09-08,Regular Customer
C006192,Manish Yadav,Female,46,Bengaluru,Karnataka,2024-07-29,Occasional Customer
C006193,Isha Yadav,Female,41,Nashik,Maharashtra,2025-04-29,Occasional Customer
C006194,Akash Mishra,Female,23,Indore,Madhya Pradesh,2024-01-01,Regular Customer
C006195,Rohan Mishra,Female,56,Jaipur,Rajasthan,2024-01-04,Loyal Customer
C006196,Amit Kulkarni,Male,21,Kolkata,West Bengal,2024-02-06,Regular Customer
C006197,Divya Deshmukh,Male,65,Nagpur,Maharashtra,2024-01-06,Occasional Customer
C006198,Aniket Mishra,Female,59,Kanpur,Uttar Pradesh,2024-05-30,Loyal Customer
C006199,Ayush Pawar,Female,43,Aurangabad,Maharashtra,2024-01-04,Occasional Customer
C006200,Sneha Pawar,Female,32,Aurangabad,Maharashtra,2024-08-16,Occasional Customer
C006201,Rohan Verma,Male,30,Kanpur,Uttar Pradesh,2024-04-16,Regular Customer
C006202,Sneha More,Female,57,Kolkata,West Bengal,2024-01-07,Regular Customer
C006203,Neha Singh,Male,39,Bhopal,Madhya Pradesh,2024-01-02,Regular Customer
C006204,Rahul Mehta,Female,30,Kolkata,West Bengal,2024-04-01,Loyal Customer
C006205,Aniket Mehta,Other,56,Pune,Maharashtra,2024-01-20,Loyal Customer
C006206,Aarav Verma,Female,34,Ahmedabad,Gujarat,2024-01-11,Loyal Customer
C006207,Sakshi Mehta,Male,53,Nashik,Maharashtra,2024-04-24,Loyal Customer
C006208,Ananya Bhosale,Female,56,Mysuru,Karnataka,2024-02-09,Loyal Customer
C006209,Vivek Deshmukh,Male,65,Ahmedabad,Gujarat,2024-01-16,Regular Customer
C006210,Anjali Menon,Male,42,Mysuru,Karnataka,2024-03-10,Loyal Customer
C006211,Karan Rao,Female,51,Bengaluru,Karnataka,2024-01-09,Loyal Customer
C006212,Akash Singh,Male,38,Warangal,Telangana,2024-01-01,Occasional Customer
C006213,Deepak Sharma,Female,42,Nagpur,Maharashtra,2024-01-01,Loyal Customer
C006214,Ayush Rao,Male,42,Jaipur,Rajasthan,2024-01-05,Regular Customer
C006215,Rahul Kulkarni,Female,39,Surat,Gujarat,2024-10-06,New Customer
C006216,Gaurav Kadam,Female,40,Bengaluru,Karnataka,2024-01-20,Regular Customer
C006217,Neha Kumar,Male,42,Patna,Bihar,2024-01-03,Occasional Customer
C006218,Akash Banerjee,Female,31,Delhi,Delhi,2024-01-03,Regular Customer
C006219,Deepak Jadhav,Female,31,Nagpur,Maharashtra,2024-04-12,Occasional Customer
C006220,Aarav Deshmukh,Female,43,Aurangabad,Maharashtra,2024-01-18,Regular Customer
C006221,Isha Banerjee,Female,57,Mysuru,Karnataka,2024-01-13,Occasional Customer
C006222,Riya Rao,Other,47,Ahmedabad,Gujarat,2024-01-07,Occasional Customer
C006223,Karan Thakur,Male,43,Nashik,Maharashtra,2024-01-10,Regular Customer
C006224,Pooja More,Male,55,Ahmedabad,Gujarat,2024-04-07,Regular Customer
C006225,Nikhil Rao,Male,39,Chennai,Tamil Nadu,2024-01-26,Loyal Customer
C006226,Aarav Chavan,Female,56,Aurangabad,Maharashtra,2025-01-28,Occasional Customer
C006227,Aditi Reddy,Female,56,Mysuru,Karnataka,2024-02-11,Regular Customer
C006228,Nikhil Thakur,Female,51,Bengaluru,Karnataka,2024-02-19,Loyal Customer
C006229,Deepak Iyer,Female,42,Kanpur,Uttar Pradesh,2024-01-21,Occasional Customer
C006230,Rohan Kumar,Female,53,Hyderabad,Telangana,2024-05-02,Occasional Customer
C006231,Sameer Mehta,Male,30,Pune,Maharashtra,2025-06-04,New Customer
C006232,Amit Shinde,Male,46,Vadodara,Gujarat,2024-01-03,Occasional Customer
C006233,Sonia Patil,Female,59,Hyderabad,Telangana,2025-07-11,New Customer
C006234,Sameer Reddy,Male,26,Warangal,Telangana,2024-05-21,Occasional Customer
C006235,Ayush Chavan,Female,32,Hyderabad,Telangana,2024-01-07,Loyal Customer
C006236,Sameer Patil,Male,48,Patna,Bihar,2024-02-13,Occasional Customer
C006237,Rohan Deshmukh,Male,61,Surat,Gujarat,2024-03-12,Regular Customer
C006238,Manish Shah,Female,44,Lucknow,Uttar Pradesh,2024-02-10,Regular Customer
C006239,Gaurav Deshmukh,Male,48,Aurangabad,Maharashtra,2024-01-22,Occasional Customer
C006240,Gaurav More,Female,27,Bhopal,Madhya Pradesh,2024-04-23,Regular Customer
C006241,Ananya Joshi,Male,54,Kanpur,Uttar Pradesh,2024-05-16,Regular Customer
C006242,Sakshi Mishra,Female,24,Chennai,Tamil Nadu,2024-01-05,Regular Customer
C006243,Gaurav Deshmukh,Female,49,Indore,Madhya Pradesh,2024-01-04,Occasional Customer
C006244,Aarav Mishra,Female,28,Ahmedabad,Gujarat,2024-02-08,Regular Customer
C006245,Aniket Pawar,Female,65,Pune,Maharashtra,2025-02-05,Occasional Customer
C006246,Gaurav Menon,Male,62,Ahmedabad,Gujarat,2024-03-23,Regular Customer
C006247,Gaurav Sawant,Male,45,Hyderabad,Telangana,2024-01-01,Loyal Customer
C006248,Pooja Menon,Male,21,Mysuru,Karnataka,2024-01-11,Regular Customer
C006249,Pooja Jadhav,Female,65,Latur,Maharashtra,2024-01-20,Loyal Customer
C006250,Akash Sawant,Female,62,Nagpur,Maharashtra,2024-12-23,New Customer
C006251,Karan Das,Male,48,Nagpur,Maharashtra,2024-03-27,Loyal Customer
C006252,Harsh Iyer,Female,46,Bhopal,Madhya Pradesh,2024-01-06,Regular Customer
C006253,Sameer Kumar,Male,50,Delhi,Delhi,2024-04-07,Occasional Customer
C006254,Ayush Singh,Male,21,Vadodara,Gujarat,2024-01-02,Regular Customer
C006255,Rahul Shah,Female,64,Kanpur,Uttar Pradesh,2024-08-11,Occasional Customer
C006256,Amit Kadam,Male,43,Aurangabad,Maharashtra,2024-08-05,New Customer
C006257,Rahul Kulkarni,Male,48,Lucknow,Uttar Pradesh,2024-03-31,Occasional Customer
C006258,Sneha Kadam,Female,48,Vadodara,Gujarat,2024-06-02,Occasional Customer
C006259,Kavita Shinde,Female,44,Lucknow,Uttar Pradesh,2024-01-14,Regular Customer
C006260,Karan Thakur,Male,42,Kolkata,West Bengal,2024-01-27,Regular Customer
C006261,Vikas Gaikwad,Female,65,Jaipur,Rajasthan,2024-01-01,Loyal Customer
C006262,Karan More,Female,53,Bengaluru,Karnataka,2024-02-16,Regular Customer
C006263,Neha Shah,Male,48,Nashik,Maharashtra,2024-08-30,Occasional Customer
C006264,Harsh Deshmukh,Female,60,Kolkata,West Bengal,2024-01-22,Loyal Customer
C006265,Sakshi Bhosale,Male,54,Chennai,Tamil Nadu,2024-01-04,Loyal Customer
C006266,Sameer Kadam,Male,62,Nagpur,Maharashtra,2024-01-09,Regular Customer
C006267,Nikhil Pawar,Male,61,Surat,Gujarat,2024-07-23,New Customer
C006268,Harsh Reddy,Female,40,Indore,Madhya Pradesh,2024-01-04,Occasional Customer
C006269,Harsh Deshmukh,Male,52,Lucknow,Uttar Pradesh,2024-01-13,Regular Customer
C006270,Aditi Verma,Male,21,Latur,Maharashtra,2024-01-20,Loyal Customer
C006271,Deepak Thakur,Male,45,Nashik,Maharashtra,2025-04-24,Occasional Customer
C006272,Rahul Joshi,Male,59,Hyderabad,Telangana,2024-01-10,Loyal Customer
C006273,Pooja Rao,Female,58,Lucknow,Uttar Pradesh,2024-01-09,Occasional Customer
C006274,Riya Jadhav,Male,59,Indore,Madhya Pradesh,2024-01-22,New Customer
C006275,Vivek Yadav,Female,30,Jaipur,Rajasthan,2024-01-17,Regular Customer
C006276,Kavita Reddy,Female,18,Kolkata,West Bengal,2024-03-05,Occasional Customer
C006277,Pooja Verma,Female,29,Vadodara,Gujarat,2024-01-07,Regular Customer
C006278,Aditya Sawant,Male,60,Warangal,Telangana,2024-04-20,Occasional Customer
C006279,Isha Bhosale,Male,57,Lucknow,Uttar Pradesh,2024-03-03,Regular Customer
C006280,Aditya Kumar,Male,43,Warangal,Telangana,2024-01-11,Regular Customer
C006281,Sameer Yadav,Female,63,Bhopal,Madhya Pradesh,2024-05-09,Loyal Customer
C006282,Ayush Jadhav,Male,63,Jaipur,Rajasthan,2026-01-07,Occasional Customer
C006283,Amit Rao,Female,40,Kanpur,Uttar Pradesh,2024-11-05,New Customer
C006284,Vikas Sawant,Male,39,Lucknow,Uttar Pradesh,2024-01-04,Loyal Customer
C006285,Sneha Joshi,Male,45,Mysuru,Karnataka,2024-01-06,Occasional Customer
C006286,Kavita Bhosale,Male,34,Indore,Madhya Pradesh,2024-06-01,Occasional Customer
C006287,Ayush Mehta,Male,23,Ahmedabad,Gujarat,2024-01-02,New Customer
C006288,Aditi Gupta,Female,31,Ahmedabad,Gujarat,2024-01-06,Occasional Customer
C006289,Aditya Kumar,Male,34,Hyderabad,Telangana,2024-06-22,New Customer
C006290,Aditi Verma,Female,55,Mysuru,Karnataka,2026-01-02,New Customer
C006291,Akash Verma,Female,22,Pune,Maharashtra,2024-01-01,Occasional Customer
C006292,Harsh Bhosale,Female,30,Nashik,Maharashtra,2024-01-04,Regular Customer
C006293,Akash Thakur,Male,65,Latur,Maharashtra,2024-02-08,Regular Customer
C006294,Rahul Iyer,Female,26,Bhopal,Madhya Pradesh,2024-01-06,Loyal Customer
C006295,Neha Banerjee,Male,61,Latur,Maharashtra,2024-03-10,Occasional Customer
C006296,Arjun Kadam,Female,59,Indore,Madhya Pradesh,2024-08-02,Regular Customer
C006297,Arjun Mehta,Male,43,Surat,Gujarat,2026-01-30,New Customer
C006298,Aditya Menon,Male,30,Delhi,Delhi,2024-02-16,Loyal Customer
C006299,Kavita Sharma,Female,36,Lucknow,Uttar Pradesh,2024-10-15,Occasional Customer
C006300,Akash Iyer,Female,65,Pune,Maharashtra,2024-01-04,Regular Customer
C006301,Rahul Thakur,Male,34,Nagpur,Maharashtra,2024-01-21,Regular Customer
C006302,Ananya Das,Male,33,Delhi,Delhi,2024-01-12,Regular Customer
C006303,Ananya Banerjee,Female,47,Latur,Maharashtra,2024-01-13,Regular Customer
C006304,Gaurav Patil,Male,49,Surat,Gujarat,2024-01-06,Loyal Customer
C006305,Aditya Bhosale,Male,31,Lucknow,Uttar Pradesh,2024-01-03,Occasional Customer
C006306,Vikas Nair,Female,65,Jaipur,Rajasthan,2024-01-13,Loyal Customer
C006307,Ayush Chavan,Female,32,Patna,Bihar,2025-02-26,New Customer
C006308,Neha Iyer,Female,29,Vadodara,Gujarat,2024-04-06,Occasional Customer
C006309,Isha Menon,Female,54,Hyderabad,Telangana,2024-02-21,Occasional Customer
C006310,Rahul Thakur,Male,28,Warangal,Telangana,2024-01-07,Loyal Customer
C006311,Nikhil Das,Other,22,Lucknow,Uttar Pradesh,2024-01-22,Loyal Customer
C006312,Arjun Chavan,Male,28,Kanpur,Uttar Pradesh,2024-05-17,Occasional Customer
C006313,Vivek Mishra,Male,51,Jaipur,Rajasthan,2024-01-01,Loyal Customer
C006314,Sameer Pawar,Female,36,Vadodara,Gujarat,2024-01-03,Loyal Customer
C006315,Aniket Pawar,Male,43,Hyderabad,Telangana,2024-03-11,Regular Customer
C006316,Aditya Iyer,Female,43,Bengaluru,Karnataka,2024-01-06,Loyal Customer
C006317,Nikhil More,Male,34,Ahmedabad,Gujarat,2024-01-04,Regular Customer
C006318,Sonia Rao,Male,48,Mumbai,Maharashtra,2024-01-11,Loyal Customer
C006319,Akash Bhosale,Female,36,Warangal,Telangana,2024-02-11,Loyal Customer
C006320,Manish Sharma,Male,61,Vadodara,Gujarat,2024-01-26,Regular Customer
C006321,Aarav Gaikwad,Male,37,Nashik,Maharashtra,2024-01-16,Loyal Customer
C006322,Akash Sharma,Male,40,Nagpur,Maharashtra,2024-01-02,Regular Customer
C006323,Ananya Reddy,Male,42,Nagpur,Maharashtra,2024-05-02,Occasional Customer
C006324,Karan Thakur,Male,45,Vadodara,Gujarat,2024-01-08,Regular Customer
C006325,Riya Gaikwad,Female,54,Ahmedabad,Gujarat,2024-03-17,Regular Customer
C006326,Sonia Rao,Male,29,Warangal,Telangana,2025-11-02,New Customer
C006327,Rohan Shah,Female,65,Hyderabad,Telangana,2024-01-04,Loyal Customer
C006328,Rohan Yadav,Male,18,Mumbai,Maharashtra,2024-01-01,New Customer
C006329,Ayush Shah,Male,19,Jaipur,Rajasthan,2024-02-03,Occasional Customer
C006330,Sneha Shah,Male,27,Latur,Maharashtra,2024-01-19,Occasional Customer
C006331,Divya Nair,Male,51,Hyderabad,Telangana,2024-04-26,Occasional Customer
C006332,Rahul Nair,Male,49,Chennai,Tamil Nadu,2024-02-10,Regular Customer
C006333,Rahul Gaikwad,Male,42,Bengaluru,Karnataka,2024-01-19,Regular Customer
C006334,Sameer Sawant,Male,27,Delhi,Delhi,2024-01-01,Regular Customer
C006335,Aditya Jadhav,Male,18,Mysuru,Karnataka,2024-02-10,Regular Customer
C006336,Amit Sharma,Female,49,Patna,Bihar,2024-01-15,Regular Customer
C006337,Aniket Kulkarni,Female,54,Mumbai,Maharashtra,2024-06-02,Regular Customer
C006338,Sneha Sharma,Male,29,Bhopal,Madhya Pradesh,2024-03-01,New Customer
C006339,Riya Shinde,Female,35,Nashik,Maharashtra,2024-01-11,Regular Customer
C006340,Sonia Sharma,Female,47,Aurangabad,Maharashtra,2024-01-02,Regular Customer
C006341,Aniket Yadav,Male,30,Bengaluru,Karnataka,2024-01-04,Loyal Customer
C006342,Pooja Jadhav,Female,20,Indore,Madhya Pradesh,2024-01-16,Occasional Customer
C006343,Pooja Joshi,Female,38,Nagpur,Maharashtra,2024-02-04,Occasional Customer
C006344,Harsh Banerjee,Male,59,Jaipur,Rajasthan,2024-02-16,Occasional Customer
C006345,Pooja Mishra,Female,31,Aurangabad,Maharashtra,2024-07-01,Regular Customer
C006346,Sameer Gupta,Female,57,Jaipur,Rajasthan,2024-01-05,Loyal Customer
C006347,Aniket Deshmukh,Male,27,Nagpur,Maharashtra,2024-10-21,New Customer
C006348,Ayush Menon,Male,19,Kanpur,Uttar Pradesh,2024-01-10,Regular Customer
C006349,Isha Jadhav,Female,62,Kolkata,West Bengal,2024-05-02,Regular Customer
C006350,Karan Bhosale,Female,54,Nagpur,Maharashtra,2024-01-02,Loyal Customer
C006351,Aarav Kulkarni,Male,28,Kanpur,Uttar Pradesh,2024-02-04,Regular Customer
C006352,Ananya Singh,Male,18,Surat,Gujarat,2024-03-11,New Customer
C006353,Amit Iyer,Female,43,Jaipur,Rajasthan,2024-04-10,Occasional Customer
C006354,Riya Thakur,Male,59,Indore,Madhya Pradesh,2026-02-22,New Customer
C006355,Karan Yadav,Female,30,Kanpur,Uttar Pradesh,2024-01-21,Regular Customer
C006356,Aarav Mishra,Male,45,Bhopal,Madhya Pradesh,2024-02-26,Loyal Customer
C006357,Isha Mehta,Male,53,Bhopal,Madhya Pradesh,2024-02-02,Occasional Customer
C006358,Anjali Shinde,Male,38,Vadodara,Gujarat,2024-02-07,Regular Customer
C006359,Ayush Mehta,Male,27,Surat,Gujarat,2024-01-25,Occasional Customer
C006360,Sneha Banerjee,Male,29,Bhopal,Madhya Pradesh,2024-04-05,Regular Customer
C006361,Gaurav Patil,Female,63,Kolkata,West Bengal,2024-01-05,Loyal Customer
C006362,Deepak Sharma,Female,44,Kolkata,West Bengal,2024-12-13,Occasional Customer
C006363,Akash Reddy,Male,20,Latur,Maharashtra,2024-03-03,Occasional Customer
C006364,Sonia Nair,Female,45,Kolkata,West Bengal,2024-01-19,Occasional Customer
C006365,Harsh Bhosale,Male,19,Bhopal,Madhya Pradesh,2024-10-05,New Customer
C006366,Sonia Yadav,Male,45,Nashik,Maharashtra,2024-04-17,Regular Customer
C006367,Rohan Mehta,Male,48,Warangal,Telangana,2024-03-03,Regular Customer
C006368,Nikhil Iyer,Male,60,Kolkata,West Bengal,2024-01-04,Regular Customer
C006369,Manish Sawant,Female,38,Nagpur,Maharashtra,2024-01-07,Occasional Customer
C006370,Aditi Yadav,Female,24,Kolkata,West Bengal,2024-01-17,Occasional Customer
C006371,Gaurav Yadav,Male,48,Ahmedabad,Gujarat,2024-01-14,Occasional Customer
C006372,Kavita Mehta,Female,31,Bengaluru,Karnataka,2024-02-16,Regular Customer
C006373,Rohan Shah,Male,56,Pune,Maharashtra,2024-01-08,Loyal Customer
C006374,Vivek Rao,Male,56,Warangal,Telangana,2024-02-11,Regular Customer
C006375,Vikas Banerjee,Male,26,Kanpur,Uttar Pradesh,2025-12-20,New Customer
C006376,Sonia Yadav,Female,40,Indore,Madhya Pradesh,2024-04-06,Occasional Customer
C006377,Anjali Nair,Male,29,Ahmedabad,Gujarat,2024-02-29,Regular Customer
C006378,Aditi Verma,Female,46,Mumbai,Maharashtra,2024-01-01,Loyal Customer
C006379,Aarav Bhosale,Male,55,Pune,Maharashtra,2024-01-12,Regular Customer
C006380,Neha Chavan,Male,56,Kolkata,West Bengal,2024-01-02,Loyal Customer
C006381,Manish Deshmukh,Other,39,Chennai,Tamil Nadu,2024-01-01,Regular Customer
C006382,Arjun Singh,Male,21,Surat,Gujarat,2024-01-01,Regular Customer
C006383,Pooja Bhosale,Female,65,Pune,Maharashtra,2024-01-09,Regular Customer
C006384,Vikas Yadav,Female,24,Bhopal,Madhya Pradesh,2024-01-13,Loyal Customer
C006385,Akash Yadav,Female,57,Vadodara,Gujarat,2024-02-07,Regular Customer
C006386,Nikhil Reddy,Male,25,Hyderabad,Telangana,2024-04-04,Occasional Customer
C006387,Divya Thakur,Male,52,Latur,Maharashtra,2026-06-21,New Customer
C006388,Riya Bhosale,Female,26,Surat,Gujarat,2024-03-09,Occasional Customer
C006389,Aarav Pawar,Female,30,Warangal,Telangana,2024-03-18,New Customer
C006390,Ayush Iyer,Female,56,Vadodara,Gujarat,2024-01-09,Occasional Customer
C006391,Aniket Yadav,Male,37,Pune,Maharashtra,2024-01-17,Regular Customer
C006392,Divya Thakur,Male,38,Indore,Madhya Pradesh,2024-02-17,Occasional Customer
C006393,Anjali Verma,Female,64,Aurangabad,Maharashtra,2024-01-08,Regular Customer
C006394,Anjali Mehta,Male,36,Surat,Gujarat,2024-01-18,Regular Customer
C006395,Vivek Rao,Male,19,Kanpur,Uttar Pradesh,2024-04-24,Occasional Customer
C006396,Deepak Kumar,Male,61,Patna,Bihar,2024-01-07,New Customer
C006397,Nikhil Mishra,Male,57,Patna,Bihar,2024-01-28,Regular Customer
C006398,Sneha Nair,Female,47,Vadodara,Gujarat,2024-04-09,Occasional Customer
C006399,Rahul Thakur,Female,40,Nagpur,Maharashtra,2024-05-12,Occasional Customer
C006400,Amit Singh,Male,57,Aurangabad,Maharashtra,2024-04-12,Loyal Customer
C006401,Ayush Iyer,Male,30,Jaipur,Rajasthan,2026-01-22,New Customer
C006402,Riya Gaikwad,Female,50,Bhopal,Madhya Pradesh,2024-01-25,Regular Customer
C006403,Harsh Banerjee,Male,49,Indore,Madhya Pradesh,2024-01-11,Regular Customer
C006404,Rahul Reddy,Female,45,Delhi,Delhi,2024-07-27,Regular Customer
C006405,Rohan Kadam,Female,41,Indore,Madhya Pradesh,2024-01-27,Occasional Customer
C006406,Sameer Yadav,Female,59,Jaipur,Rajasthan,2024-04-10,New Customer
C006407,Sameer Mishra,Female,45,Pune,Maharashtra,2024-08-30,Occasional Customer
C006408,Ananya Shah,Male,47,Nashik,Maharashtra,2024-01-22,Occasional Customer
C006409,Aniket Sawant,Female,58,Patna,Bihar,2024-01-26,Loyal Customer
C006410,Riya Iyer,Male,46,Hyderabad,Telangana,2024-01-01,Loyal Customer
C006411,Aditya Rao,Male,51,Pune,Maharashtra,2024-01-26,Loyal Customer
C006412,Karan Jadhav,Male,39,Latur,Maharashtra,2024-01-04,Loyal Customer
C006413,Ananya Shinde,Male,42,Indore,Madhya Pradesh,2024-02-25,Loyal Customer
C006414,Ananya Shah,Male,31,Hyderabad,Telangana,2024-02-23,Loyal Customer
C006415,Karan Kulkarni,Male,27,Aurangabad,Maharashtra,2025-08-05,New Customer
C006416,Sameer Bhosale,Female,27,Aurangabad,Maharashtra,2024-01-01,Regular Customer
C006417,Karan Sawant,Other,25,Kanpur,Uttar Pradesh,2024-04-04,Occasional Customer
C006418,Anjali Shinde,Male,31,Jaipur,Rajasthan,2024-01-12,Loyal Customer
C006419,Manish Patil,Female,62,Lucknow,Uttar Pradesh,2024-01-17,Loyal Customer
C006420,Aarav Kadam,Male,55,Bengaluru,Karnataka,2024-01-17,Regular Customer
C006421,Vikas More,Female,49,Aurangabad,Maharashtra,2024-01-11,Regular Customer
C006422,Divya Rao,Male,62,Warangal,Telangana,2024-01-06,Loyal Customer
C006423,Ananya Pawar,Female,49,Bengaluru,Karnataka,2024-02-11,Regular Customer
C006424,Sneha Mishra,Male,20,Aurangabad,Maharashtra,2024-02-10,Loyal Customer
C006425,Vikas Verma,Female,37,Mysuru,Karnataka,2024-01-02,Loyal Customer
C006426,Aditi Das,Male,30,Pune,Maharashtra,2024-01-09,Loyal Customer
C006427,Aditya Chavan,Male,40,Bengaluru,Karnataka,2024-01-03,Regular Customer
C006428,Harsh Kulkarni,Male,36,Delhi,Delhi,2024-02-09,Regular Customer
C006429,Nikhil Joshi,Male,33,Nashik,Maharashtra,2024-02-04,Regular Customer
C006430,Akash Gupta,Female,53,Vadodara,Gujarat,2024-10-27,New Customer
C006431,Anjali Yadav,Female,52,Vadodara,Gujarat,2024-01-04,Regular Customer
C006432,Arjun Chavan,Male,64,Vadodara,Gujarat,2024-01-02,Regular Customer
C006433,Sameer Kadam,Female,64,Pune,Maharashtra,2024-01-07,Loyal Customer
C006434,Sakshi Patil,Male,24,Latur,Maharashtra,2024-05-30,Occasional Customer
C006435,Sakshi Singh,Female,54,Surat,Gujarat,2024-01-02,Occasional Customer
C006436,Manish More,Male,25,Mumbai,Maharashtra,2024-05-31,Occasional Customer
C006437,Vikas Jadhav,Female,42,Bhopal,Madhya Pradesh,2024-01-31,Occasional Customer
C006438,Sonia Nair,Male,40,Hyderabad,Telangana,2024-01-11,Loyal Customer
C006439,Sonia Verma,Female,27,Mumbai,Maharashtra,2024-01-08,Occasional Customer
C006440,Nikhil Rao,Male,47,Mumbai,Maharashtra,2024-01-13,Loyal Customer
C006441,Akash Nair,Female,50,Mumbai,Maharashtra,2024-07-08,Regular Customer
C006442,Aditi Kumar,Female,28,Nashik,Maharashtra,2024-03-01,Occasional Customer
C006443,Isha Das,Male,52,Nashik,Maharashtra,2024-03-22,Loyal Customer
C006444,Isha Banerjee,Other,44,Bhopal,Madhya Pradesh,2024-01-01,Occasional Customer
C006445,Sakshi Kulkarni,Female,20,Delhi,Delhi,2024-01-19,Regular Customer
C006446,Akash Das,Female,64,Mumbai,Maharashtra,2024-01-06,Regular Customer
C006447,Nikhil Shah,Female,25,Mysuru,Karnataka,2024-09-28,New Customer
C006448,Sameer Mishra,Female,30,Bengaluru,Karnataka,2024-01-05,Loyal Customer
C006449,Akash Banerjee,Other,59,Nashik,Maharashtra,2024-01-01,New Customer
C006450,Manish Patil,Female,20,Latur,Maharashtra,2024-03-08,Regular Customer
C006451,Kavita Kulkarni,Male,37,Jaipur,Rajasthan,2024-06-22,Occasional Customer
C006452,Ananya Reddy,Female,63,Pune,Maharashtra,2024-03-21,Regular Customer
C006453,Akash Mishra,Female,62,Bhopal,Madhya Pradesh,2024-01-06,Loyal Customer
C006454,Aniket Kumar,Female,52,Mysuru,Karnataka,2024-01-13,New Customer
C006455,Divya Pawar,Male,30,Indore,Madhya Pradesh,2024-02-19,Loyal Customer
C006456,Rohan Sawant,Male,37,Ahmedabad,Gujarat,2024-08-23,Regular Customer
C006457,Riya Thakur,Female,41,Bhopal,Madhya Pradesh,2024-01-24,Regular Customer
C006458,Sakshi Verma,Female,26,Vadodara,Gujarat,2024-04-29,Occasional Customer
C006459,Karan Iyer,Male,47,Ahmedabad,Gujarat,2025-04-13,New Customer
C006460,Sonia Kulkarni,Male,42,Indore,Madhya Pradesh,2024-01-24,Regular Customer
C006461,Amit Reddy,Male,33,Aurangabad,Maharashtra,2024-01-08,Occasional Customer
C006462,Divya Chavan,Female,25,Delhi,Delhi,2024-01-15,Occasional Customer
C006463,Sneha Jadhav,Male,61,Hyderabad,Telangana,2024-01-05,Regular Customer
C006464,Akash Mishra,Female,45,Mysuru,Karnataka,2024-01-12,Loyal Customer
C006465,Aniket Thakur,Female,29,Indore,Madhya Pradesh,2024-01-26,Occasional Customer
C006466,Harsh Menon,Female,41,Kolkata,West Bengal,2025-10-14,New Customer
C006467,Sakshi Sharma,Male,46,Bhopal,Madhya Pradesh,2024-01-06,Regular Customer
C006468,Anjali Banerjee,Female,32,Vadodara,Gujarat,2024-01-13,Occasional Customer
C006469,Sameer Yadav,Female,35,Lucknow,Uttar Pradesh,2024-01-03,Loyal Customer
C006470,Deepak Sawant,Male,24,Pune,Maharashtra,2024-09-30,Occasional Customer
C006471,Kavita Pawar,Male,30,Nashik,Maharashtra,2024-01-07,Occasional Customer
C006472,Aditya More,Female,36,Nagpur,Maharashtra,2024-01-23,New Customer
C006473,Divya Nair,Female,65,Hyderabad,Telangana,2024-01-09,Regular Customer
C006474,Sakshi Bhosale,Female,60,Bhopal,Madhya Pradesh,2024-04-28,Occasional Customer
C006475,Divya Reddy,Male,22,Mysuru,Karnataka,2024-01-02,Regular Customer
C006476,Rahul Joshi,Male,43,Hyderabad,Telangana,2024-02-01,Regular Customer
C006477,Amit Menon,Male,19,Warangal,Telangana,2024-05-31,Occasional Customer
C006478,Sakshi Verma,Female,50,Latur,Maharashtra,2024-11-25,Occasional Customer
C006479,Harsh Das,Female,65,Vadodara,Gujarat,2024-01-02,Loyal Customer
C006480,Anjali Jadhav,Male,54,Mumbai,Maharashtra,2024-10-06,Occasional Customer
C006481,Sameer Bhosale,Male,42,Nashik,Maharashtra,2024-02-10,Regular Customer
C006482,Harsh Kumar,Female,42,Surat,Gujarat,2024-02-07,Loyal Customer
C006483,Harsh Singh,Female,56,Indore,Madhya Pradesh,2024-01-09,Occasional Customer
C006484,Isha Mishra,Male,47,Kanpur,Uttar Pradesh,2024-01-03,Regular Customer
C006485,Kavita Das,Female,58,Bhopal,Madhya Pradesh,2024-03-22,Loyal Customer
C006486,Rahul Kadam,Female,21,Delhi,Delhi,2024-01-19,Loyal Customer
C006487,Aarav Thakur,Male,36,Patna,Bihar,2024-10-12,Occasional Customer
C006488,Amit Menon,Male,44,Surat,Gujarat,2024-03-18,Regular Customer
C006489,Aarav Nair,Male,64,Bengaluru,Karnataka,2024-05-24,Occasional Customer
C006490,Sameer Verma,Male,56,Kolkata,West Bengal,2024-01-10,Regular Customer
C006491,Aditya Deshmukh,Female,41,Chennai,Tamil Nadu,2024-01-03,Regular Customer
C006492,Deepak Chavan,Male,54,Mysuru,Karnataka,2024-01-15,Regular Customer
C006493,Gaurav Menon,Male,42,Lucknow,Uttar Pradesh,2024-05-11,Regular Customer
C006494,Ananya Bhosale,Female,46,Lucknow,Uttar Pradesh,2024-01-06,Regular Customer
C006495,Aditi Gaikwad,Male,48,Latur,Maharashtra,2024-01-16,Loyal Customer
C006496,Sakshi Patil,Female,62,Kanpur,Uttar Pradesh,2024-10-12,Occasional Customer
C006497,Rahul Kumar,Male,52,Latur,Maharashtra,2024-01-05,Occasional Customer
C006498,Pooja Jadhav,Male,45,Warangal,Telangana,2024-11-18,Occasional Customer
C006499,Vikas Mehta,Female,55,Mumbai,Maharashtra,2024-01-31,Regular Customer
C006500,Aditi Reddy,Male,61,Vadodara,Gujarat,2024-01-09,Loyal Customer
C006501,Riya Das,Female,21,Indore,Madhya Pradesh,2024-07-18,Regular Customer
C006502,Rahul Singh,Male,45,Indore,Madhya Pradesh,2024-02-14,New Customer
C006503,Kavita Sawant,Female,48,Kolkata,West Bengal,2024-01-12,Loyal Customer
C006504,Harsh Gaikwad,Female,40,Hyderabad,Telangana,2024-01-17,Regular Customer
C006505,Vikas Rao,Male,31,Lucknow,Uttar Pradesh,2024-01-14,Loyal Customer
C006506,Riya Gupta,Female,45,Vadodara,Gujarat,2024-03-13,Occasional Customer
C006507,Sonia Sawant,Male,31,Nagpur,Maharashtra,2024-01-29,Regular Customer
C006508,Rohan Iyer,Female,18,Vadodara,Gujarat,2024-02-06,Occasional Customer
C006509,Deepak Kumar,Male,60,Delhi,Delhi,2024-01-25,Loyal Customer
C006510,Divya Sharma,Female,49,Kanpur,Uttar Pradesh,2024-01-11,Occasional Customer
C006511,Sneha More,Male,58,Lucknow,Uttar Pradesh,2024-10-28,New Customer
C006512,Vikas Verma,Female,35,Bengaluru,Karnataka,2024-01-26,Regular Customer
C006513,Nikhil Kumar,Other,22,Mysuru,Karnataka,2024-02-21,Occasional Customer
C006514,Amit Nair,Female,59,Pune,Maharashtra,2024-01-11,Loyal Customer
C006515,Gaurav Thakur,Male,32,Mumbai,Maharashtra,2024-01-02,Loyal Customer
C006516,Pooja Shinde,Female,59,Jaipur,Rajasthan,2024-02-08,Regular Customer
C006517,Vikas Gupta,Male,33,Bhopal,Madhya Pradesh,2024-02-17,Loyal Customer
C006518,Nikhil Das,Male,53,Indore,Madhya Pradesh,2024-06-01,Occasional Customer
C006519,Nikhil Reddy,Male,53,Latur,Maharashtra,2024-01-16,Regular Customer
C006520,Isha Nair,Male,57,Surat,Gujarat,2024-01-08,Regular Customer
C006521,Divya Singh,Female,47,Kolkata,West Bengal,2024-05-06,Occasional Customer
C006522,Sameer Das,Male,55,Surat,Gujarat,2024-01-02,Loyal Customer
C006523,Pooja Gaikwad,Female,40,Vadodara,Gujarat,2024-02-10,Occasional Customer
C006524,Sakshi Shinde,Male,28,Nagpur,Maharashtra,2025-02-21,New Customer
C006525,Vikas Sawant,Male,42,Lucknow,Uttar Pradesh,2025-01-24,New Customer
C006526,Aditya Patil,Female,62,Chennai,Tamil Nadu,2024-01-01,Loyal Customer
C006527,Manish Chavan,Male,60,Pune,Maharashtra,2024-01-08,Regular Customer
C006528,Gaurav Iyer,Male,19,Nagpur,Maharashtra,2024-01-27,Loyal Customer
C006529,Rohan Iyer,Male,52,Bhopal,Madhya Pradesh,2024-01-07,Regular Customer
C006530,Vikas Jadhav,Male,64,Mumbai,Maharashtra,2025-02-19,Occasional Customer
C006531,Kavita Gupta,Female,41,Kanpur,Uttar Pradesh,2024-01-27,Loyal Customer
C006532,Ayush Shinde,Male,30,Patna,Bihar,2024-01-05,Loyal Customer
C006533,Aditya Verma,Male,59,Latur,Maharashtra,2024-11-13,New Customer
C006534,Manish Sawant,Female,54,Aurangabad,Maharashtra,2024-03-10,Occasional Customer
C006535,Kavita Chavan,Other,47,Mumbai,Maharashtra,2025-03-09,New Customer
C006536,Sakshi Reddy,Male,28,Lucknow,Uttar Pradesh,2024-01-01,Loyal Customer
C006537,Ananya Sharma,Female,40,Mumbai,Maharashtra,2024-02-27,Loyal Customer
C006538,Aarav Singh,Male,63,Patna,Bihar,2024-01-01,Regular Customer
C006539,Sameer Gupta,Male,45,Patna,Bihar,2024-03-16,Occasional Customer
C006540,Neha More,Male,46,Jaipur,Rajasthan,2024-01-08,Regular Customer
C006541,Anjali Banerjee,Female,32,Chennai,Tamil Nadu,2024-04-20,Regular Customer
C006542,Sakshi Sawant,Male,62,Vadodara,Gujarat,2024-02-10,Loyal Customer
C006543,Rohan Bhosale,Female,20,Warangal,Telangana,2024-01-03,New Customer
C006544,Kavita Kulkarni,Male,26,Jaipur,Rajasthan,2025-01-22,New Customer
C006545,Rohan Patil,Male,25,Mumbai,Maharashtra,2024-01-14,Loyal Customer
C006546,Sneha Kadam,Female,64,Nashik,Maharashtra,2024-02-21,Loyal Customer
C006547,Arjun Reddy,Male,50,Mysuru,Karnataka,2024-01-01,Regular Customer
C006548,Kavita Kadam,Male,51,Delhi,Delhi,2024-02-03,Regular Customer
C006549,Akash Patil,Male,26,Indore,Madhya Pradesh,2024-01-26,Regular Customer
C006550,Sakshi Reddy,Male,34,Hyderabad,Telangana,2024-02-15,Occasional Customer
C006551,Akash Thakur,Male,58,Chennai,Tamil Nadu,2024-01-05,Regular Customer
C006552,Ayush Mehta,Male,18,Patna,Bihar,2024-02-16,Occasional Customer
C006553,Rohan Sharma,Male,57,Hyderabad,Telangana,2024-09-15,Occasional Customer
C006554,Isha Chavan,Male,22,Chennai,Tamil Nadu,2024-07-05,New Customer
C006555,Anjali Das,Other,47,Kolkata,West Bengal,2024-01-04,Loyal Customer
C006556,Rohan Mehta,Male,28,Pune,Maharashtra,2024-01-05,Regular Customer
C006557,Neha Nair,Male,45,Surat,Gujarat,2026-03-08,New Customer
C006558,Vikas Reddy,Female,55,Ahmedabad,Gujarat,2024-04-05,Occasional Customer
C006559,Rahul Gupta,Female,34,Nashik,Maharashtra,2024-01-26,Regular Customer
C006560,Sonia Shah,Male,40,Surat,Gujarat,2024-01-01,Loyal Customer
C006561,Anjali Kadam,Male,35,Surat,Gujarat,2024-02-04,Occasional Customer
C006562,Ayush Sawant,Female,54,Jaipur,Rajasthan,2024-08-13,Occasional Customer
C006563,Rahul Das,Male,44,Hyderabad,Telangana,2024-01-30,Regular Customer
C006564,Sneha Nair,Female,42,Lucknow,Uttar Pradesh,2024-01-06,Regular Customer
C006565,Neha Rao,Female,22,Pune,Maharashtra,2025-01-22,New Customer
C006566,Amit Nair,Female,36,Mysuru,Karnataka,2024-01-14,Regular Customer
C006567,Gaurav Verma,Male,44,Bhopal,Madhya Pradesh,2024-05-07,Regular Customer
C006568,Rohan Joshi,Female,30,Indore,Madhya Pradesh,2024-01-07,Loyal Customer
C006569,Akash Chavan,Female,24,Aurangabad,Maharashtra,2024-11-19,Occasional Customer
C006570,Kavita Mehta,Female,43,Chennai,Tamil Nadu,2025-03-09,New Customer
C006571,Aniket Banerjee,Male,31,Latur,Maharashtra,2024-01-07,Occasional Customer
C006572,Sakshi Kadam,Female,44,Vadodara,Gujarat,2024-01-03,Loyal Customer
C006573,Isha Kulkarni,Female,25,Bengaluru,Karnataka,2024-03-08,Regular Customer
C006574,Amit Nair,Other,48,Kanpur,Uttar Pradesh,2024-08-13,Occasional Customer
C006575,Harsh Banerjee,Female,52,Mumbai,Maharashtra,2024-02-01,Regular Customer
C006576,Harsh Deshmukh,Male,44,Vadodara,Gujarat,2024-04-05,Occasional Customer
C006577,Aditya Patil,Female,21,Kolkata,West Bengal,2024-05-12,New Customer
C006578,Harsh Singh,Male,59,Patna,Bihar,2024-01-12,Loyal Customer
C006579,Amit Yadav,Female,21,Latur,Maharashtra,2024-02-02,Loyal Customer
C006580,Aniket Thakur,Male,35,Lucknow,Uttar Pradesh,2024-03-18,New Customer
C006581,Aditya Kadam,Male,40,Bhopal,Madhya Pradesh,2024-03-17,New Customer
C006582,Rahul Verma,Female,49,Latur,Maharashtra,2024-01-01,Regular Customer
C006583,Gaurav Mehta,Male,29,Ahmedabad,Gujarat,2024-01-08,Loyal Customer
C006584,Manish Verma,Female,37,Mumbai,Maharashtra,2024-02-07,Regular Customer
C006585,Sakshi Gaikwad,Female,64,Ahmedabad,Gujarat,2024-01-11,Loyal Customer
C006586,Sonia More,Male,62,Hyderabad,Telangana,2024-06-06,Occasional Customer
C006587,Neha Yadav,Male,29,Kolkata,West Bengal,2024-02-26,Occasional Customer
C006588,Pooja Bhosale,Female,25,Chennai,Tamil Nadu,2024-05-25,Occasional Customer
C006589,Isha Nair,Male,39,Mumbai,Maharashtra,2026-07-23,New Customer
C006590,Vivek Yadav,Female,44,Kolkata,West Bengal,2024-02-03,Regular Customer
C006591,Rohan Bhosale,Female,58,Nashik,Maharashtra,2024-01-08,Regular Customer
C006592,Sneha Pawar,Female,58,Ahmedabad,Gujarat,2024-12-29,Regular Customer
C006593,Amit Verma,Female,34,Aurangabad,Maharashtra,2024-04-06,Occasional Customer
C006594,Amit Yadav,Female,49,Pune,Maharashtra,2024-01-09,Regular Customer
C006595,Riya Thakur,Female,50,Mumbai,Maharashtra,2024-02-16,Occasional Customer
C006596,Amit Nair,Female,48,Jaipur,Rajasthan,2024-01-28,Regular Customer
C006597,Kavita Mishra,Female,23,Latur,Maharashtra,2024-01-01,Loyal Customer
C006598,Kavita Kulkarni,Male,56,Jaipur,Rajasthan,2024-03-28,Occasional Customer
C006599,Riya Shinde,Male,26,Surat,Gujarat,2024-01-11,Regular Customer
C006600,Isha Yadav,Female,59,Nagpur,Maharashtra,2024-04-29,Regular Customer
C006601,Aditi Iyer,Female,49,Kolkata,West Bengal,2024-04-12,New Customer
C006602,Ananya Gupta,Male,53,Nagpur,Maharashtra,2024-10-25,Occasional Customer
C006603,Divya Kumar,Male,33,Pune,Maharashtra,2024-01-04,Regular Customer
C006604,Akash Shah,Female,29,Mumbai,Maharashtra,2024-03-22,Occasional Customer
C006605,Sonia Bhosale,Male,58,Bengaluru,Karnataka,2024-01-15,Occasional Customer
C006606,Akash Kulkarni,Male,20,Bengaluru,Karnataka,2024-01-16,Loyal Customer
C006607,Divya Mehta,Male,44,Hyderabad,Telangana,2024-02-06,Loyal Customer
C006608,Ayush Patil,Female,44,Nagpur,Maharashtra,2025-01-11,Regular Customer
C006609,Kavita Jadhav,Male,26,Bhopal,Madhya Pradesh,2024-03-22,Occasional Customer
C006610,Akash Kadam,Male,34,Delhi,Delhi,2024-04-07,Regular Customer
C006611,Ayush Kadam,Male,63,Hyderabad,Telangana,2024-09-25,Regular Customer
C006612,Ayush Sawant,Male,22,Bengaluru,Karnataka,2024-06-12,Occasional Customer
C006613,Karan Sharma,Female,43,Mumbai,Maharashtra,2024-02-06,Occasional Customer
C006614,Sameer Jadhav,Female,38,Surat,Gujarat,2024-03-09,Regular Customer
C006615,Amit Das,Male,18,Kanpur,Uttar Pradesh,2024-04-11,Occasional Customer
C006616,Neha Bhosale,Male,18,Latur,Maharashtra,2024-01-14,Regular Customer
C006617,Aditi Kumar,Female,52,Hyderabad,Telangana,2024-03-17,Occasional Customer
C006618,Vikas Sawant,Male,26,Mysuru,Karnataka,2024-01-28,Regular Customer
C006619,Vikas Sawant,Female,40,Hyderabad,Telangana,2024-07-02,Regular Customer
C006620,Aniket Pawar,Male,55,Pune,Maharashtra,2024-04-13,Occasional Customer
C006621,Sneha Iyer,Male,58,Nashik,Maharashtra,2024-01-19,Regular Customer
C006622,Karan Sharma,Male,21,Patna,Bihar,2024-01-07,Occasional Customer
C006623,Akash Gupta,Female,36,Indore,Madhya Pradesh,2024-01-28,Regular Customer
C006624,Divya Deshmukh,Male,54,Mumbai,Maharashtra,2024-02-12,Regular Customer
C006625,Sonia Patil,Male,22,Mysuru,Karnataka,2024-07-17,Occasional Customer
C006626,Harsh Yadav,Male,45,Lucknow,Uttar Pradesh,2024-01-16,Occasional Customer
C006627,Neha Sawant,Male,63,Kolkata,West Bengal,2024-02-05,Regular Customer
C006628,Neha Thakur,Male,59,Mysuru,Karnataka,2024-01-31,Occasional Customer
C006629,Vikas Chavan,Male,65,Lucknow,Uttar Pradesh,2024-02-19,Regular Customer
C006630,Sameer Gaikwad,Male,40,Chennai,Tamil Nadu,2024-06-14,Occasional Customer
C006631,Karan Banerjee,Female,55,Jaipur,Rajasthan,2024-01-12,Loyal Customer
C006632,Rohan Banerjee,Female,40,Bengaluru,Karnataka,2024-11-06,New Customer
C006633,Nikhil Jadhav,Male,63,Kolkata,West Bengal,2024-02-01,Loyal Customer
C006634,Sakshi Jadhav,Male,35,Indore,Madhya Pradesh,2024-05-15,Occasional Customer
C006635,Kavita Reddy,Female,46,Surat,Gujarat,2024-03-21,Loyal Customer
C006636,Isha Menon,Male,45,Bhopal,Madhya Pradesh,2025-11-05,New Customer
C006637,Isha Rao,Male,26,Pune,Maharashtra,2024-01-22,Loyal Customer
C006638,Isha Jadhav,Female,56,Nashik,Maharashtra,2025-07-26,New Customer
C006639,Sonia Iyer,Female,27,Bhopal,Madhya Pradesh,2024-04-27,Occasional Customer
C006640,Deepak Deshmukh,Male,19,Hyderabad,Telangana,2024-04-11,Loyal Customer
C006641,Sameer Shah,Male,30,Ahmedabad,Gujarat,2024-02-05,Regular Customer
C006642,Rahul Shah,Female,55,Kolkata,West Bengal,2024-01-04,Occasional Customer
C006643,Harsh Gaikwad,Male,44,Vadodara,Gujarat,2024-07-10,Occasional Customer
C006644,Anjali Singh,Female,58,Mumbai,Maharashtra,2024-02-13,Regular Customer
C006645,Gaurav Chavan,Male,37,Delhi,Delhi,2024-01-15,Regular Customer
C006646,Manish Patil,Male,57,Mysuru,Karnataka,2024-01-02,Loyal Customer
C006647,Rahul Singh,Female,27,Aurangabad,Maharashtra,2024-02-19,Regular Customer
C006648,Isha Iyer,Female,33,Jaipur,Rajasthan,2024-01-01,Loyal Customer
C006649,Arjun Reddy,Female,32,Delhi,Delhi,2024-05-04,Occasional Customer
C006650,Aditya Mishra,Male,30,Patna,Bihar,2024-01-31,Loyal Customer
C006651,Ananya Nair,Female,55,Latur,Maharashtra,2024-04-18,Regular Customer
C006652,Aarav Mehta,Female,37,Bengaluru,Karnataka,2024-03-01,Regular Customer
C006653,Pooja Das,Female,41,Ahmedabad,Gujarat,2024-01-06,Loyal Customer
C006654,Sakshi Nair,Female,58,Warangal,Telangana,2024-01-18,Loyal Customer
C006655,Ayush Gupta,Male,24,Surat,Gujarat,2024-01-09,Loyal Customer
C006656,Pooja Kulkarni,Male,40,Mumbai,Maharashtra,2024-03-03,Regular Customer
C006657,Pooja Gupta,Female,41,Indore,Madhya Pradesh,2024-01-01,Regular Customer
C006658,Aditya Shinde,Female,46,Aurangabad,Maharashtra,2024-02-21,Occasional Customer
C006659,Nikhil Gupta,Male,22,Pune,Maharashtra,2024-01-19,Occasional Customer
C006660,Neha Menon,Male,60,Bengaluru,Karnataka,2024-02-17,Occasional Customer
C006661,Aditi Mehta,Other,62,Nashik,Maharashtra,2024-03-24,Occasional Customer
C006662,Kavita Shinde,Male,52,Indore,Madhya Pradesh,2024-01-01,Loyal Customer
C006663,Sakshi Yadav,Female,18,Indore,Madhya Pradesh,2024-02-16,Loyal Customer
C006664,Kavita Singh,Male,53,Patna,Bihar,2024-02-25,Occasional Customer
C006665,Aarav Kulkarni,Female,35,Bhopal,Madhya Pradesh,2025-05-15,New Customer
C006666,Rahul Kumar,Male,23,Jaipur,Rajasthan,2024-01-04,Loyal Customer
C006667,Manish Pawar,Male,40,Warangal,Telangana,2024-01-01,Regular Customer
C006668,Aarav More,Male,27,Delhi,Delhi,2024-01-07,Loyal Customer
C006669,Sameer Shinde,Female,24,Patna,Bihar,2024-01-05,Occasional Customer
C006670,Anjali Banerjee,Female,61,Patna,Bihar,2024-01-01,Loyal Customer
C006671,Riya Banerjee,Female,25,Bhopal,Madhya Pradesh,2024-08-05,Occasional Customer
C006672,Vikas Mehta,Male,30,Mysuru,Karnataka,2024-06-23,Occasional Customer
C006673,Isha Deshmukh,Female,47,Ahmedabad,Gujarat,2024-01-09,Regular Customer
C006674,Sameer Gupta,Female,35,Indore,Madhya Pradesh,2024-01-07,Loyal Customer
C006675,Nikhil Chavan,Female,31,Bhopal,Madhya Pradesh,2024-01-02,Loyal Customer
C006676,Gaurav Mehta,Female,28,Mysuru,Karnataka,2024-01-05,Occasional Customer
C006677,Aditi Yadav,Male,59,Jaipur,Rajasthan,2024-01-17,Occasional Customer
C006678,Sonia Kumar,Female,55,Kanpur,Uttar Pradesh,2024-01-01,Regular Customer
C006679,Aarav Chavan,Female,30,Aurangabad,Maharashtra,2024-01-12,Occasional Customer
C006680,Harsh Pawar,Female,59,Ahmedabad,Gujarat,2024-01-05,Regular Customer
C006681,Harsh Sharma,Female,61,Bhopal,Madhya Pradesh,2024-01-09,Loyal Customer
C006682,Sonia Verma,Male,50,Indore,Madhya Pradesh,2024-01-11,Regular Customer
C006683,Deepak Gaikwad,Female,30,Bengaluru,Karnataka,2024-01-31,Regular Customer
C006684,Arjun Deshmukh,Female,42,Surat,Gujarat,2024-01-01,Regular Customer
C006685,Akash Kulkarni,Male,41,Indore,Madhya Pradesh,2024-01-26,Loyal Customer
C006686,Manish Pawar,Female,46,Nashik,Maharashtra,2026-04-03,New Customer
C006687,Ayush Jadhav,Male,53,Bhopal,Madhya Pradesh,2024-02-28,Regular Customer
C006688,Ananya More,Male,23,Kanpur,Uttar Pradesh,2024-01-07,Regular Customer
C006689,Sakshi Deshmukh,Female,35,Kolkata,West Bengal,2024-01-20,Regular Customer
C006690,Amit Sawant,Male,45,Delhi,Delhi,2024-01-14,Loyal Customer
C006691,Harsh Rao,Male,22,Chennai,Tamil Nadu,2024-01-12,Occasional Customer
C006692,Ananya Patil,Male,35,Bengaluru,Karnataka,2024-03-07,Regular Customer
C006693,Nikhil Chavan,Male,54,Ahmedabad,Gujarat,2024-01-22,Loyal Customer
C006694,Ananya Sharma,Male,24,Kolkata,West Bengal,2024-01-15,Loyal Customer
C006695,Riya Patil,Male,26,Kolkata,West Bengal,2024-01-31,Regular Customer
C006696,Ayush Gaikwad,Male,52,Aurangabad,Maharashtra,2024-01-31,Loyal Customer
C006697,Akash Chavan,Male,29,Lucknow,Uttar Pradesh,2024-11-14,Occasional Customer
C006698,Amit Bhosale,Female,63,Kanpur,Uttar Pradesh,2024-01-06,Regular Customer
C006699,Vikas Chavan,Female,57,Surat,Gujarat,2024-01-06,Loyal Customer
C006700,Arjun Gaikwad,Female,61,Indore,Madhya Pradesh,2024-01-29,Loyal Customer
C006701,Sneha Singh,Female,56,Bhopal,Madhya Pradesh,2024-01-12,Regular Customer
C006702,Akash Patil,Male,41,Patna,Bihar,2024-03-09,Occasional Customer
C006703,Aniket Joshi,Female,26,Nagpur,Maharashtra,2024-12-12,Occasional Customer
C006704,Sakshi Shah,Female,29,Pune,Maharashtra,2024-06-15,Occasional Customer
C006705,Neha Joshi,Male,53,Mumbai,Maharashtra,2024-02-06,Occasional Customer
C006706,Karan Verma,Male,54,Mysuru,Karnataka,2024-01-06,Regular Customer
C006707,Sakshi Verma,Male,26,Lucknow,Uttar Pradesh,2024-03-10,Regular Customer
C006708,Gaurav Kulkarni,Female,56,Indore,Madhya Pradesh,2024-03-02,Occasional Customer
C006709,Arjun Patil,Male,63,Chennai,Tamil Nadu,2025-12-04,New Customer
C006710,Deepak Thakur,Female,39,Mumbai,Maharashtra,2024-01-02,Loyal Customer
C006711,Manish Bhosale,Male,34,Chennai,Tamil Nadu,2024-01-03,Occasional Customer
C006712,Aditya Yadav,Male,50,Indore,Madhya Pradesh,2024-03-14,Occasional Customer
C006713,Aarav Bhosale,Female,64,Nagpur,Maharashtra,2024-01-13,Regular Customer
C006714,Pooja Joshi,Female,41,Delhi,Delhi,2024-03-05,Regular Customer
C006715,Vivek Singh,Male,32,Indore,Madhya Pradesh,2024-01-01,Regular Customer
C006716,Aarav More,Female,46,Nagpur,Maharashtra,2024-02-03,Regular Customer
C006717,Manish Mehta,Male,49,Warangal,Telangana,2024-01-07,Occasional Customer
C006718,Rahul Kulkarni,Female,50,Kanpur,Uttar Pradesh,2024-06-06,Occasional Customer
C006719,Anjali Menon,Female,46,Nashik,Maharashtra,2024-04-06,Occasional Customer
C006720,Manish Reddy,Female,32,Patna,Bihar,2024-02-28,Regular Customer
C006721,Sameer Jadhav,Male,44,Vadodara,Gujarat,2024-03-30,New Customer
C006722,Ayush Mehta,Male,51,Hyderabad,Telangana,2024-02-05,Regular Customer
C006723,Harsh Thakur,Female,21,Surat,Gujarat,2024-02-07,Loyal Customer
C006724,Aditya Mishra,Male,65,Surat,Gujarat,2024-02-05,Occasional Customer
C006725,Pooja Verma,Female,35,Nashik,Maharashtra,2024-01-14,Occasional Customer
C006726,Aniket Das,Female,38,Jaipur,Rajasthan,2024-02-08,Loyal Customer
C006727,Amit Kadam,Male,65,Vadodara,Gujarat,2025-05-21,New Customer
C006728,Manish Pawar,Female,25,Mumbai,Maharashtra,2024-06-17,Regular Customer
C006729,Sameer Joshi,Male,23,Indore,Madhya Pradesh,2024-01-05,Regular Customer
C006730,Manish Bhosale,Other,37,Mysuru,Karnataka,2024-01-01,Loyal Customer
C006731,Vivek Gupta,Female,19,Vadodara,Gujarat,2024-01-19,Regular Customer
C006732,Isha Patil,Female,62,Jaipur,Rajasthan,2024-02-03,Loyal Customer
C006733,Aarav Banerjee,Male,39,Jaipur,Rajasthan,2024-01-10,Regular Customer
C006734,Isha Banerjee,Female,38,Warangal,Telangana,2024-06-04,Occasional Customer
C006735,Nikhil Sawant,Female,23,Hyderabad,Telangana,2024-01-01,Loyal Customer
C006736,Pooja Pawar,Male,49,Latur,Maharashtra,2024-03-02,Regular Customer
C006737,Aarav Patil,Male,23,Jaipur,Rajasthan,2024-06-18,Occasional Customer
C006738,Vivek Kumar,Male,30,Kanpur,Uttar Pradesh,2024-02-11,Loyal Customer
C006739,Karan More,Other,18,Jaipur,Rajasthan,2024-01-11,Occasional Customer
C006740,Nikhil More,Female,39,Hyderabad,Telangana,2024-01-22,Regular Customer
C006741,Sneha Rao,Female,41,Bengaluru,Karnataka,2024-02-04,Loyal Customer
C006742,Gaurav Kadam,Female,58,Surat,Gujarat,2024-01-11,Occasional Customer
C006743,Sneha Reddy,Male,47,Delhi,Delhi,2024-02-02,Regular Customer
C006744,Aniket Mehta,Male,39,Surat,Gujarat,2024-02-19,Regular Customer
C006745,Sneha Verma,Male,61,Hyderabad,Telangana,2024-01-01,Regular Customer
C006746,Ayush Patil,Male,29,Mumbai,Maharashtra,2024-01-15,Loyal Customer
C006747,Ananya Iyer,Female,43,Ahmedabad,Gujarat,2024-01-21,Regular Customer
C006748,Manish Mehta,Female,21,Kanpur,Uttar Pradesh,2024-01-07,Loyal Customer
C006749,Aditya Sawant,Other,36,Nagpur,Maharashtra,2024-01-19,Occasional Customer
C006750,Aditya Gaikwad,Male,33,Kanpur,Uttar Pradesh,2024-01-09,Occasional Customer
C006751,Riya Kulkarni,Female,29,Nashik,Maharashtra,2024-02-21,Regular Customer
C006752,Sneha Jadhav,Female,50,Delhi,Delhi,2024-01-29,Occasional Customer
C006753,Rohan Gupta,Male,38,Pune,Maharashtra,2024-01-04,Occasional Customer
C006754,Arjun Singh,Female,53,Surat,Gujarat,2024-01-16,New Customer
C006755,Harsh Shinde,Male,26,Chennai,Tamil Nadu,2024-01-01,Regular Customer
C006756,Nikhil Verma,Female,56,Indore,Madhya Pradesh,2024-04-01,Regular Customer
C006757,Sameer Chavan,Female,59,Chennai,Tamil Nadu,2024-01-26,Loyal Customer
C006758,Vikas Rao,Female,62,Chennai,Tamil Nadu,2024-02-06,Loyal Customer
C006759,Deepak Reddy,Male,25,Mumbai,Maharashtra,2024-05-05,Regular Customer
C006760,Arjun Menon,Male,37,Ahmedabad,Gujarat,2024-01-28,Regular Customer
C006761,Riya Thakur,Male,27,Surat,Gujarat,2024-01-02,Loyal Customer
C006762,Arjun Joshi,Female,49,Pune,Maharashtra,2024-04-04,Occasional Customer
C006763,Rahul Chavan,Female,45,Chennai,Tamil Nadu,2024-08-09,Occasional Customer
C006764,Deepak Shinde,Male,27,Patna,Bihar,2024-11-16,Occasional Customer
C006765,Isha Shah,Female,25,Jaipur,Rajasthan,2024-06-03,New Customer
C006766,Deepak Sharma,Male,64,Nashik,Maharashtra,2024-05-11,Occasional Customer
C006767,Vivek Nair,Male,50,Warangal,Telangana,2026-02-26,New Customer
C006768,Amit Reddy,Female,64,Pune,Maharashtra,2024-09-09,Occasional Customer
C006769,Vivek Sharma,Female,30,Mysuru,Karnataka,2024-08-18,Regular Customer
C006770,Nikhil Yadav,Male,61,Bengaluru,Karnataka,2024-02-29,Occasional Customer
C006771,Aarav Singh,Male,52,Kolkata,West Bengal,2024-01-02,Regular Customer
C006772,Aarav Rao,Male,46,Ahmedabad,Gujarat,2024-01-07,Loyal Customer
C006773,Ananya Bhosale,Male,22,Indore,Madhya Pradesh,2024-01-07,Loyal Customer
C006774,Manish Singh,Female,20,Jaipur,Rajasthan,2024-01-10,Regular Customer
C006775,Riya Nair,Female,54,Pune,Maharashtra,2024-02-23,Occasional Customer
C006776,Karan Menon,Male,58,Kanpur,Uttar Pradesh,2024-01-03,Loyal Customer
C006777,Gaurav Gupta,Male,23,Kanpur,Uttar Pradesh,2024-03-05,Occasional Customer
C006778,Aditya Das,Female,65,Surat,Gujarat,2024-01-05,Regular Customer
C006779,Vikas Reddy,Female,59,Nagpur,Maharashtra,2024-01-26,Regular Customer
C006780,Pooja Deshmukh,Female,33,Chennai,Tamil Nadu,2024-02-21,Loyal Customer
C006781,Manish Sharma,Male,52,Warangal,Telangana,2024-03-17,Occasional Customer
C006782,Vikas Banerjee,Female,35,Pune,Maharashtra,2024-01-06,Loyal Customer
C006783,Sneha Rao,Male,28,Nashik,Maharashtra,2024-09-01,Occasional Customer
C006784,Isha Rao,Female,40,Surat,Gujarat,2025-09-06,New Customer
C006785,Akash Kadam,Female,64,Jaipur,Rajasthan,2024-01-29,Occasional Customer
C006786,Sneha Gaikwad,Male,28,Lucknow,Uttar Pradesh,2024-02-29,Loyal Customer
C006787,Sneha Shah,Male,46,Pune,Maharashtra,2024-07-24,Regular Customer
C006788,Divya Gaikwad,Male,59,Chennai,Tamil Nadu,2024-02-26,Loyal Customer
C006789,Ananya Banerjee,Male,44,Surat,Gujarat,2024-01-01,Loyal Customer
C006790,Sakshi Das,Male,26,Latur,Maharashtra,2024-07-31,New Customer
C006791,Riya Sharma,Female,52,Ahmedabad,Gujarat,2024-05-22,New Customer
C006792,Akash Thakur,Male,26,Nashik,Maharashtra,2024-02-16,Occasional Customer
C006793,Divya Kumar,Female,35,Vadodara,Gujarat,2025-11-06,New Customer
C006794,Aniket Thakur,Female,61,Bhopal,Madhya Pradesh,2024-01-04,Occasional Customer
C006795,Aarav Joshi,Other,38,Chennai,Tamil Nadu,2024-01-16,Loyal Customer
C006796,Rohan Sharma,Female,65,Kanpur,Uttar Pradesh,2025-01-22,New Customer
C006797,Sakshi More,Male,53,Vadodara,Gujarat,2024-07-23,Occasional Customer
C006798,Rahul Kumar,Male,18,Patna,Bihar,2024-01-05,Occasional Customer
C006799,Riya Kadam,Male,44,Lucknow,Uttar Pradesh,2024-01-22,Regular Customer
C006800,Aniket Deshmukh,Female,62,Warangal,Telangana,2024-06-06,Occasional Customer
C006801,Sneha Shah,Male,57,Hyderabad,Telangana,2024-06-09,Occasional Customer
C006802,Pooja Sawant,Male,55,Jaipur,Rajasthan,2024-01-22,Regular Customer
C006803,Sameer Nair,Male,46,Lucknow,Uttar Pradesh,2024-06-08,Regular Customer
C006804,Anjali Joshi,Female,57,Latur,Maharashtra,2024-05-08,Occasional Customer
C006805,Karan Kadam,Male,36,Kanpur,Uttar Pradesh,2024-02-08,Loyal Customer
C006806,Aditi More,Male,41,Patna,Bihar,2024-01-18,Occasional Customer
C006807,Karan Singh,Male,61,Delhi,Delhi,2024-02-10,Regular Customer
C006808,Riya Nair,Female,18,Aurangabad,Maharashtra,2024-03-14,Occasional Customer
C006809,Nikhil Shinde,Female,53,Jaipur,Rajasthan,2024-02-13,Occasional Customer
C006810,Aarav Shinde,Male,40,Hyderabad,Telangana,2024-02-16,Regular Customer
C006811,Sneha Reddy,Female,30,Aurangabad,Maharashtra,2024-01-01,Regular Customer
C006812,Gaurav Kulkarni,Male,47,Delhi,Delhi,2024-01-11,Loyal Customer
C006813,Sonia More,Male,54,Kolkata,West Bengal,2024-01-31,Regular Customer
C006814,Neha Verma,Male,28,Nagpur,Maharashtra,2024-02-20,Regular Customer
C006815,Karan Pawar,Female,24,Aurangabad,Maharashtra,2024-01-12,Loyal Customer
C006816,Manish Shinde,Female,52,Patna,Bihar,2024-02-08,Regular Customer
C006817,Rahul Iyer,Male,28,Aurangabad,Maharashtra,2024-01-02,Regular Customer
C006818,Neha Rao,Female,60,Bengaluru,Karnataka,2024-01-17,Regular Customer
C006819,Rahul Shah,Male,64,Kolkata,West Bengal,2024-01-29,Loyal Customer
C006820,Neha Pawar,Other,57,Nagpur,Maharashtra,2025-05-22,Occasional Customer
C006821,Aditya Mehta,Female,65,Latur,Maharashtra,2024-03-10,Occasional Customer
C006822,Amit Iyer,Female,38,Indore,Madhya Pradesh,2024-01-01,Regular Customer
C006823,Aditya Jadhav,Female,64,Patna,Bihar,2024-01-05,Occasional Customer
C006824,Arjun Kumar,Other,20,Warangal,Telangana,2024-04-21,Occasional Customer
C006825,Neha Mishra,Other,47,Patna,Bihar,2024-02-26,New Customer
C006826,Anjali Singh,Female,41,Delhi,Delhi,2024-08-30,Occasional Customer
C006827,Kavita Iyer,Male,55,Latur,Maharashtra,2024-02-20,Regular Customer
C006828,Sameer More,Male,20,Warangal,Telangana,2024-04-07,Regular Customer
C006829,Aniket Mishra,Male,54,Mysuru,Karnataka,2024-01-12,Loyal Customer
C006830,Rahul Sharma,Female,50,Nagpur,Maharashtra,2024-03-05,Occasional Customer
C006831,Riya Rao,Male,39,Surat,Gujarat,2024-01-11,Regular Customer
C006832,Manish Shah,Female,48,Surat,Gujarat,2024-01-28,Regular Customer
C006833,Arjun Rao,Male,63,Mysuru,Karnataka,2024-08-20,Regular Customer
C006834,Manish Singh,Female,29,Chennai,Tamil Nadu,2024-04-17,Occasional Customer
C006835,Isha Sharma,Male,62,Latur,Maharashtra,2024-01-03,Loyal Customer
C006836,Harsh Reddy,Female,31,Chennai,Tamil Nadu,2024-07-09,Occasional Customer
C006837,Rahul Reddy,Male,29,Surat,Gujarat,2024-03-13,Regular Customer
C006838,Aditi Mishra,Female,44,Pune,Maharashtra,2024-01-01,Loyal Customer
C006839,Deepak Bhosale,Male,30,Bengaluru,Karnataka,2024-01-14,Regular Customer
C006840,Sonia Bhosale,Male,41,Mysuru,Karnataka,2024-03-22,Regular Customer
C006841,Arjun Kulkarni,Female,55,Indore,Madhya Pradesh,2024-01-01,Loyal Customer
C006842,Rahul Verma,Male,64,Indore,Madhya Pradesh,2024-01-11,Regular Customer
C006843,Isha Yadav,Male,65,Nagpur,Maharashtra,2024-01-04,Regular Customer
C006844,Divya Verma,Male,26,Lucknow,Uttar Pradesh,2024-06-29,Regular Customer
C006845,Sakshi Patil,Female,25,Mumbai,Maharashtra,2024-01-04,Loyal Customer
C006846,Vikas Iyer,Male,54,Chennai,Tamil Nadu,2024-04-07,Occasional Customer
C006847,Anjali Patil,Female,32,Hyderabad,Telangana,2024-07-25,Regular Customer
C006848,Arjun Kumar,Male,24,Nashik,Maharashtra,2024-01-01,Regular Customer
C006849,Harsh Gupta,Male,41,Mysuru,Karnataka,2026-01-07,New Customer
C006850,Isha Chavan,Female,33,Ahmedabad,Gujarat,2024-02-02,Loyal Customer
C006851,Aarav Gaikwad,Male,41,Pune,Maharashtra,2024-01-23,Loyal Customer
C006852,Aniket Chavan,Female,60,Mysuru,Karnataka,2024-03-22,Loyal Customer
C006853,Aditya Singh,Male,24,Patna,Bihar,2024-01-26,Loyal Customer
C006854,Neha Das,Male,60,Vadodara,Gujarat,2024-07-22,Regular Customer
C006855,Aarav Iyer,Female,45,Nashik,Maharashtra,2024-01-17,Loyal Customer
C006856,Anjali Nair,Female,19,Bhopal,Madhya Pradesh,2024-04-15,Occasional Customer
C006857,Harsh Deshmukh,Female,51,Aurangabad,Maharashtra,2024-07-05,Occasional Customer
C006858,Vivek Joshi,Female,55,Lucknow,Uttar Pradesh,2024-01-05,Loyal Customer
C006859,Aniket Pawar,Male,20,Pune,Maharashtra,2024-01-10,Occasional Customer
C006860,Deepak Sawant,Male,18,Chennai,Tamil Nadu,2024-01-08,Regular Customer
C006861,Aditya Reddy,Male,48,Indore,Madhya Pradesh,2024-03-09,Occasional Customer
C006862,Pooja Kulkarni,Female,40,Mysuru,Karnataka,2024-03-21,Regular Customer
C006863,Aarav Yadav,Female,37,Pune,Maharashtra,2024-02-08,Occasional Customer
C006864,Harsh Das,Male,33,Latur,Maharashtra,2024-01-16,Regular Customer
C006865,Aarav Mehta,Male,63,Warangal,Telangana,2024-03-16,Regular Customer
C006866,Sameer Reddy,Male,49,Lucknow,Uttar Pradesh,2024-02-23,Occasional Customer
C006867,Vivek Chavan,Female,34,Delhi,Delhi,2024-01-02,Occasional Customer
C006868,Sneha More,Female,35,Chennai,Tamil Nadu,2024-03-07,Regular Customer
C006869,Anjali Kulkarni,Male,21,Bengaluru,Karnataka,2024-01-28,Regular Customer
C006870,Karan Joshi,Male,52,Pune,Maharashtra,2024-02-07,Regular Customer
C006871,Deepak Banerjee,Male,57,Warangal,Telangana,2025-12-16,Occasional Customer
C006872,Aditi Banerjee,Female,53,Delhi,Delhi,2024-01-01,Regular Customer
C006873,Deepak Verma,Female,40,Patna,Bihar,2024-02-19,Regular Customer
C006874,Sameer Joshi,Male,32,Nashik,Maharashtra,2024-01-16,Occasional Customer
C006875,Aditya Menon,Female,30,Mysuru,Karnataka,2024-04-05,Loyal Customer
C006876,Nikhil Shah,Female,31,Patna,Bihar,2024-01-10,Loyal Customer
C006877,Isha Menon,Male,31,Kanpur,Uttar Pradesh,2024-01-14,Loyal Customer
C006878,Akash Reddy,Female,54,Jaipur,Rajasthan,2024-10-04,Occasional Customer
C006879,Isha Mehta,Male,22,Warangal,Telangana,2024-03-31,Occasional Customer
C006880,Akash Deshmukh,Female,39,Nashik,Maharashtra,2024-02-05,Regular Customer
C006881,Aditi Kumar,Male,45,Mysuru,Karnataka,2024-01-10,Regular Customer
C006882,Aditi Gaikwad,Male,62,Chennai,Tamil Nadu,2024-02-02,Occasional Customer
C006883,Deepak Singh,Female,21,Surat,Gujarat,2024-01-10,Regular Customer
C006884,Sonia Nair,Female,55,Jaipur,Rajasthan,2024-02-02,Regular Customer
C006885,Aditya Das,Male,46,Vadodara,Gujarat,2024-04-19,Occasional Customer
C006886,Amit Patil,Other,54,Bhopal,Madhya Pradesh,2026-04-07,New Customer
C006887,Vivek Das,Male,52,Patna,Bihar,2024-01-01,Regular Customer
C006888,Isha Patil,Male,37,Vadodara,Gujarat,2024-11-18,Occasional Customer
C006889,Ayush Shah,Female,52,Patna,Bihar,2024-01-21,Regular Customer
C006890,Pooja Bhosale,Male,52,Chennai,Tamil Nadu,2024-01-02,Regular Customer
C006891,Aditya Kulkarni,Male,37,Bhopal,Madhya Pradesh,2024-03-13,Occasional Customer
C006892,Rahul Patil,Female,19,Hyderabad,Telangana,2024-01-01,Loyal Customer
C006893,Manish Patil,Male,35,Kanpur,Uttar Pradesh,2024-02-06,Occasional Customer
C006894,Ayush Mishra,Other,47,Hyderabad,Telangana,2025-03-02,Occasional Customer
C006895,Gaurav Gaikwad,Male,59,Bengaluru,Karnataka,2024-02-25,New Customer
C006896,Akash Shah,Female,46,Mumbai,Maharashtra,2024-02-07,Regular Customer
C006897,Sakshi Bhosale,Male,56,Latur,Maharashtra,2024-01-28,Regular Customer
C006898,Anjali Mishra,Male,39,Latur,Maharashtra,2024-01-05,Regular Customer
C006899,Nikhil Das,Female,46,Vadodara,Gujarat,2024-05-14,New Customer
C006900,Rahul Shah,Female,63,Chennai,Tamil Nadu,2024-08-15,Occasional Customer
C006901,Aarav Thakur,Female,27,Vadodara,Gujarat,2024-09-20,Occasional Customer
C006902,Gaurav Thakur,Male,37,Chennai,Tamil Nadu,2024-01-25,Occasional Customer
C006903,Sameer Bhosale,Female,33,Mysuru,Karnataka,2024-01-07,Loyal Customer
C006904,Vikas Shah,Male,23,Latur,Maharashtra,2024-01-05,Loyal Customer
C006905,Nikhil Kulkarni,Female,34,Indore,Madhya Pradesh,2024-01-13,Regular Customer
C006906,Deepak Reddy,Female,23,Lucknow,Uttar Pradesh,2024-02-10,Occasional Customer
C006907,Rahul Das,Male,39,Bhopal,Madhya Pradesh,2024-01-06,Regular Customer
C006908,Aarav Thakur,Female,35,Latur,Maharashtra,2024-03-11,Loyal Customer
C006909,Kavita Chavan,Male,49,Lucknow,Uttar Pradesh,2024-03-15,Occasional Customer
C006910,Neha Shinde,Female,45,Mysuru,Karnataka,2024-06-29,Regular Customer
C006911,Akash Kulkarni,Female,59,Warangal,Telangana,2024-09-30,Occasional Customer
C006912,Aarav Shah,Male,27,Patna,Bihar,2024-01-01,Loyal Customer
C006913,Riya Deshmukh,Female,58,Latur,Maharashtra,2025-11-07,New Customer
C006914,Neha Das,Male,39,Patna,Bihar,2024-01-04,Regular Customer
C006915,Sneha Shinde,Female,45,Hyderabad,Telangana,2024-02-12,Loyal Customer
C006916,Vikas Mehta,Male,32,Mumbai,Maharashtra,2024-03-14,Regular Customer
C006917,Amit Reddy,Female,60,Bhopal,Madhya Pradesh,2024-10-14,Occasional Customer
C006918,Kavita More,Male,46,Kanpur,Uttar Pradesh,2024-02-13,Regular Customer
C006919,Divya Bhosale,Male,24,Chennai,Tamil Nadu,2024-01-15,Occasional Customer
C006920,Karan Iyer,Female,51,Jaipur,Rajasthan,2024-03-05,Occasional Customer
C006921,Nikhil Thakur,Male,49,Mysuru,Karnataka,2024-01-05,Occasional Customer
C006922,Ananya Joshi,Male,19,Mysuru,Karnataka,2024-01-01,Regular Customer
C006923,Amit Das,Female,43,Surat,Gujarat,2024-02-07,Occasional Customer
C006924,Aditi Patil,Female,62,Kanpur,Uttar Pradesh,2024-01-12,Loyal Customer
C006925,Amit Sawant,Female,28,Mysuru,Karnataka,2024-01-15,Loyal Customer
C006926,Neha Bhosale,Male,42,Mysuru,Karnataka,2024-04-21,Occasional Customer
C006927,Kavita Reddy,Female,36,Delhi,Delhi,2024-01-24,Regular Customer
C006928,Sakshi Kadam,Male,37,Pune,Maharashtra,2024-01-21,Regular Customer
C006929,Ayush Mehta,Female,50,Kanpur,Uttar Pradesh,2024-02-05,Occasional Customer
C006930,Vikas Gupta,Female,34,Warangal,Telangana,2025-04-10,Occasional Customer
C006931,Sakshi Jadhav,Female,47,Hyderabad,Telangana,2024-02-19,Regular Customer
C006932,Amit Yadav,Male,35,Warangal,Telangana,2025-02-22,Occasional Customer
C006933,Ayush Shah,Female,49,Mumbai,Maharashtra,2024-06-04,Regular Customer
C006934,Deepak Sawant,Female,57,Patna,Bihar,2024-02-01,Loyal Customer
C006935,Divya Sharma,Female,62,Pune,Maharashtra,2024-02-08,Occasional Customer
C006936,Kavita Mehta,Male,21,Bhopal,Madhya Pradesh,2024-01-01,Occasional Customer
C006937,Rahul Rao,Female,49,Kolkata,West Bengal,2024-01-23,Occasional Customer
C006938,Amit Patil,Female,36,Mumbai,Maharashtra,2025-02-27,Occasional Customer
C006939,Anjali Verma,Male,20,Aurangabad,Maharashtra,2024-03-23,Regular Customer
C006940,Sneha Banerjee,Male,55,Pune,Maharashtra,2024-03-28,Regular Customer
C006941,Manish Mishra,Male,45,Kanpur,Uttar Pradesh,2024-01-13,Loyal Customer
C006942,Aditi Bhosale,Male,55,Nagpur,Maharashtra,2024-08-24,Occasional Customer
C006943,Divya Shinde,Male,23,Lucknow,Uttar Pradesh,2024-02-17,Regular Customer
C006944,Aniket Reddy,Male,57,Bhopal,Madhya Pradesh,2025-05-31,New Customer
C006945,Vivek Shinde,Female,34,Vadodara,Gujarat,2024-01-01,Loyal Customer
C006946,Sameer Deshmukh,Female,59,Bhopal,Madhya Pradesh,2024-03-03,Regular Customer
C006947,Deepak Shinde,Male,22,Surat,Gujarat,2024-01-02,Regular Customer
C006948,Rahul Yadav,Female,36,Warangal,Telangana,2024-02-02,New Customer
C006949,Riya Nair,Female,60,Chennai,Tamil Nadu,2024-02-02,Regular Customer
C006950,Isha Shah,Male,59,Patna,Bihar,2025-06-22,New Customer
C006951,Riya Chavan,Male,52,Mysuru,Karnataka,2024-01-10,Loyal Customer
C006952,Sonia Mehta,Female,39,Kanpur,Uttar Pradesh,2024-03-06,Occasional Customer
C006953,Neha Chavan,Female,41,Indore,Madhya Pradesh,2024-01-27,Regular Customer
C006954,Nikhil Sawant,Female,27,Delhi,Delhi,2024-01-04,Loyal Customer
C006955,Harsh Chavan,Female,19,Pune,Maharashtra,2024-05-14,Occasional Customer
C006956,Ananya Kulkarni,Male,45,Nashik,Maharashtra,2024-03-23,Loyal Customer
C006957,Isha Singh,Female,58,Mumbai,Maharashtra,2024-10-06,New Customer
C006958,Sameer Kumar,Male,54,Kolkata,West Bengal,2024-05-03,Regular Customer
C006959,Aditi Yadav,Male,34,Ahmedabad,Gujarat,2024-01-04,Loyal Customer
C006960,Anjali Kumar,Male,23,Warangal,Telangana,2024-01-06,Loyal Customer
C006961,Aarav Reddy,Male,60,Nashik,Maharashtra,2024-02-12,Loyal Customer
C006962,Anjali Nair,Female,22,Mysuru,Karnataka,2024-03-10,Regular Customer
C006963,Anjali Thakur,Female,56,Lucknow,Uttar Pradesh,2024-01-01,Regular Customer
C006964,Nikhil Shinde,Female,24,Bhopal,Madhya Pradesh,2024-02-07,Loyal Customer
C006965,Anjali Yadav,Male,49,Aurangabad,Maharashtra,2024-01-09,Occasional Customer
C006966,Rohan Menon,Other,21,Lucknow,Uttar Pradesh,2024-01-13,Regular Customer
C006967,Sneha Chavan,Female,38,Vadodara,Gujarat,2024-03-07,Loyal Customer
C006968,Sameer Iyer,Male,59,Jaipur,Rajasthan,2024-01-01,Loyal Customer
C006969,Gaurav Shinde,Female,49,Mumbai,Maharashtra,2024-02-19,Regular Customer
C006970,Gaurav Pawar,Female,35,Chennai,Tamil Nadu,2024-01-02,Loyal Customer
C006971,Sneha Sharma,Male,50,Pune,Maharashtra,2024-09-11,New Customer
C006972,Divya Sharma,Female,31,Patna,Bihar,2024-07-23,New Customer
C006973,Aditya Kadam,Female,23,Warangal,Telangana,2024-02-02,Regular Customer
C006974,Aarav Gupta,Female,28,Bhopal,Madhya Pradesh,2024-03-14,Regular Customer
C006975,Akash Jadhav,Female,63,Jaipur,Rajasthan,2024-02-17,Loyal Customer
C006976,Ayush Thakur,Male,37,Aurangabad,Maharashtra,2024-04-12,Occasional Customer
C006977,Aniket Reddy,Female,46,Vadodara,Gujarat,2024-11-09,Occasional Customer
C006978,Neha Kumar,Female,52,Ahmedabad,Gujarat,2024-01-15,Regular Customer
C006979,Sakshi Kadam,Male,33,Lucknow,Uttar Pradesh,2024-02-17,Occasional Customer
C006980,Aditi Sharma,Male,65,Nagpur,Maharashtra,2024-10-21,Occasional Customer
C006981,Aniket Shinde,Female,24,Warangal,Telangana,2024-03-09,Regular Customer
C006982,Ayush Pawar,Male,57,Chennai,Tamil Nadu,2024-01-14,Regular Customer
C006983,Anjali Singh,Female,53,Pune,Maharashtra,2024-10-04,Occasional Customer
C006984,Arjun Iyer,Female,61,Delhi,Delhi,2024-07-19,Occasional Customer
C006985,Ananya Chavan,Male,61,Chennai,Tamil Nadu,2024-01-07,Regular Customer
C006986,Sonia Gupta,Male,48,Bhopal,Madhya Pradesh,2024-03-27,Occasional Customer
C006987,Anjali Pawar,Male,59,Ahmedabad,Gujarat,2024-01-06,Regular Customer
C006988,Aniket Sharma,Female,61,Aurangabad,Maharashtra,2024-03-06,Occasional Customer
C006989,Ananya Banerjee,Female,60,Vadodara,Gujarat,2024-01-01,Regular Customer
C006990,Arjun Kumar,Female,60,Chennai,Tamil Nadu,2024-01-14,Loyal Customer
C006991,Akash Sharma,Male,64,Pune,Maharashtra,2024-02-13,Loyal Customer
C006992,Sneha Rao,Female,23,Aurangabad,Maharashtra,2024-01-01,Loyal Customer
C006993,Amit Gaikwad,Female,46,Hyderabad,Telangana,2024-03-09,Occasional Customer
C006994,Pooja Das,Male,44,Chennai,Tamil Nadu,2024-05-25,Regular Customer
C006995,Vikas Kulkarni,Female,60,Jaipur,Rajasthan,2024-01-07,Loyal Customer
C006996,Deepak Kumar,Male,19,Warangal,Telangana,2024-02-19,Loyal Customer
C006997,Aniket Sawant,Female,39,Bengaluru,Karnataka,2024-02-19,Occasional Customer
C006998,Isha Joshi,Male,26,Kolkata,West Bengal,2024-01-05,Regular Customer
C006999,Divya Das,Male,28,Aurangabad,Maharashtra,2024-03-02,Loyal Customer
C007000,Divya Rao,Female,33,Ahmedabad,Gujarat,2024-01-04,Occasional Customer
C007001,Ananya Verma,Female,62,Aurangabad,Maharashtra,2024-02-09,Regular Customer
C007002,Sameer Shah,Male,30,Delhi,Delhi,2024-01-15,Regular Customer
C007003,Vikas Bhosale,Female,35,Mysuru,Karnataka,2024-03-19,New Customer
C007004,Vikas Nair,Female,42,Kanpur,Uttar Pradesh,2024-01-13,Regular Customer
C007005,Aditya Kulkarni,Male,50,Ahmedabad,Gujarat,2025-02-08,New Customer
C007006,Amit Singh,Female,27,Bengaluru,Karnataka,2024-01-02,Regular Customer
C007007,Vivek Jadhav,Female,47,Patna,Bihar,2024-01-26,Occasional Customer
C007008,Sameer Shinde,Female,18,Surat,Gujarat,2024-03-10,Loyal Customer
C007009,Aniket Gupta,Male,50,Bhopal,Madhya Pradesh,2024-01-04,Occasional Customer
C007010,Gaurav Nair,Female,32,Kolkata,West Bengal,2024-10-20,Occasional Customer
C007011,Divya Chavan,Female,46,Mysuru,Karnataka,2024-08-13,Occasional Customer
C007012,Nikhil Bhosale,Female,19,Hyderabad,Telangana,2024-02-06,Occasional Customer
C007013,Pooja Joshi,Male,28,Warangal,Telangana,2024-02-23,Occasional Customer
C007014,Vivek Patil,Female,51,Nagpur,Maharashtra,2024-01-11,Loyal Customer
C007015,Sakshi Shah,Male,58,Kolkata,West Bengal,2024-01-13,Loyal Customer
C007016,Neha Shinde,Female,36,Jaipur,Rajasthan,2024-01-07,Regular Customer
C007017,Sonia Gupta,Female,19,Nashik,Maharashtra,2024-01-09,Occasional Customer
C007018,Ayush Das,Male,65,Patna,Bihar,2024-01-01,Regular Customer
C007019,Amit Chavan,Male,37,Latur,Maharashtra,2024-01-26,Occasional Customer
C007020,Anjali Patil,Female,58,Mumbai,Maharashtra,2024-01-07,Occasional Customer
C007021,Pooja Das,Female,48,Nashik,Maharashtra,2024-01-21,Loyal Customer
C007022,Arjun Mishra,Male,21,Delhi,Delhi,2024-01-12,Regular Customer
C007023,Amit Mishra,Female,46,Chennai,Tamil Nadu,2024-01-01,Regular Customer
C007024,Kavita Mehta,Female,47,Aurangabad,Maharashtra,2024-02-27,Occasional Customer
C007025,Vikas Yadav,Female,30,Patna,Bihar,2024-03-28,Regular Customer
C007026,Aniket Iyer,Female,32,Jaipur,Rajasthan,2024-05-09,Occasional Customer
C007027,Aditya Das,Male,37,Ahmedabad,Gujarat,2024-01-14,Loyal Customer
C007028,Karan Das,Female,51,Ahmedabad,Gujarat,2024-01-18,Loyal Customer
C007029,Rahul Shah,Male,45,Indore,Madhya Pradesh,2024-01-22,Regular Customer
C007030,Aditya Pawar,Male,37,Hyderabad,Telangana,2024-01-04,Occasional Customer
C007031,Kavita Gaikwad,Male,42,Warangal,Telangana,2024-01-06,Loyal Customer
C007032,Sakshi Singh,Female,44,Ahmedabad,Gujarat,2025-06-19,Occasional Customer
C007033,Pooja Menon,Female,47,Jaipur,Rajasthan,2024-01-07,Loyal Customer
C007034,Kavita Kadam,Male,58,Nashik,Maharashtra,2024-01-06,Loyal Customer
C007035,Karan Verma,Female,37,Warangal,Telangana,2024-01-11,Loyal Customer
C007036,Isha Pawar,Female,18,Jaipur,Rajasthan,2024-04-06,Regular Customer
C007037,Deepak Nair,Female,52,Patna,Bihar,2024-07-13,Regular Customer
C007038,Divya Verma,Female,60,Mysuru,Karnataka,2024-01-06,Regular Customer
C007039,Riya Yadav,Male,41,Chennai,Tamil Nadu,2024-01-16,Loyal Customer
C007040,Riya Yadav,Male,42,Chennai,Tamil Nadu,2024-01-12,Regular Customer
C007041,Karan More,Female,57,Aurangabad,Maharashtra,2024-02-21,Occasional Customer
C007042,Neha Gaikwad,Male,29,Jaipur,Rajasthan,2024-01-03,Occasional Customer
C007043,Pooja Kumar,Male,28,Mumbai,Maharashtra,2024-05-10,Occasional Customer
C007044,Sameer Mehta,Female,47,Bengaluru,Karnataka,2024-08-28,Occasional Customer
C007045,Pooja Patil,Female,30,Chennai,Tamil Nadu,2024-02-25,Regular Customer
C007046,Aniket Joshi,Female,64,Aurangabad,Maharashtra,2024-01-03,Regular Customer
C007047,Vikas Shinde,Male,42,Vadodara,Gujarat,2024-01-01,New Customer
C007048,Isha Mishra,Male,42,Kanpur,Uttar Pradesh,2024-01-01,Occasional Customer
C007049,Anjali Gaikwad,Female,34,Vadodara,Gujarat,2024-01-14,Occasional Customer
C007050,Aniket Sawant,Male,29,Nagpur,Maharashtra,2024-04-08,Loyal Customer
C007051,Harsh Singh,Male,28,Aurangabad,Maharashtra,2024-05-14,Occasional Customer
C007052,Gaurav Mehta,Male,27,Pune,Maharashtra,2024-04-24,Regular Customer
C007053,Ananya Kumar,Female,34,Surat,Gujarat,2024-02-13,Loyal Customer
C007054,Sneha Kadam,Male,62,Pune,Maharashtra,2024-01-03,Loyal Customer
C007055,Arjun Gupta,Male,33,Ahmedabad,Gujarat,2024-01-13,Regular Customer
C007056,Aditya Jadhav,Male,37,Hyderabad,Telangana,2024-01-14,Loyal Customer
C007057,Sakshi Deshmukh,Male,22,Mysuru,Karnataka,2024-03-08,Occasional Customer
C007058,Ayush Thakur,Male,58,Ahmedabad,Gujarat,2024-05-29,Occasional Customer
C007059,Kavita Kadam,Female,49,Jaipur,Rajasthan,2024-03-28,Occasional Customer
C007060,Anjali Mehta,Female,44,Surat,Gujarat,2024-01-04,Regular Customer
C007061,Aditi Thakur,Male,21,Delhi,Delhi,2024-02-15,Regular Customer
C007062,Kavita Shah,Male,58,Mysuru,Karnataka,2024-01-05,Regular Customer
C007063,Deepak Bhosale,Male,65,Latur,Maharashtra,2024-01-27,Regular Customer
C007064,Isha Thakur,Male,24,Nashik,Maharashtra,2024-04-07,Regular Customer
C007065,Harsh Bhosale,Male,63,Patna,Bihar,2024-02-15,Occasional Customer
C007066,Divya Das,Male,31,Mumbai,Maharashtra,2024-01-09,Loyal Customer
C007067,Karan Chavan,Male,56,Hyderabad,Telangana,2024-01-03,Loyal Customer
C007068,Arjun Gaikwad,Other,41,Bengaluru,Karnataka,2024-01-07,Occasional Customer
C007069,Aarav Pawar,Male,65,Warangal,Telangana,2024-03-19,Occasional Customer
C007070,Isha Joshi,Female,35,Aurangabad,Maharashtra,2024-01-06,Regular Customer
C007071,Arjun Reddy,Male,55,Lucknow,Uttar Pradesh,2024-03-06,Regular Customer
C007072,Aditya Kadam,Male,56,Mysuru,Karnataka,2024-06-03,Regular Customer
C007073,Vikas Deshmukh,Female,57,Delhi,Delhi,2024-05-13,Regular Customer
C007074,Ayush Banerjee,Male,18,Kolkata,West Bengal,2024-01-03,Loyal Customer
C007075,Kavita Verma,Male,34,Latur,Maharashtra,2024-01-17,Regular Customer
C007076,Manish Reddy,Female,43,Kolkata,West Bengal,2024-03-16,Loyal Customer
C007077,Aditya Das,Female,39,Aurangabad,Maharashtra,2024-02-09,Regular Customer
C007078,Arjun Kumar,Male,56,Lucknow,Uttar Pradesh,2024-04-30,Regular Customer
C007079,Anjali Kulkarni,Male,35,Vadodara,Gujarat,2024-01-10,Regular Customer
C007080,Akash Deshmukh,Female,55,Lucknow,Uttar Pradesh,2025-11-11,New Customer
C007081,Divya Patil,Female,45,Mysuru,Karnataka,2024-01-03,Occasional Customer
C007082,Manish Shinde,Male,38,Chennai,Tamil Nadu,2024-01-10,Regular Customer
C007083,Deepak Shinde,Male,55,Vadodara,Gujarat,2024-01-26,Regular Customer
C007084,Rahul Chavan,Female,50,Nashik,Maharashtra,2024-01-13,Loyal Customer
C007085,Arjun Sawant,Male,47,Bhopal,Madhya Pradesh,2024-03-08,Regular Customer
C007086,Rohan Banerjee,Male,59,Jaipur,Rajasthan,2024-02-22,Loyal Customer
C007087,Sakshi Rao,Female,25,Warangal,Telangana,2024-01-15,Loyal Customer
C007088,Sonia More,Male,47,Nashik,Maharashtra,2024-05-16,Occasional Customer
C007089,Aniket Nair,Female,56,Chennai,Tamil Nadu,2024-01-14,Regular Customer
C007090,Nikhil Jadhav,Female,26,Pune,Maharashtra,2024-01-02,Regular Customer
C007091,Sonia Menon,Female,50,Nashik,Maharashtra,2024-02-02,Occasional Customer
C007092,Riya Iyer,Male,60,Aurangabad,Maharashtra,2024-07-17,Regular Customer
C007093,Manish Kumar,Male,46,Nagpur,Maharashtra,2024-01-02,Loyal Customer
C007094,Arjun Sharma,Male,48,Bengaluru,Karnataka,2024-01-02,Loyal Customer
C007095,Sakshi Sawant,Male,20,Patna,Bihar,2024-01-27,Regular Customer
C007096,Ayush Banerjee,Male,55,Bhopal,Madhya Pradesh,2024-01-16,Regular Customer
C007097,Divya Das,Male,28,Delhi,Delhi,2024-01-11,Occasional Customer
C007098,Gaurav Gaikwad,Male,22,Nagpur,Maharashtra,2024-02-02,Occasional Customer
C007099,Sneha Mehta,Male,48,Pune,Maharashtra,2024-01-29,Loyal Customer
C007100,Sakshi Reddy,Male,37,Bengaluru,Karnataka,2024-01-03,Regular Customer
C007101,Aarav Yadav,Female,21,Surat,Gujarat,2024-01-08,Regular Customer
C007102,Pooja Verma,Female,25,Nashik,Maharashtra,2024-04-14,Occasional Customer
C007103,Sakshi Jadhav,Male,59,Bengaluru,Karnataka,2024-01-13,Regular Customer
C007104,Sonia Gaikwad,Female,52,Ahmedabad,Gujarat,2024-01-06,Loyal Customer
C007105,Anjali Joshi,Female,30,Bhopal,Madhya Pradesh,2024-03-17,Occasional Customer
C007106,Rohan Iyer,Male,22,Kolkata,West Bengal,2024-01-03,Loyal Customer
C007107,Aniket Yadav,Male,57,Mysuru,Karnataka,2024-03-19,Occasional Customer
C007108,Anjali Verma,Female,36,Jaipur,Rajasthan,2024-01-07,Loyal Customer
C007109,Neha Das,Male,35,Chennai,Tamil Nadu,2024-02-02,Occasional Customer
C007110,Manish Menon,Male,50,Kanpur,Uttar Pradesh,2024-01-27,Occasional Customer
C007111,Isha Iyer,Other,21,Aurangabad,Maharashtra,2024-01-04,Regular Customer
C007112,Sneha Thakur,Male,35,Pune,Maharashtra,2024-01-06,Regular Customer
C007113,Deepak Das,Female,63,Mysuru,Karnataka,2024-01-01,Regular Customer
C007114,Aditya Chavan,Male,41,Mumbai,Maharashtra,2024-02-12,Regular Customer
C007115,Sonia Shinde,Male,60,Hyderabad,Telangana,2024-01-04,Regular Customer
C007116,Harsh Menon,Male,46,Indore,Madhya Pradesh,2024-05-18,Regular Customer
C007117,Riya Bhosale,Female,48,Jaipur,Rajasthan,2024-05-16,Loyal Customer
C007118,Aniket Thakur,Male,45,Nagpur,Maharashtra,2024-08-16,Occasional Customer
C007119,Isha Mishra,Male,26,Surat,Gujarat,2024-01-08,Occasional Customer
C007120,Manish Sharma,Female,62,Mysuru,Karnataka,2025-09-15,Occasional Customer
C007121,Divya Jadhav,Male,43,Vadodara,Gujarat,2024-03-12,Occasional Customer
C007122,Neha Mishra,Male,64,Hyderabad,Telangana,2025-01-17,Occasional Customer
C007123,Amit Sawant,Male,19,Indore,Madhya Pradesh,2024-01-01,Regular Customer
C007124,Rohan Sharma,Female,23,Latur,Maharashtra,2024-02-24,Occasional Customer
C007125,Karan Das,Male,46,Vadodara,Gujarat,2024-02-04,Loyal Customer
C007126,Rahul Banerjee,Male,43,Nashik,Maharashtra,2024-01-02,Regular Customer
C007127,Divya Chavan,Male,45,Indore,Madhya Pradesh,2024-08-09,Occasional Customer
C007128,Anjali Bhosale,Male,24,Bengaluru,Karnataka,2024-01-21,Regular Customer
C007129,Harsh Rao,Female,51,Nashik,Maharashtra,2024-01-09,Regular Customer
C007130,Sakshi Gaikwad,Female,62,Hyderabad,Telangana,2024-11-06,Occasional Customer
C007131,Sakshi Menon,Male,27,Pune,Maharashtra,2024-05-01,Regular Customer
C007132,Riya Gupta,Male,65,Indore,Madhya Pradesh,2024-02-01,Loyal Customer
C007133,Ayush Chavan,Male,58,Warangal,Telangana,2024-05-04,Regular Customer
C007134,Neha Sharma,Female,57,Kolkata,West Bengal,2024-01-09,Occasional Customer
C007135,Neha Das,Male,64,Kolkata,West Bengal,2024-03-10,Regular Customer
C007136,Aditi Kumar,Male,39,Warangal,Telangana,2024-02-13,Regular Customer
C007137,Amit Jadhav,Other,44,Jaipur,Rajasthan,2024-03-19,Occasional Customer
C007138,Deepak Mehta,Male,56,Lucknow,Uttar Pradesh,2024-02-05,Occasional Customer
C007139,Pooja Das,Other,39,Delhi,Delhi,2024-01-18,Regular Customer
C007140,Nikhil Kumar,Male,36,Pune,Maharashtra,2024-04-22,Occasional Customer
C007141,Nikhil Mehta,Male,53,Indore,Madhya Pradesh,2024-02-23,Regular Customer
C007142,Sonia Gaikwad,Male,26,Jaipur,Rajasthan,2024-01-06,Occasional Customer
C007143,Gaurav Shinde,Male,36,Kolkata,West Bengal,2024-04-09,Regular Customer
C007144,Gaurav Deshmukh,Male,19,Ahmedabad,Gujarat,2024-01-02,Loyal Customer
C007145,Manish Gaikwad,Male,45,Kolkata,West Bengal,2024-02-03,Loyal Customer
C007146,Aniket Yadav,Female,56,Nashik,Maharashtra,2024-01-02,Loyal Customer
C007147,Akash Chavan,Male,39,Jaipur,Rajasthan,2024-11-01,New Customer
C007148,Neha Thakur,Female,23,Chennai,Tamil Nadu,2024-01-03,Regular Customer
C007149,Pooja Singh,Female,64,Nashik,Maharashtra,2024-01-01,Regular Customer
C007150,Ayush Deshmukh,Female,24,Nagpur,Maharashtra,2025-04-20,Occasional Customer
C007151,Ananya Kulkarni,Female,23,Vadodara,Gujarat,2024-01-01,Regular Customer
C007152,Rahul Gupta,Male,50,Indore,Madhya Pradesh,2024-01-06,Loyal Customer
C007153,Ananya Patil,Male,31,Vadodara,Gujarat,2024-02-18,Occasional Customer
C007154,Sneha Nair,Male,18,Bhopal,Madhya Pradesh,2024-04-06,Occasional Customer
C007155,Nikhil Yadav,Male,42,Bhopal,Madhya Pradesh,2026-05-08,New Customer
C007156,Aarav Pawar,Male,23,Indore,Madhya Pradesh,2026-02-08,New Customer
C007157,Aniket Deshmukh,Male,45,Chennai,Tamil Nadu,2024-03-29,Regular Customer
C007158,Vivek Gaikwad,Female,35,Patna,Bihar,2024-01-01,Regular Customer
C007159,Ayush Shinde,Female,44,Nashik,Maharashtra,2024-01-10,Regular Customer
C007160,Anjali Sawant,Male,19,Chennai,Tamil Nadu,2024-01-17,Occasional Customer
C007161,Rahul Verma,Male,57,Vadodara,Gujarat,2024-01-01,Loyal Customer
C007162,Aditya Thakur,Male,38,Patna,Bihar,2024-05-26,Occasional Customer
C007163,Aditi Kadam,Male,40,Kanpur,Uttar Pradesh,2024-06-13,Regular Customer
C007164,Kavita Sharma,Male,19,Kolkata,West Bengal,2025-05-25,Occasional Customer
C007165,Ananya Chavan,Female,33,Jaipur,Rajasthan,2024-02-27,Regular Customer
C007166,Sonia Kumar,Male,21,Aurangabad,Maharashtra,2024-01-19,Regular Customer
C007167,Harsh Gaikwad,Male,51,Patna,Bihar,2024-02-02,New Customer
C007168,Ananya Kulkarni,Male,22,Kolkata,West Bengal,2024-01-10,Regular Customer
C007169,Amit Gupta,Other,51,Indore,Madhya Pradesh,2024-01-11,Loyal Customer
C007170,Harsh Yadav,Female,39,Bhopal,Madhya Pradesh,2024-02-07,Loyal Customer
C007171,Rohan Deshmukh,Female,63,Aurangabad,Maharashtra,2024-03-11,Regular Customer
C007172,Gaurav Singh,Male,37,Ahmedabad,Gujarat,2024-01-03,Regular Customer
C007173,Sonia Shinde,Male,56,Lucknow,Uttar Pradesh,2024-03-12,Regular Customer
C007174,Amit Mishra,Male,64,Ahmedabad,Gujarat,2024-03-25,Regular Customer
C007175,Aniket Sawant,Male,30,Bhopal,Madhya Pradesh,2024-01-28,Loyal Customer
C007176,Harsh Banerjee,Female,61,Surat,Gujarat,2024-01-01,Regular Customer
C007177,Riya Rao,Male,51,Nashik,Maharashtra,2024-01-01,Loyal Customer
C007178,Karan Pawar,Male,61,Nashik,Maharashtra,2024-01-06,Occasional Customer
C007179,Nikhil Mehta,Female,23,Kanpur,Uttar Pradesh,2024-01-23,Occasional Customer
C007180,Ayush Mehta,Male,46,Kanpur,Uttar Pradesh,2024-06-06,Regular Customer
C007181,Aniket Verma,Female,50,Lucknow,Uttar Pradesh,2024-02-02,Occasional Customer
C007182,Riya Rao,Male,18,Ahmedabad,Gujarat,2024-01-05,Loyal Customer
C007183,Isha More,Male,64,Chennai,Tamil Nadu,2024-02-07,Occasional Customer
C007184,Aniket Sharma,Male,65,Hyderabad,Telangana,2024-03-24,Loyal Customer
C007185,Amit Thakur,Female,24,Chennai,Tamil Nadu,2024-01-03,Regular Customer
C007186,Aditya Banerjee,Male,39,Patna,Bihar,2024-08-26,New Customer
C007187,Gaurav Shah,Male,49,Nashik,Maharashtra,2024-01-12,Occasional Customer
C007188,Sameer Joshi,Male,31,Pune,Maharashtra,2024-03-31,Occasional Customer
C007189,Kavita Chavan,Female,41,Pune,Maharashtra,2024-02-03,Loyal Customer
C007190,Vivek Mehta,Female,36,Aurangabad,Maharashtra,2024-03-12,Regular Customer
C007191,Vikas Yadav,Male,44,Mysuru,Karnataka,2024-01-22,Regular Customer
C007192,Isha Thakur,Male,40,Mysuru,Karnataka,2024-03-07,Loyal Customer
C007193,Neha Patil,Female,62,Bengaluru,Karnataka,2024-01-18,Regular Customer
C007194,Rohan Deshmukh,Female,38,Ahmedabad,Gujarat,2024-01-20,Occasional Customer
C007195,Ayush Reddy,Female,61,Hyderabad,Telangana,2024-01-18,Occasional Customer
C007196,Vikas Kumar,Male,46,Aurangabad,Maharashtra,2024-02-29,Regular Customer
C007197,Isha Kadam,Male,18,Mysuru,Karnataka,2024-07-14,New Customer
C007198,Riya Banerjee,Female,48,Mysuru,Karnataka,2024-06-08,Occasional Customer
C007199,Riya Das,Female,44,Latur,Maharashtra,2024-01-10,Regular Customer
C007200,Ayush Gaikwad,Female,61,Lucknow,Uttar Pradesh,2024-01-01,Regular Customer
C007201,Nikhil Banerjee,Male,53,Patna,Bihar,2024-02-28,Occasional Customer
C007202,Sameer Mishra,Female,44,Warangal,Telangana,2024-01-04,Regular Customer
C007203,Ananya Bhosale,Female,32,Mumbai,Maharashtra,2024-01-19,Regular Customer
C007204,Anjali Pawar,Female,42,Indore,Madhya Pradesh,2024-02-26,Occasional Customer
C007205,Vikas Shah,Male,65,Hyderabad,Telangana,2024-08-23,Regular Customer
C007206,Rohan Bhosale,Female,32,Surat,Gujarat,2024-01-31,Loyal Customer
C007207,Isha Gaikwad,Female,57,Patna,Bihar,2024-01-03,Regular Customer
C007208,Vivek Rao,Female,36,Patna,Bihar,2024-02-04,Occasional Customer
C007209,Ananya Nair,Female,64,Indore,Madhya Pradesh,2024-02-25,Regular Customer
C007210,Neha Kulkarni,Female,28,Bengaluru,Karnataka,2024-01-08,Regular Customer
C007211,Gaurav Nair,Female,58,Indore,Madhya Pradesh,2024-04-02,New Customer
C007212,Aditi Joshi,Male,50,Aurangabad,Maharashtra,2024-11-08,Regular Customer
C007213,Vikas Mishra,Female,58,Kanpur,Uttar Pradesh,2024-01-12,Occasional Customer
C007214,Ananya More,Female,40,Warangal,Telangana,2024-01-08,Loyal Customer
C007215,Vikas Reddy,Male,29,Latur,Maharashtra,2026-06-10,New Customer
C007216,Manish Sawant,Male,19,Delhi,Delhi,2024-02-09,Regular Customer
C007217,Rahul Kumar,Male,60,Lucknow,Uttar Pradesh,2024-01-09,Regular Customer
C007218,Aditya Nair,Female,38,Nashik,Maharashtra,2024-07-25,New Customer
C007219,Rohan Iyer,Male,31,Bhopal,Madhya Pradesh,2024-02-02,Loyal Customer
C007220,Vikas Shinde,Female,51,Mumbai,Maharashtra,2024-01-29,Occasional Customer
C007221,Vivek Yadav,Female,32,Ahmedabad,Gujarat,2025-03-11,New Customer
C007222,Harsh Menon,Female,38,Surat,Gujarat,2024-03-09,Occasional Customer
C007223,Manish Kulkarni,Male,40,Mumbai,Maharashtra,2024-04-26,Regular Customer
C007224,Divya Deshmukh,Male,38,Delhi,Delhi,2024-03-07,Occasional Customer
C007225,Sakshi Kulkarni,Male,31,Indore,Madhya Pradesh,2024-01-21,Regular Customer
C007226,Kavita Menon,Male,38,Nashik,Maharashtra,2024-02-21,Occasional Customer
C007227,Sakshi Chavan,Female,29,Chennai,Tamil Nadu,2024-01-01,Occasional Customer
C007228,Harsh Thakur,Female,59,Mysuru,Karnataka,2024-02-02,Regular Customer
C007229,Ananya More,Male,63,Latur,Maharashtra,2024-05-13,Occasional Customer
C007230,Aniket Verma,Female,64,Mumbai,Maharashtra,2024-01-17,Loyal Customer
C007231,Aditi Thakur,Male,22,Hyderabad,Telangana,2024-06-04,Occasional Customer
C007232,Aarav Deshmukh,Male,19,Patna,Bihar,2024-01-11,Loyal Customer
C007233,Pooja Nair,Female,39,Jaipur,Rajasthan,2024-02-11,Loyal Customer
C007234,Rahul Iyer,Male,23,Surat,Gujarat,2024-01-17,Regular Customer
C007235,Isha Gaikwad,Female,61,Kanpur,Uttar Pradesh,2024-08-11,Occasional Customer
C007236,Deepak Iyer,Female,19,Kanpur,Uttar Pradesh,2024-04-11,Regular Customer
C007237,Gaurav Mishra,Female,46,Latur,Maharashtra,2024-01-05,Loyal Customer
C007238,Aniket Gaikwad,Male,53,Vadodara,Gujarat,2025-07-08,New Customer
C007239,Aditi Sharma,Male,24,Aurangabad,Maharashtra,2024-04-13,Loyal Customer
C007240,Arjun Kulkarni,Male,33,Patna,Bihar,2024-05-21,Occasional Customer
C007241,Riya Kumar,Female,50,Bhopal,Madhya Pradesh,2024-01-04,Regular Customer
C007242,Amit Chavan,Male,50,Kolkata,West Bengal,2024-03-14,Occasional Customer
C007243,Rahul Iyer,Male,31,Latur,Maharashtra,2024-01-27,Occasional Customer
C007244,Isha Yadav,Female,60,Lucknow,Uttar Pradesh,2024-01-21,Occasional Customer
C007245,Isha Deshmukh,Female,29,Mumbai,Maharashtra,2024-01-08,Loyal Customer
C007246,Aditya Gupta,Female,60,Mumbai,Maharashtra,2024-01-21,Regular Customer
C007247,Rahul Joshi,Female,23,Ahmedabad,Gujarat,2024-02-19,Loyal Customer
C007248,Riya Thakur,Male,29,Nagpur,Maharashtra,2024-01-04,Loyal Customer
C007249,Amit Yadav,Male,48,Mysuru,Karnataka,2024-03-27,Occasional Customer
C007250,Sneha More,Male,29,Patna,Bihar,2026-07-01,New Customer
C007251,Sneha Pawar,Male,27,Nagpur,Maharashtra,2025-03-15,New Customer
C007252,Ananya Banerjee,Female,57,Bengaluru,Karnataka,2024-02-01,Regular Customer
C007253,Aarav Shah,Male,44,Warangal,Telangana,2024-04-04,Loyal Customer
C007254,Akash Pawar,Female,24,Nagpur,Maharashtra,2025-01-04,Occasional Customer
C007255,Ayush Kulkarni,Male,63,Ahmedabad,Gujarat,2024-01-24,Regular Customer
C007256,Manish Iyer,Male,53,Latur,Maharashtra,2024-01-05,New Customer
C007257,Gaurav Pawar,Female,50,Ahmedabad,Gujarat,2024-01-25,Loyal Customer
C007258,Aditya Rao,Male,44,Kanpur,Uttar Pradesh,2026-05-22,New Customer
C007259,Sakshi Sharma,Female,25,Kanpur,Uttar Pradesh,2024-02-05,Occasional Customer
C007260,Rahul More,Other,22,Chennai,Tamil Nadu,2024-02-12,Regular Customer
C007261,Amit Thakur,Female,25,Ahmedabad,Gujarat,2024-02-28,Regular Customer
C007262,Divya Pawar,Male,57,Pune,Maharashtra,2024-04-17,Occasional Customer
C007263,Aniket Nair,Female,38,Patna,Bihar,2024-04-17,Occasional Customer
C007264,Aditi Singh,Male,41,Jaipur,Rajasthan,2024-03-02,Loyal Customer
C007265,Rahul Gupta,Female,24,Latur,Maharashtra,2024-01-03,Occasional Customer
C007266,Aniket Thakur,Male,36,Lucknow,Uttar Pradesh,2024-08-25,Occasional Customer
C007267,Riya Patil,Male,48,Patna,Bihar,2024-01-17,Occasional Customer
C007268,Sneha Reddy,Other,53,Ahmedabad,Gujarat,2024-01-07,Loyal Customer
C007269,Sameer Verma,Male,44,Indore,Madhya Pradesh,2024-01-13,Occasional Customer
C007270,Pooja Rao,Female,46,Bengaluru,Karnataka,2024-03-24,New Customer
C007271,Riya Rao,Male,40,Indore,Madhya Pradesh,2024-08-05,Regular Customer
C007272,Vikas Kulkarni,Female,37,Pune,Maharashtra,2024-04-23,Loyal Customer
C007273,Gaurav Nair,Female,23,Lucknow,Uttar Pradesh,2024-04-08,Occasional Customer
C007274,Ayush Thakur,Male,29,Lucknow,Uttar Pradesh,2024-06-28,Occasional Customer
C007275,Aditi Shah,Female,29,Hyderabad,Telangana,2024-01-01,Loyal Customer
C007276,Aarav Patil,Female,20,Vadodara,Gujarat,2025-01-28,Occasional Customer
C007277,Sakshi Gaikwad,Female,59,Mysuru,Karnataka,2024-04-13,Regular Customer
C007278,Sakshi Shinde,Male,56,Mysuru,Karnataka,2024-01-24,Loyal Customer
C007279,Vivek Joshi,Female,52,Kanpur,Uttar Pradesh,2024-01-14,Regular Customer
C007280,Divya Kumar,Male,36,Bengaluru,Karnataka,2024-01-22,Occasional Customer
C007281,Anjali Shinde,Male,62,Indore,Madhya Pradesh,2024-02-11,Regular Customer
C007282,Aditya Sharma,Male,21,Kolkata,West Bengal,2024-01-23,Regular Customer
C007283,Harsh Sharma,Female,48,Pune,Maharashtra,2024-04-05,Occasional Customer
C007284,Aarav Chavan,Female,59,Nashik,Maharashtra,2024-12-10,New Customer
C007285,Sneha Shinde,Male,55,Lucknow,Uttar Pradesh,2024-01-24,Regular Customer
C007286,Rahul Rao,Female,50,Indore,Madhya Pradesh,2024-01-17,Loyal Customer
C007287,Aditya Joshi,Female,23,Aurangabad,Maharashtra,2026-08-03,New Customer
C007288,Vikas Kulkarni,Male,25,Hyderabad,Telangana,2024-07-23,Occasional Customer
C007289,Sameer Banerjee,Female,45,Bhopal,Madhya Pradesh,2024-01-01,Loyal Customer
C007290,Sneha Rao,Male,32,Patna,Bihar,2024-01-25,Regular Customer
C007291,Ananya Iyer,Male,48,Vadodara,Gujarat,2024-02-16,Regular Customer
C007292,Ananya Patil,Male,25,Hyderabad,Telangana,2024-04-29,Occasional Customer
C007293,Harsh Verma,Female,23,Indore,Madhya Pradesh,2024-02-04,Regular Customer
C007294,Akash Banerjee,Other,46,Hyderabad,Telangana,2024-01-01,Loyal Customer
C007295,Deepak Chavan,Male,63,Nashik,Maharashtra,2025-05-27,Occasional Customer
C007296,Manish Reddy,Male,51,Warangal,Telangana,2024-01-20,New Customer
C007297,Aniket Shah,Male,24,Ahmedabad,Gujarat,2024-01-10,Loyal Customer
C007298,Aniket Kumar,Female,57,Nashik,Maharashtra,2024-04-05,New Customer
C007299,Manish Gaikwad,Female,27,Latur,Maharashtra,2026-06-07,New Customer
C007300,Harsh Kulkarni,Female,30,Aurangabad,Maharashtra,2024-01-01,Loyal Customer
C007301,Anjali Shinde,Female,39,Chennai,Tamil Nadu,2024-04-07,Regular Customer
C007302,Akash Kadam,Female,38,Nashik,Maharashtra,2024-02-16,Loyal Customer
C007303,Deepak Pawar,Female,18,Bengaluru,Karnataka,2025-02-24,New Customer
C007304,Aarav Gaikwad,Male,58,Nashik,Maharashtra,2024-03-28,Regular Customer
C007305,Pooja Chavan,Female,59,Lucknow,Uttar Pradesh,2024-03-20,Occasional Customer
C007306,Aarav Gaikwad,Male,19,Surat,Gujarat,2024-01-14,Regular Customer
C007307,Aniket Thakur,Male,46,Aurangabad,Maharashtra,2024-01-01,Regular Customer
C007308,Anjali Deshmukh,Male,28,Bhopal,Madhya Pradesh,2024-01-27,Regular Customer
C007309,Rahul Banerjee,Female,54,Mysuru,Karnataka,2024-01-10,Regular Customer
C007310,Arjun Reddy,Female,24,Lucknow,Uttar Pradesh,2024-01-01,Regular Customer
C007311,Nikhil Kadam,Female,52,Chennai,Tamil Nadu,2024-03-09,Occasional Customer
C007312,Aditi Deshmukh,Male,47,Bhopal,Madhya Pradesh,2024-02-28,Occasional Customer
C007313,Vikas Shinde,Female,33,Indore,Madhya Pradesh,2024-03-14,Occasional Customer
C007314,Harsh Sawant,Male,32,Delhi,Delhi,2024-01-29,Loyal Customer
C007315,Sakshi Shah,Female,57,Nagpur,Maharashtra,2024-02-11,Occasional Customer
C007316,Karan Kulkarni,Male,37,Indore,Madhya Pradesh,2024-08-30,Occasional Customer
C007317,Riya Gupta,Female,45,Mumbai,Maharashtra,2024-01-01,Regular Customer
C007318,Sameer Kumar,Female,54,Kolkata,West Bengal,2024-04-25,Occasional Customer
C007319,Sonia Mehta,Female,20,Bengaluru,Karnataka,2025-10-01,Occasional Customer
C007320,Ananya More,Female,46,Kolkata,West Bengal,2024-02-02,Loyal Customer
C007321,Akash Shah,Female,54,Nagpur,Maharashtra,2024-01-01,Occasional Customer
C007322,Deepak Reddy,Male,26,Vadodara,Gujarat,2024-09-08,Occasional Customer
C007323,Riya Gaikwad,Female,44,Lucknow,Uttar Pradesh,2024-01-20,Occasional Customer
C007324,Rahul Kumar,Male,49,Ahmedabad,Gujarat,2024-01-03,Loyal Customer
C007325,Sakshi Nair,Male,65,Chennai,Tamil Nadu,2024-01-01,Regular Customer
C007326,Amit Chavan,Male,63,Kanpur,Uttar Pradesh,2024-02-28,Regular Customer
C007327,Ananya Reddy,Female,56,Mumbai,Maharashtra,2024-08-29,Occasional Customer
C007328,Sakshi Singh,Male,48,Patna,Bihar,2024-06-22,New Customer
C007329,Riya Chavan,Male,64,Indore,Madhya Pradesh,2024-01-08,Loyal Customer
C007330,Sonia Rao,Female,43,Ahmedabad,Gujarat,2024-02-06,Occasional Customer
C007331,Karan Deshmukh,Female,57,Mumbai,Maharashtra,2024-02-15,Loyal Customer
C007332,Deepak Sharma,Male,20,Mysuru,Karnataka,2025-03-14,New Customer
C007333,Nikhil Kumar,Female,28,Kolkata,West Bengal,2024-01-06,Loyal Customer
C007334,Neha Thakur,Male,46,Hyderabad,Telangana,2024-01-09,Loyal Customer
C007335,Gaurav Verma,Female,44,Vadodara,Gujarat,2024-03-10,Loyal Customer
C007336,Pooja Iyer,Female,64,Bhopal,Madhya Pradesh,2024-01-21,Loyal Customer
C007337,Anjali Verma,Female,27,Jaipur,Rajasthan,2024-01-21,Loyal Customer
C007338,Neha Nair,Female,52,Surat,Gujarat,2024-02-27,Regular Customer
C007339,Aarav Joshi,Male,64,Bhopal,Madhya Pradesh,2024-01-02,Loyal Customer
C007340,Aarav Shah,Male,40,Hyderabad,Telangana,2024-01-03,Loyal Customer
C007341,Sakshi Singh,Female,23,Indore,Madhya Pradesh,2024-09-03,New Customer
C007342,Akash Sawant,Male,28,Bhopal,Madhya Pradesh,2024-10-09,Occasional Customer
C007343,Anjali Iyer,Female,60,Chennai,Tamil Nadu,2024-01-02,Loyal Customer
C007344,Harsh Menon,Male,44,Warangal,Telangana,2024-08-26,Occasional Customer
C007345,Anjali Shah,Male,48,Vadodara,Gujarat,2024-01-08,Occasional Customer
C007346,Aditya Patil,Female,47,Pune,Maharashtra,2024-05-28,Regular Customer
C007347,Amit Kadam,Male,20,Hyderabad,Telangana,2024-03-23,Regular Customer
C007348,Karan Sawant,Male,30,Nashik,Maharashtra,2024-01-02,Loyal Customer
C007349,Aniket Jadhav,Male,57,Bhopal,Madhya Pradesh,2024-01-03,Loyal Customer
C007350,Gaurav Shinde,Female,38,Latur,Maharashtra,2024-04-23,Occasional Customer
C007351,Pooja Patil,Male,60,Bengaluru,Karnataka,2025-12-28,New Customer
C007352,Anjali Kumar,Male,28,Bengaluru,Karnataka,2024-02-23,Regular Customer
C007353,Rohan Shah,Male,62,Surat,Gujarat,2024-05-07,Regular Customer
C007354,Isha Iyer,Male,20,Warangal,Telangana,2024-02-10,Occasional Customer
C007355,Vikas Chavan,Male,55,Lucknow,Uttar Pradesh,2024-02-10,Occasional Customer
C007356,Amit More,Female,48,Nagpur,Maharashtra,2024-01-07,Occasional Customer
C007357,Deepak Reddy,Female,41,Bhopal,Madhya Pradesh,2024-03-16,Regular Customer
C007358,Sameer Menon,Male,59,Aurangabad,Maharashtra,2024-02-03,Regular Customer
C007359,Aditi Verma,Female,29,Surat,Gujarat,2024-01-10,Occasional Customer
C007360,Sameer Bhosale,Female,63,Nashik,Maharashtra,2024-05-19,Occasional Customer
C007361,Pooja Banerjee,Male,60,Hyderabad,Telangana,2024-02-04,Loyal Customer
C007362,Ayush Menon,Male,44,Kanpur,Uttar Pradesh,2024-01-01,Regular Customer
C007363,Aarav Joshi,Female,38,Chennai,Tamil Nadu,2024-01-27,Loyal Customer
C007364,Sonia Iyer,Female,42,Pune,Maharashtra,2024-02-27,Occasional Customer
C007365,Deepak Chavan,Male,47,Delhi,Delhi,2024-02-23,Regular Customer
C007366,Anjali Shinde,Male,47,Surat,Gujarat,2024-02-29,Regular Customer
C007367,Manish Patil,Male,27,Vadodara,Gujarat,2024-03-06,Occasional Customer
C007368,Vivek Kumar,Male,20,Jaipur,Rajasthan,2024-01-17,Regular Customer
C007369,Rahul Joshi,Female,30,Kanpur,Uttar Pradesh,2024-01-23,Occasional Customer
C007370,Sameer Rao,Female,44,Latur,Maharashtra,2024-01-19,Regular Customer
C007371,Riya Iyer,Female,35,Nashik,Maharashtra,2024-01-17,Occasional Customer
C007372,Anjali Shah,Male,62,Kolkata,West Bengal,2024-02-11,Regular Customer
C007373,Sonia Gaikwad,Male,41,Mumbai,Maharashtra,2024-03-04,Loyal Customer
C007374,Kavita Chavan,Male,63,Hyderabad,Telangana,2024-01-20,Regular Customer
C007375,Ananya Thakur,Female,31,Chennai,Tamil Nadu,2024-01-01,Loyal Customer
C007376,Pooja Sharma,Female,56,Mysuru,Karnataka,2024-03-18,Regular Customer
C007377,Aditya Mishra,Male,61,Aurangabad,Maharashtra,2024-07-08,Occasional Customer
C007378,Karan Deshmukh,Male,21,Chennai,Tamil Nadu,2024-02-02,Loyal Customer
C007379,Aniket Patil,Female,33,Bhopal,Madhya Pradesh,2024-04-09,Occasional Customer
C007380,Pooja Jadhav,Female,27,Mysuru,Karnataka,2024-01-22,Loyal Customer
C007381,Aniket Jadhav,Male,65,Latur,Maharashtra,2024-04-13,Regular Customer
C007382,Aditya Pawar,Male,54,Chennai,Tamil Nadu,2024-01-09,Regular Customer
C007383,Neha Gupta,Male,44,Hyderabad,Telangana,2024-08-03,Occasional Customer
C007384,Sneha Das,Female,65,Bhopal,Madhya Pradesh,2024-01-17,Regular Customer
C007385,Vivek Shinde,Female,18,Pune,Maharashtra,2024-01-09,Regular Customer
C007386,Anjali Verma,Female,22,Mysuru,Karnataka,2024-10-08,Occasional Customer
C007387,Aditya Bhosale,Female,30,Kolkata,West Bengal,2024-05-11,Regular Customer
C007388,Rohan Thakur,Other,62,Chennai,Tamil Nadu,2024-01-08,Regular Customer
C007389,Ayush Pawar,Male,20,Indore,Madhya Pradesh,2024-01-04,Loyal Customer
C007390,Rohan Shinde,Male,34,Nashik,Maharashtra,2024-01-27,Occasional Customer
C007391,Anjali Bhosale,Male,36,Hyderabad,Telangana,2024-02-03,Regular Customer
C007392,Ananya Shah,Male,54,Bengaluru,Karnataka,2024-01-06,Regular Customer
C007393,Anjali Sawant,Female,22,Lucknow,Uttar Pradesh,2024-02-09,Occasional Customer
C007394,Ayush Mehta,Female,64,Hyderabad,Telangana,2024-01-05,Regular Customer
C007395,Isha Reddy,Female,59,Pune,Maharashtra,2024-02-13,Regular Customer
C007396,Aniket More,Male,61,Latur,Maharashtra,2024-03-02,Regular Customer
C007397,Sonia Das,Male,41,Bhopal,Madhya Pradesh,2024-04-12,Regular Customer
C007398,Karan Deshmukh,Male,60,Latur,Maharashtra,2024-02-10,Occasional Customer
C007399,Divya Gaikwad,Female,50,Ahmedabad,Gujarat,2024-01-03,Loyal Customer
C007400,Gaurav Pawar,Male,38,Lucknow,Uttar Pradesh,2024-01-31,Occasional Customer
C007401,Karan Thakur,Male,20,Pune,Maharashtra,2024-03-16,Regular Customer
C007402,Harsh Verma,Male,21,Chennai,Tamil Nadu,2024-01-26,Occasional Customer
C007403,Nikhil Iyer,Other,49,Kolkata,West Bengal,2024-03-28,Regular Customer
C007404,Harsh Menon,Female,41,Surat,Gujarat,2024-01-07,Regular Customer
C007405,Amit Banerjee,Female,52,Latur,Maharashtra,2024-01-24,Regular Customer
C007406,Sameer Yadav,Female,35,Bhopal,Madhya Pradesh,2024-01-15,Loyal Customer
C007407,Aarav Menon,Female,20,Aurangabad,Maharashtra,2024-03-21,Occasional Customer
C007408,Gaurav Bhosale,Male,56,Bhopal,Madhya Pradesh,2024-02-12,Loyal Customer
C007409,Sonia Deshmukh,Male,43,Nagpur,Maharashtra,2024-06-03,Regular Customer
C007410,Sakshi Kumar,Female,41,Nagpur,Maharashtra,2024-01-02,Loyal Customer
C007411,Vivek Sawant,Female,18,Vadodara,Gujarat,2024-01-03,Regular Customer
C007412,Nikhil Gupta,Male,51,Vadodara,Gujarat,2024-01-01,Regular Customer
C007413,Amit Gupta,Male,29,Mysuru,Karnataka,2025-07-14,Occasional Customer
C007414,Rohan Pawar,Female,34,Lucknow,Uttar Pradesh,2024-01-02,Loyal Customer
C007415,Arjun Gaikwad,Male,38,Nagpur,Maharashtra,2024-03-20,New Customer
C007416,Isha Sawant,Female,38,Chennai,Tamil Nadu,2024-03-13,Regular Customer
C007417,Isha Sawant,Male,20,Jaipur,Rajasthan,2024-02-04,Loyal Customer
C007418,Gaurav Gupta,Male,61,Indore,Madhya Pradesh,2024-03-07,Regular Customer
C007419,Nikhil Yadav,Male,45,Hyderabad,Telangana,2024-01-04,Loyal Customer
C007420,Aditya Chavan,Female,42,Ahmedabad,Gujarat,2024-04-10,Occasional Customer
C007421,Amit Nair,Female,61,Pune,Maharashtra,2024-05-10,Occasional Customer
C007422,Karan Shinde,Male,23,Nashik,Maharashtra,2024-01-09,Occasional Customer
C007423,Amit Kumar,Female,59,Mysuru,Karnataka,2024-01-14,Regular Customer
C007424,Aniket Sharma,Male,47,Hyderabad,Telangana,2024-01-11,Occasional Customer
C007425,Aarav Mishra,Male,49,Indore,Madhya Pradesh,2024-01-16,Occasional Customer
C007426,Kavita Iyer,Female,39,Kanpur,Uttar Pradesh,2024-01-02,Occasional Customer
C007427,Rohan Kadam,Male,55,Latur,Maharashtra,2024-07-24,Occasional Customer
C007428,Karan Gaikwad,Female,31,Lucknow,Uttar Pradesh,2024-01-25,Loyal Customer
C007429,Vivek Bhosale,Female,51,Aurangabad,Maharashtra,2024-01-02,Occasional Customer
C007430,Gaurav Iyer,Female,60,Mysuru,Karnataka,2024-01-01,Regular Customer
C007431,Divya Gaikwad,Female,64,Bengaluru,Karnataka,2024-01-01,Loyal Customer
C007432,Karan Sawant,Female,43,Ahmedabad,Gujarat,2024-01-30,Loyal Customer
C007433,Pooja Mehta,Male,57,Lucknow,Uttar Pradesh,2024-03-16,Loyal Customer
C007434,Aditya Bhosale,Male,30,Patna,Bihar,2024-02-03,Occasional Customer
C007435,Vikas Patil,Male,47,Latur,Maharashtra,2024-01-29,Occasional Customer
C007436,Vivek Kulkarni,Female,36,Nashik,Maharashtra,2024-03-02,Regular Customer
C007437,Gaurav Kumar,Male,59,Nagpur,Maharashtra,2024-01-10,Regular Customer
C007438,Neha Pawar,Male,58,Nagpur,Maharashtra,2024-05-30,Regular Customer
C007439,Aniket Menon,Female,56,Nashik,Maharashtra,2024-02-05,Regular Customer
C007440,Harsh More,Female,20,Aurangabad,Maharashtra,2024-05-27,New Customer
C007441,Sakshi Kumar,Female,48,Warangal,Telangana,2024-04-09,Occasional Customer
C007442,Sakshi Iyer,Female,29,Jaipur,Rajasthan,2024-03-11,Occasional Customer
C007443,Divya Verma,Male,32,Vadodara,Gujarat,2024-04-28,Occasional Customer
C007444,Riya Yadav,Female,62,Nagpur,Maharashtra,2024-01-08,Regular Customer
C007445,Pooja Nair,Male,55,Chennai,Tamil Nadu,2024-02-05,Regular Customer
C007446,Divya Nair,Male,57,Warangal,Telangana,2024-08-11,Occasional Customer
C007447,Aditi Reddy,Female,31,Ahmedabad,Gujarat,2024-03-25,Occasional Customer
C007448,Gaurav Kumar,Female,52,Nashik,Maharashtra,2024-01-20,Regular Customer
C007449,Harsh Iyer,Female,33,Surat,Gujarat,2024-02-28,Regular Customer
C007450,Anjali Joshi,Female,41,Surat,Gujarat,2024-01-06,Loyal Customer
C007451,Karan Patil,Female,34,Ahmedabad,Gujarat,2024-03-03,Occasional Customer
C007452,Vivek Banerjee,Male,35,Latur,Maharashtra,2024-01-06,Regular Customer
C007453,Divya Reddy,Female,59,Indore,Madhya Pradesh,2024-01-02,Loyal Customer
C007454,Riya Rao,Female,34,Nashik,Maharashtra,2024-01-07,Loyal Customer
C007455,Aarav Nair,Other,33,Warangal,Telangana,2026-05-11,New Customer
C007456,Rahul Reddy,Male,38,Indore,Madhya Pradesh,2024-03-03,Regular Customer
C007457,Amit More,Male,41,Nagpur,Maharashtra,2024-03-24,Regular Customer
C007458,Nikhil Thakur,Female,51,Indore,Madhya Pradesh,2024-01-15,Loyal Customer
C007459,Rahul Jadhav,Male,53,Bengaluru,Karnataka,2024-01-09,Occasional Customer
C007460,Arjun Joshi,Female,60,Pune,Maharashtra,2024-02-09,Loyal Customer
C007461,Nikhil Mehta,Male,44,Ahmedabad,Gujarat,2024-02-22,Occasional Customer
C007462,Rahul Banerjee,Male,56,Kanpur,Uttar Pradesh,2024-03-07,Regular Customer
C007463,Ananya Sharma,Female,34,Pune,Maharashtra,2024-01-06,Loyal Customer
C007464,Akash Menon,Male,42,Kanpur,Uttar Pradesh,2024-04-25,Occasional Customer
C007465,Aditya Reddy,Female,55,Delhi,Delhi,2024-01-04,Loyal Customer
C007466,Riya Kumar,Male,59,Vadodara,Gujarat,2024-12-12,New Customer
C007467,Gaurav Gaikwad,Male,38,Kolkata,West Bengal,2024-01-06,Loyal Customer
C007468,Riya Mehta,Male,21,Delhi,Delhi,2024-02-14,Occasional Customer
C007469,Vikas Deshmukh,Female,42,Nagpur,Maharashtra,2024-04-24,Regular Customer
C007470,Kavita Kumar,Male,47,Nagpur,Maharashtra,2024-10-25,New Customer
C007471,Aniket Singh,Female,50,Chennai,Tamil Nadu,2024-01-01,Loyal Customer
C007472,Harsh Pawar,Female,56,Aurangabad,Maharashtra,2024-04-12,Regular Customer
C007473,Sneha Bhosale,Female,43,Kanpur,Uttar Pradesh,2024-03-03,Loyal Customer
C007474,Arjun Nair,Female,42,Hyderabad,Telangana,2024-04-23,Occasional Customer
C007475,Ayush Verma,Male,33,Hyderabad,Telangana,2024-01-08,Loyal Customer
C007476,Manish Rao,Male,41,Ahmedabad,Gujarat,2024-01-01,Regular Customer
C007477,Vikas Gaikwad,Female,22,Bengaluru,Karnataka,2025-11-20,New Customer
C007478,Neha Sawant,Male,59,Patna,Bihar,2024-01-06,Occasional Customer
C007479,Rohan Bhosale,Female,56,Ahmedabad,Gujarat,2024-08-03,Occasional Customer
C007480,Sakshi Singh,Female,30,Chennai,Tamil Nadu,2024-01-22,Occasional Customer
C007481,Vivek Iyer,Male,47,Ahmedabad,Gujarat,2024-01-07,Loyal Customer
C007482,Sonia Deshmukh,Female,24,Mysuru,Karnataka,2024-01-13,New Customer
C007483,Akash Reddy,Female,64,Mumbai,Maharashtra,2024-01-11,Loyal Customer
C007484,Neha Menon,Male,34,Warangal,Telangana,2024-01-11,Loyal Customer
C007485,Sameer Kadam,Female,44,Vadodara,Gujarat,2024-02-13,Occasional Customer
C007486,Sneha Jadhav,Male,52,Jaipur,Rajasthan,2024-02-10,Regular Customer
C007487,Arjun Iyer,Female,22,Ahmedabad,Gujarat,2024-01-03,Regular Customer
C007488,Aniket Kumar,Female,59,Nagpur,Maharashtra,2024-02-13,Regular Customer
C007489,Rohan Gaikwad,Female,22,Nagpur,Maharashtra,2024-02-24,Regular Customer
C007490,Riya Sawant,Female,41,Aurangabad,Maharashtra,2024-02-19,Regular Customer
C007491,Aarav Pawar,Female,24,Delhi,Delhi,2024-01-01,Regular Customer
C007492,Sneha Yadav,Female,24,Hyderabad,Telangana,2025-03-26,Occasional Customer
C007493,Aarav Kulkarni,Female,31,Patna,Bihar,2026-07-23,New Customer
C007494,Aditya Menon,Female,32,Mysuru,Karnataka,2024-01-01,Loyal Customer
C007495,Riya Bhosale,Female,22,Mysuru,Karnataka,2024-01-03,Regular Customer
C007496,Kavita Bhosale,Female,54,Kanpur,Uttar Pradesh,2026-02-17,New Customer
C007497,Pooja Sawant,Female,21,Pune,Maharashtra,2024-02-02,Regular Customer
C007498,Rohan Bhosale,Female,47,Nagpur,Maharashtra,2024-01-21,Loyal Customer
C007499,Ananya Pawar,Female,37,Warangal,Telangana,2024-02-17,New Customer
C007500,Divya Pawar,Male,43,Delhi,Delhi,2024-03-08,Loyal Customer
C007501,Riya Jadhav,Female,26,Ahmedabad,Gujarat,2024-01-16,Loyal Customer
C007502,Aniket Yadav,Female,47,Hyderabad,Telangana,2024-01-10,Occasional Customer
C007503,Ananya Verma,Female,61,Ahmedabad,Gujarat,2024-02-08,Regular Customer
C007504,Akash Thakur,Male,65,Pune,Maharashtra,2024-02-26,Regular Customer
C007505,Neha Banerjee,Female,39,Latur,Maharashtra,2024-02-03,Regular Customer
C007506,Aniket Pawar,Male,57,Bengaluru,Karnataka,2024-03-11,Regular Customer
C007507,Aniket Patil,Male,58,Kanpur,Uttar Pradesh,2024-03-12,Occasional Customer
C007508,Rohan Pawar,Female,61,Pune,Maharashtra,2024-03-08,Regular Customer
C007509,Sameer Menon,Female,47,Bhopal,Madhya Pradesh,2024-01-03,Occasional Customer
C007510,Aniket More,Male,37,Jaipur,Rajasthan,2024-01-10,Loyal Customer
C007511,Vikas Mishra,Female,45,Chennai,Tamil Nadu,2024-04-04,Regular Customer
C007512,Harsh Thakur,Male,24,Hyderabad,Telangana,2024-01-17,Occasional Customer
C007513,Pooja Kumar,Male,21,Hyderabad,Telangana,2024-01-27,Regular Customer
C007514,Nikhil Kulkarni,Male,45,Indore,Madhya Pradesh,2024-02-23,New Customer
C007515,Sonia Reddy,Female,52,Ahmedabad,Gujarat,2024-02-09,Regular Customer
C007516,Ananya Deshmukh,Male,50,Delhi,Delhi,2024-02-09,Occasional Customer
C007517,Ayush Deshmukh,Male,24,Latur,Maharashtra,2024-01-17,Occasional Customer
C007518,Gaurav Kulkarni,Female,26,Surat,Gujarat,2024-02-09,Occasional Customer
C007519,Arjun Deshmukh,Male,51,Latur,Maharashtra,2024-05-03,Regular Customer
C007520,Deepak Sharma,Female,56,Latur,Maharashtra,2024-01-27,Occasional Customer
C007521,Neha Joshi,Female,59,Pune,Maharashtra,2024-01-02,Regular Customer
C007522,Karan Yadav,Female,51,Vadodara,Gujarat,2024-01-10,Loyal Customer
C007523,Rahul Menon,Male,30,Kanpur,Uttar Pradesh,2024-01-15,Regular Customer
C007524,Akash Sharma,Female,46,Kolkata,West Bengal,2024-02-11,Regular Customer
C007525,Aditi More,Female,52,Indore,Madhya Pradesh,2024-03-23,Regular Customer
C007526,Sakshi Sharma,Male,62,Warangal,Telangana,2024-02-24,Occasional Customer
C007527,Rahul Mehta,Male,27,Aurangabad,Maharashtra,2024-01-26,Occasional Customer
C007528,Sameer Patil,Male,47,Indore,Madhya Pradesh,2024-01-13,Regular Customer
C007529,Akash Shinde,Male,61,Kanpur,Uttar Pradesh,2024-04-12,Loyal Customer
C007530,Kavita Das,Female,43,Mumbai,Maharashtra,2024-03-09,Loyal Customer
C007531,Aarav Gaikwad,Female,52,Vadodara,Gujarat,2024-08-15,Occasional Customer
C007532,Nikhil Verma,Male,45,Bhopal,Madhya Pradesh,2024-01-30,Occasional Customer
C007533,Sakshi More,Male,46,Kolkata,West Bengal,2024-01-21,Regular Customer
C007534,Vivek Yadav,Other,23,Aurangabad,Maharashtra,2024-02-20,Occasional Customer
C007535,Karan Menon,Male,20,Hyderabad,Telangana,2024-05-16,Occasional Customer
C007536,Deepak Shah,Female,46,Bhopal,Madhya Pradesh,2024-11-04,Occasional Customer
C007537,Harsh Chavan,Male,19,Latur,Maharashtra,2024-01-10,Regular Customer
C007538,Divya Rao,Female,39,Vadodara,Gujarat,2024-01-01,Occasional Customer
C007539,Vikas Chavan,Female,63,Patna,Bihar,2024-10-25,New Customer
C007540,Deepak Banerjee,Male,64,Aurangabad,Maharashtra,2024-04-22,Regular Customer
C007541,Anjali Kadam,Male,44,Lucknow,Uttar Pradesh,2024-02-27,Regular Customer
C007542,Rahul Gaikwad,Female,39,Mysuru,Karnataka,2024-01-29,Loyal Customer
C007543,Gaurav Shah,Female,27,Kolkata,West Bengal,2024-01-05,Loyal Customer
C007544,Aditi Kadam,Male,36,Mysuru,Karnataka,2024-02-24,Occasional Customer
C007545,Sonia Chavan,Female,41,Jaipur,Rajasthan,2024-01-19,Regular Customer
C007546,Sameer Kulkarni,Male,44,Chennai,Tamil Nadu,2024-04-28,Occasional Customer
C007547,Aarav Thakur,Female,53,Bhopal,Madhya Pradesh,2024-02-10,Loyal Customer
C007548,Sonia Nair,Female,60,Mumbai,Maharashtra,2024-01-10,Regular Customer
C007549,Gaurav Iyer,Male,34,Jaipur,Rajasthan,2024-01-26,Regular Customer
C007550,Sneha Singh,Male,27,Vadodara,Gujarat,2024-09-30,Occasional Customer
C007551,Vivek Jadhav,Male,34,Latur,Maharashtra,2024-12-31,Occasional Customer
C007552,Aarav Shah,Female,61,Nagpur,Maharashtra,2024-02-24,New Customer
C007553,Akash Mishra,Male,27,Pune,Maharashtra,2024-03-06,Occasional Customer
C007554,Kavita More,Male,27,Pune,Maharashtra,2024-01-03,Loyal Customer
C007555,Riya Menon,Other,55,Ahmedabad,Gujarat,2024-02-03,Regular Customer
C007556,Sneha Joshi,Male,34,Bengaluru,Karnataka,2024-04-15,Occasional Customer
C007557,Divya Thakur,Female,43,Jaipur,Rajasthan,2024-03-01,Occasional Customer
C007558,Nikhil Rao,Male,43,Aurangabad,Maharashtra,2025-08-11,New Customer
C007559,Rahul Mishra,Male,51,Patna,Bihar,2024-03-16,Regular Customer
C007560,Karan Verma,Male,21,Hyderabad,Telangana,2026-04-11,New Customer
C007561,Harsh Rao,Female,44,Ahmedabad,Gujarat,2024-01-13,Occasional Customer
C007562,Aniket Sharma,Female,38,Kanpur,Uttar Pradesh,2024-04-07,Regular Customer
C007563,Pooja Banerjee,Female,53,Ahmedabad,Gujarat,2024-01-15,Regular Customer
C007564,Deepak Sharma,Male,55,Hyderabad,Telangana,2024-02-22,Occasional Customer
C007565,Pooja Kadam,Male,63,Mysuru,Karnataka,2024-08-04,New Customer
C007566,Sonia Patil,Female,48,Kolkata,West Bengal,2024-01-28,Regular Customer
C007567,Sameer Iyer,Male,24,Patna,Bihar,2024-01-20,Regular Customer
C007568,Deepak Rao,Male,61,Latur,Maharashtra,2024-01-01,Loyal Customer
C007569,Isha Joshi,Male,51,Aurangabad,Maharashtra,2024-01-02,Loyal Customer
C007570,Nikhil Yadav,Female,35,Pune,Maharashtra,2024-01-14,Loyal Customer
C007571,Gaurav Iyer,Female,41,Patna,Bihar,2024-02-25,Occasional Customer
C007572,Nikhil Das,Male,30,Kolkata,West Bengal,2024-01-03,Occasional Customer
C007573,Aditya Kadam,Male,30,Jaipur,Rajasthan,2024-02-09,Loyal Customer
C007574,Harsh Kumar,Female,42,Lucknow,Uttar Pradesh,2024-11-22,New Customer
C007575,Vivek Yadav,Female,22,Bengaluru,Karnataka,2024-01-31,Regular Customer
C007576,Rahul Mishra,Male,56,Vadodara,Gujarat,2024-01-04,Loyal Customer
C007577,Riya Singh,Female,46,Lucknow,Uttar Pradesh,2024-09-12,Occasional Customer
C007578,Akash Iyer,Male,61,Hyderabad,Telangana,2024-01-05,Loyal Customer
C007579,Gaurav Sawant,Male,63,Nashik,Maharashtra,2024-03-25,Regular Customer
C007580,Nikhil Shinde,Male,50,Nagpur,Maharashtra,2024-04-16,Occasional Customer
C007581,Riya Jadhav,Male,41,Kanpur,Uttar Pradesh,2024-08-10,Occasional Customer
C007582,Sonia Verma,Male,27,Delhi,Delhi,2024-01-01,Loyal Customer
C007583,Vikas Mehta,Female,42,Mumbai,Maharashtra,2024-03-31,Regular Customer
C007584,Sameer Mishra,Male,58,Latur,Maharashtra,2024-05-29,Regular Customer
C007585,Riya Verma,Male,27,Delhi,Delhi,2024-01-16,Occasional Customer
C007586,Aditi Jadhav,Male,56,Mumbai,Maharashtra,2024-01-24,Regular Customer
C007587,Karan Das,Female,33,Patna,Bihar,2025-04-08,Occasional Customer
C007588,Aditya Sawant,Female,45,Hyderabad,Telangana,2024-01-23,Loyal Customer
C007589,Sneha Rao,Male,29,Latur,Maharashtra,2026-04-21,New Customer
C007590,Manish Mishra,Male,61,Surat,Gujarat,2024-06-13,New Customer
C007591,Isha Pawar,Male,49,Pune,Maharashtra,2024-02-07,Regular Customer
C007592,Vikas Thakur,Male,46,Nashik,Maharashtra,2024-03-25,Regular Customer
C007593,Akash Yadav,Male,62,Delhi,Delhi,2024-01-29,Loyal Customer
C007594,Rahul Gupta,Female,44,Kolkata,West Bengal,2024-01-30,Regular Customer
C007595,Anjali Joshi,Female,43,Bhopal,Madhya Pradesh,2024-01-07,Loyal Customer
C007596,Aniket Pawar,Female,20,Mumbai,Maharashtra,2024-01-17,Regular Customer
C007597,Sakshi Rao,Male,43,Nagpur,Maharashtra,2024-02-20,Occasional Customer
C007598,Riya Deshmukh,Male,56,Nagpur,Maharashtra,2024-10-13,Occasional Customer
C007599,Akash Bhosale,Female,18,Hyderabad,Telangana,2024-04-16,Occasional Customer
C007600,Riya Sharma,Female,52,Mumbai,Maharashtra,2024-03-31,Loyal Customer
C007601,Ananya Kumar,Male,44,Delhi,Delhi,2024-01-05,Regular Customer
C007602,Vivek Chavan,Female,63,Latur,Maharashtra,2024-03-10,Occasional Customer
C007603,Vikas Gaikwad,Male,21,Kanpur,Uttar Pradesh,2024-01-19,Loyal Customer
C007604,Sakshi More,Male,36,Nagpur,Maharashtra,2024-01-27,Occasional Customer
C007605,Anjali Iyer,Male,39,Lucknow,Uttar Pradesh,2024-01-23,Occasional Customer
C007606,Arjun Rao,Female,23,Pune,Maharashtra,2024-06-18,Occasional Customer
C007607,Karan Singh,Male,26,Bhopal,Madhya Pradesh,2024-05-23,Occasional Customer
C007608,Rahul Kulkarni,Female,28,Chennai,Tamil Nadu,2024-04-04,Regular Customer
C007609,Rahul Jadhav,Male,39,Mysuru,Karnataka,2024-06-04,Regular Customer
C007610,Vivek Gupta,Male,64,Aurangabad,Maharashtra,2024-02-11,Regular Customer
C007611,Pooja Iyer,Female,26,Bengaluru,Karnataka,2024-01-21,Regular Customer
C007612,Karan Deshmukh,Male,46,Pune,Maharashtra,2024-07-29,Occasional Customer
C007613,Sameer Nair,Male,60,Pune,Maharashtra,2024-01-30,Regular Customer
C007614,Deepak Mishra,Male,27,Latur,Maharashtra,2024-01-30,Loyal Customer
C007615,Anjali Kumar,Female,51,Mysuru,Karnataka,2024-01-12,Regular Customer
C007616,Neha Menon,Female,48,Bhopal,Madhya Pradesh,2026-07-17,New Customer
C007617,Vivek Shah,Male,39,Chennai,Tamil Nadu,2024-01-05,Occasional Customer
C007618,Aditya Reddy,Male,63,Nashik,Maharashtra,2024-01-06,Loyal Customer
C007619,Deepak Gaikwad,Female,21,Vadodara,Gujarat,2024-02-18,Occasional Customer
C007620,Vivek Nair,Male,19,Patna,Bihar,2024-01-12,Loyal Customer
C007621,Rohan Iyer,Male,22,Indore,Madhya Pradesh,2024-02-17,Occasional Customer
C007622,Rohan Gaikwad,Male,63,Kolkata,West Bengal,2024-01-18,Regular Customer
C007623,Pooja Reddy,Female,32,Latur,Maharashtra,2024-05-20,Regular Customer
C007624,Sameer Gupta,Male,36,Jaipur,Rajasthan,2024-06-26,Occasional Customer
C007625,Sonia Bhosale,Female,55,Indore,Madhya Pradesh,2024-02-10,Loyal Customer
C007626,Sameer Joshi,Female,32,Nagpur,Maharashtra,2024-04-04,Regular Customer
C007627,Anjali More,Female,63,Mysuru,Karnataka,2024-03-06,Loyal Customer
C007628,Akash Sawant,Female,25,Aurangabad,Maharashtra,2024-02-04,Occasional Customer
C007629,Aditya Kulkarni,Male,37,Surat,Gujarat,2024-01-16,Regular Customer
C007630,Aditya Chavan,Female,29,Patna,Bihar,2024-01-10,Regular Customer
C007631,Rohan Mehta,Female,21,Ahmedabad,Gujarat,2024-02-25,Loyal Customer
C007632,Vivek Shinde,Male,55,Latur,Maharashtra,2024-04-12,Occasional Customer
C007633,Rohan Kulkarni,Male,60,Chennai,Tamil Nadu,2024-02-19,Regular Customer
C007634,Neha Kadam,Male,56,Warangal,Telangana,2024-01-13,New Customer
C007635,Amit Mishra,Female,53,Aurangabad,Maharashtra,2024-01-08,Loyal Customer
C007636,Deepak Gaikwad,Male,32,Kolkata,West Bengal,2024-01-07,Regular Customer
C007637,Neha Iyer,Male,18,Jaipur,Rajasthan,2024-02-08,Occasional Customer
C007638,Aarav Sawant,Female,48,Mumbai,Maharashtra,2024-01-10,Loyal Customer
C007639,Aditi Mehta,Female,26,Jaipur,Rajasthan,2024-04-08,Regular Customer
C007640,Manish Shinde,Male,40,Aurangabad,Maharashtra,2024-01-01,Occasional Customer
C007641,Sonia Gaikwad,Female,43,Nagpur,Maharashtra,2024-01-17,Loyal Customer
C007642,Harsh Chavan,Female,57,Kanpur,Uttar Pradesh,2024-02-19,Regular Customer
C007643,Sakshi Kadam,Male,61,Kolkata,West Bengal,2024-02-15,Occasional Customer
C007644,Sameer Rao,Female,56,Ahmedabad,Gujarat,2024-02-16,Occasional Customer
C007645,Vivek Das,Female,35,Jaipur,Rajasthan,2024-01-01,Regular Customer
C007646,Amit Verma,Female,50,Delhi,Delhi,2024-01-12,Loyal Customer
C007647,Rahul Shah,Female,58,Patna,Bihar,2024-11-30,New Customer
C007648,Neha Joshi,Female,56,Pune,Maharashtra,2024-02-17,Regular Customer
C007649,Akash Gaikwad,Male,31,Vadodara,Gujarat,2024-03-21,Occasional Customer
C007650,Aarav Gupta,Male,18,Latur,Maharashtra,2024-10-20,Occasional Customer
C007651,Sonia Thakur,Male,30,Latur,Maharashtra,2024-02-15,Occasional Customer
C007652,Deepak Jadhav,Male,32,Surat,Gujarat,2024-01-02,Regular Customer
C007653,Sneha Sawant,Female,54,Delhi,Delhi,2024-06-15,Regular Customer
C007654,Sneha Joshi,Male,22,Warangal,Telangana,2024-01-11,Occasional Customer
C007655,Karan Rao,Male,31,Warangal,Telangana,2024-03-21,Regular Customer
C007656,Isha Jadhav,Male,31,Mumbai,Maharashtra,2024-03-03,Regular Customer
C007657,Nikhil Sawant,Male,63,Patna,Bihar,2024-02-04,Occasional Customer
C007658,Amit Iyer,Male,22,Hyderabad,Telangana,2026-02-07,New Customer
C007659,Rahul Mishra,Male,28,Latur,Maharashtra,2024-01-15,Occasional Customer
C007660,Sameer Banerjee,Female,49,Patna,Bihar,2024-01-04,Loyal Customer
C007661,Riya Patil,Male,22,Warangal,Telangana,2024-01-09,Loyal Customer
C007662,Nikhil Chavan,Female,53,Lucknow,Uttar Pradesh,2024-01-04,Loyal Customer
C007663,Ayush Verma,Female,32,Vadodara,Gujarat,2024-01-01,Regular Customer
C007664,Riya Kulkarni,Female,24,Patna,Bihar,2024-02-13,Occasional Customer
C007665,Arjun Mishra,Male,22,Kanpur,Uttar Pradesh,2024-01-07,Occasional Customer
C007666,Riya Mehta,Female,47,Warangal,Telangana,2024-02-11,Occasional Customer
C007667,Karan Reddy,Female,32,Surat,Gujarat,2024-01-22,Loyal Customer
C007668,Sneha Shinde,Male,47,Bhopal,Madhya Pradesh,2024-01-02,Regular Customer
C007669,Karan Sawant,Male,31,Jaipur,Rajasthan,2024-01-02,Loyal Customer
C007670,Riya Gaikwad,Male,41,Bengaluru,Karnataka,2024-01-13,Regular Customer
C007671,Aditi Das,Female,41,Kolkata,West Bengal,2024-01-05,Loyal Customer
C007672,Deepak Jadhav,Female,52,Mysuru,Karnataka,2024-01-21,Regular Customer
C007673,Sneha Nair,Male,22,Vadodara,Gujarat,2024-01-10,Regular Customer
C007674,Aniket Mishra,Male,29,Jaipur,Rajasthan,2024-01-13,Occasional Customer
C007675,Rohan Kumar,Female,37,Nashik,Maharashtra,2024-02-28,Regular Customer
C007676,Sameer Joshi,Female,63,Kanpur,Uttar Pradesh,2024-01-10,Regular Customer
C007677,Riya Iyer,Female,22,Ahmedabad,Gujarat,2026-05-09,New Customer
C007678,Aditi Kumar,Female,53,Vadodara,Gujarat,2024-08-02,New Customer
C007679,Sonia Menon,Female,38,Aurangabad,Maharashtra,2024-01-18,Loyal Customer
C007680,Ananya Mishra,Female,65,Vadodara,Gujarat,2024-03-26,Regular Customer
C007681,Karan Iyer,Male,56,Hyderabad,Telangana,2024-03-02,Regular Customer
C007682,Gaurav Sawant,Male,20,Bengaluru,Karnataka,2024-04-08,Regular Customer
C007683,Sneha Rao,Female,46,Warangal,Telangana,2024-12-23,Occasional Customer
C007684,Vivek Mishra,Male,42,Jaipur,Rajasthan,2024-01-04,Occasional Customer
C007685,Ananya Sharma,Male,44,Latur,Maharashtra,2024-03-31,Regular Customer
C007686,Manish Gaikwad,Female,53,Jaipur,Rajasthan,2024-01-10,Regular Customer
C007687,Deepak Bhosale,Female,39,Latur,Maharashtra,2024-01-17,Loyal Customer
C007688,Rahul Yadav,Female,55,Surat,Gujarat,2024-03-12,Occasional Customer
C007689,Divya Menon,Male,52,Patna,Bihar,2024-01-14,Loyal Customer
C007690,Gaurav Gaikwad,Female,18,Mumbai,Maharashtra,2024-05-04,Occasional Customer
C007691,Aditya Verma,Male,20,Bengaluru,Karnataka,2024-01-04,Loyal Customer
C007692,Rohan Sawant,Female,41,Ahmedabad,Gujarat,2024-10-21,Occasional Customer
C007693,Ayush Nair,Male,25,Lucknow,Uttar Pradesh,2024-01-14,Occasional Customer
C007694,Vivek Shinde,Male,65,Indore,Madhya Pradesh,2024-04-04,Loyal Customer
C007695,Riya Mishra,Male,56,Delhi,Delhi,2024-01-05,Regular Customer
C007696,Manish Gaikwad,Female,35,Warangal,Telangana,2024-03-16,Regular Customer
C007697,Akash Jadhav,Male,58,Aurangabad,Maharashtra,2024-01-17,Regular Customer
C007698,Deepak Menon,Female,20,Mysuru,Karnataka,2024-05-17,Regular Customer
C007699,Sameer Mehta,Male,35,Hyderabad,Telangana,2024-04-13,Occasional Customer
C007700,Sonia Das,Male,33,Mysuru,Karnataka,2024-01-10,Loyal Customer
C007701,Aditi Mishra,Female,49,Nashik,Maharashtra,2024-01-08,Regular Customer
C007702,Vivek Nair,Female,18,Bengaluru,Karnataka,2024-07-25,Occasional Customer
C007703,Ayush Thakur,Male,43,Surat,Gujarat,2024-01-15,Regular Customer
C007704,Pooja Pawar,Female,65,Pune,Maharashtra,2024-01-10,Loyal Customer
C007705,Neha Jadhav,Female,29,Bengaluru,Karnataka,2024-01-28,Loyal Customer
C007706,Isha Nair,Female,55,Patna,Bihar,2025-10-11,New Customer
C007707,Karan Sawant,Female,38,Mumbai,Maharashtra,2024-03-30,Occasional Customer
C007708,Vikas Jadhav,Male,58,Mysuru,Karnataka,2024-07-10,Occasional Customer
C007709,Aniket Shinde,Male,30,Mysuru,Karnataka,2024-01-01,Loyal Customer
C007710,Sameer Iyer,Male,29,Kanpur,Uttar Pradesh,2024-05-27,Occasional Customer
C007711,Aniket Iyer,Male,30,Vadodara,Gujarat,2024-07-04,Occasional Customer
C007712,Pooja Sharma,Female,35,Nagpur,Maharashtra,2024-07-15,Occasional Customer
C007713,Divya Iyer,Male,36,Latur,Maharashtra,2024-01-24,Loyal Customer
C007714,Sonia Mehta,Male,36,Latur,Maharashtra,2024-02-29,Occasional Customer
C007715,Akash Rao,Female,23,Patna,Bihar,2024-03-12,Regular Customer
C007716,Sameer Mishra,Female,65,Pune,Maharashtra,2024-01-01,Occasional Customer
C007717,Amit Gaikwad,Female,24,Bhopal,Madhya Pradesh,2024-01-14,Loyal Customer
C007718,Harsh Rao,Female,24,Pune,Maharashtra,2024-04-06,Occasional Customer
C007719,Sneha Pawar,Male,45,Chennai,Tamil Nadu,2024-02-27,New Customer
C007720,Vivek Patil,Female,45,Vadodara,Gujarat,2024-01-30,Loyal Customer
C007721,Akash Kadam,Female,36,Aurangabad,Maharashtra,2024-05-06,Occasional Customer
C007722,Karan Pawar,Male,33,Kanpur,Uttar Pradesh,2024-02-08,Occasional Customer
C007723,Aditi Kulkarni,Male,34,Hyderabad,Telangana,2024-04-06,Regular Customer
C007724,Kavita Reddy,Male,39,Jaipur,Rajasthan,2024-04-16,Occasional Customer
C007725,Deepak Mehta,Female,36,Kanpur,Uttar Pradesh,2025-02-27,New Customer
C007726,Harsh Jadhav,Male,65,Mumbai,Maharashtra,2025-03-21,Occasional Customer
C007727,Pooja Iyer,Female,46,Mumbai,Maharashtra,2024-01-05,Regular Customer
C007728,Gaurav Joshi,Male,65,Indore,Madhya Pradesh,2024-01-01,Regular Customer
C007729,Aditi Kulkarni,Male,36,Mumbai,Maharashtra,2024-01-09,Regular Customer
C007730,Anjali Gaikwad,Male,64,Patna,Bihar,2024-01-21,Occasional Customer
C007731,Karan Sawant,Male,52,Kanpur,Uttar Pradesh,2024-07-20,New Customer
C007732,Riya Shah,Male,64,Ahmedabad,Gujarat,2024-05-03,Occasional Customer
C007733,Ananya Reddy,Male,42,Bengaluru,Karnataka,2024-01-09,Loyal Customer
C007734,Rohan Gaikwad,Male,65,Kolkata,West Bengal,2024-01-23,Regular Customer
C007735,Sakshi Nair,Female,37,Nagpur,Maharashtra,2024-01-09,Occasional Customer
C007736,Sameer Rao,Female,54,Surat,Gujarat,2024-02-04,Occasional Customer
C007737,Rahul Deshmukh,Female,36,Delhi,Delhi,2024-02-02,Regular Customer
C007738,Sakshi Thakur,Female,59,Vadodara,Gujarat,2025-08-09,New Customer
C007739,Sonia Banerjee,Female,30,Chennai,Tamil Nadu,2025-04-28,New Customer
C007740,Pooja Gaikwad,Female,64,Ahmedabad,Gujarat,2024-01-09,Loyal Customer
C007741,Arjun Reddy,Male,29,Ahmedabad,Gujarat,2024-01-29,Regular Customer
C007742,Pooja Thakur,Female,32,Mumbai,Maharashtra,2024-02-04,Loyal Customer
C007743,Divya Sharma,Female,21,Mysuru,Karnataka,2024-01-05,Regular Customer
C007744,Akash Kulkarni,Female,32,Nagpur,Maharashtra,2024-03-10,Regular Customer
C007745,Aditya Kulkarni,Female,34,Nashik,Maharashtra,2024-01-06,Loyal Customer
C007746,Karan Reddy,Male,44,Jaipur,Rajasthan,2024-01-01,Loyal Customer
C007747,Rahul Kumar,Female,28,Warangal,Telangana,2024-04-16,Occasional Customer
C007748,Kavita Joshi,Male,40,Jaipur,Rajasthan,2024-07-04,Occasional Customer
C007749,Aarav Mehta,Male,32,Indore,Madhya Pradesh,2024-02-26,Occasional Customer
C007750,Neha Mehta,Male,48,Lucknow,Uttar Pradesh,2025-04-13,New Customer
C007751,Karan More,Male,43,Vadodara,Gujarat,2026-05-09,New Customer
C007752,Riya Iyer,Male,24,Kolkata,West Bengal,2024-01-28,Regular Customer
C007753,Akash Das,Male,30,Jaipur,Rajasthan,2024-02-05,Occasional Customer
C007754,Neha Pawar,Other,30,Kolkata,West Bengal,2024-01-29,Loyal Customer
C007755,Gaurav Yadav,Male,37,Pune,Maharashtra,2024-04-17,Occasional Customer
C007756,Pooja Nair,Female,51,Delhi,Delhi,2024-02-01,Loyal Customer
C007757,Harsh Sawant,Female,27,Mumbai,Maharashtra,2024-02-15,Regular Customer
C007758,Neha Jadhav,Female,54,Kolkata,West Bengal,2024-03-20,Regular Customer
C007759,Akash Chavan,Male,44,Lucknow,Uttar Pradesh,2024-01-09,Occasional Customer
C007760,Aditya Nair,Female,51,Nashik,Maharashtra,2024-02-18,Regular Customer
C007761,Vivek Mishra,Male,53,Delhi,Delhi,2024-08-30,New Customer
C007762,Sameer Gupta,Male,33,Aurangabad,Maharashtra,2024-08-19,Regular Customer
C007763,Ananya Gaikwad,Female,38,Nagpur,Maharashtra,2024-01-10,Occasional Customer
C007764,Sneha Nair,Female,33,Ahmedabad,Gujarat,2024-01-21,Loyal Customer
C007765,Aarav Gaikwad,Female,34,Mysuru,Karnataka,2024-02-08,Regular Customer
C007766,Manish Banerjee,Male,32,Delhi,Delhi,2024-01-11,Regular Customer
C007767,Manish Das,Male,30,Bhopal,Madhya Pradesh,2024-03-18,Regular Customer
C007768,Sameer Verma,Male,50,Pune,Maharashtra,2024-02-05,Regular Customer
C007769,Karan Deshmukh,Female,22,Hyderabad,Telangana,2024-01-14,Occasional Customer
C007770,Kavita Banerjee,Male,44,Bengaluru,Karnataka,2024-04-13,Occasional Customer
C007771,Neha Gupta,Female,18,Mysuru,Karnataka,2024-05-03,Occasional Customer
C007772,Riya Banerjee,Male,61,Bhopal,Madhya Pradesh,2024-02-05,Regular Customer
C007773,Sameer Reddy,Male,47,Hyderabad,Telangana,2024-01-10,Regular Customer
C007774,Akash Menon,Male,40,Hyderabad,Telangana,2024-01-14,Occasional Customer
C007775,Sakshi Shinde,Male,32,Nagpur,Maharashtra,2024-11-11,Occasional Customer
C007776,Rahul Singh,Female,53,Chennai,Tamil Nadu,2024-01-02,Regular Customer
C007777,Akash Pawar,Female,36,Hyderabad,Telangana,2024-01-14,Occasional Customer
C007778,Sonia Shah,Male,47,Indore,Madhya Pradesh,2024-01-08,Loyal Customer
C007779,Riya Pawar,Male,33,Mumbai,Maharashtra,2024-03-30,Regular Customer
C007780,Aarav Gupta,Other,35,Aurangabad,Maharashtra,2024-01-09,Occasional Customer
C007781,Isha Das,Female,43,Jaipur,Rajasthan,2024-02-28,Occasional Customer
C007782,Deepak Kulkarni,Female,34,Kolkata,West Bengal,2024-01-20,Loyal Customer
C007783,Aditi Jadhav,Male,28,Pune,Maharashtra,2025-12-19,New Customer
C007784,Neha Shinde,Male,62,Bengaluru,Karnataka,2024-01-26,Occasional Customer
C007785,Pooja Pawar,Male,46,Hyderabad,Telangana,2024-01-24,Regular Customer
C007786,Aditya Gupta,Male,26,Nashik,Maharashtra,2024-01-14,Loyal Customer
C007787,Arjun Mishra,Female,34,Kanpur,Uttar Pradesh,2024-02-09,Regular Customer
C007788,Sakshi Patil,Male,44,Bhopal,Madhya Pradesh,2024-01-03,Loyal Customer
C007789,Aditya Kulkarni,Female,54,Patna,Bihar,2024-04-06,Occasional Customer
C007790,Kavita Sawant,Male,39,Nashik,Maharashtra,2024-01-27,Occasional Customer
C007791,Divya Gupta,Female,25,Ahmedabad,Gujarat,2024-01-08,Regular Customer
C007792,Ananya Bhosale,Male,20,Mumbai,Maharashtra,2024-05-20,Occasional Customer
C007793,Rahul Sharma,Male,55,Nagpur,Maharashtra,2024-04-08,Occasional Customer
C007794,Anjali Sawant,Female,52,Jaipur,Rajasthan,2024-02-01,Occasional Customer
C007795,Aditi Verma,Male,49,Vadodara,Gujarat,2024-09-07,Occasional Customer
C007796,Vikas Das,Male,25,Nashik,Maharashtra,2026-02-08,New Customer
C007797,Ayush Rao,Male,61,Jaipur,Rajasthan,2024-01-09,Regular Customer
C007798,Manish Thakur,Female,44,Lucknow,Uttar Pradesh,2024-07-13,Regular Customer
C007799,Amit Mehta,Female,49,Mumbai,Maharashtra,2024-01-14,Regular Customer
C007800,Karan Nair,Female,53,Aurangabad,Maharashtra,2024-01-03,Occasional Customer
C007801,Deepak Verma,Female,51,Lucknow,Uttar Pradesh,2024-02-06,Regular Customer
C007802,Vivek Kadam,Other,42,Vadodara,Gujarat,2026-04-20,New Customer
C007803,Nikhil Gupta,Female,48,Delhi,Delhi,2024-02-07,Occasional Customer
C007804,Kavita Shinde,Female,59,Ahmedabad,Gujarat,2024-01-23,Loyal Customer
C007805,Riya Kulkarni,Female,64,Kanpur,Uttar Pradesh,2024-04-07,Loyal Customer
C007806,Rahul Banerjee,Male,30,Aurangabad,Maharashtra,2024-01-29,Loyal Customer
C007807,Aditi Joshi,Other,32,Patna,Bihar,2024-11-09,Occasional Customer
C007808,Aditi Shinde,Female,30,Nashik,Maharashtra,2024-01-21,Regular Customer
C007809,Amit Sawant,Male,50,Nashik,Maharashtra,2024-06-20,Occasional Customer
C007810,Sonia Banerjee,Male,48,Nashik,Maharashtra,2024-04-01,Occasional Customer
C007811,Aniket Jadhav,Male,42,Nashik,Maharashtra,2024-01-19,Regular Customer
C007812,Nikhil Gupta,Male,65,Kanpur,Uttar Pradesh,2024-02-18,Occasional Customer
C007813,Aniket Mehta,Male,57,Patna,Bihar,2024-06-10,New Customer
C007814,Divya More,Male,40,Bhopal,Madhya Pradesh,2024-01-02,Loyal Customer
C007815,Amit Iyer,Male,55,Bhopal,Madhya Pradesh,2024-02-01,Regular Customer
C007816,Nikhil Bhosale,Female,20,Jaipur,Rajasthan,2024-04-22,Regular Customer
C007817,Aditya Gupta,Male,33,Bengaluru,Karnataka,2024-04-06,Regular Customer
C007818,Arjun More,Male,19,Bhopal,Madhya Pradesh,2024-08-05,Occasional Customer
C007819,Gaurav Reddy,Male,40,Vadodara,Gujarat,2024-05-14,Occasional Customer
C007820,Vikas Pawar,Female,51,Pune,Maharashtra,2024-01-01,Loyal Customer
C007821,Gaurav Thakur,Male,47,Patna,Bihar,2024-01-03,Regular Customer
C007822,Aditya More,Male,64,Nashik,Maharashtra,2024-01-03,Loyal Customer
C007823,Rahul Bhosale,Female,27,Chennai,Tamil Nadu,2024-01-24,Occasional Customer
C007824,Riya Jadhav,Male,18,Hyderabad,Telangana,2024-01-14,Occasional Customer
C007825,Manish Shinde,Male,39,Kolkata,West Bengal,2024-02-25,Regular Customer
C007826,Aditya Reddy,Male,64,Hyderabad,Telangana,2024-01-18,Regular Customer
C007827,Rohan More,Female,50,Vadodara,Gujarat,2025-09-29,New Customer
C007828,Pooja Nair,Female,42,Patna,Bihar,2024-06-14,Occasional Customer
C007829,Pooja Shinde,Female,39,Indore,Madhya Pradesh,2024-01-01,Loyal Customer
C007830,Riya Kadam,Male,33,Jaipur,Rajasthan,2024-02-15,Regular Customer
C007831,Neha Rao,Female,47,Lucknow,Uttar Pradesh,2024-03-26,Regular Customer
C007832,Pooja Banerjee,Male,35,Bengaluru,Karnataka,2024-06-24,New Customer
C007833,Kavita Shah,Male,41,Surat,Gujarat,2024-01-09,Regular Customer
C007834,Ananya Bhosale,Male,22,Indore,Madhya Pradesh,2024-01-27,Occasional Customer
C007835,Sneha Jadhav,Female,54,Aurangabad,Maharashtra,2024-01-18,Loyal Customer
C007836,Deepak Das,Male,40,Pune,Maharashtra,2024-04-09,Occasional Customer
C007837,Harsh Gaikwad,Female,59,Kanpur,Uttar Pradesh,2024-01-19,Loyal Customer
C007838,Aarav Shah,Female,44,Jaipur,Rajasthan,2024-03-28,Regular Customer
C007839,Anjali Deshmukh,Male,29,Surat,Gujarat,2024-03-06,Occasional Customer
C007840,Arjun Kulkarni,Male,27,Surat,Gujarat,2024-01-18,Occasional Customer
C007841,Manish Kulkarni,Male,51,Mumbai,Maharashtra,2024-07-23,Regular Customer
C007842,Rahul Gupta,Male,50,Nagpur,Maharashtra,2024-01-16,Loyal Customer
C007843,Harsh Deshmukh,Male,33,Hyderabad,Telangana,2024-01-19,Regular Customer
C007844,Deepak Reddy,Female,46,Kolkata,West Bengal,2026-07-29,New Customer
C007845,Aditya Kadam,Male,35,Lucknow,Uttar Pradesh,2024-01-24,Occasional Customer
C007846,Vivek Chavan,Female,44,Kanpur,Uttar Pradesh,2024-05-16,Occasional Customer
C007847,Sakshi More,Male,24,Pune,Maharashtra,2025-07-02,New Customer
C007848,Amit Mishra,Female,53,Lucknow,Uttar Pradesh,2024-01-01,Regular Customer
C007849,Sameer Joshi,Female,44,Bengaluru,Karnataka,2024-01-01,Loyal Customer
C007850,Arjun Sharma,Female,27,Lucknow,Uttar Pradesh,2024-05-26,Regular Customer
C007851,Akash Gaikwad,Female,27,Aurangabad,Maharashtra,2024-01-01,Regular Customer
C007852,Anjali Gaikwad,Male,28,Bhopal,Madhya Pradesh,2024-02-08,Occasional Customer
C007853,Akash Das,Male,47,Jaipur,Rajasthan,2024-03-01,Regular Customer
C007854,Vivek Kulkarni,Female,20,Nashik,Maharashtra,2024-01-13,Occasional Customer
C007855,Ananya Verma,Female,46,Chennai,Tamil Nadu,2024-01-16,Loyal Customer
C007856,Rohan Singh,Female,31,Hyderabad,Telangana,2024-01-01,Loyal Customer
C007857,Ayush Mehta,Male,30,Surat,Gujarat,2024-01-08,Loyal Customer
C007858,Sneha Das,Male,36,Chennai,Tamil Nadu,2024-01-03,Loyal Customer
C007859,Karan Kulkarni,Male,42,Nagpur,Maharashtra,2024-04-10,New Customer
C007860,Kavita Kadam,Female,27,Aurangabad,Maharashtra,2024-05-09,New Customer
C007861,Riya Mehta,Female,32,Indore,Madhya Pradesh,2026-01-28,New Customer
C007862,Sonia Sawant,Female,45,Mysuru,Karnataka,2024-01-24,Regular Customer
C007863,Manish More,Female,57,Mysuru,Karnataka,2024-03-11,Occasional Customer
C007864,Nikhil Kulkarni,Female,55,Delhi,Delhi,2024-02-18,Occasional Customer
C007865,Vikas Patil,Female,24,Indore,Madhya Pradesh,2024-01-11,Occasional Customer
C007866,Ananya Chavan,Male,31,Aurangabad,Maharashtra,2024-01-24,Occasional Customer
C007867,Sakshi Gaikwad,Female,47,Ahmedabad,Gujarat,2024-06-24,Occasional Customer
C007868,Ananya Kadam,Male,57,Mysuru,Karnataka,2024-01-04,Loyal Customer
C007869,Sameer Iyer,Female,29,Bengaluru,Karnataka,2025-03-19,New Customer
C007870,Rahul Das,Male,45,Indore,Madhya Pradesh,2024-01-10,Regular Customer
C007871,Manish Gupta,Female,31,Mumbai,Maharashtra,2024-01-10,Loyal Customer
C007872,Nikhil Singh,Female,18,Nashik,Maharashtra,2024-01-14,Loyal Customer
C007873,Sonia Gaikwad,Female,21,Nashik,Maharashtra,2024-04-11,Occasional Customer
C007874,Karan Mehta,Female,35,Bhopal,Madhya Pradesh,2024-01-03,Loyal Customer
C007875,Amit More,Female,53,Bengaluru,Karnataka,2024-01-23,Loyal Customer
C007876,Aarav Rao,Female,49,Bhopal,Madhya Pradesh,2024-02-17,Occasional Customer
C007877,Kavita Nair,Male,45,Surat,Gujarat,2024-01-30,Regular Customer
C007878,Amit Rao,Female,45,Kolkata,West Bengal,2024-03-07,Loyal Customer
C007879,Amit Jadhav,Male,55,Latur,Maharashtra,2024-02-14,Regular Customer
C007880,Gaurav Mehta,Female,49,Mysuru,Karnataka,2024-01-30,Occasional Customer
C007881,Rohan More,Female,25,Kolkata,West Bengal,2024-01-09,New Customer
C007882,Aditi Kumar,Female,42,Nashik,Maharashtra,2024-09-21,Occasional Customer
C007883,Rohan Reddy,Female,64,Bhopal,Madhya Pradesh,2024-01-15,Regular Customer
C007884,Divya Nair,Female,37,Bhopal,Madhya Pradesh,2024-01-21,Regular Customer
C007885,Sakshi Joshi,Female,50,Indore,Madhya Pradesh,2024-04-19,Occasional Customer
C007886,Rahul Shah,Male,47,Chennai,Tamil Nadu,2024-03-06,New Customer
C007887,Harsh Nair,Female,54,Hyderabad,Telangana,2024-01-18,Occasional Customer
C007888,Isha Pawar,Female,33,Jaipur,Rajasthan,2024-01-01,Regular Customer
C007889,Isha Kadam,Male,42,Delhi,Delhi,2024-03-15,Regular Customer
C007890,Sameer Thakur,Female,55,Surat,Gujarat,2024-01-04,Occasional Customer
C007891,Kavita Sawant,Female,59,Nagpur,Maharashtra,2024-01-10,Loyal Customer
C007892,Arjun Bhosale,Other,27,Lucknow,Uttar Pradesh,2024-01-21,Loyal Customer
C007893,Kavita Nair,Female,22,Bhopal,Madhya Pradesh,2024-03-14,Regular Customer
C007894,Vikas Kumar,Male,25,Mysuru,Karnataka,2024-07-04,New Customer
C007895,Sneha Joshi,Male,50,Latur,Maharashtra,2024-01-04,Occasional Customer
C007896,Ayush Reddy,Female,54,Ahmedabad,Gujarat,2024-01-29,Occasional Customer
C007897,Sonia Deshmukh,Female,18,Mysuru,Karnataka,2024-03-04,Occasional Customer
C007898,Ayush Bhosale,Female,48,Bhopal,Madhya Pradesh,2024-06-10,New Customer
C007899,Sakshi Chavan,Male,24,Kanpur,Uttar Pradesh,2024-02-25,Occasional Customer
C007900,Sonia Deshmukh,Female,64,Jaipur,Rajasthan,2024-01-07,Loyal Customer
C007901,Pooja Deshmukh,Female,40,Latur,Maharashtra,2024-01-25,Occasional Customer
C007902,Aditya Iyer,Male,41,Ahmedabad,Gujarat,2024-05-11,Loyal Customer
C007903,Anjali Deshmukh,Male,31,Nashik,Maharashtra,2024-01-07,Regular Customer
C007904,Ananya Mehta,Male,40,Surat,Gujarat,2024-01-02,Loyal Customer
C007905,Aditi Deshmukh,Male,26,Mumbai,Maharashtra,2024-01-23,Loyal Customer
C007906,Rohan Sawant,Male,25,Kanpur,Uttar Pradesh,2024-01-17,Loyal Customer
C007907,Manish Kumar,Male,25,Aurangabad,Maharashtra,2024-02-21,Loyal Customer
C007908,Karan Das,Female,20,Warangal,Telangana,2024-01-24,Loyal Customer
C007909,Sonia Sharma,Male,49,Chennai,Tamil Nadu,2024-01-17,Regular Customer
C007910,Harsh Rao,Male,21,Pune,Maharashtra,2024-01-14,Regular Customer
C007911,Kavita Kumar,Male,55,Chennai,Tamil Nadu,2024-01-08,Loyal Customer
C007912,Rohan Jadhav,Male,19,Aurangabad,Maharashtra,2024-01-13,Regular Customer
C007913,Karan Yadav,Female,26,Vadodara,Gujarat,2024-01-16,Loyal Customer
C007914,Kavita Rao,Male,63,Aurangabad,Maharashtra,2024-01-04,Loyal Customer
C007915,Rahul Singh,Female,18,Ahmedabad,Gujarat,2024-01-22,Occasional Customer
C007916,Manish Nair,Female,28,Bengaluru,Karnataka,2024-02-09,Regular Customer
C007917,Akash Gaikwad,Male,46,Mysuru,Karnataka,2024-04-15,New Customer
C007918,Aarav Shah,Female,43,Mumbai,Maharashtra,2024-02-07,Loyal Customer
C007919,Aniket Kumar,Female,44,Nagpur,Maharashtra,2024-01-02,Occasional Customer
C007920,Sneha Iyer,Male,55,Bhopal,Madhya Pradesh,2024-01-21,Loyal Customer
C007921,Aarav Nair,Female,46,Chennai,Tamil Nadu,2024-02-17,Occasional Customer
C007922,Harsh Nair,Female,50,Nagpur,Maharashtra,2024-04-30,Regular Customer
C007923,Manish Iyer,Female,45,Bengaluru,Karnataka,2024-01-09,Loyal Customer
C007924,Divya Joshi,Male,48,Pune,Maharashtra,2024-05-08,Regular Customer
C007925,Rohan Rao,Female,36,Nagpur,Maharashtra,2024-08-22,New Customer
C007926,Vivek Banerjee,Male,65,Surat,Gujarat,2024-04-20,Regular Customer
C007927,Vikas Verma,Male,43,Nashik,Maharashtra,2024-05-03,Occasional Customer
C007928,Rahul Shah,Male,46,Lucknow,Uttar Pradesh,2024-03-09,Occasional Customer
C007929,Aditi Shah,Female,28,Ahmedabad,Gujarat,2025-02-26,Occasional Customer
C007930,Isha Pawar,Female,58,Hyderabad,Telangana,2024-02-13,Occasional Customer
C007931,Rahul Kumar,Male,49,Chennai,Tamil Nadu,2024-02-10,Loyal Customer
C007932,Vikas Menon,Male,38,Nagpur,Maharashtra,2024-01-27,Regular Customer
C007933,Kavita Singh,Female,55,Bengaluru,Karnataka,2024-02-21,Loyal Customer
C007934,Anjali Pawar,Female,51,Pune,Maharashtra,2024-01-01,Loyal Customer
C007935,Aditya Kadam,Male,57,Vadodara,Gujarat,2024-01-16,Loyal Customer
C007936,Sneha Jadhav,Female,39,Bengaluru,Karnataka,2024-05-20,Regular Customer
C007937,Kavita Kadam,Male,65,Chennai,Tamil Nadu,2024-01-10,Regular Customer
C007938,Aditi Bhosale,Female,44,Chennai,Tamil Nadu,2024-01-01,Regular Customer
C007939,Karan Gaikwad,Female,25,Kolkata,West Bengal,2024-01-07,Loyal Customer
C007940,Ananya Kadam,Male,57,Pune,Maharashtra,2024-02-16,New Customer
C007941,Akash Chavan,Female,63,Bhopal,Madhya Pradesh,2024-02-09,Occasional Customer
C007942,Vivek Rao,Female,48,Ahmedabad,Gujarat,2024-01-03,Loyal Customer
C007943,Anjali Banerjee,Male,18,Surat,Gujarat,2025-02-19,Occasional Customer
C007944,Manish Mishra,Male,56,Aurangabad,Maharashtra,2026-07-19,New Customer
C007945,Sakshi Mishra,Male,51,Mysuru,Karnataka,2025-06-21,New Customer
C007946,Akash Sawant,Male,64,Chennai,Tamil Nadu,2024-03-22,Regular Customer
C007947,Ayush Yadav,Female,41,Mysuru,Karnataka,2024-01-28,Loyal Customer
C007948,Ayush More,Male,45,Delhi,Delhi,2024-06-03,Occasional Customer
C007949,Aniket Sharma,Female,21,Pune,Maharashtra,2024-01-09,Regular Customer
C007950,Rohan Reddy,Male,35,Aurangabad,Maharashtra,2024-02-12,Occasional Customer
C007951,Neha Gaikwad,Other,46,Hyderabad,Telangana,2024-04-26,Regular Customer
C007952,Aniket Kumar,Male,40,Latur,Maharashtra,2024-01-07,Loyal Customer
C007953,Ayush Kumar,Male,54,Vadodara,Gujarat,2025-02-20,New Customer
C007954,Vivek Reddy,Male,44,Nagpur,Maharashtra,2024-11-24,Occasional Customer
C007955,Kavita Banerjee,Female,33,Ahmedabad,Gujarat,2024-01-03,Loyal Customer
C007956,Vikas Patil,Male,62,Nagpur,Maharashtra,2024-01-02,Occasional Customer
C007957,Vivek Thakur,Male,44,Patna,Bihar,2024-01-19,New Customer
C007958,Vikas Shah,Female,26,Latur,Maharashtra,2024-08-07,Regular Customer
C007959,Sonia Yadav,Female,22,Delhi,Delhi,2024-02-20,Occasional Customer
C007960,Aditi Kadam,Female,25,Indore,Madhya Pradesh,2024-03-03,Occasional Customer
C007961,Aarav Shah,Male,35,Mysuru,Karnataka,2024-02-29,Loyal Customer
C007962,Isha Chavan,Male,52,Chennai,Tamil Nadu,2024-01-19,Occasional Customer
C007963,Ayush Kadam,Female,23,Indore,Madhya Pradesh,2024-04-05,Occasional Customer
C007964,Akash Sharma,Male,60,Nashik,Maharashtra,2024-01-05,Regular Customer
C007965,Divya Singh,Male,40,Pune,Maharashtra,2024-01-06,Regular Customer
C007966,Rohan Pawar,Male,63,Delhi,Delhi,2024-01-12,Regular Customer
C007967,Gaurav Kadam,Female,43,Hyderabad,Telangana,2024-04-10,Regular Customer
C007968,Aarav Kulkarni,Male,56,Pune,Maharashtra,2024-01-02,Loyal Customer
C007969,Harsh Yadav,Female,41,Bhopal,Madhya Pradesh,2024-04-13,Regular Customer
C007970,Aniket Deshmukh,Male,27,Patna,Bihar,2024-01-18,Occasional Customer
C007971,Kavita Verma,Female,32,Nashik,Maharashtra,2024-01-01,Regular Customer
C007972,Vikas Jadhav,Female,55,Warangal,Telangana,2026-02-24,New Customer
C007973,Harsh Kulkarni,Male,37,Kanpur,Uttar Pradesh,2024-01-02,Regular Customer
C007974,Vivek Yadav,Male,46,Surat,Gujarat,2024-01-01,Loyal Customer
C007975,Aarav Jadhav,Female,23,Chennai,Tamil Nadu,2024-01-04,Loyal Customer
C007976,Sakshi Rao,Male,65,Vadodara,Gujarat,2024-01-12,Regular Customer
C007977,Arjun Joshi,Female,26,Patna,Bihar,2024-01-17,Loyal Customer
C007978,Karan Gaikwad,Female,22,Bhopal,Madhya Pradesh,2024-08-09,Regular Customer
C007979,Divya Sawant,Female,65,Delhi,Delhi,2024-02-12,Occasional Customer
C007980,Divya Bhosale,Male,56,Warangal,Telangana,2024-02-11,Occasional Customer
C007981,Vikas Pawar,Male,36,Pune,Maharashtra,2024-01-01,Loyal Customer
C007982,Manish Das,Female,22,Kolkata,West Bengal,2024-01-03,Regular Customer
C007983,Arjun Kulkarni,Male,37,Bengaluru,Karnataka,2024-01-21,Regular Customer
C007984,Isha Rao,Female,28,Lucknow,Uttar Pradesh,2024-02-05,Occasional Customer
C007985,Sneha Thakur,Female,44,Kanpur,Uttar Pradesh,2024-09-22,New Customer
C007986,Ananya Jadhav,Male,46,Warangal,Telangana,2024-01-11,Regular Customer
C007987,Divya Iyer,Male,24,Lucknow,Uttar Pradesh,2024-03-14,Occasional Customer
C007988,Harsh Sharma,Male,20,Aurangabad,Maharashtra,2024-01-24,Occasional Customer
C007989,Divya Singh,Female,22,Delhi,Delhi,2024-01-04,Regular Customer
C007990,Sonia Nair,Male,30,Kolkata,West Bengal,2024-02-19,Occasional Customer
C007991,Aniket Kulkarni,Male,33,Warangal,Telangana,2024-01-03,Loyal Customer
C007992,Aniket Sawant,Female,29,Lucknow,Uttar Pradesh,2024-04-10,Occasional Customer
C007993,Aditi Jadhav,Male,56,Warangal,Telangana,2024-01-20,Regular Customer
C007994,Gaurav Bhosale,Male,44,Lucknow,Uttar Pradesh,2024-01-02,Regular Customer
C007995,Rohan Chavan,Male,62,Bhopal,Madhya Pradesh,2024-07-25,Occasional Customer
C007996,Vikas Patil,Female,50,Mysuru,Karnataka,2024-02-22,Regular Customer
C007997,Ananya Rao,Male,32,Hyderabad,Telangana,2024-01-02,Loyal Customer
C007998,Aniket Yadav,Female,38,Bengaluru,Karnataka,2024-01-10,Occasional Customer
C007999,Rahul More,Female,61,Mumbai,Maharashtra,2024-01-14,New Customer
C008000,Akash Bhosale,Female,34,Lucknow,Uttar Pradesh,2024-01-06,Regular Customer
C008001,Karan Gupta,Female,54,Aurangabad,Maharashtra,2024-03-18,New Customer
C008002,Karan Das,Male,32,Lucknow,Uttar Pradesh,2024-03-06,Regular Customer
C008003,Rahul Nair,Male,37,Mumbai,Maharashtra,2024-01-11,Loyal Customer
C008004,Amit Chavan,Male,36,Kolkata,West Bengal,2024-02-17,Loyal Customer
C008005,Sakshi Menon,Female,18,Jaipur,Rajasthan,2024-02-07,Loyal Customer
C008006,Sakshi Singh,Male,21,Hyderabad,Telangana,2024-01-19,Occasional Customer
C008007,Gaurav Verma,Male,20,Chennai,Tamil Nadu,2024-01-03,Regular Customer
C008008,Rohan Kumar,Male,25,Warangal,Telangana,2024-01-07,Regular Customer
C008009,Rohan Banerjee,Male,58,Aurangabad,Maharashtra,2024-01-26,Regular Customer
C008010,Sneha Gaikwad,Female,61,Mysuru,Karnataka,2024-01-28,Regular Customer
C008011,Amit Kulkarni,Female,22,Patna,Bihar,2024-01-02,Regular Customer
C008012,Akash Das,Male,26,Aurangabad,Maharashtra,2024-01-07,Loyal Customer
C008013,Aarav Jadhav,Female,18,Indore,Madhya Pradesh,2026-06-08,New Customer
C008014,Amit Kadam,Male,60,Aurangabad,Maharashtra,2024-04-04,Loyal Customer
C008015,Kavita Sharma,Female,47,Vadodara,Gujarat,2024-01-17,Regular Customer
C008016,Sakshi Rao,Female,24,Kolkata,West Bengal,2024-01-19,Regular Customer
C008017,Anjali Patil,Male,39,Ahmedabad,Gujarat,2024-01-09,Regular Customer
C008018,Rahul Banerjee,Male,37,Mumbai,Maharashtra,2024-01-03,Regular Customer
C008019,Deepak Bhosale,Female,46,Delhi,Delhi,2024-01-09,Occasional Customer
C008020,Nikhil Iyer,Female,44,Mumbai,Maharashtra,2024-03-12,Occasional Customer
C008021,Aarav Bhosale,Female,42,Delhi,Delhi,2024-01-03,Regular Customer
C008022,Karan Sawant,Female,63,Bhopal,Madhya Pradesh,2024-01-05,Occasional Customer
C008023,Ayush Yadav,Female,52,Bhopal,Madhya Pradesh,2024-11-23,New Customer
C008024,Aditya Menon,Female,44,Patna,Bihar,2024-01-01,Regular Customer
C008025,Harsh Joshi,Female,28,Jaipur,Rajasthan,2024-01-30,Loyal Customer
C008026,Nikhil Jadhav,Male,34,Ahmedabad,Gujarat,2024-02-25,Loyal Customer
C008027,Rohan Verma,Female,48,Hyderabad,Telangana,2024-05-30,Regular Customer
C008028,Ananya Joshi,Female,35,Mumbai,Maharashtra,2024-01-01,Occasional Customer
C008029,Arjun Menon,Female,36,Jaipur,Rajasthan,2024-01-06,Regular Customer
C008030,Akash Mishra,Male,55,Mumbai,Maharashtra,2024-01-03,Loyal Customer
C008031,Arjun Nair,Male,46,Indore,Madhya Pradesh,2024-01-02,Occasional Customer
C008032,Anjali Rao,Female,32,Latur,Maharashtra,2024-01-12,Loyal Customer
C008033,Sneha Bhosale,Female,24,Pune,Maharashtra,2024-04-06,Occasional Customer
C008034,Aniket Yadav,Female,54,Indore,Madhya Pradesh,2024-01-09,Regular Customer
C008035,Riya Das,Male,54,Latur,Maharashtra,2024-01-02,Regular Customer
C008036,Sameer Kulkarni,Male,24,Surat,Gujarat,2024-02-18,Occasional Customer
C008037,Riya Iyer,Male,39,Bhopal,Madhya Pradesh,2025-11-10,Occasional Customer
C008038,Kavita Shah,Female,29,Latur,Maharashtra,2024-06-06,Occasional Customer
C008039,Ananya Shinde,Male,25,Mysuru,Karnataka,2025-01-22,Occasional Customer
C008040,Sonia Mehta,Female,35,Bhopal,Madhya Pradesh,2024-02-17,New Customer
C008041,Pooja Reddy,Male,45,Bengaluru,Karnataka,2024-08-05,Regular Customer
C008042,Amit Joshi,Female,35,Warangal,Telangana,2024-01-10,Regular Customer
C008043,Akash Jadhav,Female,48,Mysuru,Karnataka,2024-01-15,Occasional Customer
C008044,Gaurav Patil,Female,34,Indore,Madhya Pradesh,2024-01-02,Occasional Customer
C008045,Arjun Shinde,Male,40,Latur,Maharashtra,2024-01-17,Regular Customer
C008046,Vivek Jadhav,Female,28,Surat,Gujarat,2024-05-16,Occasional Customer
C008047,Harsh Sharma,Male,32,Vadodara,Gujarat,2024-06-06,Occasional Customer
C008048,Nikhil Shinde,Male,47,Vadodara,Gujarat,2024-01-14,Loyal Customer
C008049,Aditya Mishra,Male,48,Latur,Maharashtra,2024-04-24,Regular Customer
C008050,Aditi Gaikwad,Female,23,Hyderabad,Telangana,2024-02-06,Loyal Customer
C008051,Harsh Verma,Male,29,Chennai,Tamil Nadu,2024-01-02,Loyal Customer
C008052,Ayush Nair,Female,40,Nagpur,Maharashtra,2024-01-13,Regular Customer
C008053,Pooja Joshi,Male,56,Surat,Gujarat,2024-01-08,Regular Customer
C008054,Anjali Chavan,Male,57,Vadodara,Gujarat,2024-01-12,Regular Customer
C008055,Harsh Yadav,Male,53,Lucknow,Uttar Pradesh,2024-01-12,Loyal Customer
C008056,Aditi Verma,Female,52,Jaipur,Rajasthan,2024-01-12,Regular Customer
C008057,Harsh Reddy,Male,20,Hyderabad,Telangana,2024-05-12,Regular Customer
C008058,Aditi Sawant,Female,59,Warangal,Telangana,2025-01-22,Occasional Customer
C008059,Akash More,Female,45,Bhopal,Madhya Pradesh,2024-01-08,Loyal Customer
C008060,Divya More,Female,32,Ahmedabad,Gujarat,2024-01-14,Loyal Customer
C008061,Divya Nair,Male,30,Patna,Bihar,2024-01-06,Regular Customer
C008062,Harsh Joshi,Male,36,Bengaluru,Karnataka,2024-05-04,Occasional Customer
C008063,Deepak Singh,Female,57,Mysuru,Karnataka,2024-07-06,Occasional Customer
C008064,Aditi Pawar,Female,35,Patna,Bihar,2024-09-17,Occasional Customer
C008065,Aditi Sharma,Male,48,Bengaluru,Karnataka,2024-03-26,Occasional Customer
C008066,Aditi Rao,Female,54,Kolkata,West Bengal,2024-02-22,Occasional Customer
C008067,Rohan Chavan,Male,38,Kanpur,Uttar Pradesh,2024-01-22,Occasional Customer
C008068,Aniket Sawant,Female,56,Pune,Maharashtra,2024-01-19,Regular Customer
C008069,Karan More,Male,22,Ahmedabad,Gujarat,2024-01-22,Occasional Customer
C008070,Vivek Shah,Male,34,Pune,Maharashtra,2024-02-02,Occasional Customer
C008071,Akash Bhosale,Male,36,Lucknow,Uttar Pradesh,2024-04-20,Occasional Customer
C008072,Ananya More,Female,21,Pune,Maharashtra,2024-02-08,Occasional Customer
C008073,Karan Kadam,Other,43,Nagpur,Maharashtra,2024-01-06,Loyal Customer
C008074,Deepak Sawant,Male,41,Latur,Maharashtra,2024-02-02,Regular Customer
C008075,Akash Kulkarni,Female,56,Nagpur,Maharashtra,2024-01-26,Regular Customer
C008076,Rahul Sharma,Female,55,Mysuru,Karnataka,2024-02-08,Loyal Customer
C008077,Rahul Gupta,Female,63,Latur,Maharashtra,2024-03-17,Occasional Customer
C008078,Sakshi Mishra,Male,36,Jaipur,Rajasthan,2024-08-14,Occasional Customer
C008079,Amit Chavan,Female,47,Indore,Madhya Pradesh,2024-02-24,Regular Customer
C008080,Divya Iyer,Male,43,Lucknow,Uttar Pradesh,2024-01-03,Occasional Customer
C008081,Sameer Kadam,Male,28,Nagpur,Maharashtra,2024-01-23,Loyal Customer
C008082,Rohan Menon,Female,56,Bhopal,Madhya Pradesh,2024-05-15,Regular Customer
C008083,Neha Verma,Female,20,Hyderabad,Telangana,2024-01-03,Loyal Customer
C008084,Nikhil Kadam,Female,39,Bengaluru,Karnataka,2024-09-19,Occasional Customer
C008085,Anjali Reddy,Female,34,Kanpur,Uttar Pradesh,2024-01-14,Loyal Customer
C008086,Arjun Shinde,Female,28,Chennai,Tamil Nadu,2024-01-28,Regular Customer
C008087,Neha Gaikwad,Male,64,Aurangabad,Maharashtra,2024-04-08,Occasional Customer
C008088,Aditya Singh,Male,56,Nagpur,Maharashtra,2026-03-11,New Customer
C008089,Akash Jadhav,Female,64,Delhi,Delhi,2024-10-01,Occasional Customer
C008090,Pooja Iyer,Female,44,Nashik,Maharashtra,2024-01-12,Regular Customer
C008091,Nikhil Kulkarni,Other,60,Aurangabad,Maharashtra,2024-02-17,Loyal Customer
C008092,Aditi Mehta,Female,46,Mumbai,Maharashtra,2024-01-01,Regular Customer
C008093,Vivek Singh,Female,29,Bhopal,Madhya Pradesh,2024-03-15,Loyal Customer
C008094,Pooja Banerjee,Female,30,Chennai,Tamil Nadu,2024-04-01,Regular Customer
C008095,Aniket Shinde,Male,28,Ahmedabad,Gujarat,2024-01-16,Occasional Customer
C008096,Riya Thakur,Male,48,Bengaluru,Karnataka,2024-08-11,Occasional Customer
C008097,Vivek Kulkarni,Female,28,Pune,Maharashtra,2024-01-13,Loyal Customer
C008098,Aditya Gupta,Female,58,Aurangabad,Maharashtra,2024-02-28,Regular Customer
C008099,Nikhil Chavan,Female,60,Ahmedabad,Gujarat,2025-04-29,Occasional Customer
C008100,Ayush Iyer,Male,53,Jaipur,Rajasthan,2024-06-09,Regular Customer
C008101,Karan Menon,Female,19,Jaipur,Rajasthan,2024-10-05,New Customer
C008102,Aniket Gupta,Female,40,Nagpur,Maharashtra,2024-04-25,Occasional Customer
C008103,Rohan Jadhav,Female,53,Vadodara,Gujarat,2024-01-04,Occasional Customer
C008104,Aditi Jadhav,Male,31,Nashik,Maharashtra,2024-01-03,Occasional Customer
C008105,Aniket Bhosale,Female,54,Delhi,Delhi,2024-02-06,Loyal Customer
C008106,Manish Nair,Female,44,Surat,Gujarat,2024-04-02,Occasional Customer
C008107,Arjun Singh,Female,29,Nagpur,Maharashtra,2024-03-31,Occasional Customer
C008108,Vikas Menon,Female,46,Jaipur,Rajasthan,2024-01-10,Loyal Customer
C008109,Sonia Mishra,Female,23,Vadodara,Gujarat,2024-03-01,Regular Customer
C008110,Vivek Gupta,Male,61,Kolkata,West Bengal,2024-01-15,Loyal Customer
C008111,Divya Singh,Male,64,Mysuru,Karnataka,2025-07-24,New Customer
C008112,Divya Thakur,Female,40,Bengaluru,Karnataka,2026-03-11,New Customer
C008113,Pooja Nair,Male,27,Delhi,Delhi,2024-01-12,Loyal Customer
C008114,Akash Kumar,Female,51,Jaipur,Rajasthan,2024-02-21,Regular Customer
C008115,Harsh Deshmukh,Male,61,Mysuru,Karnataka,2024-04-04,Occasional Customer
C008116,Karan Bhosale,Male,29,Indore,Madhya Pradesh,2024-03-26,Regular Customer
C008117,Kavita Kumar,Female,49,Lucknow,Uttar Pradesh,2024-01-06,Regular Customer
C008118,Kavita Das,Male,43,Pune,Maharashtra,2024-01-25,Regular Customer
C008119,Aarav Pawar,Female,24,Pune,Maharashtra,2024-01-26,Regular Customer
C008120,Nikhil More,Female,49,Latur,Maharashtra,2024-04-04,Regular Customer
C008121,Riya Jadhav,Male,50,Lucknow,Uttar Pradesh,2024-01-07,Regular Customer
C008122,Ayush Patil,Female,35,Warangal,Telangana,2024-03-26,Regular Customer
C008123,Neha Patil,Male,52,Nagpur,Maharashtra,2024-03-13,Regular Customer
C008124,Sameer Nair,Female,37,Surat,Gujarat,2024-03-08,Occasional Customer
C008125,Aniket Iyer,Male,48,Jaipur,Rajasthan,2024-01-18,Occasional Customer
C008126,Sneha Gaikwad,Male,22,Mumbai,Maharashtra,2024-01-16,Loyal Customer
C008127,Karan Rao,Female,49,Patna,Bihar,2024-01-07,Regular Customer
C008128,Manish Mishra,Female,64,Nagpur,Maharashtra,2024-02-10,Occasional Customer
C008129,Kavita Deshmukh,Male,59,Vadodara,Gujarat,2024-01-12,Regular Customer
C008130,Ananya Thakur,Female,36,Bhopal,Madhya Pradesh,2024-01-01,Regular Customer
C008131,Sakshi Verma,Female,18,Bengaluru,Karnataka,2024-09-18,Regular Customer
C008132,Gaurav Gupta,Female,24,Latur,Maharashtra,2024-01-16,New Customer
C008133,Sakshi Gaikwad,Male,39,Patna,Bihar,2024-01-14,Regular Customer
C008134,Gaurav Shah,Female,51,Mumbai,Maharashtra,2024-02-23,Regular Customer
C008135,Arjun Shinde,Female,27,Patna,Bihar,2024-01-20,Regular Customer
C008136,Ananya Sharma,Female,64,Mysuru,Karnataka,2024-01-27,Occasional Customer
C008137,Ananya Mehta,Female,59,Latur,Maharashtra,2024-01-03,Occasional Customer
C008138,Aniket Mehta,Male,43,Chennai,Tamil Nadu,2024-01-16,Loyal Customer
C008139,Riya Sharma,Male,49,Nashik,Maharashtra,2024-02-17,Occasional Customer
C008140,Vikas Kumar,Male,59,Ahmedabad,Gujarat,2024-01-29,Loyal Customer
C008141,Sameer Verma,Male,44,Indore,Madhya Pradesh,2024-02-01,Regular Customer
C008142,Isha Verma,Male,29,Warangal,Telangana,2024-01-26,Occasional Customer
C008143,Riya Iyer,Female,57,Kanpur,Uttar Pradesh,2024-10-24,Occasional Customer
C008144,Kavita More,Male,40,Nagpur,Maharashtra,2024-01-01,Regular Customer
C008145,Ayush Mishra,Male,31,Chennai,Tamil Nadu,2024-02-14,Occasional Customer
C008146,Anjali Sawant,Male,51,Hyderabad,Telangana,2024-02-17,Regular Customer
C008147,Riya More,Male,34,Chennai,Tamil Nadu,2024-06-22,New Customer
C008148,Manish Kulkarni,Male,23,Pune,Maharashtra,2024-02-10,Regular Customer
C008149,Ananya Joshi,Female,44,Surat,Gujarat,2024-01-19,Regular Customer
C008150,Aditi Gupta,Male,25,Vadodara,Gujarat,2024-08-14,New Customer
C008151,Anjali Sawant,Female,50,Aurangabad,Maharashtra,2024-04-09,Regular Customer
C008152,Aditi Reddy,Male,52,Bengaluru,Karnataka,2025-06-19,New Customer
C008153,Amit Singh,Female,64,Patna,Bihar,2024-01-09,Regular Customer
C008154,Arjun Kumar,Male,34,Delhi,Delhi,2024-01-04,Regular Customer
C008155,Amit More,Female,43,Aurangabad,Maharashtra,2024-01-04,Regular Customer
C008156,Sonia Das,Female,24,Nagpur,Maharashtra,2024-02-10,Occasional Customer
C008157,Aditi Reddy,Female,63,Indore,Madhya Pradesh,2024-01-02,Occasional Customer
C008158,Anjali Banerjee,Female,41,Pune,Maharashtra,2024-01-06,Regular Customer
C008159,Aniket Gupta,Female,42,Mumbai,Maharashtra,2024-01-27,Regular Customer
C008160,Akash Sharma,Female,52,Hyderabad,Telangana,2024-01-18,Loyal Customer
C008161,Pooja Kadam,Female,43,Surat,Gujarat,2024-02-07,Regular Customer
C008162,Pooja Shah,Female,22,Aurangabad,Maharashtra,2024-06-27,Occasional Customer
C008163,Divya Chavan,Female,64,Lucknow,Uttar Pradesh,2024-02-14,Regular Customer
C008164,Aditya Nair,Female,55,Delhi,Delhi,2024-12-24,Regular Customer
C008165,Vikas Gupta,Male,52,Pune,Maharashtra,2024-04-14,Loyal Customer
C008166,Arjun Iyer,Female,47,Warangal,Telangana,2024-01-17,Regular Customer
C008167,Amit Bhosale,Male,42,Bengaluru,Karnataka,2024-04-07,Occasional Customer
C008168,Vikas Shah,Female,41,Nagpur,Maharashtra,2024-03-22,Regular Customer
C008169,Ayush Chavan,Male,47,Pune,Maharashtra,2024-01-10,Regular Customer
C008170,Aditi Reddy,Male,37,Hyderabad,Telangana,2024-10-09,Occasional Customer
C008171,Sneha Sharma,Female,20,Aurangabad,Maharashtra,2024-06-22,Occasional Customer
C008172,Sneha Kadam,Female,49,Patna,Bihar,2024-01-16,Loyal Customer
C008173,Anjali Iyer,Male,25,Aurangabad,Maharashtra,2024-01-01,Loyal Customer
C008174,Arjun Pawar,Male,64,Kanpur,Uttar Pradesh,2024-01-10,Occasional Customer
C008175,Arjun Sharma,Male,40,Ahmedabad,Gujarat,2024-02-21,Occasional Customer
C008176,Manish Rao,Female,63,Patna,Bihar,2024-02-26,Occasional Customer
C008177,Sonia Menon,Male,33,Kanpur,Uttar Pradesh,2024-01-01,Occasional Customer
C008178,Sakshi Mehta,Female,52,Latur,Maharashtra,2024-02-01,Regular Customer
C008179,Akash Iyer,Female,42,Kanpur,Uttar Pradesh,2024-01-10,Occasional Customer
C008180,Rohan Nair,Female,32,Bhopal,Madhya Pradesh,2024-02-08,Occasional Customer
C008181,Gaurav Reddy,Male,25,Pune,Maharashtra,2024-02-08,Regular Customer
C008182,Arjun Mishra,Male,51,Latur,Maharashtra,2024-01-01,Loyal Customer
C008183,Pooja Reddy,Female,42,Bengaluru,Karnataka,2024-01-14,Loyal Customer
C008184,Nikhil Gupta,Female,61,Nagpur,Maharashtra,2024-02-13,Loyal Customer
C008185,Aniket Banerjee,Male,36,Mumbai,Maharashtra,2024-08-31,Occasional Customer
C008186,Isha Joshi,Female,60,Mumbai,Maharashtra,2024-01-02,Occasional Customer
C008187,Deepak More,Male,30,Lucknow,Uttar Pradesh,2024-01-21,Regular Customer
C008188,Aniket Mehta,Male,63,Aurangabad,Maharashtra,2024-03-23,Occasional Customer
C008189,Pooja Das,Male,29,Ahmedabad,Gujarat,2026-05-11,New Customer
C008190,Sonia Menon,Female,32,Lucknow,Uttar Pradesh,2024-01-15,Occasional Customer
C008191,Gaurav Jadhav,Male,40,Chennai,Tamil Nadu,2025-10-22,New Customer
C008192,Isha Joshi,Male,57,Jaipur,Rajasthan,2024-02-23,Occasional Customer
C008193,Rohan Iyer,Male,19,Lucknow,Uttar Pradesh,2024-07-20,Occasional Customer
C008194,Harsh Kadam,Female,57,Nagpur,Maharashtra,2024-06-09,Occasional Customer
C008195,Amit Singh,Female,40,Chennai,Tamil Nadu,2024-05-20,Regular Customer
C008196,Karan Deshmukh,Male,22,Aurangabad,Maharashtra,2024-04-24,New Customer
C008197,Karan Pawar,Male,51,Pune,Maharashtra,2024-01-06,Regular Customer
C008198,Isha Pawar,Male,27,Vadodara,Gujarat,2024-10-04,Occasional Customer
C008199,Sneha Mishra,Female,44,Hyderabad,Telangana,2024-01-14,Regular Customer
C008200,Ananya Shinde,Male,59,Ahmedabad,Gujarat,2024-02-06,Occasional Customer
C008201,Neha Yadav,Female,21,Kolkata,West Bengal,2024-04-15,Occasional Customer
C008202,Rohan Pawar,Male,21,Vadodara,Gujarat,2024-01-09,Regular Customer
C008203,Pooja Sawant,Male,25,Nagpur,Maharashtra,2024-03-25,Regular Customer
C008204,Aarav Sawant,Male,23,Patna,Bihar,2024-01-17,Regular Customer
C008205,Ananya Singh,Female,42,Kanpur,Uttar Pradesh,2024-02-17,Loyal Customer
C008206,Ananya Banerjee,Female,44,Aurangabad,Maharashtra,2024-01-07,Regular Customer
C008207,Gaurav Rao,Female,64,Warangal,Telangana,2024-01-16,Loyal Customer
C008208,Nikhil Shinde,Male,57,Vadodara,Gujarat,2024-03-26,Regular Customer
C008209,Aditya Jadhav,Male,37,Mumbai,Maharashtra,2024-01-04,Regular Customer
C008210,Aditya Bhosale,Female,44,Warangal,Telangana,2024-04-15,Regular Customer
C008211,Anjali Thakur,Female,24,Bhopal,Madhya Pradesh,2024-01-26,Regular Customer
C008212,Vivek Reddy,Female,40,Kanpur,Uttar Pradesh,2024-02-20,Regular Customer
C008213,Gaurav Kulkarni,Male,37,Jaipur,Rajasthan,2024-01-10,Regular Customer
C008214,Rohan Verma,Male,51,Bhopal,Madhya Pradesh,2024-03-16,Regular Customer
C008215,Amit Iyer,Male,46,Kanpur,Uttar Pradesh,2024-01-19,Loyal Customer
C008216,Sakshi Das,Female,61,Chennai,Tamil Nadu,2024-01-01,Loyal Customer
C008217,Aarav Shah,Female,22,Ahmedabad,Gujarat,2024-03-01,Loyal Customer
C008218,Akash Gaikwad,Female,44,Ahmedabad,Gujarat,2024-01-19,Loyal Customer
C008219,Gaurav Sharma,Male,29,Mysuru,Karnataka,2024-11-23,Occasional Customer
C008220,Akash Banerjee,Female,34,Hyderabad,Telangana,2024-01-16,Loyal Customer
C008221,Aarav Menon,Male,54,Surat,Gujarat,2024-03-19,Loyal Customer
C008222,Sneha Reddy,Male,51,Jaipur,Rajasthan,2024-01-20,Regular Customer
C008223,Vivek Patil,Female,47,Kolkata,West Bengal,2024-02-04,Regular Customer
C008224,Amit Joshi,Female,53,Chennai,Tamil Nadu,2024-03-20,Occasional Customer
C008225,Sakshi Deshmukh,Female,23,Bengaluru,Karnataka,2024-01-14,Regular Customer
C008226,Arjun Jadhav,Female,49,Warangal,Telangana,2024-04-08,New Customer
C008227,Pooja Shah,Male,49,Bhopal,Madhya Pradesh,2024-03-31,Regular Customer
C008228,Aarav Das,Female,26,Bhopal,Madhya Pradesh,2024-01-14,Loyal Customer
C008229,Aarav Das,Female,39,Ahmedabad,Gujarat,2024-01-15,Loyal Customer
C008230,Akash Gupta,Male,27,Bhopal,Madhya Pradesh,2024-03-05,Regular Customer
C008231,Rohan Banerjee,Female,46,Kolkata,West Bengal,2024-04-17,New Customer
C008232,Deepak Mishra,Female,28,Nashik,Maharashtra,2024-01-06,Regular Customer
C008233,Riya Deshmukh,Male,45,Indore,Madhya Pradesh,2024-01-13,Regular Customer
C008234,Aniket Jadhav,Male,19,Aurangabad,Maharashtra,2024-02-20,Regular Customer
C008235,Karan Menon,Male,38,Vadodara,Gujarat,2024-05-11,Regular Customer
C008236,Neha Singh,Female,48,Jaipur,Rajasthan,2024-12-01,Occasional Customer
C008237,Isha Banerjee,Female,58,Bengaluru,Karnataka,2024-01-07,Occasional Customer
C008238,Ananya Sawant,Female,34,Mysuru,Karnataka,2024-08-24,Regular Customer
C008239,Deepak Yadav,Male,44,Bhopal,Madhya Pradesh,2024-01-12,Regular Customer
C008240,Amit Joshi,Female,47,Indore,Madhya Pradesh,2024-01-02,Regular Customer
C008241,Aditi Gupta,Female,58,Bhopal,Madhya Pradesh,2024-01-16,Occasional Customer
C008242,Riya More,Male,25,Hyderabad,Telangana,2024-11-14,New Customer
C008243,Pooja Gupta,Female,54,Nashik,Maharashtra,2024-01-06,Regular Customer
C008244,Akash Sharma,Female,22,Aurangabad,Maharashtra,2024-03-04,Regular Customer
C008245,Sneha Patil,Male,43,Jaipur,Rajasthan,2024-01-04,Regular Customer
C008246,Akash Gupta,Male,23,Nagpur,Maharashtra,2024-01-16,Loyal Customer
C008247,Ayush Kulkarni,Female,33,Bhopal,Madhya Pradesh,2024-01-09,Occasional Customer
C008248,Kavita Singh,Female,18,Patna,Bihar,2024-01-13,Regular Customer
C008249,Sneha Bhosale,Female,26,Surat,Gujarat,2024-01-01,Occasional Customer
C008250,Amit Sharma,Female,38,Kolkata,West Bengal,2024-01-16,Regular Customer
C008251,Vivek Joshi,Male,24,Indore,Madhya Pradesh,2024-03-01,Loyal Customer
C008252,Aarav Joshi,Male,60,Mumbai,Maharashtra,2024-03-26,Occasional Customer
C008253,Harsh Gaikwad,Female,32,Patna,Bihar,2024-01-01,Loyal Customer
C008254,Amit Kadam,Male,41,Indore,Madhya Pradesh,2024-01-25,Loyal Customer
C008255,Pooja Sawant,Female,22,Delhi,Delhi,2024-01-01,Occasional Customer
C008256,Anjali Kumar,Male,55,Indore,Madhya Pradesh,2024-10-01,Occasional Customer
C008257,Vikas Rao,Male,46,Surat,Gujarat,2024-01-10,Loyal Customer
C008258,Gaurav Rao,Male,63,Kanpur,Uttar Pradesh,2024-04-18,Regular Customer
C008259,Vikas Nair,Male,63,Lucknow,Uttar Pradesh,2024-01-14,Loyal Customer
C008260,Sneha Singh,Female,28,Patna,Bihar,2024-03-02,Occasional Customer
C008261,Akash Yadav,Male,21,Hyderabad,Telangana,2024-02-06,New Customer
C008262,Ananya Kulkarni,Female,27,Ahmedabad,Gujarat,2024-01-01,Loyal Customer
C008263,Anjali Kulkarni,Female,51,Bhopal,Madhya Pradesh,2024-02-05,Loyal Customer
C008264,Ayush Kadam,Male,21,Surat,Gujarat,2024-01-05,Occasional Customer
C008265,Aditya Shah,Male,27,Mumbai,Maharashtra,2024-01-13,Loyal Customer
C008266,Deepak Kulkarni,Female,50,Hyderabad,Telangana,2024-01-09,Loyal Customer
C008267,Divya Kumar,Male,63,Warangal,Telangana,2024-01-02,Loyal Customer
C008268,Vivek Kumar,Other,35,Bhopal,Madhya Pradesh,2024-01-16,Loyal Customer
C008269,Aditya Singh,Female,29,Bengaluru,Karnataka,2024-03-08,Occasional Customer
C008270,Aditi Shah,Male,40,Mumbai,Maharashtra,2024-01-16,Occasional Customer
C008271,Amit Pawar,Female,61,Vadodara,Gujarat,2024-01-02,Occasional Customer
C008272,Harsh Verma,Male,42,Indore,Madhya Pradesh,2024-04-11,Occasional Customer
C008273,Deepak Shah,Male,54,Lucknow,Uttar Pradesh,2024-01-07,Regular Customer
C008274,Ananya Rao,Female,21,Latur,Maharashtra,2024-06-01,Occasional Customer
C008275,Harsh Jadhav,Male,30,Nagpur,Maharashtra,2024-04-23,Occasional Customer
C008276,Vikas Rao,Female,35,Aurangabad,Maharashtra,2024-07-22,Regular Customer
C008277,Rahul Sawant,Female,46,Pune,Maharashtra,2024-01-24,Regular Customer
C008278,Nikhil Banerjee,Male,61,Kanpur,Uttar Pradesh,2024-03-23,Occasional Customer
C008279,Ayush Kadam,Male,47,Nashik,Maharashtra,2024-01-11,Loyal Customer
C008280,Vikas Kulkarni,Male,65,Mysuru,Karnataka,2024-02-05,Occasional Customer
C008281,Arjun Kumar,Male,55,Mysuru,Karnataka,2024-01-05,Occasional Customer
C008282,Karan Rao,Male,45,Patna,Bihar,2024-01-06,Loyal Customer
C008283,Divya Kumar,Female,24,Delhi,Delhi,2024-02-19,Regular Customer
C008284,Arjun Das,Female,41,Jaipur,Rajasthan,2024-08-03,Regular Customer
C008285,Vivek Nair,Female,58,Indore,Madhya Pradesh,2024-02-07,Occasional Customer
C008286,Sameer Deshmukh,Male,27,Jaipur,Rajasthan,2024-03-29,Occasional Customer
C008287,Sameer Sharma,Female,54,Hyderabad,Telangana,2024-04-06,Occasional Customer
C008288,Sonia Kumar,Female,44,Jaipur,Rajasthan,2024-04-13,Occasional Customer
C008289,Amit Menon,Male,38,Nagpur,Maharashtra,2024-01-04,Loyal Customer
C008290,Pooja Jadhav,Male,53,Jaipur,Rajasthan,2024-04-14,Regular Customer
C008291,Deepak Jadhav,Male,60,Warangal,Telangana,2024-02-18,Occasional Customer
C008292,Gaurav Thakur,Female,46,Chennai,Tamil Nadu,2024-02-08,Occasional Customer
C008293,Rohan Das,Female,24,Nagpur,Maharashtra,2024-01-07,Loyal Customer
C008294,Sameer Yadav,Female,30,Indore,Madhya Pradesh,2024-01-30,Occasional Customer
C008295,Sneha Deshmukh,Female,62,Patna,Bihar,2024-05-22,Occasional Customer
C008296,Akash Mehta,Female,40,Bhopal,Madhya Pradesh,2024-02-17,Loyal Customer
C008297,Harsh Iyer,Male,42,Delhi,Delhi,2024-02-07,Loyal Customer
C008298,Arjun Jadhav,Female,58,Nashik,Maharashtra,2024-10-28,Occasional Customer
C008299,Aditya Chavan,Female,62,Jaipur,Rajasthan,2024-01-11,Loyal Customer
C008300,Amit Pawar,Male,30,Indore,Madhya Pradesh,2024-01-20,Regular Customer
C008301,Sakshi Gaikwad,Female,54,Bengaluru,Karnataka,2024-01-01,Occasional Customer
C008302,Divya Chavan,Male,47,Latur,Maharashtra,2024-01-14,Regular Customer
C008303,Karan Bhosale,Male,43,Kanpur,Uttar Pradesh,2024-01-02,Loyal Customer
C008304,Karan Nair,Female,29,Pune,Maharashtra,2024-05-26,Regular Customer
C008305,Harsh Shah,Female,18,Bengaluru,Karnataka,2024-03-08,New Customer
C008306,Sameer Reddy,Male,35,Patna,Bihar,2024-05-09,Occasional Customer
C008307,Deepak Jadhav,Female,38,Latur,Maharashtra,2024-12-06,Occasional Customer
C008308,Sameer Reddy,Male,41,Nagpur,Maharashtra,2024-01-11,Loyal Customer
C008309,Vivek Joshi,Female,34,Kanpur,Uttar Pradesh,2024-12-07,Occasional Customer
C008310,Gaurav Bhosale,Male,59,Latur,Maharashtra,2024-01-04,Regular Customer
C008311,Manish Yadav,Male,26,Hyderabad,Telangana,2024-01-06,Occasional Customer
C008312,Manish Gupta,Male,57,Mumbai,Maharashtra,2024-02-22,Occasional Customer
C008313,Karan Gupta,Male,45,Mumbai,Maharashtra,2024-01-04,Occasional Customer
C008314,Manish Banerjee,Male,32,Aurangabad,Maharashtra,2025-01-02,New Customer
C008315,Anjali Gaikwad,Female,30,Latur,Maharashtra,2024-01-19,New Customer
C008316,Aditya Mehta,Male,45,Ahmedabad,Gujarat,2024-03-13,Loyal Customer
C008317,Riya Bhosale,Male,34,Pune,Maharashtra,2024-01-30,Loyal Customer
C008318,Kavita Mehta,Male,26,Kolkata,West Bengal,2024-01-23,Occasional Customer
C008319,Sakshi Nair,Male,38,Kolkata,West Bengal,2024-03-20,Loyal Customer
C008320,Sameer Iyer,Male,47,Ahmedabad,Gujarat,2024-01-07,Loyal Customer
C008321,Anjali Nair,Male,28,Surat,Gujarat,2025-04-07,New Customer
C008322,Aditya Joshi,Male,47,Vadodara,Gujarat,2024-01-01,Loyal Customer
C008323,Divya Sharma,Male,53,Hyderabad,Telangana,2024-01-07,Loyal Customer
C008324,Aniket Mishra,Female,42,Surat,Gujarat,2024-06-23,Occasional Customer
C008325,Aarav Kadam,Female,24,Mysuru,Karnataka,2024-10-08,New Customer
C008326,Manish Yadav,Male,37,Indore,Madhya Pradesh,2024-01-15,Regular Customer
C008327,Amit Kumar,Male,52,Surat,Gujarat,2025-01-04,New Customer
C008328,Akash Patil,Male,27,Warangal,Telangana,2024-02-25,Occasional Customer
C008329,Vivek Kadam,Male,52,Nashik,Maharashtra,2024-03-25,Occasional Customer
C008330,Divya Mishra,Male,18,Jaipur,Rajasthan,2025-07-06,New Customer
C008331,Sonia Mishra,Female,31,Ahmedabad,Gujarat,2024-01-29,Regular Customer
C008332,Sakshi Banerjee,Male,62,Vadodara,Gujarat,2024-03-17,Loyal Customer
C008333,Amit Sawant,Other,22,Kanpur,Uttar Pradesh,2024-01-08,Regular Customer
C008334,Isha Jadhav,Male,57,Bhopal,Madhya Pradesh,2024-01-05,Occasional Customer
C008335,Sneha Mishra,Female,61,Surat,Gujarat,2024-01-27,Occasional Customer
C008336,Manish Kumar,Female,55,Bhopal,Madhya Pradesh,2024-04-09,Regular Customer
C008337,Vivek Bhosale,Male,51,Aurangabad,Maharashtra,2024-01-14,Regular Customer
C008338,Anjali Shinde,Male,41,Bengaluru,Karnataka,2024-06-22,Occasional Customer
C008339,Sneha Joshi,Female,21,Nagpur,Maharashtra,2024-01-03,Regular Customer
C008340,Aditi Iyer,Female,44,Warangal,Telangana,2024-01-15,Occasional Customer
C008341,Amit Kulkarni,Male,22,Kanpur,Uttar Pradesh,2024-01-30,Occasional Customer
C008342,Riya Nair,Male,60,Vadodara,Gujarat,2024-04-12,Regular Customer
C008343,Amit Gaikwad,Male,30,Mysuru,Karnataka,2024-01-01,Occasional Customer
C008344,Rohan Sharma,Male,57,Vadodara,Gujarat,2024-01-10,Occasional Customer
C008345,Riya Bhosale,Female,38,Lucknow,Uttar Pradesh,2024-06-03,Regular Customer
C008346,Divya Patil,Female,54,Patna,Bihar,2024-05-19,Occasional Customer
C008347,Riya Kulkarni,Male,49,Nagpur,Maharashtra,2024-07-06,Regular Customer
C008348,Rahul Mehta,Male,55,Delhi,Delhi,2024-01-03,Occasional Customer
C008349,Aditya Yadav,Male,48,Delhi,Delhi,2024-02-11,Occasional Customer
C008350,Sneha Shah,Female,49,Indore,Madhya Pradesh,2024-02-19,Regular Customer
C008351,Sonia Pawar,Female,32,Jaipur,Rajasthan,2024-01-29,Regular Customer
C008352,Aarav Jadhav,Male,65,Hyderabad,Telangana,2025-05-23,New Customer
C008353,Divya Jadhav,Male,47,Nashik,Maharashtra,2024-01-02,Loyal Customer
C008354,Aditya Joshi,Female,60,Lucknow,Uttar Pradesh,2024-05-19,Regular Customer
C008355,Aditya Sharma,Male,24,Chennai,Tamil Nadu,2024-01-03,Loyal Customer
C008356,Neha Banerjee,Male,55,Kolkata,West Bengal,2024-02-25,Loyal Customer
C008357,Sneha Bhosale,Male,48,Delhi,Delhi,2024-05-01,Regular Customer
C008358,Amit Menon,Male,61,Aurangabad,Maharashtra,2024-02-23,Regular Customer
C008359,Ananya Yadav,Male,43,Aurangabad,Maharashtra,2024-01-04,Loyal Customer
C008360,Rohan Jadhav,Female,53,Kolkata,West Bengal,2024-02-22,Regular Customer
C008361,Rohan Verma,Female,63,Bhopal,Madhya Pradesh,2024-01-22,Loyal Customer
C008362,Riya Sawant,Male,60,Delhi,Delhi,2024-02-05,Regular Customer
C008363,Karan Bhosale,Male,43,Chennai,Tamil Nadu,2024-01-05,Regular Customer
C008364,Rohan Chavan,Female,61,Pune,Maharashtra,2024-01-07,Regular Customer
C008365,Isha Das,Male,19,Kanpur,Uttar Pradesh,2024-01-19,Loyal Customer
C008366,Pooja Nair,Male,60,Kolkata,West Bengal,2024-01-02,Regular Customer
C008367,Aarav Sawant,Male,62,Kanpur,Uttar Pradesh,2024-03-13,Loyal Customer
C008368,Akash Jadhav,Female,60,Nashik,Maharashtra,2024-03-10,Occasional Customer
C008369,Aditi Singh,Male,26,Vadodara,Gujarat,2024-01-26,Occasional Customer
C008370,Pooja Patil,Male,65,Bhopal,Madhya Pradesh,2024-01-09,Loyal Customer
C008371,Nikhil Menon,Male,22,Latur,Maharashtra,2024-01-03,Loyal Customer
C008372,Ananya Verma,Male,44,Lucknow,Uttar Pradesh,2024-04-03,Loyal Customer
C008373,Ananya Sharma,Female,29,Delhi,Delhi,2024-01-02,Loyal Customer
C008374,Gaurav Banerjee,Female,52,Pune,Maharashtra,2025-06-06,New Customer
C008375,Harsh Rao,Male,46,Warangal,Telangana,2024-01-31,Regular Customer
C008376,Vikas Thakur,Male,33,Delhi,Delhi,2024-01-03,Regular Customer
C008377,Manish Nair,Female,36,Aurangabad,Maharashtra,2024-04-21,Loyal Customer
C008378,Sneha More,Male,60,Bhopal,Madhya Pradesh,2024-09-09,Occasional Customer
C008379,Vivek Mehta,Female,44,Bhopal,Madhya Pradesh,2024-01-20,Regular Customer
C008380,Kavita Sawant,Female,35,Surat,Gujarat,2024-02-25,Occasional Customer
C008381,Riya Joshi,Male,58,Vadodara,Gujarat,2024-01-10,Occasional Customer
C008382,Harsh Kumar,Female,30,Mysuru,Karnataka,2024-01-03,Regular Customer
C008383,Ananya More,Male,47,Nagpur,Maharashtra,2024-01-17,Loyal Customer
C008384,Aditya Verma,Male,43,Bengaluru,Karnataka,2024-01-05,Loyal Customer
C008385,Gaurav Jadhav,Female,23,Nagpur,Maharashtra,2024-01-24,Occasional Customer
C008386,Rohan Shinde,Female,20,Delhi,Delhi,2024-01-07,Regular Customer
C008387,Gaurav Shah,Female,40,Chennai,Tamil Nadu,2024-07-24,Occasional Customer
C008388,Aditi Joshi,Female,29,Chennai,Tamil Nadu,2024-01-02,Regular Customer
C008389,Gaurav Pawar,Male,58,Nagpur,Maharashtra,2024-05-24,Occasional Customer
C008390,Sneha Iyer,Male,58,Patna,Bihar,2024-08-02,New Customer
C008391,Manish Shah,Male,32,Hyderabad,Telangana,2024-05-28,Regular Customer
C008392,Sneha Deshmukh,Female,18,Surat,Gujarat,2024-03-24,Loyal Customer
C008393,Sneha Nair,Male,64,Delhi,Delhi,2025-08-27,Occasional Customer
C008394,Isha Yadav,Male,25,Hyderabad,Telangana,2024-01-22,Loyal Customer
C008395,Deepak Reddy,Female,48,Patna,Bihar,2024-06-17,Occasional Customer
C008396,Pooja Gaikwad,Male,28,Mysuru,Karnataka,2024-02-12,Regular Customer
C008397,Sneha Gaikwad,Male,34,Delhi,Delhi,2024-01-26,Occasional Customer
C008398,Ananya Patil,Male,44,Kolkata,West Bengal,2024-02-18,Occasional Customer
C008399,Sameer Kadam,Male,48,Lucknow,Uttar Pradesh,2024-02-24,Regular Customer
C008400,Pooja Bhosale,Male,44,Jaipur,Rajasthan,2024-03-20,Occasional Customer
C008401,Aniket More,Male,31,Vadodara,Gujarat,2024-06-16,Occasional Customer
C008402,Akash Kulkarni,Male,40,Patna,Bihar,2024-01-21,Loyal Customer
C008403,Aditya Kadam,Male,22,Kanpur,Uttar Pradesh,2024-01-29,Loyal Customer
C008404,Nikhil Menon,Male,47,Chennai,Tamil Nadu,2024-01-01,Loyal Customer
C008405,Sonia Chavan,Male,51,Bhopal,Madhya Pradesh,2024-01-10,Loyal Customer
C008406,Aarav Joshi,Male,64,Ahmedabad,Gujarat,2024-02-03,Loyal Customer
C008407,Ayush Pawar,Male,36,Aurangabad,Maharashtra,2024-03-12,Regular Customer
C008408,Manish Kulkarni,Male,48,Nashik,Maharashtra,2024-08-01,Occasional Customer
C008409,Aditya Shinde,Female,33,Surat,Gujarat,2024-01-27,Occasional Customer
C008410,Nikhil Sharma,Female,62,Warangal,Telangana,2024-01-08,Regular Customer
C008411,Sakshi Kumar,Male,44,Bengaluru,Karnataka,2024-02-21,Loyal Customer
C008412,Ayush Shinde,Male,43,Lucknow,Uttar Pradesh,2024-10-05,Regular Customer
C008413,Manish Shinde,Female,56,Nagpur,Maharashtra,2024-01-02,Loyal Customer
C008414,Pooja Kumar,Female,46,Aurangabad,Maharashtra,2024-01-01,Regular Customer
C008415,Aditi Joshi,Female,56,Patna,Bihar,2024-01-10,Loyal Customer
C008416,Arjun Deshmukh,Male,61,Bhopal,Madhya Pradesh,2024-02-09,Regular Customer
C008417,Neha Mehta,Female,62,Mumbai,Maharashtra,2024-01-14,New Customer
C008418,Aditi Mehta,Female,46,Warangal,Telangana,2024-01-11,Occasional Customer
C008419,Sameer Yadav,Male,62,Lucknow,Uttar Pradesh,2024-01-04,Regular Customer
C008420,Aditi Patil,Male,63,Indore,Madhya Pradesh,2024-01-05,Regular Customer
C008421,Deepak Deshmukh,Male,64,Indore,Madhya Pradesh,2024-01-19,Regular Customer
C008422,Ayush Sharma,Male,48,Delhi,Delhi,2024-01-08,Occasional Customer
C008423,Divya Menon,Male,19,Pune,Maharashtra,2024-01-28,Regular Customer
C008424,Ayush Gaikwad,Female,23,Latur,Maharashtra,2024-04-12,Regular Customer
C008425,Kavita Shinde,Male,26,Vadodara,Gujarat,2024-01-09,Regular Customer
C008426,Deepak Menon,Male,32,Surat,Gujarat,2024-01-05,Loyal Customer
C008427,Gaurav Iyer,Female,37,Nagpur,Maharashtra,2024-03-25,Regular Customer
C008428,Divya Jadhav,Male,65,Chennai,Tamil Nadu,2024-01-05,Loyal Customer
C008429,Riya Rao,Male,19,Nashik,Maharashtra,2024-01-18,Loyal Customer
C008430,Akash Chavan,Male,20,Chennai,Tamil Nadu,2024-01-09,Regular Customer
C008431,Harsh Singh,Male,47,Ahmedabad,Gujarat,2024-01-20,Regular Customer
C008432,Rohan Verma,Male,25,Pune,Maharashtra,2024-01-01,Loyal Customer
C008433,Akash Verma,Female,57,Pune,Maharashtra,2024-01-27,Regular Customer
C008434,Sameer Menon,Male,38,Kolkata,West Bengal,2025-05-22,New Customer
C008435,Amit Sharma,Female,56,Indore,Madhya Pradesh,2024-01-01,Regular Customer
C008436,Neha Das,Male,60,Hyderabad,Telangana,2024-01-07,Loyal Customer
C008437,Gaurav Yadav,Female,30,Surat,Gujarat,2024-02-08,Regular Customer
C008438,Neha Mishra,Female,57,Chennai,Tamil Nadu,2024-01-04,Regular Customer
C008439,Sonia Patil,Female,58,Indore,Madhya Pradesh,2024-01-08,Loyal Customer
C008440,Ayush Pawar,Male,65,Surat,Gujarat,2024-01-16,Regular Customer
C008441,Amit Rao,Female,54,Latur,Maharashtra,2024-01-13,Regular Customer
C008442,Isha Deshmukh,Female,49,Lucknow,Uttar Pradesh,2024-05-04,Regular Customer
C008443,Vikas Reddy,Female,31,Latur,Maharashtra,2024-01-13,Regular Customer
C008444,Aditya Nair,Male,18,Bhopal,Madhya Pradesh,2024-07-29,Occasional Customer
C008445,Anjali Singh,Male,44,Aurangabad,Maharashtra,2024-10-05,Occasional Customer
C008446,Aniket Das,Male,41,Latur,Maharashtra,2024-04-07,Loyal Customer
C008447,Rahul Reddy,Male,39,Pune,Maharashtra,2024-01-08,Occasional Customer
C008448,Amit Menon,Female,31,Warangal,Telangana,2024-01-03,Loyal Customer
C008449,Riya Pawar,Female,62,Kolkata,West Bengal,2024-01-21,Loyal Customer
C008450,Kavita Verma,Female,25,Kolkata,West Bengal,2024-09-03,Occasional Customer
C008451,Rohan Shah,Male,44,Delhi,Delhi,2025-03-04,New Customer
C008452,Pooja Verma,Male,20,Vadodara,Gujarat,2024-02-20,Occasional Customer
C008453,Vivek Menon,Male,50,Vadodara,Gujarat,2024-02-14,Occasional Customer
C008454,Deepak Thakur,Male,64,Mumbai,Maharashtra,2024-05-06,Occasional Customer
C008455,Sameer Jadhav,Female,38,Bhopal,Madhya Pradesh,2024-01-01,Regular Customer
C008456,Deepak Sawant,Male,49,Chennai,Tamil Nadu,2024-01-07,Regular Customer
C008457,Divya Shah,Female,57,Chennai,Tamil Nadu,2024-03-10,Occasional Customer
C008458,Sonia Bhosale,Male,58,Delhi,Delhi,2024-02-20,Regular Customer
C008459,Aditi Singh,Female,62,Warangal,Telangana,2024-01-02,Loyal Customer
C008460,Riya Menon,Male,61,Hyderabad,Telangana,2024-06-07,Occasional Customer
C008461,Rahul Gaikwad,Male,58,Patna,Bihar,2024-01-01,Regular Customer
C008462,Anjali Shinde,Male,49,Pune,Maharashtra,2024-01-09,Regular Customer
C008463,Nikhil Shah,Male,41,Delhi,Delhi,2024-01-05,Loyal Customer
C008464,Aditya Jadhav,Female,28,Vadodara,Gujarat,2024-01-08,Loyal Customer
C008465,Neha Reddy,Female,54,Mysuru,Karnataka,2024-01-22,Loyal Customer
C008466,Karan Kulkarni,Male,38,Nagpur,Maharashtra,2024-01-01,Occasional Customer
C008467,Sameer Sharma,Male,35,Kanpur,Uttar Pradesh,2024-01-11,Occasional Customer
C008468,Amit Menon,Female,28,Mysuru,Karnataka,2024-03-07,Loyal Customer
C008469,Sonia Sawant,Male,44,Bhopal,Madhya Pradesh,2024-01-12,Regular Customer
C008470,Manish Mishra,Male,60,Surat,Gujarat,2024-01-19,Regular Customer
C008471,Sameer Das,Female,55,Bhopal,Madhya Pradesh,2024-01-06,Regular Customer
C008472,Vikas Deshmukh,Male,18,Warangal,Telangana,2024-01-31,Regular Customer
C008473,Karan Kulkarni,Female,46,Mysuru,Karnataka,2024-01-03,Loyal Customer
C008474,Isha Chavan,Female,38,Vadodara,Gujarat,2024-05-16,Occasional Customer
C008475,Ananya Kumar,Female,46,Ahmedabad,Gujarat,2024-01-15,Regular Customer
C008476,Ayush Pawar,Female,26,Patna,Bihar,2024-04-18,Occasional Customer
C008477,Aditya More,Male,24,Warangal,Telangana,2024-06-02,Occasional Customer
C008478,Neha Kadam,Male,55,Nashik,Maharashtra,2024-02-10,Occasional Customer
C008479,Divya Deshmukh,Other,48,Nashik,Maharashtra,2024-01-09,Regular Customer
C008480,Aditya Pawar,Male,44,Aurangabad,Maharashtra,2024-03-03,Regular Customer
C008481,Riya Menon,Female,59,Mumbai,Maharashtra,2024-06-27,Regular Customer
C008482,Isha More,Female,49,Indore,Madhya Pradesh,2024-01-05,Occasional Customer
C008483,Karan More,Female,22,Pune,Maharashtra,2024-11-07,Occasional Customer
C008484,Sakshi Singh,Male,50,Warangal,Telangana,2024-01-07,Regular Customer
C008485,Isha Reddy,Male,32,Hyderabad,Telangana,2024-01-14,Loyal Customer
C008486,Vivek Jadhav,Male,22,Kolkata,West Bengal,2024-01-08,Regular Customer
C008487,Akash Mehta,Male,37,Aurangabad,Maharashtra,2024-05-10,Regular Customer
C008488,Karan Patil,Female,55,Pune,Maharashtra,2024-04-04,Regular Customer
C008489,Divya Mishra,Female,54,Hyderabad,Telangana,2024-09-08,Occasional Customer
C008490,Ayush Gaikwad,Female,34,Warangal,Telangana,2024-01-25,Occasional Customer
C008491,Harsh Mishra,Male,21,Hyderabad,Telangana,2024-02-07,Occasional Customer
C008492,Nikhil Kumar,Male,38,Hyderabad,Telangana,2024-01-28,Regular Customer
C008493,Rahul Jadhav,Male,51,Surat,Gujarat,2024-08-07,Occasional Customer
C008494,Isha Kadam,Male,57,Patna,Bihar,2024-01-04,Regular Customer
C008495,Kavita Mishra,Male,22,Bhopal,Madhya Pradesh,2024-01-05,Occasional Customer
C008496,Nikhil Chavan,Male,21,Latur,Maharashtra,2024-01-31,Loyal Customer
C008497,Divya Deshmukh,Male,39,Nashik,Maharashtra,2024-03-22,New Customer
C008498,Rahul Bhosale,Male,31,Mysuru,Karnataka,2024-01-03,Occasional Customer
C008499,Kavita Thakur,Other,21,Bhopal,Madhya Pradesh,2024-08-23,Occasional Customer
C008500,Arjun Singh,Male,25,Chennai,Tamil Nadu,2024-02-10,Loyal Customer
C008501,Vikas Rao,Female,20,Jaipur,Rajasthan,2024-03-04,Occasional Customer
C008502,Aditi Shah,Male,63,Hyderabad,Telangana,2024-01-10,Regular Customer
C008503,Pooja Patil,Male,46,Latur,Maharashtra,2024-01-20,Regular Customer
C008504,Rohan Das,Male,43,Aurangabad,Maharashtra,2024-01-02,Regular Customer
C008505,Anjali Nair,Female,47,Nagpur,Maharashtra,2025-06-03,New Customer
C008506,Sneha Gupta,Male,29,Chennai,Tamil Nadu,2024-12-02,Occasional Customer
C008507,Aarav Jadhav,Male,32,Kolkata,West Bengal,2024-01-01,Loyal Customer
C008508,Sonia Kulkarni,Female,58,Mysuru,Karnataka,2024-04-07,Occasional Customer
C008509,Ayush Gaikwad,Male,19,Kanpur,Uttar Pradesh,2024-01-16,Occasional Customer
C008510,Ananya Mehta,Male,18,Lucknow,Uttar Pradesh,2024-07-19,Occasional Customer
C008511,Gaurav Mishra,Male,64,Jaipur,Rajasthan,2024-01-19,Regular Customer
C008512,Aditya Joshi,Male,64,Delhi,Delhi,2024-05-26,Occasional Customer
C008513,Gaurav Mishra,Female,45,Warangal,Telangana,2024-01-22,Regular Customer
C008514,Isha Rao,Female,57,Nagpur,Maharashtra,2024-01-01,Regular Customer
C008515,Aditya Kadam,Male,52,Hyderabad,Telangana,2024-01-11,Loyal Customer
C008516,Isha Thakur,Male,51,Hyderabad,Telangana,2024-01-05,Regular Customer
C008517,Pooja Gupta,Female,21,Surat,Gujarat,2024-01-08,Loyal Customer
C008518,Vikas Banerjee,Male,35,Pune,Maharashtra,2024-03-30,Loyal Customer
C008519,Isha Kulkarni,Female,29,Mysuru,Karnataka,2024-02-06,Regular Customer
C008520,Aditya Pawar,Male,38,Lucknow,Uttar Pradesh,2024-01-15,Regular Customer
C008521,Rohan Kulkarni,Female,27,Bengaluru,Karnataka,2024-01-13,Occasional Customer
C008522,Vivek Kumar,Female,38,Jaipur,Rajasthan,2024-01-10,Regular Customer
C008523,Gaurav Menon,Female,57,Lucknow,Uttar Pradesh,2024-06-30,Regular Customer
C008524,Harsh Shinde,Male,42,Bhopal,Madhya Pradesh,2024-08-31,Occasional Customer
C008525,Gaurav Chavan,Female,34,Bengaluru,Karnataka,2024-03-25,New Customer
C008526,Aditya Chavan,Female,23,Jaipur,Rajasthan,2024-01-01,Loyal Customer
C008527,Deepak Shah,Female,31,Ahmedabad,Gujarat,2024-01-07,Loyal Customer
C008528,Karan Shinde,Male,54,Mysuru,Karnataka,2024-02-12,Regular Customer
C008529,Riya Iyer,Female,57,Kanpur,Uttar Pradesh,2024-01-04,Regular Customer
C008530,Karan Kulkarni,Male,57,Surat,Gujarat,2024-04-15,Regular Customer
C008531,Arjun Thakur,Male,35,Chennai,Tamil Nadu,2024-01-05,Regular Customer
C008532,Aditi Gupta,Female,47,Lucknow,Uttar Pradesh,2024-03-25,Regular Customer
C008533,Amit Yadav,Male,26,Hyderabad,Telangana,2024-01-01,Regular Customer
C008534,Amit Reddy,Female,31,Kolkata,West Bengal,2024-01-06,Loyal Customer
C008535,Aniket Chavan,Female,63,Jaipur,Rajasthan,2024-01-24,Regular Customer
C008536,Neha Patil,Female,63,Warangal,Telangana,2024-07-17,Regular Customer
C008537,Nikhil Menon,Female,34,Mysuru,Karnataka,2024-01-09,Regular Customer
C008538,Gaurav Patil,Male,51,Nashik,Maharashtra,2024-04-14,Regular Customer
C008539,Vivek Das,Male,63,Lucknow,Uttar Pradesh,2024-02-05,Occasional Customer
C008540,Divya Das,Male,39,Lucknow,Uttar Pradesh,2024-01-17,Loyal Customer
C008541,Harsh Yadav,Male,49,Patna,Bihar,2024-04-14,Regular Customer
C008542,Aniket Patil,Male,29,Kolkata,West Bengal,2024-02-14,Loyal Customer
C008543,Aniket Mishra,Female,33,Surat,Gujarat,2024-03-27,Regular Customer
C008544,Aarav Menon,Male,39,Mumbai,Maharashtra,2024-01-22,Loyal Customer
C008545,Rahul Bhosale,Male,55,Jaipur,Rajasthan,2024-06-14,Occasional Customer
C008546,Arjun More,Female,56,Mysuru,Karnataka,2024-01-12,Loyal Customer
C008547,Pooja Pawar,Male,19,Lucknow,Uttar Pradesh,2024-01-25,Occasional Customer
C008548,Aditya Jadhav,Male,62,Vadodara,Gujarat,2024-12-01,New Customer
C008549,Aditya More,Male,25,Nagpur,Maharashtra,2025-05-23,New Customer
C008550,Gaurav Deshmukh,Female,61,Aurangabad,Maharashtra,2024-01-10,Regular Customer
C008551,Ayush Mishra,Female,18,Bengaluru,Karnataka,2024-01-05,Regular Customer
C008552,Riya Thakur,Female,58,Bhopal,Madhya Pradesh,2024-01-01,Regular Customer
C008553,Sonia Bhosale,Male,57,Delhi,Delhi,2024-01-03,Regular Customer
C008554,Kavita Shinde,Female,58,Jaipur,Rajasthan,2024-03-22,Regular Customer
C008555,Rahul Singh,Female,22,Pune,Maharashtra,2024-07-05,Occasional Customer
C008556,Arjun Pawar,Male,62,Chennai,Tamil Nadu,2024-01-10,Loyal Customer
C008557,Sneha Patil,Male,63,Vadodara,Gujarat,2024-02-01,Regular Customer
C008558,Aditya Singh,Female,53,Latur,Maharashtra,2024-01-05,Regular Customer
C008559,Vikas Bhosale,Male,34,Delhi,Delhi,2024-02-15,Loyal Customer
C008560,Deepak Menon,Female,58,Warangal,Telangana,2024-01-02,Regular Customer
C008561,Ayush Pawar,Male,47,Chennai,Tamil Nadu,2024-02-07,Loyal Customer
C008562,Aniket Kadam,Female,32,Pune,Maharashtra,2024-01-09,Loyal Customer
C008563,Harsh Yadav,Male,37,Bengaluru,Karnataka,2024-06-01,Occasional Customer
C008564,Karan Gupta,Male,53,Kolkata,West Bengal,2024-02-15,Regular Customer
C008565,Riya Das,Male,19,Pune,Maharashtra,2024-11-10,New Customer
C008566,Ananya Nair,Female,62,Mumbai,Maharashtra,2024-01-09,Loyal Customer
C008567,Harsh Kadam,Female,21,Mysuru,Karnataka,2024-09-23,Occasional Customer
C008568,Vivek Nair,Female,41,Pune,Maharashtra,2024-01-17,Occasional Customer
C008569,Neha Gaikwad,Female,65,Chennai,Tamil Nadu,2025-01-02,New Customer
C008570,Sneha Sharma,Male,59,Warangal,Telangana,2024-04-19,Regular Customer
C008571,Manish Das,Female,19,Aurangabad,Maharashtra,2024-02-19,Occasional Customer
C008572,Vikas Shah,Male,63,Vadodara,Gujarat,2024-05-24,Occasional Customer
C008573,Aniket Deshmukh,Male,19,Mumbai,Maharashtra,2024-01-05,Loyal Customer
C008574,Rohan Rao,Male,18,Kolkata,West Bengal,2024-05-25,Loyal Customer
C008575,Neha Shah,Male,30,Latur,Maharashtra,2024-01-08,Loyal Customer
C008576,Amit Chavan,Male,23,Chennai,Tamil Nadu,2024-01-01,Regular Customer
C008577,Rahul Banerjee,Male,39,Warangal,Telangana,2024-01-01,Regular Customer
C008578,Rohan Iyer,Male,34,Ahmedabad,Gujarat,2024-01-12,Regular Customer
C008579,Sneha Iyer,Female,39,Lucknow,Uttar Pradesh,2024-02-24,Occasional Customer
C008580,Rohan Chavan,Male,60,Mumbai,Maharashtra,2026-05-08,New Customer
C008581,Aarav Jadhav,Male,23,Delhi,Delhi,2024-01-10,Regular Customer
C008582,Vikas Thakur,Female,20,Kanpur,Uttar Pradesh,2024-06-09,Regular Customer
C008583,Vivek Jadhav,Male,63,Mumbai,Maharashtra,2024-01-06,Loyal Customer
C008584,Karan Mishra,Female,23,Warangal,Telangana,2024-02-25,Regular Customer
C008585,Deepak Kulkarni,Female,34,Aurangabad,Maharashtra,2024-02-27,Occasional Customer
C008586,Sameer Rao,Male,52,Indore,Madhya Pradesh,2024-03-30,Occasional Customer
C008587,Harsh More,Male,54,Warangal,Telangana,2024-01-13,Loyal Customer
C008588,Kavita Iyer,Male,64,Mysuru,Karnataka,2024-01-07,Occasional Customer
C008589,Aarav Thakur,Male,52,Pune,Maharashtra,2024-02-16,Regular Customer
C008590,Sneha Mishra,Male,40,Bengaluru,Karnataka,2024-07-05,Regular Customer
C008591,Amit Reddy,Male,25,Nagpur,Maharashtra,2024-01-01,Loyal Customer
C008592,Isha Reddy,Male,24,Bhopal,Madhya Pradesh,2024-01-05,Loyal Customer
C008593,Neha Kulkarni,Female,27,Hyderabad,Telangana,2024-01-10,Loyal Customer
C008594,Aditi Shinde,Male,43,Kolkata,West Bengal,2024-02-07,Regular Customer
C008595,Rohan Shinde,Female,27,Patna,Bihar,2024-01-01,Loyal Customer
C008596,Harsh Nair,Male,36,Vadodara,Gujarat,2024-01-29,Regular Customer
C008597,Manish Menon,Female,40,Kanpur,Uttar Pradesh,2024-01-21,Regular Customer
C008598,Ananya Shah,Male,48,Bhopal,Madhya Pradesh,2024-01-23,Regular Customer
C008599,Gaurav Shinde,Female,50,Nagpur,Maharashtra,2024-02-28,Loyal Customer
C008600,Divya Shinde,Male,19,Surat,Gujarat,2024-03-03,New Customer
C008601,Aniket Rao,Female,45,Pune,Maharashtra,2025-01-30,New Customer
C008602,Neha Sharma,Male,49,Surat,Gujarat,2024-01-10,Occasional Customer
C008603,Divya Banerjee,Male,50,Vadodara,Gujarat,2024-04-09,Regular Customer
C008604,Divya Sharma,Male,26,Delhi,Delhi,2024-04-13,Occasional Customer
C008605,Ayush Singh,Male,46,Jaipur,Rajasthan,2024-03-09,Occasional Customer
C008606,Ayush Verma,Male,32,Warangal,Telangana,2024-04-02,Regular Customer
C008607,Sneha Mishra,Male,35,Hyderabad,Telangana,2024-01-07,Loyal Customer
C008608,Akash Nair,Male,35,Delhi,Delhi,2024-01-12,Loyal Customer
C008609,Karan Reddy,Male,24,Nagpur,Maharashtra,2024-01-04,Regular Customer
C008610,Isha Bhosale,Female,31,Indore,Madhya Pradesh,2024-03-07,Occasional Customer
C008611,Harsh Kadam,Female,46,Surat,Gujarat,2024-02-18,Regular Customer
C008612,Divya Banerjee,Male,36,Latur,Maharashtra,2024-01-02,Occasional Customer
C008613,Manish Bhosale,Female,22,Warangal,Telangana,2024-01-31,Loyal Customer
C008614,Kavita Menon,Female,58,Vadodara,Gujarat,2024-01-03,Occasional Customer
C008615,Deepak Kulkarni,Male,62,Aurangabad,Maharashtra,2024-01-01,Regular Customer
C008616,Vivek Pawar,Male,22,Warangal,Telangana,2024-01-11,Occasional Customer
C008617,Isha Bhosale,Male,32,Pune,Maharashtra,2024-01-19,Regular Customer
C008618,Divya Pawar,Female,43,Kolkata,West Bengal,2024-01-28,Occasional Customer
C008619,Manish Shah,Male,41,Chennai,Tamil Nadu,2024-01-01,Loyal Customer
C008620,Ananya Gupta,Female,36,Indore,Madhya Pradesh,2024-06-16,Regular Customer
C008621,Harsh Gaikwad,Female,37,Mumbai,Maharashtra,2024-01-09,Loyal Customer
C008622,Ayush Mishra,Male,60,Kolkata,West Bengal,2024-01-15,Regular Customer
C008623,Rahul Nair,Male,26,Surat,Gujarat,2024-02-23,Loyal Customer
C008624,Rahul Bhosale,Female,45,Kanpur,Uttar Pradesh,2024-02-26,Regular Customer
C008625,Pooja Sawant,Male,33,Vadodara,Gujarat,2024-01-02,Occasional Customer
C008626,Riya Shah,Male,28,Jaipur,Rajasthan,2024-04-06,Occasional Customer
C008627,Vivek Singh,Male,51,Bengaluru,Karnataka,2024-05-10,Occasional Customer
C008628,Sonia Kulkarni,Other,42,Mumbai,Maharashtra,2024-01-11,Loyal Customer
C008629,Aditya Das,Male,57,Indore,Madhya Pradesh,2024-01-14,Regular Customer
C008630,Sneha Kulkarni,Female,38,Ahmedabad,Gujarat,2024-01-06,Occasional Customer
C008631,Aditya Reddy,Male,22,Patna,Bihar,2024-09-23,New Customer
C008632,Aarav Shah,Male,28,Patna,Bihar,2024-01-03,Regular Customer
C008633,Vivek Bhosale,Female,60,Aurangabad,Maharashtra,2025-02-07,Occasional Customer
C008634,Akash Yadav,Female,26,Mysuru,Karnataka,2024-02-14,Regular Customer
C008635,Rohan Menon,Male,28,Latur,Maharashtra,2024-01-17,Loyal Customer
C008636,Nikhil Kumar,Female,54,Lucknow,Uttar Pradesh,2024-01-29,Regular Customer
C008637,Manish Kulkarni,Male,58,Ahmedabad,Gujarat,2024-01-07,Regular Customer
C008638,Pooja Thakur,Female,18,Mumbai,Maharashtra,2024-01-01,Loyal Customer
C008639,Kavita Mehta,Male,43,Kanpur,Uttar Pradesh,2024-01-02,Occasional Customer
C008640,Sameer Patil,Female,27,Kolkata,West Bengal,2024-01-06,Loyal Customer
C008641,Rahul Sawant,Female,57,Surat,Gujarat,2024-04-14,Occasional Customer
C008642,Sonia Bhosale,Male,36,Warangal,Telangana,2024-02-22,Regular Customer
C008643,Aniket Joshi,Female,33,Mysuru,Karnataka,2024-01-27,New Customer
C008644,Sakshi Thakur,Other,62,Bengaluru,Karnataka,2024-01-31,Occasional Customer
C008645,Manish Gaikwad,Male,54,Indore,Madhya Pradesh,2024-03-27,Occasional Customer
C008646,Akash Shinde,Female,58,Bengaluru,Karnataka,2024-03-10,Regular Customer
C008647,Sonia Yadav,Female,21,Nagpur,Maharashtra,2024-07-24,Regular Customer
C008648,Akash Kadam,Female,31,Delhi,Delhi,2024-01-07,Occasional Customer
C008649,Sameer Kumar,Female,47,Chennai,Tamil Nadu,2024-03-03,Occasional Customer
C008650,Isha Bhosale,Male,24,Mysuru,Karnataka,2024-01-18,Regular Customer
C008651,Vivek Banerjee,Female,29,Indore,Madhya Pradesh,2024-03-13,Occasional Customer
C008652,Pooja Nair,Female,41,Indore,Madhya Pradesh,2024-01-02,Occasional Customer
C008653,Sameer Iyer,Male,56,Delhi,Delhi,2024-01-31,Loyal Customer
C008654,Gaurav Sharma,Male,60,Vadodara,Gujarat,2024-01-07,Regular Customer
C008655,Divya Das,Male,39,Nashik,Maharashtra,2025-07-29,New Customer
C008656,Anjali Verma,Female,64,Hyderabad,Telangana,2024-01-06,Regular Customer
C008657,Ayush More,Female,47,Patna,Bihar,2024-01-25,Regular Customer
C008658,Vikas Rao,Male,56,Surat,Gujarat,2024-01-17,Regular Customer
C008659,Arjun Sawant,Male,37,Hyderabad,Telangana,2024-01-04,Regular Customer
C008660,Sneha Singh,Male,43,Warangal,Telangana,2024-02-01,Regular Customer
C008661,Sameer Kumar,Male,22,Mumbai,Maharashtra,2024-02-14,Loyal Customer
C008662,Harsh Rao,Female,57,Vadodara,Gujarat,2024-02-12,Loyal Customer
C008663,Anjali Sharma,Male,59,Nashik,Maharashtra,2024-01-11,Occasional Customer
C008664,Vikas Kumar,Female,23,Chennai,Tamil Nadu,2024-01-02,Loyal Customer
C008665,Harsh Patil,Female,51,Nagpur,Maharashtra,2024-01-15,Regular Customer
C008666,Aarav Sharma,Female,22,Ahmedabad,Gujarat,2024-01-19,Occasional Customer
C008667,Amit Das,Male,27,Kanpur,Uttar Pradesh,2024-01-18,Loyal Customer
C008668,Divya Banerjee,Other,45,Latur,Maharashtra,2024-01-10,Regular Customer
C008669,Sneha Verma,Male,20,Delhi,Delhi,2024-04-02,Occasional Customer
C008670,Sneha Iyer,Female,30,Nashik,Maharashtra,2024-01-23,Occasional Customer
C008671,Nikhil Chavan,Female,65,Kanpur,Uttar Pradesh,2024-01-18,Regular Customer
C008672,Deepak Pawar,Male,64,Jaipur,Rajasthan,2024-03-20,Occasional Customer
C008673,Neha Bhosale,Male,19,Hyderabad,Telangana,2024-02-06,Regular Customer
C008674,Anjali Gupta,Male,52,Vadodara,Gujarat,2024-01-04,Occasional Customer
C008675,Gaurav Shinde,Female,64,Delhi,Delhi,2024-10-01,Occasional Customer
C008676,Nikhil Reddy,Male,45,Mumbai,Maharashtra,2024-02-05,Regular Customer
C008677,Gaurav Banerjee,Female,54,Hyderabad,Telangana,2024-08-29,Occasional Customer
C008678,Aditi Das,Male,40,Chennai,Tamil Nadu,2024-01-21,Loyal Customer
C008679,Vivek Mehta,Other,60,Hyderabad,Telangana,2024-02-09,Regular Customer
C008680,Harsh Jadhav,Male,40,Hyderabad,Telangana,2024-02-03,Loyal Customer
C008681,Pooja Gaikwad,Male,52,Mysuru,Karnataka,2024-07-16,New Customer
C008682,Rohan Pawar,Male,58,Jaipur,Rajasthan,2026-07-09,New Customer
C008683,Gaurav Singh,Female,56,Warangal,Telangana,2024-02-15,Regular Customer
C008684,Deepak Verma,Female,49,Bengaluru,Karnataka,2024-03-18,Occasional Customer
C008685,Ananya Bhosale,Male,19,Bengaluru,Karnataka,2024-02-08,Occasional Customer
C008686,Anjali Kulkarni,Male,64,Pune,Maharashtra,2024-01-01,Loyal Customer
C008687,Riya Das,Male,61,Ahmedabad,Gujarat,2024-01-01,Regular Customer
C008688,Amit Verma,Female,65,Ahmedabad,Gujarat,2024-02-04,Regular Customer
C008689,Akash Reddy,Male,33,Nashik,Maharashtra,2024-02-17,Occasional Customer
C008690,Neha Das,Female,33,Chennai,Tamil Nadu,2024-01-03,Loyal Customer
C008691,Gaurav Banerjee,Female,20,Indore,Madhya Pradesh,2024-01-09,Loyal Customer
C008692,Sakshi Reddy,Female,45,Pune,Maharashtra,2024-01-02,Loyal Customer
C008693,Vivek More,Female,46,Ahmedabad,Gujarat,2024-01-30,Regular Customer
C008694,Sneha Gupta,Male,37,Bhopal,Madhya Pradesh,2024-08-21,Occasional Customer
C008695,Ananya Chavan,Other,53,Kolkata,West Bengal,2024-01-06,Loyal Customer
C008696,Aniket Deshmukh,Male,50,Warangal,Telangana,2024-02-20,Loyal Customer
C008697,Aditya Sharma,Male,39,Kolkata,West Bengal,2024-02-22,Regular Customer
C008698,Harsh Sharma,Female,25,Mumbai,Maharashtra,2024-02-15,Occasional Customer
C008699,Pooja Menon,Male,64,Kanpur,Uttar Pradesh,2024-02-29,Occasional Customer
C008700,Neha Jadhav,Male,41,Mysuru,Karnataka,2024-01-08,Regular Customer
C008701,Aarav Shah,Male,54,Chennai,Tamil Nadu,2024-02-14,Occasional Customer
C008702,Riya Gupta,Male,37,Aurangabad,Maharashtra,2024-01-16,Regular Customer
C008703,Vivek Deshmukh,Male,29,Bengaluru,Karnataka,2024-01-27,Loyal Customer
C008704,Neha Gaikwad,Male,37,Warangal,Telangana,2026-03-03,Occasional Customer
C008705,Aarav Iyer,Male,37,Jaipur,Rajasthan,2024-02-10,Regular Customer
C008706,Rohan Jadhav,Female,21,Surat,Gujarat,2024-04-09,Occasional Customer
C008707,Isha Reddy,Female,47,Ahmedabad,Gujarat,2024-02-10,Loyal Customer
C008708,Pooja Menon,Female,48,Patna,Bihar,2025-09-13,New Customer
C008709,Divya Pawar,Female,39,Ahmedabad,Gujarat,2024-01-25,Regular Customer
C008710,Anjali Reddy,Female,32,Aurangabad,Maharashtra,2024-01-08,Regular Customer
C008711,Vikas Joshi,Female,55,Jaipur,Rajasthan,2024-02-07,Occasional Customer
C008712,Ayush Shinde,Female,54,Delhi,Delhi,2024-02-12,Occasional Customer
C008713,Manish Banerjee,Female,45,Vadodara,Gujarat,2024-02-03,Regular Customer
C008714,Anjali Iyer,Male,28,Aurangabad,Maharashtra,2024-01-08,Occasional Customer
C008715,Sakshi Das,Female,31,Ahmedabad,Gujarat,2024-08-11,Occasional Customer
C008716,Sameer Gaikwad,Female,28,Delhi,Delhi,2024-10-23,Occasional Customer
C008717,Sakshi More,Female,26,Lucknow,Uttar Pradesh,2024-01-01,Occasional Customer
C008718,Rahul Patil,Male,41,Nagpur,Maharashtra,2024-01-24,Occasional Customer
C008719,Arjun Deshmukh,Male,27,Kolkata,West Bengal,2024-03-03,Regular Customer
C008720,Vivek Jadhav,Male,55,Hyderabad,Telangana,2024-01-09,Loyal Customer
C008721,Pooja Sharma,Female,60,Hyderabad,Telangana,2024-01-01,Loyal Customer
C008722,Pooja Mehta,Female,58,Latur,Maharashtra,2024-02-08,Regular Customer
C008723,Sonia Kulkarni,Male,54,Nagpur,Maharashtra,2024-02-29,Regular Customer
C008724,Akash Thakur,Male,59,Ahmedabad,Gujarat,2024-02-03,Occasional Customer
C008725,Vivek Shah,Female,49,Hyderabad,Telangana,2024-01-31,Occasional Customer
C008726,Akash Kulkarni,Male,37,Aurangabad,Maharashtra,2024-01-04,Loyal Customer
C008727,Amit Sawant,Male,31,Bhopal,Madhya Pradesh,2024-01-03,Loyal Customer
C008728,Arjun Singh,Male,55,Vadodara,Gujarat,2024-02-04,Loyal Customer
C008729,Ananya Deshmukh,Male,21,Warangal,Telangana,2024-01-02,Loyal Customer
C008730,Aditya Yadav,Male,41,Indore,Madhya Pradesh,2024-01-28,Occasional Customer
C008731,Sonia Kadam,Female,49,Kanpur,Uttar Pradesh,2024-01-10,Regular Customer
C008732,Vivek Banerjee,Male,27,Mumbai,Maharashtra,2024-01-13,Regular Customer
C008733,Aniket Gaikwad,Male,60,Surat,Gujarat,2024-11-03,Occasional Customer
C008734,Akash Yadav,Female,33,Indore,Madhya Pradesh,2024-04-14,New Customer
C008735,Sameer Sharma,Female,56,Mysuru,Karnataka,2024-02-06,Loyal Customer
C008736,Harsh Deshmukh,Male,49,Chennai,Tamil Nadu,2024-03-25,Regular Customer
C008737,Karan Reddy,Female,35,Jaipur,Rajasthan,2024-09-05,New Customer
C008738,Aditya Shinde,Female,42,Surat,Gujarat,2024-03-18,Loyal Customer
C008739,Rahul Bhosale,Female,24,Jaipur,Rajasthan,2024-01-05,Occasional Customer
C008740,Gaurav Singh,Female,64,Warangal,Telangana,2024-01-22,Regular Customer
C008741,Deepak Reddy,Female,35,Mysuru,Karnataka,2024-01-28,Occasional Customer
C008742,Vivek Thakur,Male,64,Indore,Madhya Pradesh,2024-07-13,Occasional Customer
C008743,Sameer Pawar,Female,35,Bhopal,Madhya Pradesh,2024-03-05,Occasional Customer
C008744,Ananya Sawant,Female,20,Kanpur,Uttar Pradesh,2024-01-04,Regular Customer
C008745,Aarav Singh,Male,18,Jaipur,Rajasthan,2024-02-03,Occasional Customer
C008746,Ananya Rao,Male,50,Indore,Madhya Pradesh,2024-03-14,Regular Customer
C008747,Neha Reddy,Female,24,Jaipur,Rajasthan,2024-01-31,Occasional Customer
C008748,Nikhil Mishra,Female,27,Lucknow,Uttar Pradesh,2024-01-27,Occasional Customer
C008749,Aditi Kulkarni,Male,61,Warangal,Telangana,2024-01-30,Occasional Customer
C008750,Deepak Kadam,Male,25,Latur,Maharashtra,2024-05-27,Occasional Customer
C008751,Karan Shah,Female,49,Latur,Maharashtra,2024-01-17,Regular Customer
C008752,Nikhil Gupta,Male,40,Patna,Bihar,2024-10-08,Occasional Customer
C008753,Aarav Pawar,Female,34,Bengaluru,Karnataka,2024-02-07,Occasional Customer
C008754,Kavita Iyer,Male,31,Nashik,Maharashtra,2024-01-23,Regular Customer
C008755,Arjun Kumar,Male,34,Chennai,Tamil Nadu,2024-01-06,Regular Customer
C008756,Akash Shinde,Female,42,Chennai,Tamil Nadu,2024-02-27,Regular Customer
C008757,Nikhil Sharma,Male,38,Indore,Madhya Pradesh,2024-01-01,Loyal Customer
C008758,Manish Sharma,Male,23,Kolkata,West Bengal,2024-02-19,Occasional Customer
C008759,Kavita Verma,Male,37,Bengaluru,Karnataka,2024-01-01,Loyal Customer
C008760,Sakshi Jadhav,Male,37,Hyderabad,Telangana,2024-02-26,Occasional Customer
C008761,Aniket Mishra,Female,43,Mysuru,Karnataka,2024-03-29,Regular Customer
C008762,Divya Kulkarni,Female,49,Jaipur,Rajasthan,2025-05-24,Occasional Customer
C008763,Vikas Shinde,Male,25,Chennai,Tamil Nadu,2024-10-13,Regular Customer
C008764,Aarav Chavan,Male,62,Hyderabad,Telangana,2024-01-11,Occasional Customer
C008765,Amit Joshi,Male,65,Bhopal,Madhya Pradesh,2024-06-30,Regular Customer
C008766,Aditya Iyer,Female,61,Kolkata,West Bengal,2024-01-13,Regular Customer
C008767,Riya Jadhav,Male,46,Latur,Maharashtra,2024-01-30,Occasional Customer
C008768,Arjun More,Female,34,Chennai,Tamil Nadu,2024-04-28,Loyal Customer
C008769,Karan Shinde,Female,35,Delhi,Delhi,2025-07-25,Occasional Customer
C008770,Aditya Kadam,Female,57,Kanpur,Uttar Pradesh,2024-02-07,Regular Customer
C008771,Riya Gupta,Female,35,Nagpur,Maharashtra,2024-04-08,Loyal Customer
C008772,Pooja Sawant,Female,28,Pune,Maharashtra,2024-01-30,Loyal Customer
C008773,Isha Iyer,Female,62,Latur,Maharashtra,2024-06-19,Occasional Customer
C008774,Sameer Yadav,Female,29,Vadodara,Gujarat,2024-05-29,New Customer
C008775,Harsh Verma,Male,32,Aurangabad,Maharashtra,2024-02-19,Regular Customer
C008776,Gaurav Kumar,Female,43,Bhopal,Madhya Pradesh,2024-01-29,Loyal Customer
C008777,Aniket More,Male,20,Jaipur,Rajasthan,2026-06-22,New Customer
C008778,Ananya Shinde,Female,20,Warangal,Telangana,2024-01-27,Regular Customer
C008779,Rahul Mishra,Female,55,Kanpur,Uttar Pradesh,2024-01-22,Loyal Customer
C008780,Vikas Nair,Female,52,Vadodara,Gujarat,2024-03-20,New Customer
C008781,Arjun Gaikwad,Female,26,Delhi,Delhi,2024-08-15,Regular Customer
C008782,Akash Mehta,Male,60,Mysuru,Karnataka,2024-05-08,Occasional Customer
C008783,Sameer Menon,Female,57,Chennai,Tamil Nadu,2024-09-02,Occasional Customer
C008784,Neha Sawant,Male,21,Patna,Bihar,2024-01-24,Regular Customer
C008785,Ananya Das,Male,37,Latur,Maharashtra,2026-01-05,New Customer
C008786,Aniket Iyer,Male,32,Kanpur,Uttar Pradesh,2024-01-26,Loyal Customer
C008787,Karan Bhosale,Male,46,Aurangabad,Maharashtra,2024-01-02,Occasional Customer
C008788,Vikas Thakur,Female,22,Bengaluru,Karnataka,2024-01-11,Regular Customer
C008789,Harsh Shah,Female,56,Jaipur,Rajasthan,2024-01-22,Loyal Customer
C008790,Rohan More,Female,57,Vadodara,Gujarat,2024-02-05,Regular Customer
C008791,Sneha Chavan,Male,24,Surat,Gujarat,2024-01-03,Regular Customer
C008792,Nikhil Kulkarni,Female,25,Vadodara,Gujarat,2024-01-23,Loyal Customer
C008793,Nikhil Gaikwad,Female,49,Warangal,Telangana,2026-07-25,New Customer
C008794,Harsh Shinde,Female,53,Kanpur,Uttar Pradesh,2024-01-04,New Customer
C008795,Neha Kadam,Female,50,Lucknow,Uttar Pradesh,2026-03-15,New Customer
C008796,Divya Singh,Female,54,Surat,Gujarat,2024-02-01,Occasional Customer
C008797,Pooja Banerjee,Male,49,Hyderabad,Telangana,2024-01-13,Occasional Customer
C008798,Aditya Thakur,Female,60,Aurangabad,Maharashtra,2024-01-12,Regular Customer
C008799,Ananya Singh,Female,53,Bhopal,Madhya Pradesh,2024-10-30,Occasional Customer
C008800,Aditi Verma,Female,51,Pune,Maharashtra,2024-01-19,Loyal Customer
C008801,Arjun Mehta,Male,42,Delhi,Delhi,2024-02-09,Loyal Customer
C008802,Harsh Sawant,Female,61,Vadodara,Gujarat,2024-01-06,Regular Customer
C008803,Nikhil Banerjee,Male,49,Warangal,Telangana,2024-01-09,Occasional Customer
C008804,Vikas Reddy,Female,19,Mumbai,Maharashtra,2024-03-12,Occasional Customer
C008805,Kavita Kadam,Female,26,Vadodara,Gujarat,2024-01-03,Regular Customer
C008806,Gaurav Sharma,Male,55,Chennai,Tamil Nadu,2026-08-09,New Customer
C008807,Akash Pawar,Male,46,Pune,Maharashtra,2024-03-14,Occasional Customer
C008808,Sameer Chavan,Female,55,Bhopal,Madhya Pradesh,2024-01-01,Regular Customer
C008809,Harsh Das,Female,35,Hyderabad,Telangana,2024-02-23,Regular Customer
C008810,Ananya Kadam,Female,39,Indore,Madhya Pradesh,2024-01-05,Occasional Customer
C008811,Anjali Deshmukh,Male,52,Vadodara,Gujarat,2024-08-08,Occasional Customer
C008812,Aniket Rao,Female,32,Surat,Gujarat,2024-02-06,Regular Customer
C008813,Divya Kadam,Male,24,Hyderabad,Telangana,2024-01-02,Occasional Customer
C008814,Amit Menon,Female,30,Vadodara,Gujarat,2024-02-08,Loyal Customer
C008815,Deepak Kulkarni,Male,59,Nagpur,Maharashtra,2024-01-23,Loyal Customer
C008816,Aarav Chavan,Female,53,Latur,Maharashtra,2024-02-09,Occasional Customer
C008817,Riya Sharma,Male,33,Kanpur,Uttar Pradesh,2024-02-03,Loyal Customer
C008818,Riya Chavan,Other,58,Pune,Maharashtra,2024-01-20,Loyal Customer
C008819,Aniket Thakur,Female,38,Indore,Madhya Pradesh,2024-07-24,Occasional Customer
C008820,Neha Das,Female,45,Chennai,Tamil Nadu,2024-02-04,Regular Customer
C008821,Deepak Singh,Male,27,Chennai,Tamil Nadu,2024-01-14,Occasional Customer
C008822,Anjali Gupta,Female,36,Indore,Madhya Pradesh,2024-01-02,Loyal Customer
C008823,Aditya Gaikwad,Male,34,Mysuru,Karnataka,2024-01-07,Occasional Customer
C008824,Ayush Shah,Male,18,Nagpur,Maharashtra,2024-01-03,Loyal Customer
C008825,Aniket Verma,Female,30,Kanpur,Uttar Pradesh,2024-07-05,Occasional Customer
C008826,Aniket Kulkarni,Female,53,Bhopal,Madhya Pradesh,2024-01-01,Loyal Customer
C008827,Manish More,Male,64,Ahmedabad,Gujarat,2024-02-19,Loyal Customer
C008828,Riya Shah,Male,59,Chennai,Tamil Nadu,2024-06-18,Occasional Customer
C008829,Vikas Das,Female,37,Indore,Madhya Pradesh,2024-04-17,Occasional Customer
C008830,Sonia Rao,Female,58,Nashik,Maharashtra,2024-04-27,Regular Customer
C008831,Aditya Mehta,Male,57,Mysuru,Karnataka,2024-01-16,Loyal Customer
C008832,Vikas Reddy,Female,23,Delhi,Delhi,2024-01-30,Regular Customer
C008833,Harsh Rao,Female,40,Latur,Maharashtra,2024-01-08,Regular Customer
C008834,Sakshi Bhosale,Male,59,Latur,Maharashtra,2025-01-22,Occasional Customer
C008835,Deepak Banerjee,Male,41,Bengaluru,Karnataka,2024-05-19,Occasional Customer
C008836,Deepak Shinde,Female,22,Kolkata,West Bengal,2024-01-24,Loyal Customer
C008837,Aniket Patil,Female,49,Pune,Maharashtra,2024-01-29,Loyal Customer
C008838,Sameer Yadav,Female,63,Nashik,Maharashtra,2024-01-12,Occasional Customer
C008839,Karan Patil,Male,34,Aurangabad,Maharashtra,2024-01-22,Regular Customer
C008840,Arjun Bhosale,Male,28,Indore,Madhya Pradesh,2024-02-21,Loyal Customer
C008841,Akash Kulkarni,Male,44,Warangal,Telangana,2024-01-21,Regular Customer
C008842,Isha Pawar,Female,21,Warangal,Telangana,2024-01-10,Loyal Customer
C008843,Nikhil Chavan,Male,40,Vadodara,Gujarat,2024-02-26,Loyal Customer
C008844,Neha Gaikwad,Female,40,Chennai,Tamil Nadu,2024-01-27,Occasional Customer
C008845,Anjali Mehta,Male,51,Patna,Bihar,2024-01-12,Regular Customer
C008846,Aarav Sawant,Male,38,Warangal,Telangana,2024-01-01,Loyal Customer
C008847,Aarav Reddy,Male,39,Lucknow,Uttar Pradesh,2024-08-02,Occasional Customer
C008848,Sameer Mishra,Male,18,Nagpur,Maharashtra,2024-03-25,Loyal Customer
C008849,Neha Sharma,Female,49,Bhopal,Madhya Pradesh,2024-02-05,Occasional Customer
C008850,Vivek Thakur,Male,45,Patna,Bihar,2024-01-03,Regular Customer
C008851,Ayush Jadhav,Female,35,Lucknow,Uttar Pradesh,2024-01-20,Regular Customer
C008852,Sneha Gaikwad,Male,24,Lucknow,Uttar Pradesh,2024-01-30,Regular Customer
C008853,Aditi Singh,Male,55,Kolkata,West Bengal,2024-01-09,Loyal Customer
C008854,Manish Kumar,Male,23,Latur,Maharashtra,2024-01-23,Regular Customer
C008855,Kavita Patil,Male,31,Jaipur,Rajasthan,2024-01-29,Loyal Customer
C008856,Deepak Reddy,Male,47,Warangal,Telangana,2024-01-01,Loyal Customer
C008857,Aarav Deshmukh,Female,61,Jaipur,Rajasthan,2024-05-11,Regular Customer
C008858,Karan Kulkarni,Male,63,Bhopal,Madhya Pradesh,2024-01-01,Loyal Customer
C008859,Sneha Das,Male,31,Kanpur,Uttar Pradesh,2024-03-12,Occasional Customer
C008860,Harsh Iyer,Female,61,Jaipur,Rajasthan,2024-01-25,Regular Customer
C008861,Ayush More,Male,58,Delhi,Delhi,2024-01-31,Loyal Customer
C008862,Deepak Menon,Female,26,Hyderabad,Telangana,2024-01-04,Loyal Customer
C008863,Divya Gaikwad,Male,48,Indore,Madhya Pradesh,2024-01-06,Occasional Customer
C008864,Aditya Gupta,Male,19,Indore,Madhya Pradesh,2024-02-10,Regular Customer
C008865,Sakshi Chavan,Female,35,Chennai,Tamil Nadu,2025-02-11,New Customer
C008866,Karan Shah,Other,22,Ahmedabad,Gujarat,2024-02-07,Regular Customer
C008867,Aditi Gaikwad,Male,43,Mysuru,Karnataka,2024-02-04,Regular Customer
C008868,Ayush Nair,Male,40,Hyderabad,Telangana,2024-01-10,Regular Customer
C008869,Isha Yadav,Male,29,Surat,Gujarat,2024-01-01,Loyal Customer
C008870,Sonia Reddy,Male,31,Mumbai,Maharashtra,2024-03-04,Regular Customer
C008871,Vivek Kulkarni,Female,30,Indore,Madhya Pradesh,2024-01-24,Regular Customer
C008872,Sneha Kadam,Male,52,Nashik,Maharashtra,2024-01-21,Loyal Customer
C008873,Nikhil Kulkarni,Female,64,Patna,Bihar,2024-01-02,Loyal Customer
C008874,Aarav Joshi,Male,32,Aurangabad,Maharashtra,2024-05-16,Regular Customer
C008875,Aditi Banerjee,Female,52,Kanpur,Uttar Pradesh,2024-02-06,Occasional Customer
C008876,Aarav Jadhav,Female,36,Hyderabad,Telangana,2024-01-24,Regular Customer
C008877,Akash Chavan,Female,32,Mysuru,Karnataka,2024-03-02,Occasional Customer
C008878,Sonia Nair,Male,25,Indore,Madhya Pradesh,2024-03-13,Occasional Customer
C008879,Rohan Bhosale,Female,40,Hyderabad,Telangana,2024-03-05,Occasional Customer
C008880,Anjali Pawar,Female,30,Mumbai,Maharashtra,2024-01-23,Loyal Customer
C008881,Aditya Shinde,Female,40,Hyderabad,Telangana,2024-01-14,Regular Customer
C008882,Rohan Singh,Female,48,Delhi,Delhi,2024-01-03,Regular Customer
C008883,Sameer Kadam,Female,47,Bengaluru,Karnataka,2024-02-02,Regular Customer
C008884,Sneha Singh,Female,59,Chennai,Tamil Nadu,2024-01-01,Regular Customer
C008885,Manish Sharma,Male,19,Nagpur,Maharashtra,2024-01-17,New Customer
C008886,Vivek Nair,Female,28,Nashik,Maharashtra,2024-08-03,New Customer
C008887,Sonia Patil,Female,42,Nashik,Maharashtra,2024-01-09,Loyal Customer
C008888,Arjun Singh,Male,46,Ahmedabad,Gujarat,2024-01-11,Regular Customer
C008889,Sameer Patil,Male,39,Lucknow,Uttar Pradesh,2024-01-30,Regular Customer
C008890,Akash Patil,Female,36,Mysuru,Karnataka,2024-02-02,Regular Customer
C008891,Ayush Deshmukh,Male,26,Aurangabad,Maharashtra,2024-06-06,Occasional Customer
C008892,Arjun Chavan,Male,58,Hyderabad,Telangana,2024-01-29,Regular Customer
C008893,Riya Shah,Male,55,Jaipur,Rajasthan,2024-06-18,Regular Customer
C008894,Sameer Das,Female,46,Mumbai,Maharashtra,2024-01-11,Loyal Customer
C008895,Gaurav More,Female,27,Chennai,Tamil Nadu,2024-03-04,Occasional Customer
C008896,Riya Pawar,Female,39,Pune,Maharashtra,2024-07-22,Occasional Customer
C008897,Vivek Jadhav,Female,41,Hyderabad,Telangana,2025-10-02,New Customer
C008898,Neha Thakur,Female,25,Delhi,Delhi,2024-03-17,Occasional Customer
C008899,Akash Jadhav,Male,64,Ahmedabad,Gujarat,2024-01-04,Loyal Customer
C008900,Deepak Mishra,Male,23,Pune,Maharashtra,2024-02-11,New Customer
C008901,Amit Menon,Male,24,Hyderabad,Telangana,2024-01-09,New Customer
C008902,Neha Singh,Male,37,Kolkata,West Bengal,2024-02-13,Loyal Customer
C008903,Sonia Singh,Female,34,Delhi,Delhi,2024-01-11,Regular Customer
C008904,Harsh Reddy,Female,53,Pune,Maharashtra,2024-01-15,Loyal Customer
C008905,Isha Rao,Female,25,Hyderabad,Telangana,2024-01-19,Loyal Customer
C008906,Akash Verma,Other,30,Nashik,Maharashtra,2024-04-18,Occasional Customer
C008907,Kavita Joshi,Female,41,Delhi,Delhi,2025-08-21,Occasional Customer
C008908,Neha Yadav,Female,63,Pune,Maharashtra,2024-01-08,Occasional Customer
C008909,Rahul Yadav,Male,48,Jaipur,Rajasthan,2024-07-15,Regular Customer
C008910,Arjun Chavan,Male,40,Hyderabad,Telangana,2024-01-23,Regular Customer
C008911,Sakshi Iyer,Female,34,Ahmedabad,Gujarat,2024-05-07,Regular Customer
C008912,Karan Joshi,Male,63,Aurangabad,Maharashtra,2024-01-25,Loyal Customer
C008913,Aditya More,Male,41,Indore,Madhya Pradesh,2024-01-02,Regular Customer
C008914,Sakshi Sawant,Female,60,Patna,Bihar,2024-02-11,Occasional Customer
C008915,Riya Deshmukh,Male,27,Chennai,Tamil Nadu,2024-05-22,Occasional Customer
C008916,Divya Gupta,Male,48,Lucknow,Uttar Pradesh,2024-01-03,Occasional Customer
C008917,Sneha Mishra,Female,62,Hyderabad,Telangana,2024-04-04,Regular Customer
C008918,Anjali Rao,Female,37,Latur,Maharashtra,2024-08-19,Occasional Customer
C008919,Pooja Iyer,Male,33,Warangal,Telangana,2024-01-08,Occasional Customer
C008920,Sonia Shinde,Male,31,Ahmedabad,Gujarat,2024-03-02,Regular Customer
C008921,Riya Deshmukh,Other,20,Aurangabad,Maharashtra,2024-04-19,Regular Customer
C008922,Aditya Yadav,Male,47,Pune,Maharashtra,2024-01-02,Loyal Customer
C008923,Aditi Shinde,Female,35,Bengaluru,Karnataka,2024-12-02,Occasional Customer
C008924,Aarav Rao,Male,23,Delhi,Delhi,2024-05-27,Occasional Customer
C008925,Aniket Thakur,Male,37,Latur,Maharashtra,2024-01-20,Loyal Customer
C008926,Sneha Gaikwad,Male,52,Hyderabad,Telangana,2024-06-22,Occasional Customer
C008927,Aniket Yadav,Female,36,Hyderabad,Telangana,2024-02-13,Occasional Customer
C008928,Akash Chavan,Female,43,Lucknow,Uttar Pradesh,2024-02-08,Regular Customer
C008929,Aniket Banerjee,Male,52,Latur,Maharashtra,2024-01-10,Loyal Customer
C008930,Neha Menon,Male,29,Delhi,Delhi,2024-04-01,Occasional Customer
C008931,Kavita Verma,Male,25,Delhi,Delhi,2024-02-16,Occasional Customer
C008932,Sonia Chavan,Female,54,Hyderabad,Telangana,2024-01-29,Regular Customer
C008933,Sakshi Sawant,Male,27,Pune,Maharashtra,2024-01-01,Loyal Customer
C008934,Riya Thakur,Male,38,Lucknow,Uttar Pradesh,2024-01-21,Loyal Customer
C008935,Pooja Jadhav,Male,58,Nashik,Maharashtra,2024-01-21,Loyal Customer
C008936,Sonia Verma,Female,62,Latur,Maharashtra,2024-05-17,Occasional Customer
C008937,Akash Kumar,Female,59,Indore,Madhya Pradesh,2025-03-28,New Customer
C008938,Amit Joshi,Female,46,Aurangabad,Maharashtra,2024-03-12,Occasional Customer
C008939,Vivek Kadam,Male,48,Hyderabad,Telangana,2024-01-07,Regular Customer
C008940,Gaurav Thakur,Male,57,Bengaluru,Karnataka,2024-01-15,Regular Customer
C008941,Sonia Shah,Male,24,Mumbai,Maharashtra,2024-01-03,Regular Customer
C008942,Kavita Shinde,Male,51,Mumbai,Maharashtra,2024-01-09,Loyal Customer
C008943,Sakshi Gaikwad,Female,51,Lucknow,Uttar Pradesh,2024-01-06,Occasional Customer
C008944,Aniket Deshmukh,Male,47,Latur,Maharashtra,2024-03-12,New Customer
C008945,Arjun Bhosale,Male,21,Bhopal,Madhya Pradesh,2024-02-25,Occasional Customer
C008946,Ananya Rao,Female,58,Mysuru,Karnataka,2024-04-10,Regular Customer
C008947,Ayush Mishra,Female,47,Delhi,Delhi,2024-01-12,Loyal Customer
C008948,Neha Reddy,Female,42,Mumbai,Maharashtra,2024-06-07,Occasional Customer
C008949,Akash Jadhav,Female,31,Mumbai,Maharashtra,2024-01-24,Loyal Customer
C008950,Isha Singh,Female,41,Ahmedabad,Gujarat,2024-01-29,Occasional Customer
C008951,Akash Iyer,Female,60,Aurangabad,Maharashtra,2024-06-10,Occasional Customer
C008952,Akash Joshi,Female,48,Kanpur,Uttar Pradesh,2024-01-07,Regular Customer
C008953,Aarav Singh,Male,56,Mumbai,Maharashtra,2024-02-01,Regular Customer
C008954,Isha Pawar,Male,45,Kanpur,Uttar Pradesh,2024-05-31,Occasional Customer
C008955,Arjun Sharma,Female,42,Nagpur,Maharashtra,2024-01-11,Occasional Customer
C008956,Karan Rao,Female,36,Bhopal,Madhya Pradesh,2024-11-03,Occasional Customer
C008957,Kavita Thakur,Female,21,Bengaluru,Karnataka,2025-12-12,New Customer
C008958,Divya More,Female,51,Surat,Gujarat,2024-01-05,Loyal Customer
C008959,Akash Kumar,Male,49,Indore,Madhya Pradesh,2024-02-03,Occasional Customer
C008960,Manish Deshmukh,Female,42,Surat,Gujarat,2024-01-01,Regular Customer
C008961,Divya Bhosale,Other,39,Nashik,Maharashtra,2024-03-18,Occasional Customer
C008962,Aniket Jadhav,Female,45,Aurangabad,Maharashtra,2024-01-06,Loyal Customer
C008963,Gaurav Verma,Male,35,Patna,Bihar,2024-01-27,Regular Customer
C008964,Harsh Verma,Male,24,Indore,Madhya Pradesh,2024-01-15,Regular Customer
C008965,Deepak Patil,Male,28,Vadodara,Gujarat,2024-01-18,Regular Customer
C008966,Isha More,Male,59,Pune,Maharashtra,2026-02-26,New Customer
C008967,Divya Kulkarni,Male,28,Vadodara,Gujarat,2024-01-06,Regular Customer
C008968,Aditi Reddy,Female,26,Aurangabad,Maharashtra,2024-03-02,Occasional Customer
C008969,Gaurav Iyer,Male,52,Nashik,Maharashtra,2024-02-15,Regular Customer
C008970,Vivek Bhosale,Female,54,Nashik,Maharashtra,2024-03-28,Occasional Customer
C008971,Aniket Sawant,Female,40,Latur,Maharashtra,2024-01-16,Regular Customer
C008972,Aniket Gaikwad,Female,50,Kanpur,Uttar Pradesh,2026-03-12,New Customer
C008973,Ananya Shah,Female,18,Patna,Bihar,2024-10-29,Occasional Customer
C008974,Arjun Verma,Female,37,Ahmedabad,Gujarat,2024-01-12,Regular Customer
C008975,Nikhil Yadav,Female,22,Vadodara,Gujarat,2024-02-21,Regular Customer
C008976,Kavita Bhosale,Male,46,Aurangabad,Maharashtra,2024-01-12,New Customer
C008977,Akash Rao,Female,43,Hyderabad,Telangana,2024-04-07,Occasional Customer
C008978,Aditi Reddy,Male,55,Kanpur,Uttar Pradesh,2024-02-08,Loyal Customer
C008979,Anjali Kulkarni,Female,20,Mumbai,Maharashtra,2024-01-14,Regular Customer
C008980,Anjali Kulkarni,Male,38,Surat,Gujarat,2024-03-01,Occasional Customer
C008981,Aditi Singh,Male,30,Nashik,Maharashtra,2024-01-02,Regular Customer
C008982,Aditi Mehta,Male,48,Indore,Madhya Pradesh,2024-01-13,Occasional Customer
C008983,Arjun Joshi,Female,34,Patna,Bihar,2024-01-29,Loyal Customer
C008984,Aditya Gupta,Male,52,Surat,Gujarat,2024-01-02,Loyal Customer
C008985,Akash More,Female,40,Jaipur,Rajasthan,2024-02-15,Regular Customer
C008986,Anjali Singh,Female,20,Surat,Gujarat,2024-01-17,Regular Customer
C008987,Nikhil Nair,Male,62,Jaipur,Rajasthan,2024-04-20,New Customer
C008988,Riya Gaikwad,Female,19,Kanpur,Uttar Pradesh,2024-01-08,Regular Customer
C008989,Gaurav Gaikwad,Male,20,Warangal,Telangana,2024-04-28,Occasional Customer
C008990,Akash Joshi,Female,37,Nagpur,Maharashtra,2024-02-10,Occasional Customer
C008991,Rohan Banerjee,Female,65,Lucknow,Uttar Pradesh,2024-09-13,Occasional Customer
C008992,Vikas Nair,Male,61,Mumbai,Maharashtra,2024-01-01,Loyal Customer
C008993,Arjun Yadav,Other,26,Pune,Maharashtra,2024-01-20,Regular Customer
C008994,Aniket Pawar,Female,65,Kolkata,West Bengal,2024-05-16,Regular Customer
C008995,Sameer Shinde,Female,21,Vadodara,Gujarat,2024-01-13,Regular Customer
C008996,Divya Reddy,Female,42,Mysuru,Karnataka,2024-04-01,Occasional Customer
C008997,Ayush Nair,Female,18,Bhopal,Madhya Pradesh,2024-11-06,New Customer
C008998,Nikhil Sawant,Male,56,Vadodara,Gujarat,2024-01-01,Regular Customer
C008999,Rohan Sharma,Male,29,Surat,Gujarat,2024-01-06,Regular Customer
C009000,Akash Pawar,Male,57,Indore,Madhya Pradesh,2024-01-05,Loyal Customer
C009001,Kavita Kumar,Female,57,Ahmedabad,Gujarat,2024-01-02,Regular Customer
C009002,Riya Shah,Male,41,Mumbai,Maharashtra,2024-02-23,Occasional Customer
C009003,Karan Iyer,Female,26,Aurangabad,Maharashtra,2024-08-04,New Customer
C009004,Ayush Mishra,Male,63,Ahmedabad,Gujarat,2024-01-04,Loyal Customer
C009005,Vivek Nair,Male,37,Surat,Gujarat,2024-10-26,Occasional Customer
C009006,Anjali Pawar,Male,22,Nagpur,Maharashtra,2024-01-07,Regular Customer
C009007,Deepak Rao,Female,37,Kolkata,West Bengal,2024-02-24,Occasional Customer
C009008,Aditya Pawar,Female,38,Lucknow,Uttar Pradesh,2024-01-10,Loyal Customer
C009009,Ananya Chavan,Male,19,Indore,Madhya Pradesh,2024-01-16,Loyal Customer
C009010,Vikas Thakur,Female,38,Nagpur,Maharashtra,2024-11-25,New Customer
C009011,Amit Sharma,Male,59,Jaipur,Rajasthan,2024-05-04,Occasional Customer
C009012,Rahul Yadav,Female,41,Surat,Gujarat,2024-01-07,Loyal Customer
C009013,Harsh Chavan,Male,26,Chennai,Tamil Nadu,2024-01-24,Occasional Customer
C009014,Aarav Pawar,Male,56,Chennai,Tamil Nadu,2024-08-19,Occasional Customer
C009015,Arjun Singh,Female,47,Delhi,Delhi,2024-01-16,Regular Customer
C009016,Aditya Pawar,Female,35,Indore,Madhya Pradesh,2024-01-10,Loyal Customer
C009017,Rahul Menon,Male,61,Warangal,Telangana,2024-01-08,Loyal Customer
C009018,Sonia Sharma,Male,60,Indore,Madhya Pradesh,2024-01-01,Loyal Customer
C009019,Nikhil Kadam,Female,27,Patna,Bihar,2024-06-03,Regular Customer
C009020,Karan Mehta,Female,62,Kanpur,Uttar Pradesh,2024-01-08,Regular Customer
C009021,Aarav Yadav,Female,58,Delhi,Delhi,2024-01-01,Regular Customer
C009022,Sonia Joshi,Female,65,Pune,Maharashtra,2024-01-30,Occasional Customer
C009023,Karan Kulkarni,Female,38,Mysuru,Karnataka,2024-01-01,Regular Customer
C009024,Aditi Banerjee,Male,39,Mysuru,Karnataka,2024-01-24,Occasional Customer
C009025,Aarav Mehta,Male,34,Delhi,Delhi,2024-01-02,Regular Customer
C009026,Rahul Sawant,Male,22,Latur,Maharashtra,2024-04-27,New Customer
C009027,Sneha Joshi,Male,23,Nashik,Maharashtra,2025-03-16,Occasional Customer
C009028,Kavita Verma,Female,27,Chennai,Tamil Nadu,2024-01-26,Occasional Customer
C009029,Ananya Menon,Female,60,Delhi,Delhi,2025-01-20,Occasional Customer
C009030,Amit Menon,Male,19,Ahmedabad,Gujarat,2024-03-15,Occasional Customer
C009031,Akash Kulkarni,Female,24,Aurangabad,Maharashtra,2024-01-12,Regular Customer
C009032,Ayush Das,Female,63,Latur,Maharashtra,2024-02-13,Regular Customer
C009033,Rohan Chavan,Female,21,Mumbai,Maharashtra,2024-02-18,Regular Customer
C009034,Isha Yadav,Male,54,Latur,Maharashtra,2024-07-02,Occasional Customer
C009035,Rohan Kadam,Female,36,Bhopal,Madhya Pradesh,2025-01-02,Occasional Customer
C009036,Manish More,Male,45,Vadodara,Gujarat,2024-03-27,New Customer
C009037,Rahul Yadav,Female,37,Bengaluru,Karnataka,2024-01-09,Loyal Customer
C009038,Arjun Kadam,Female,47,Kolkata,West Bengal,2024-01-08,Loyal Customer
C009039,Isha Sharma,Male,59,Warangal,Telangana,2024-01-02,Loyal Customer
C009040,Sneha Kadam,Male,55,Lucknow,Uttar Pradesh,2024-02-02,Regular Customer
C009041,Ayush Nair,Female,19,Jaipur,Rajasthan,2024-04-04,Occasional Customer
C009042,Deepak Singh,Male,20,Latur,Maharashtra,2024-04-04,Occasional Customer
C009043,Kavita Menon,Male,64,Latur,Maharashtra,2024-03-31,Regular Customer
C009044,Rahul Mishra,Female,59,Vadodara,Gujarat,2024-02-08,Occasional Customer
C009045,Sonia Singh,Male,56,Nagpur,Maharashtra,2024-02-09,Occasional Customer
C009046,Sneha Shah,Male,42,Mysuru,Karnataka,2024-01-02,New Customer
C009047,Karan Kulkarni,Female,19,Mumbai,Maharashtra,2024-07-05,Regular Customer
C009048,Arjun Rao,Male,56,Surat,Gujarat,2024-01-29,Occasional Customer
C009049,Kavita Iyer,Male,32,Nashik,Maharashtra,2024-01-19,Regular Customer
C009050,Pooja Sharma,Female,20,Chennai,Tamil Nadu,2024-01-08,Loyal Customer
C009051,Amit Bhosale,Male,22,Latur,Maharashtra,2024-01-01,Loyal Customer
C009052,Sonia Joshi,Female,57,Delhi,Delhi,2024-10-19,Occasional Customer
C009053,Rahul Jadhav,Other,53,Chennai,Tamil Nadu,2024-07-22,Occasional Customer
C009054,Divya Yadav,Female,57,Mysuru,Karnataka,2024-10-13,New Customer
C009055,Aarav Joshi,Male,55,Bhopal,Madhya Pradesh,2024-01-25,Regular Customer
C009056,Neha Iyer,Male,54,Hyderabad,Telangana,2024-12-18,New Customer
C009057,Riya Bhosale,Female,44,Hyderabad,Telangana,2024-02-16,Occasional Customer
C009058,Divya Shinde,Female,22,Delhi,Delhi,2024-01-13,Regular Customer
C009059,Rohan Deshmukh,Female,34,Nashik,Maharashtra,2024-01-04,Regular Customer
C009060,Aniket Kumar,Female,55,Kanpur,Uttar Pradesh,2024-05-19,Occasional Customer
C009061,Gaurav Reddy,Male,62,Mumbai,Maharashtra,2024-02-29,Regular Customer
C009062,Akash More,Male,58,Ahmedabad,Gujarat,2024-01-01,Loyal Customer
C009063,Vikas Reddy,Female,29,Bhopal,Madhya Pradesh,2024-05-03,Occasional Customer
C009064,Rahul Gupta,Female,59,Bengaluru,Karnataka,2024-02-19,Regular Customer
C009065,Vikas Kumar,Male,48,Bengaluru,Karnataka,2024-06-15,Occasional Customer
C009066,Isha Singh,Female,50,Bengaluru,Karnataka,2024-04-29,Loyal Customer
C009067,Kavita Pawar,Male,60,Mysuru,Karnataka,2024-02-29,Occasional Customer
C009068,Arjun Kumar,Male,46,Pune,Maharashtra,2024-01-18,Loyal Customer
C009069,Rahul Kadam,Male,55,Latur,Maharashtra,2024-01-02,Regular Customer
C009070,Vikas Chavan,Female,20,Kolkata,West Bengal,2024-02-06,Occasional Customer
C009071,Gaurav Mehta,Female,55,Nagpur,Maharashtra,2024-09-21,New Customer
C009072,Harsh More,Female,58,Delhi,Delhi,2024-06-18,Occasional Customer
C009073,Ayush Shinde,Other,57,Latur,Maharashtra,2024-07-11,Regular Customer
C009074,Aditi Mehta,Male,47,Nagpur,Maharashtra,2024-05-28,Occasional Customer
C009075,Kavita Nair,Female,64,Delhi,Delhi,2024-01-29,Loyal Customer
C009076,Deepak Banerjee,Female,39,Kolkata,West Bengal,2024-01-19,Regular Customer
C009077,Nikhil Kulkarni,Female,55,Ahmedabad,Gujarat,2024-01-16,Loyal Customer
C009078,Harsh Das,Female,49,Kanpur,Uttar Pradesh,2024-02-26,Occasional Customer
C009079,Isha Mehta,Male,60,Mysuru,Karnataka,2024-01-02,Occasional Customer
C009080,Sameer Das,Female,27,Latur,Maharashtra,2024-01-31,Occasional Customer
C009081,Divya Sawant,Male,49,Kolkata,West Bengal,2024-11-10,New Customer
C009082,Akash Sharma,Male,60,Bhopal,Madhya Pradesh,2024-01-19,Loyal Customer
C009083,Karan Kumar,Male,21,Bhopal,Madhya Pradesh,2024-03-31,Regular Customer
C009084,Rahul Jadhav,Male,46,Hyderabad,Telangana,2024-01-07,Regular Customer
C009085,Isha Rao,Male,62,Kolkata,West Bengal,2024-01-11,Loyal Customer
C009086,Amit Verma,Male,25,Bhopal,Madhya Pradesh,2024-11-10,Occasional Customer
C009087,Ayush Shah,Male,37,Bhopal,Madhya Pradesh,2024-01-23,Regular Customer
C009088,Manish Rao,Male,64,Kanpur,Uttar Pradesh,2024-01-01,Occasional Customer
C009089,Ananya Sawant,Male,24,Bengaluru,Karnataka,2024-01-06,Loyal Customer
C009090,Karan Sawant,Female,18,Pune,Maharashtra,2024-06-20,Regular Customer
C009091,Aditya Das,Female,42,Warangal,Telangana,2024-02-27,Loyal Customer
C009092,Ayush Sharma,Female,43,Kanpur,Uttar Pradesh,2024-05-04,Occasional Customer
C009093,Isha Patil,Female,26,Pune,Maharashtra,2024-02-01,Occasional Customer
C009094,Aniket Sawant,Male,40,Delhi,Delhi,2024-02-24,Regular Customer
C009095,Sneha Mehta,Male,57,Hyderabad,Telangana,2024-01-27,Regular Customer
C009096,Akash Patil,Male,19,Latur,Maharashtra,2024-08-07,Occasional Customer
C009097,Karan Sawant,Female,43,Mysuru,Karnataka,2024-01-22,Occasional Customer
C009098,Aarav Bhosale,Female,31,Aurangabad,Maharashtra,2024-01-15,New Customer
C009099,Divya Rao,Male,61,Delhi,Delhi,2024-01-03,Occasional Customer
C009100,Sneha Sharma,Male,48,Mumbai,Maharashtra,2024-02-15,Occasional Customer
C009101,Aditi More,Female,43,Pune,Maharashtra,2024-03-25,Loyal Customer
C009102,Amit Kadam,Male,36,Mumbai,Maharashtra,2024-03-01,Occasional Customer
C009103,Vikas Sawant,Female,55,Lucknow,Uttar Pradesh,2024-03-23,Regular Customer
C009104,Sameer Mishra,Female,22,Pune,Maharashtra,2024-04-17,Occasional Customer
C009105,Kavita Rao,Female,23,Patna,Bihar,2024-01-09,Regular Customer
C009106,Sakshi Gupta,Female,52,Kanpur,Uttar Pradesh,2024-01-17,Regular Customer
C009107,Amit Deshmukh,Male,33,Patna,Bihar,2024-01-14,New Customer
C009108,Riya More,Female,48,Nashik,Maharashtra,2024-01-26,Loyal Customer
C009109,Amit Iyer,Female,35,Chennai,Tamil Nadu,2025-08-12,New Customer
C009110,Aniket Bhosale,Female,31,Vadodara,Gujarat,2024-06-12,New Customer
C009111,Neha Kumar,Female,42,Kanpur,Uttar Pradesh,2024-01-18,Loyal Customer
C009112,Aditya Sawant,Female,32,Bhopal,Madhya Pradesh,2024-01-23,Occasional Customer
C009113,Anjali Patil,Female,43,Mumbai,Maharashtra,2024-02-22,Regular Customer
C009114,Karan Kumar,Male,53,Mumbai,Maharashtra,2024-11-27,Occasional Customer
C009115,Divya Joshi,Male,28,Surat,Gujarat,2024-01-06,Regular Customer
C009116,Sameer Rao,Male,54,Nashik,Maharashtra,2025-05-03,Occasional Customer
C009117,Pooja Gaikwad,Female,58,Aurangabad,Maharashtra,2024-05-20,Occasional Customer
C009118,Harsh Gaikwad,Female,54,Delhi,Delhi,2024-01-08,Occasional Customer
C009119,Vikas Kulkarni,Male,24,Ahmedabad,Gujarat,2024-01-27,Loyal Customer
C009120,Vikas More,Male,35,Jaipur,Rajasthan,2024-01-10,Occasional Customer
C009121,Vivek Sawant,Female,37,Ahmedabad,Gujarat,2024-02-21,Occasional Customer
C009122,Nikhil Sawant,Male,19,Vadodara,Gujarat,2024-01-31,Occasional Customer
C009123,Ananya Mehta,Male,43,Pune,Maharashtra,2024-01-05,Occasional Customer
C009124,Harsh Rao,Male,40,Jaipur,Rajasthan,2024-03-08,Occasional Customer
C009125,Vikas Chavan,Male,49,Latur,Maharashtra,2024-02-01,Regular Customer
C009126,Sameer Mehta,Female,30,Surat,Gujarat,2024-01-03,Regular Customer
C009127,Amit Rao,Male,30,Mumbai,Maharashtra,2024-01-06,Regular Customer
C009128,Sakshi Shinde,Female,34,Indore,Madhya Pradesh,2024-01-30,Occasional Customer
C009129,Arjun Jadhav,Female,42,Delhi,Delhi,2024-04-10,Occasional Customer
C009130,Harsh Gupta,Male,39,Lucknow,Uttar Pradesh,2024-01-16,Regular Customer
C009131,Aniket Sawant,Male,44,Nagpur,Maharashtra,2024-08-14,Occasional Customer
C009132,Ayush Deshmukh,Female,34,Delhi,Delhi,2024-01-01,Occasional Customer
C009133,Ayush Mehta,Female,43,Aurangabad,Maharashtra,2024-01-02,Occasional Customer
C009134,Vivek Reddy,Male,55,Indore,Madhya Pradesh,2024-01-25,Regular Customer
C009135,Isha Gupta,Male,31,Vadodara,Gujarat,2024-03-21,Occasional Customer
C009136,Ananya Gaikwad,Male,31,Hyderabad,Telangana,2025-05-04,New Customer
C009137,Sameer Singh,Female,29,Mysuru,Karnataka,2024-02-24,Regular Customer
C009138,Sneha Bhosale,Male,22,Delhi,Delhi,2024-02-22,Regular Customer
C009139,Akash Jadhav,Male,54,Nagpur,Maharashtra,2024-01-06,Regular Customer
C009140,Kavita Thakur,Male,21,Kanpur,Uttar Pradesh,2024-04-27,New Customer
C009141,Riya Chavan,Female,46,Mysuru,Karnataka,2024-01-16,Regular Customer
C009142,Kavita Kumar,Male,42,Mysuru,Karnataka,2024-01-05,Loyal Customer
C009143,Rahul Nair,Female,62,Surat,Gujarat,2024-03-18,Occasional Customer
C009144,Divya Thakur,Male,21,Chennai,Tamil Nadu,2024-04-02,New Customer
C009145,Divya Bhosale,Male,33,Kolkata,West Bengal,2024-01-13,Loyal Customer
C009146,Isha Bhosale,Female,19,Mysuru,Karnataka,2025-05-12,Occasional Customer
C009147,Harsh Thakur,Female,40,Mysuru,Karnataka,2024-01-16,Regular Customer
C009148,Aarav Kumar,Female,21,Lucknow,Uttar Pradesh,2026-03-13,New Customer
C009149,Manish Sharma,Female,37,Mumbai,Maharashtra,2024-05-18,Occasional Customer
C009150,Sakshi Bhosale,Male,34,Mysuru,Karnataka,2026-02-14,New Customer
C009151,Aditya Menon,Female,23,Pune,Maharashtra,2024-01-12,Regular Customer
C009152,Amit Shah,Male,35,Indore,Madhya Pradesh,2024-05-29,Occasional Customer
C009153,Vivek Sawant,Male,37,Hyderabad,Telangana,2025-08-04,New Customer
C009154,Sameer Joshi,Female,56,Hyderabad,Telangana,2024-02-09,Occasional Customer
C009155,Neha Verma,Female,62,Kanpur,Uttar Pradesh,2024-01-05,Occasional Customer
C009156,Divya Jadhav,Female,58,Bengaluru,Karnataka,2024-01-02,Loyal Customer
C009157,Nikhil Gupta,Female,51,Vadodara,Gujarat,2024-02-18,Occasional Customer
C009158,Vikas Mehta,Other,57,Pune,Maharashtra,2024-01-17,Loyal Customer
C009159,Vikas Sawant,Male,63,Surat,Gujarat,2025-01-03,Occasional Customer
C009160,Aditi Menon,Female,41,Indore,Madhya Pradesh,2024-05-25,Occasional Customer
C009161,Sonia Gaikwad,Female,35,Mumbai,Maharashtra,2024-01-09,Regular Customer
C009162,Amit Gaikwad,Female,47,Bengaluru,Karnataka,2024-01-24,Regular Customer
C009163,Rahul Sharma,Female,18,Kanpur,Uttar Pradesh,2024-02-23,Regular Customer
C009164,Isha Das,Female,40,Patna,Bihar,2024-01-29,Occasional Customer
C009165,Sakshi Mishra,Female,46,Lucknow,Uttar Pradesh,2024-05-07,Occasional Customer
C009166,Kavita Thakur,Male,58,Nashik,Maharashtra,2024-02-12,Occasional Customer
C009167,Sneha Patil,Female,58,Warangal,Telangana,2024-01-11,Regular Customer
C009168,Aditya Patil,Male,49,Ahmedabad,Gujarat,2024-10-19,Occasional Customer
C009169,Arjun Banerjee,Male,19,Nashik,Maharashtra,2024-02-24,Occasional Customer
C009170,Pooja Kulkarni,Male,65,Bengaluru,Karnataka,2024-03-18,Occasional Customer
C009171,Deepak Shah,Male,53,Bengaluru,Karnataka,2024-01-20,Loyal Customer
C009172,Akash Banerjee,Male,62,Vadodara,Gujarat,2024-01-25,Regular Customer
C009173,Ayush Mehta,Male,34,Bhopal,Madhya Pradesh,2024-01-01,Occasional Customer
C009174,Karan Nair,Male,60,Chennai,Tamil Nadu,2024-01-11,Regular Customer
C009175,Deepak Mishra,Male,19,Mysuru,Karnataka,2024-01-01,Occasional Customer
C009176,Aditi Kulkarni,Male,21,Delhi,Delhi,2024-03-03,Regular Customer
C009177,Rohan Mehta,Male,61,Hyderabad,Telangana,2024-01-15,Loyal Customer
C009178,Rahul Verma,Female,51,Bengaluru,Karnataka,2024-06-21,Occasional Customer
C009179,Rohan Nair,Male,18,Latur,Maharashtra,2024-07-16,Occasional Customer
C009180,Aditi Nair,Male,40,Lucknow,Uttar Pradesh,2024-01-30,Regular Customer
C009181,Aniket Verma,Male,23,Jaipur,Rajasthan,2024-02-01,Occasional Customer
C009182,Amit Gupta,Male,33,Kolkata,West Bengal,2024-05-25,Regular Customer
C009183,Rohan Yadav,Female,19,Hyderabad,Telangana,2024-04-06,Loyal Customer
C009184,Amit Joshi,Male,63,Jaipur,Rajasthan,2024-01-01,Loyal Customer
C009185,Vikas Rao,Male,29,Aurangabad,Maharashtra,2024-01-09,Loyal Customer
C009186,Pooja Mishra,Male,44,Jaipur,Rajasthan,2024-02-06,Loyal Customer
C009187,Amit Sawant,Female,36,Mumbai,Maharashtra,2024-01-02,Loyal Customer
C009188,Pooja Sawant,Female,45,Lucknow,Uttar Pradesh,2024-02-01,Occasional Customer
C009189,Rohan Kumar,Male,52,Aurangabad,Maharashtra,2025-12-20,Occasional Customer
C009190,Aarav Das,Male,60,Hyderabad,Telangana,2024-03-30,Regular Customer
C009191,Karan Shah,Male,21,Lucknow,Uttar Pradesh,2024-01-01,Regular Customer
C009192,Riya Shinde,Female,24,Vadodara,Gujarat,2024-01-19,Loyal Customer
C009193,Akash Deshmukh,Male,54,Aurangabad,Maharashtra,2024-02-23,Loyal Customer
C009194,Aarav Jadhav,Male,42,Indore,Madhya Pradesh,2024-02-06,Occasional Customer
C009195,Nikhil Singh,Male,58,Vadodara,Gujarat,2024-01-17,Regular Customer
C009196,Akash Verma,Male,34,Warangal,Telangana,2024-08-11,Occasional Customer
C009197,Akash Joshi,Male,58,Mumbai,Maharashtra,2024-02-14,Loyal Customer
C009198,Aniket Kulkarni,Male,31,Pune,Maharashtra,2024-01-10,Loyal Customer
C009199,Karan Sharma,Male,54,Kolkata,West Bengal,2025-11-05,Occasional Customer
C009200,Sneha Verma,Male,19,Kanpur,Uttar Pradesh,2024-03-21,Occasional Customer
C009201,Isha Gaikwad,Female,41,Bhopal,Madhya Pradesh,2024-03-05,Occasional Customer
C009202,Aditi Kumar,Male,32,Delhi,Delhi,2024-01-13,Regular Customer
C009203,Akash Sawant,Female,65,Mysuru,Karnataka,2024-01-25,Loyal Customer
C009204,Gaurav Yadav,Female,50,Nashik,Maharashtra,2024-02-09,Loyal Customer
C009205,Ananya Banerjee,Female,29,Aurangabad,Maharashtra,2024-08-01,Occasional Customer
C009206,Anjali Banerjee,Female,36,Nashik,Maharashtra,2024-01-05,Loyal Customer
C009207,Sonia Gupta,Male,64,Ahmedabad,Gujarat,2024-01-08,Regular Customer
C009208,Arjun Banerjee,Male,22,Ahmedabad,Gujarat,2025-01-21,Occasional Customer
C009209,Nikhil Rao,Female,18,Bhopal,Madhya Pradesh,2024-02-03,Occasional Customer
C009210,Isha Mishra,Female,60,Pune,Maharashtra,2024-01-10,New Customer
C009211,Rahul Shah,Female,26,Jaipur,Rajasthan,2024-01-14,Occasional Customer
C009212,Akash Bhosale,Male,56,Mumbai,Maharashtra,2024-09-08,Regular Customer
C009213,Amit Reddy,Female,51,Lucknow,Uttar Pradesh,2024-01-18,Loyal Customer
C009214,Aarav Pawar,Female,46,Bengaluru,Karnataka,2024-01-13,Loyal Customer
C009215,Amit Banerjee,Male,65,Nagpur,Maharashtra,2024-04-12,Regular Customer
C009216,Rohan Rao,Female,65,Hyderabad,Telangana,2025-05-23,Occasional Customer
C009217,Anjali Pawar,Male,63,Mysuru,Karnataka,2024-01-14,Regular Customer
C009218,Kavita Iyer,Male,19,Mumbai,Maharashtra,2024-02-13,Occasional Customer
C009219,Riya Gupta,Male,36,Mysuru,Karnataka,2024-01-10,Occasional Customer
C009220,Aniket Yadav,Male,45,Patna,Bihar,2024-01-22,Occasional Customer
C009221,Karan Sawant,Female,52,Bengaluru,Karnataka,2024-08-03,New Customer
C009222,Ayush Rao,Female,57,Kolkata,West Bengal,2024-01-09,Loyal Customer
C009223,Akash Mehta,Female,65,Kolkata,West Bengal,2024-01-05,Occasional Customer
C009224,Karan Kadam,Male,39,Nagpur,Maharashtra,2024-01-06,Occasional Customer
C009225,Rahul More,Male,21,Aurangabad,Maharashtra,2024-01-01,Loyal Customer
C009226,Gaurav Gaikwad,Male,25,Bengaluru,Karnataka,2024-02-20,Occasional Customer
C009227,Riya Das,Other,18,Vadodara,Gujarat,2024-01-13,Occasional Customer
C009228,Akash Thakur,Male,53,Bengaluru,Karnataka,2024-01-18,Regular Customer
C009229,Harsh Banerjee,Female,24,Hyderabad,Telangana,2026-07-10,New Customer
C009230,Harsh Jadhav,Male,42,Chennai,Tamil Nadu,2024-03-26,Loyal Customer
C009231,Aarav Sawant,Male,46,Bengaluru,Karnataka,2024-01-01,Regular Customer
C009232,Isha Kulkarni,Male,18,Latur,Maharashtra,2024-07-27,Occasional Customer
C009233,Neha Gaikwad,Male,35,Pune,Maharashtra,2024-01-25,Loyal Customer
C009234,Aarav Mehta,Female,21,Bengaluru,Karnataka,2024-01-13,Loyal Customer
C009235,Ayush Patil,Female,37,Indore,Madhya Pradesh,2024-01-12,Regular Customer
C009236,Pooja Reddy,Female,63,Mumbai,Maharashtra,2024-03-24,Regular Customer
C009237,Vikas Rao,Female,25,Lucknow,Uttar Pradesh,2024-02-24,Loyal Customer
C009238,Nikhil Thakur,Female,44,Latur,Maharashtra,2024-02-20,Regular Customer
C009239,Aditi Kumar,Female,56,Aurangabad,Maharashtra,2024-01-19,Loyal Customer
C009240,Vivek Kadam,Female,52,Pune,Maharashtra,2024-01-24,Regular Customer
C009241,Amit Thakur,Female,42,Bengaluru,Karnataka,2024-01-04,Loyal Customer
C009242,Vikas Iyer,Male,31,Surat,Gujarat,2024-01-29,Regular Customer
C009243,Isha More,Male,61,Nashik,Maharashtra,2024-01-29,Regular Customer
C009244,Aarav Pawar,Female,64,Nashik,Maharashtra,2024-04-21,New Customer
C009245,Divya Verma,Male,57,Patna,Bihar,2024-02-17,Occasional Customer
C009246,Sonia Mishra,Male,48,Kolkata,West Bengal,2024-01-01,Loyal Customer
C009247,Kavita Shinde,Female,22,Warangal,Telangana,2024-02-21,Regular Customer
C009248,Divya Singh,Male,34,Nashik,Maharashtra,2024-01-05,Regular Customer
C009249,Riya Verma,Female,27,Jaipur,Rajasthan,2024-02-01,Loyal Customer
C009250,Gaurav Verma,Male,60,Patna,Bihar,2024-04-03,Occasional Customer
C009251,Aditya Pawar,Female,33,Nashik,Maharashtra,2024-05-23,Regular Customer
C009252,Pooja Jadhav,Male,65,Jaipur,Rajasthan,2024-01-21,Loyal Customer
C009253,Divya Reddy,Female,21,Vadodara,Gujarat,2024-01-06,Occasional Customer
C009254,Rohan Mehta,Other,22,Chennai,Tamil Nadu,2024-01-29,Loyal Customer
C009255,Deepak Thakur,Female,59,Jaipur,Rajasthan,2024-01-26,Loyal Customer
C009256,Riya Mishra,Male,63,Lucknow,Uttar Pradesh,2024-05-07,Occasional Customer
C009257,Sameer Jadhav,Male,58,Warangal,Telangana,2024-09-07,Occasional Customer
C009258,Arjun Das,Female,37,Latur,Maharashtra,2024-04-03,Loyal Customer
C009259,Sakshi Rao,Female,23,Mysuru,Karnataka,2024-01-26,Regular Customer
C009260,Ayush Kumar,Female,28,Aurangabad,Maharashtra,2024-01-11,Occasional Customer
C009261,Gaurav Deshmukh,Female,34,Bhopal,Madhya Pradesh,2024-02-19,Loyal Customer
C009262,Vivek Banerjee,Male,58,Mysuru,Karnataka,2024-03-19,Regular Customer
C009263,Pooja Yadav,Male,20,Mysuru,Karnataka,2024-01-31,Occasional Customer
C009264,Gaurav Yadav,Female,33,Hyderabad,Telangana,2024-02-22,Occasional Customer
C009265,Nikhil Rao,Female,53,Bhopal,Madhya Pradesh,2024-03-07,Occasional Customer
C009266,Ananya Mehta,Male,43,Mumbai,Maharashtra,2024-03-08,Loyal Customer
C009267,Riya Kumar,Male,41,Hyderabad,Telangana,2024-02-26,Regular Customer
C009268,Kavita Menon,Female,64,Patna,Bihar,2024-02-02,Regular Customer
C009269,Rahul Verma,Female,51,Mumbai,Maharashtra,2024-01-19,Loyal Customer
C009270,Arjun Jadhav,Male,37,Kolkata,West Bengal,2024-01-19,Loyal Customer
C009271,Riya Chavan,Male,34,Nashik,Maharashtra,2024-02-24,Regular Customer
C009272,Neha Mehta,Male,37,Kanpur,Uttar Pradesh,2024-01-01,Loyal Customer
C009273,Divya Mehta,Male,33,Mysuru,Karnataka,2024-01-02,Regular Customer
C009274,Nikhil Banerjee,Female,21,Bengaluru,Karnataka,2024-01-03,Regular Customer
C009275,Gaurav Deshmukh,Female,35,Pune,Maharashtra,2024-01-09,Regular Customer
C009276,Aditi Sharma,Female,53,Surat,Gujarat,2024-05-27,Regular Customer
C009277,Sonia Iyer,Female,52,Jaipur,Rajasthan,2024-03-14,Regular Customer
C009278,Ananya Joshi,Male,47,Mumbai,Maharashtra,2025-01-11,Occasional Customer
C009279,Akash Rao,Female,35,Pune,Maharashtra,2024-01-16,Regular Customer
C009280,Akash Yadav,Female,38,Hyderabad,Telangana,2024-01-06,New Customer
C009281,Vivek Rao,Female,49,Mysuru,Karnataka,2024-06-06,Occasional Customer
C009282,Karan Chavan,Male,22,Vadodara,Gujarat,2024-04-14,Occasional Customer
C009283,Sakshi Joshi,Female,58,Kanpur,Uttar Pradesh,2024-02-10,Regular Customer
C009284,Sakshi Das,Female,40,Mumbai,Maharashtra,2024-01-18,Occasional Customer
C009285,Vivek Iyer,Male,47,Ahmedabad,Gujarat,2024-01-03,Loyal Customer
C009286,Sameer Joshi,Male,44,Mumbai,Maharashtra,2024-01-01,Regular Customer
C009287,Akash Singh,Female,32,Aurangabad,Maharashtra,2024-01-14,Loyal Customer
C009288,Vikas Pawar,Female,58,Jaipur,Rajasthan,2024-05-28,Regular Customer
C009289,Rohan Singh,Male,31,Kolkata,West Bengal,2024-01-09,Loyal Customer
C009290,Gaurav Menon,Male,38,Indore,Madhya Pradesh,2024-03-13,Occasional Customer
C009291,Harsh Kumar,Male,51,Jaipur,Rajasthan,2024-01-14,Regular Customer
C009292,Aditya Patil,Male,43,Ahmedabad,Gujarat,2024-01-21,Regular Customer
C009293,Nikhil More,Female,42,Delhi,Delhi,2024-01-07,Loyal Customer
C009294,Akash Patil,Male,62,Indore,Madhya Pradesh,2024-03-09,Occasional Customer
C009295,Sonia Iyer,Male,48,Indore,Madhya Pradesh,2024-01-11,Loyal Customer
C009296,Aditya Thakur,Female,65,Pune,Maharashtra,2024-01-28,Loyal Customer
C009297,Sakshi Kadam,Male,23,Ahmedabad,Gujarat,2024-01-08,Regular Customer
C009298,Nikhil Reddy,Female,65,Surat,Gujarat,2024-01-05,Loyal Customer
C009299,Sneha Sharma,Male,21,Delhi,Delhi,2024-01-14,Occasional Customer
C009300,Vivek Pawar,Female,41,Mysuru,Karnataka,2024-01-14,Loyal Customer
C009301,Deepak Kulkarni,Other,59,Nagpur,Maharashtra,2024-01-01,Loyal Customer
C009302,Riya Thakur,Male,48,Indore,Madhya Pradesh,2024-01-05,Loyal Customer
C009303,Gaurav Jadhav,Female,36,Kolkata,West Bengal,2024-01-04,Loyal Customer
C009304,Pooja Mehta,Other,28,Bengaluru,Karnataka,2024-02-23,Regular Customer
C009305,Manish Shinde,Other,46,Mysuru,Karnataka,2024-07-01,Occasional Customer
C009306,Aniket More,Male,22,Warangal,Telangana,2024-05-06,Regular Customer
C009307,Karan Thakur,Male,35,Patna,Bihar,2024-01-23,Regular Customer
C009308,Rahul Sawant,Male,20,Ahmedabad,Gujarat,2024-01-15,Occasional Customer
C009309,Anjali Shinde,Male,57,Bhopal,Madhya Pradesh,2024-03-22,Regular Customer
C009310,Rohan Pawar,Male,28,Aurangabad,Maharashtra,2024-02-14,Regular Customer
C009311,Harsh Banerjee,Male,38,Latur,Maharashtra,2024-01-03,Regular Customer
C009312,Kavita Das,Female,47,Indore,Madhya Pradesh,2024-01-10,Regular Customer
C009313,Sameer Shinde,Female,36,Delhi,Delhi,2024-01-08,Regular Customer
C009314,Aditya Mehta,Female,42,Kanpur,Uttar Pradesh,2024-02-07,Regular Customer
C009315,Aarav Reddy,Female,52,Jaipur,Rajasthan,2024-07-18,Regular Customer
C009316,Rahul Kulkarni,Male,29,Bengaluru,Karnataka,2024-01-02,Loyal Customer
C009317,Aniket Patil,Female,64,Pune,Maharashtra,2024-01-17,Loyal Customer
C009318,Sameer Jadhav,Female,43,Aurangabad,Maharashtra,2024-06-24,Occasional Customer
C009319,Vikas Sharma,Male,65,Mumbai,Maharashtra,2024-05-17,Occasional Customer
C009320,Divya Menon,Male,22,Nashik,Maharashtra,2025-03-19,Occasional Customer
C009321,Harsh Mehta,Female,36,Nashik,Maharashtra,2024-02-05,Occasional Customer
C009322,Manish Mishra,Male,44,Vadodara,Gujarat,2024-01-19,Regular Customer
C009323,Aditya Chavan,Female,55,Nagpur,Maharashtra,2024-03-08,Occasional Customer
C009324,Ananya Rao,Female,46,Bengaluru,Karnataka,2024-01-19,Loyal Customer
C009325,Rohan Kumar,Male,29,Vadodara,Gujarat,2024-01-29,Regular Customer
C009326,Rohan Reddy,Female,36,Chennai,Tamil Nadu,2024-02-08,Loyal Customer
C009327,Kavita Yadav,Male,26,Mysuru,Karnataka,2024-01-28,Loyal Customer
C009328,Aniket Banerjee,Female,35,Pune,Maharashtra,2024-06-12,New Customer
C009329,Aniket Mehta,Female,46,Delhi,Delhi,2024-01-06,Occasional Customer
C009330,Sneha Yadav,Male,20,Mysuru,Karnataka,2024-01-01,Loyal Customer
C009331,Kavita Kadam,Female,40,Vadodara,Gujarat,2024-01-23,New Customer
C009332,Divya Shah,Female,47,Latur,Maharashtra,2024-04-05,Occasional Customer
C009333,Vikas Gupta,Male,63,Bhopal,Madhya Pradesh,2024-02-07,Regular Customer
C009334,Sonia Jadhav,Female,41,Pune,Maharashtra,2024-01-13,Regular Customer
C009335,Sameer Deshmukh,Male,54,Pune,Maharashtra,2024-02-07,Loyal Customer
C009336,Isha Bhosale,Female,54,Mysuru,Karnataka,2024-02-27,Regular Customer
C009337,Pooja Gaikwad,Male,21,Jaipur,Rajasthan,2024-03-04,Occasional Customer
C009338,Sonia Deshmukh,Female,45,Chennai,Tamil Nadu,2024-08-24,Occasional Customer
C009339,Neha Deshmukh,Female,33,Mumbai,Maharashtra,2025-07-17,New Customer
C009340,Amit Das,Female,30,Patna,Bihar,2024-01-28,Loyal Customer
C009341,Kavita Sawant,Female,25,Warangal,Telangana,2024-01-01,Loyal Customer
C009342,Akash Kulkarni,Female,65,Jaipur,Rajasthan,2024-03-14,Regular Customer
C009343,Karan Joshi,Male,42,Bhopal,Madhya Pradesh,2024-03-29,Occasional Customer
C009344,Aditi Shah,Male,19,Ahmedabad,Gujarat,2024-03-04,Regular Customer
C009345,Manish Chavan,Male,47,Kolkata,West Bengal,2024-02-06,Occasional Customer
C009346,Aarav Joshi,Male,57,Patna,Bihar,2024-01-30,Regular Customer
C009347,Sneha Sawant,Male,20,Chennai,Tamil Nadu,2024-01-09,Loyal Customer
C009348,Vivek Banerjee,Female,40,Warangal,Telangana,2024-07-10,Occasional Customer
C009349,Arjun Gaikwad,Other,46,Mysuru,Karnataka,2024-01-15,Occasional Customer
C009350,Riya Kadam,Male,58,Surat,Gujarat,2024-05-13,Occasional Customer
C009351,Aditya Mishra,Male,47,Aurangabad,Maharashtra,2024-01-01,Occasional Customer
C009352,Sonia Pawar,Male,28,Bhopal,Madhya Pradesh,2024-03-30,Regular Customer
C009353,Ayush Deshmukh,Female,38,Lucknow,Uttar Pradesh,2024-01-06,Regular Customer
C009354,Manish Mehta,Male,44,Kolkata,West Bengal,2024-01-02,Loyal Customer
C009355,Anjali Mishra,Female,41,Latur,Maharashtra,2024-01-30,Occasional Customer
C009356,Kavita Kumar,Female,48,Delhi,Delhi,2024-01-01,Regular Customer
C009357,Nikhil Verma,Female,47,Patna,Bihar,2024-01-27,Regular Customer
C009358,Ayush Gaikwad,Male,18,Delhi,Delhi,2024-01-15,Loyal Customer
C009359,Nikhil Patil,Male,18,Kanpur,Uttar Pradesh,2024-02-04,Loyal Customer
C009360,Manish Nair,Male,25,Kanpur,Uttar Pradesh,2024-01-12,Regular Customer
C009361,Vikas Kulkarni,Male,65,Patna,Bihar,2026-04-28,New Customer
C009362,Neha Yadav,Female,59,Bhopal,Madhya Pradesh,2024-01-19,Loyal Customer
C009363,Vivek Kumar,Male,51,Bhopal,Madhya Pradesh,2024-01-15,Loyal Customer
C009364,Arjun Reddy,Male,33,Mysuru,Karnataka,2024-01-05,Regular Customer
C009365,Aarav Patil,Female,44,Pune,Maharashtra,2024-01-05,Loyal Customer
C009366,Deepak Bhosale,Male,21,Bengaluru,Karnataka,2024-03-03,Occasional Customer
C009367,Arjun Shinde,Male,36,Surat,Gujarat,2024-07-16,Occasional Customer
C009368,Deepak Singh,Female,46,Lucknow,Uttar Pradesh,2024-01-29,Regular Customer
C009369,Sakshi Patil,Female,58,Mysuru,Karnataka,2024-02-09,Loyal Customer
C009370,Amit Shinde,Male,20,Nashik,Maharashtra,2024-01-04,Loyal Customer
C009371,Manish Banerjee,Female,28,Latur,Maharashtra,2024-01-18,Regular Customer
C009372,Rohan Chavan,Female,25,Surat,Gujarat,2024-11-20,Occasional Customer
C009373,Vivek Menon,Male,56,Nashik,Maharashtra,2024-02-02,Regular Customer
C009374,Rahul Kumar,Female,50,Kolkata,West Bengal,2024-01-13,Regular Customer
C009375,Vikas Patil,Female,25,Jaipur,Rajasthan,2024-01-16,Occasional Customer
C009376,Anjali Yadav,Female,42,Hyderabad,Telangana,2024-09-02,New Customer
C009377,Aditya Das,Female,41,Indore,Madhya Pradesh,2024-01-13,Occasional Customer
C009378,Neha Singh,Male,43,Lucknow,Uttar Pradesh,2024-04-23,Occasional Customer
C009379,Nikhil Nair,Female,43,Lucknow,Uttar Pradesh,2024-01-01,Loyal Customer
C009380,Sneha Menon,Male,34,Indore,Madhya Pradesh,2024-04-11,Occasional Customer
C009381,Sameer Patil,Male,44,Latur,Maharashtra,2024-01-02,Regular Customer
C009382,Divya Deshmukh,Male,46,Delhi,Delhi,2024-01-14,Occasional Customer
C009383,Harsh Shah,Female,60,Jaipur,Rajasthan,2024-03-21,Regular Customer
C009384,Rohan Shah,Female,56,Warangal,Telangana,2024-01-15,Occasional Customer
C009385,Vivek Deshmukh,Male,26,Delhi,Delhi,2024-02-05,Regular Customer
C009386,Vikas Gupta,Female,31,Hyderabad,Telangana,2024-07-19,Regular Customer
C009387,Karan Jadhav,Female,22,Vadodara,Gujarat,2024-03-07,Loyal Customer
C009388,Arjun Iyer,Female,47,Lucknow,Uttar Pradesh,2024-08-06,Occasional Customer
C009389,Aditi Kulkarni,Male,45,Mysuru,Karnataka,2024-01-13,Regular Customer
C009390,Aditi Yadav,Female,62,Bengaluru,Karnataka,2024-01-03,Regular Customer
C009391,Kavita Joshi,Female,54,Nashik,Maharashtra,2024-02-27,Occasional Customer
C009392,Pooja Kadam,Male,25,Kolkata,West Bengal,2024-01-09,Regular Customer
C009393,Harsh Yadav,Male,32,Ahmedabad,Gujarat,2024-01-05,Regular Customer
C009394,Ayush Das,Other,45,Pune,Maharashtra,2024-01-20,Loyal Customer
C009395,Sonia Singh,Female,53,Pune,Maharashtra,2024-01-01,Regular Customer
C009396,Anjali Sharma,Female,50,Jaipur,Rajasthan,2026-04-21,New Customer
C009397,Vivek Patil,Male,23,Bengaluru,Karnataka,2024-01-04,Regular Customer
C009398,Aarav Menon,Female,29,Ahmedabad,Gujarat,2024-05-12,Occasional Customer
C009399,Sameer Das,Male,24,Nagpur,Maharashtra,2024-05-29,Occasional Customer
C009400,Aniket Gupta,Male,62,Bengaluru,Karnataka,2024-01-05,Loyal Customer
C009401,Nikhil Mishra,Male,45,Ahmedabad,Gujarat,2024-01-17,New Customer
C009402,Gaurav Rao,Male,24,Patna,Bihar,2024-01-07,Regular Customer
C009403,Rahul Iyer,Female,58,Vadodara,Gujarat,2024-01-01,Loyal Customer
C009404,Aarav Gupta,Female,18,Pune,Maharashtra,2024-05-19,Regular Customer
C009405,Karan Patil,Male,41,Warangal,Telangana,2024-01-07,Regular Customer
C009406,Gaurav Menon,Female,62,Bengaluru,Karnataka,2024-01-04,Regular Customer
C009407,Gaurav Nair,Male,36,Jaipur,Rajasthan,2024-04-18,Regular Customer
C009408,Amit Bhosale,Male,49,Pune,Maharashtra,2024-04-18,Regular Customer
C009409,Riya Bhosale,Female,47,Latur,Maharashtra,2024-04-18,Loyal Customer
C009410,Manish Jadhav,Male,18,Vadodara,Gujarat,2024-04-25,Regular Customer
C009411,Akash Thakur,Male,49,Warangal,Telangana,2024-05-27,Regular Customer
C009412,Akash Singh,Male,37,Aurangabad,Maharashtra,2024-01-13,Occasional Customer
C009413,Nikhil Singh,Female,38,Bengaluru,Karnataka,2024-01-02,Loyal Customer
C009414,Divya Kadam,Male,36,Mumbai,Maharashtra,2024-05-10,Regular Customer
C009415,Aniket Chavan,Male,47,Bengaluru,Karnataka,2024-06-19,Occasional Customer
C009416,Harsh Kumar,Female,45,Mysuru,Karnataka,2024-05-18,Regular Customer
C009417,Aditi Joshi,Male,49,Nashik,Maharashtra,2024-01-13,Regular Customer
C009418,Anjali Deshmukh,Male,47,Nagpur,Maharashtra,2024-01-01,Loyal Customer
C009419,Neha Sharma,Male,40,Mysuru,Karnataka,2024-03-04,Loyal Customer
C009420,Anjali Bhosale,Male,44,Kolkata,West Bengal,2024-03-22,Regular Customer
C009421,Rohan Menon,Female,54,Delhi,Delhi,2024-01-22,Occasional Customer
C009422,Vikas Das,Female,43,Surat,Gujarat,2024-01-27,Regular Customer
C009423,Sameer Gupta,Female,20,Latur,Maharashtra,2024-07-14,Occasional Customer
C009424,Neha Patil,Male,48,Chennai,Tamil Nadu,2024-01-02,Regular Customer
C009425,Sameer Sharma,Male,19,Ahmedabad,Gujarat,2024-01-22,Regular Customer
C009426,Sonia Iyer,Male,27,Indore,Madhya Pradesh,2024-06-12,Regular Customer
C009427,Anjali Banerjee,Male,55,Jaipur,Rajasthan,2024-02-02,Loyal Customer
C009428,Aditi Deshmukh,Male,36,Nagpur,Maharashtra,2024-01-20,Regular Customer
C009429,Aditi Jadhav,Male,48,Pune,Maharashtra,2024-02-06,Loyal Customer
C009430,Isha Pawar,Male,46,Delhi,Delhi,2024-01-28,Loyal Customer
C009431,Ayush Patil,Female,42,Bengaluru,Karnataka,2024-11-02,Occasional Customer
C009432,Deepak Kadam,Male,49,Nagpur,Maharashtra,2024-01-18,Loyal Customer
C009433,Nikhil Reddy,Male,34,Bhopal,Madhya Pradesh,2024-01-07,Occasional Customer
C009434,Vikas Joshi,Male,62,Kanpur,Uttar Pradesh,2024-02-17,Regular Customer
C009435,Ayush Jadhav,Male,40,Kolkata,West Bengal,2024-04-27,Regular Customer
C009436,Nikhil Gaikwad,Female,35,Surat,Gujarat,2024-02-23,Loyal Customer
C009437,Karan Rao,Male,28,Pune,Maharashtra,2024-02-05,Occasional Customer
C009438,Akash Rao,Male,37,Indore,Madhya Pradesh,2025-08-04,Occasional Customer
C009439,Aditya Deshmukh,Male,30,Vadodara,Gujarat,2024-04-01,Occasional Customer
C009440,Arjun Gupta,Male,41,Warangal,Telangana,2024-01-02,Loyal Customer
C009441,Aniket Yadav,Female,60,Mysuru,Karnataka,2024-04-26,New Customer
C009442,Riya Iyer,Other,37,Bhopal,Madhya Pradesh,2024-01-13,Loyal Customer
C009443,Sneha Kadam,Male,59,Lucknow,Uttar Pradesh,2024-01-19,Occasional Customer
C009444,Vikas Kumar,Female,45,Warangal,Telangana,2024-01-17,Regular Customer
C009445,Sonia Joshi,Male,52,Warangal,Telangana,2024-01-10,Occasional Customer
C009446,Isha Nair,Male,38,Nagpur,Maharashtra,2024-02-17,Loyal Customer
C009447,Ayush Kadam,Male,23,Nagpur,Maharashtra,2026-06-15,New Customer
C009448,Sakshi Gupta,Female,24,Chennai,Tamil Nadu,2024-02-18,Loyal Customer
C009449,Ayush Mishra,Male,46,Vadodara,Gujarat,2024-01-12,Occasional Customer
C009450,Pooja Joshi,Other,40,Indore,Madhya Pradesh,2024-01-07,Regular Customer
C009451,Kavita Singh,Male,22,Nashik,Maharashtra,2024-04-05,Regular Customer
C009452,Arjun Chavan,Male,39,Indore,Madhya Pradesh,2024-01-02,New Customer
C009453,Riya Gupta,Female,26,Surat,Gujarat,2024-01-01,Loyal Customer
C009454,Kavita Kulkarni,Female,49,Lucknow,Uttar Pradesh,2024-01-01,Regular Customer
C009455,Aditi Kadam,Female,27,Bengaluru,Karnataka,2024-01-07,Regular Customer
C009456,Vikas Bhosale,Female,63,Patna,Bihar,2024-01-29,Loyal Customer
C009457,Riya Shah,Male,60,Chennai,Tamil Nadu,2024-06-18,Occasional Customer
C009458,Karan More,Male,45,Aurangabad,Maharashtra,2024-03-15,Regular Customer
C009459,Aditya Shinde,Male,28,Delhi,Delhi,2024-02-20,Regular Customer
C009460,Vivek Jadhav,Male,24,Kanpur,Uttar Pradesh,2024-01-04,Regular Customer
C009461,Sneha Verma,Female,47,Nagpur,Maharashtra,2024-08-31,Occasional Customer
C009462,Anjali Sawant,Female,60,Patna,Bihar,2024-02-14,New Customer
C009463,Rohan Gupta,Female,62,Kolkata,West Bengal,2024-01-01,Regular Customer
C009464,Aniket Kulkarni,Male,55,Surat,Gujarat,2024-07-20,Regular Customer
C009465,Divya Iyer,Female,51,Delhi,Delhi,2024-02-27,Loyal Customer
C009466,Sneha Das,Female,63,Kanpur,Uttar Pradesh,2024-01-02,Regular Customer
C009467,Amit Patil,Male,45,Warangal,Telangana,2024-10-03,New Customer
C009468,Anjali Nair,Male,49,Nashik,Maharashtra,2024-01-01,Occasional Customer
C009469,Isha Reddy,Female,33,Chennai,Tamil Nadu,2024-01-14,Loyal Customer
C009470,Sakshi Thakur,Female,56,Warangal,Telangana,2024-03-08,Occasional Customer
C009471,Akash Sharma,Other,18,Latur,Maharashtra,2025-12-23,New Customer
C009472,Karan Banerjee,Male,51,Kolkata,West Bengal,2024-03-06,Occasional Customer
C009473,Aditi More,Male,58,Chennai,Tamil Nadu,2024-01-10,Regular Customer
C009474,Arjun Mehta,Male,40,Jaipur,Rajasthan,2024-02-10,Regular Customer
C009475,Gaurav Sawant,Male,37,Jaipur,Rajasthan,2024-01-03,Regular Customer
C009476,Sneha Deshmukh,Female,35,Patna,Bihar,2024-01-05,Regular Customer
C009477,Aditi More,Male,35,Kanpur,Uttar Pradesh,2024-02-06,Regular Customer
C009478,Sonia Shah,Female,59,Kanpur,Uttar Pradesh,2024-02-02,New Customer
C009479,Gaurav Yadav,Female,57,Nashik,Maharashtra,2024-03-22,Occasional Customer
C009480,Aarav Mishra,Male,38,Delhi,Delhi,2024-01-09,Regular Customer
C009481,Gaurav Gaikwad,Male,25,Ahmedabad,Gujarat,2024-02-01,New Customer
C009482,Isha Patil,Female,51,Bengaluru,Karnataka,2024-01-19,Regular Customer
C009483,Anjali Shinde,Female,28,Nashik,Maharashtra,2024-02-01,Occasional Customer
C009484,Gaurav Pawar,Male,60,Chennai,Tamil Nadu,2024-02-04,Regular Customer
C009485,Rahul Bhosale,Male,60,Bengaluru,Karnataka,2024-01-08,Loyal Customer
C009486,Manish Patil,Female,27,Ahmedabad,Gujarat,2024-01-09,Regular Customer
C009487,Rahul Sawant,Female,25,Jaipur,Rajasthan,2024-01-03,Occasional Customer
C009488,Aditi Gupta,Male,64,Latur,Maharashtra,2024-01-13,Loyal Customer
C009489,Sakshi Kadam,Female,25,Mysuru,Karnataka,2024-04-08,Occasional Customer
C009490,Vivek Sharma,Female,36,Ahmedabad,Gujarat,2024-03-06,Regular Customer
C009491,Vivek Shah,Male,18,Hyderabad,Telangana,2024-01-22,Regular Customer
C009492,Sakshi Singh,Female,20,Lucknow,Uttar Pradesh,2024-03-18,Occasional Customer
C009493,Deepak Kumar,Male,61,Lucknow,Uttar Pradesh,2024-02-24,Occasional Customer
C009494,Sneha Kumar,Male,49,Indore,Madhya Pradesh,2024-01-22,Regular Customer
C009495,Arjun Das,Male,65,Ahmedabad,Gujarat,2024-01-04,Loyal Customer
C009496,Sakshi Mehta,Male,33,Ahmedabad,Gujarat,2024-01-03,Regular Customer
C009497,Aniket Menon,Female,47,Patna,Bihar,2024-06-11,Regular Customer
C009498,Aarav Chavan,Female,45,Pune,Maharashtra,2024-01-21,Regular Customer
C009499,Rohan Banerjee,Male,45,Mysuru,Karnataka,2024-01-04,Loyal Customer
C009500,Nikhil Bhosale,Male,33,Vadodara,Gujarat,2024-05-20,Occasional Customer
C009501,Sonia Bhosale,Female,58,Ahmedabad,Gujarat,2024-03-06,Occasional Customer
C009502,Sameer Iyer,Male,50,Bengaluru,Karnataka,2024-01-02,Loyal Customer
C009503,Vivek Iyer,Male,42,Mumbai,Maharashtra,2025-01-19,New Customer
C009504,Sakshi Patil,Female,35,Surat,Gujarat,2025-05-03,Occasional Customer
C009505,Sameer Kulkarni,Female,43,Jaipur,Rajasthan,2024-02-09,Loyal Customer
C009506,Manish Gaikwad,Male,23,Kanpur,Uttar Pradesh,2024-01-30,Loyal Customer
C009507,Rohan Kumar,Female,55,Kolkata,West Bengal,2024-01-21,New Customer
C009508,Rahul Sawant,Male,61,Mumbai,Maharashtra,2024-02-15,Regular Customer
C009509,Sonia Gupta,Female,20,Indore,Madhya Pradesh,2024-01-09,Occasional Customer
C009510,Isha Bhosale,Female,60,Ahmedabad,Gujarat,2024-12-15,New Customer
C009511,Neha Iyer,Female,23,Kolkata,West Bengal,2024-01-07,Regular Customer
C009512,Neha Menon,Female,31,Jaipur,Rajasthan,2024-04-10,Occasional Customer
C009513,Kavita More,Male,35,Jaipur,Rajasthan,2025-01-11,New Customer
C009514,Ananya Gaikwad,Male,33,Pune,Maharashtra,2026-05-20,New Customer
C009515,Isha Iyer,Male,41,Indore,Madhya Pradesh,2024-01-22,Occasional Customer
C009516,Vivek Joshi,Female,30,Delhi,Delhi,2024-01-20,Loyal Customer
C009517,Amit Kumar,Female,18,Warangal,Telangana,2024-03-22,Regular Customer
C009518,Aarav More,Female,55,Kanpur,Uttar Pradesh,2024-01-01,Loyal Customer
C009519,Sameer Rao,Female,31,Nagpur,Maharashtra,2024-01-14,Occasional Customer
C009520,Arjun Deshmukh,Male,34,Chennai,Tamil Nadu,2024-01-26,Regular Customer
C009521,Anjali Menon,Male,30,Kanpur,Uttar Pradesh,2024-05-12,Regular Customer
C009522,Manish Sawant,Male,30,Jaipur,Rajasthan,2024-01-11,Loyal Customer
C009523,Deepak Mehta,Male,26,Surat,Gujarat,2024-01-07,Loyal Customer
C009524,Gaurav Patil,Male,23,Jaipur,Rajasthan,2024-03-13,Regular Customer
C009525,Nikhil More,Female,23,Patna,Bihar,2024-04-24,Occasional Customer
C009526,Divya More,Male,47,Indore,Madhya Pradesh,2025-04-11,New Customer
C009527,Rahul More,Female,54,Delhi,Delhi,2024-01-08,Loyal Customer
C009528,Sameer Reddy,Female,63,Indore,Madhya Pradesh,2024-05-04,Regular Customer
C009529,Sameer Menon,Male,31,Lucknow,Uttar Pradesh,2024-04-25,Occasional Customer
C009530,Nikhil Sharma,Female,21,Vadodara,Gujarat,2024-02-05,Regular Customer
C009531,Akash Sawant,Male,51,Mumbai,Maharashtra,2024-02-03,Occasional Customer
C009532,Neha Rao,Male,19,Chennai,Tamil Nadu,2024-01-05,Occasional Customer
C009533,Deepak Banerjee,Male,34,Kolkata,West Bengal,2024-02-16,Occasional Customer
C009534,Arjun Mishra,Male,59,Bhopal,Madhya Pradesh,2024-02-08,Regular Customer
C009535,Ananya Thakur,Female,31,Surat,Gujarat,2024-01-02,Loyal Customer
C009536,Isha Sharma,Female,34,Mumbai,Maharashtra,2024-01-10,Loyal Customer
C009537,Isha Sharma,Male,47,Ahmedabad,Gujarat,2024-02-29,Loyal Customer
C009538,Isha Patil,Male,60,Kolkata,West Bengal,2025-11-03,Occasional Customer
C009539,Divya Yadav,Male,46,Hyderabad,Telangana,2024-01-04,Occasional Customer
C009540,Pooja Mishra,Female,24,Kolkata,West Bengal,2024-04-13,Occasional Customer
C009541,Manish Shinde,Male,26,Kanpur,Uttar Pradesh,2024-02-08,Loyal Customer
C009542,Harsh Patil,Female,63,Mysuru,Karnataka,2024-05-14,Occasional Customer
C009543,Neha Deshmukh,Female,40,Surat,Gujarat,2025-12-11,New Customer
C009544,Arjun Singh,Male,53,Latur,Maharashtra,2024-10-13,Occasional Customer
C009545,Nikhil Gupta,Other,31,Surat,Gujarat,2024-06-14,Occasional Customer
C009546,Deepak Deshmukh,Male,37,Vadodara,Gujarat,2024-02-15,Loyal Customer
C009547,Isha Pawar,Female,34,Chennai,Tamil Nadu,2024-01-07,Loyal Customer
C009548,Arjun Menon,Male,49,Delhi,Delhi,2024-01-31,Regular Customer
C009549,Sameer More,Male,42,Kanpur,Uttar Pradesh,2024-02-22,New Customer
C009550,Arjun Mishra,Female,47,Vadodara,Gujarat,2024-08-11,Occasional Customer
C009551,Karan Jadhav,Female,44,Lucknow,Uttar Pradesh,2024-01-02,Regular Customer
C009552,Anjali Reddy,Female,44,Pune,Maharashtra,2024-01-07,Occasional Customer
C009553,Ananya Jadhav,Male,63,Vadodara,Gujarat,2024-02-16,Occasional Customer
C009554,Sonia Shah,Female,48,Kanpur,Uttar Pradesh,2024-05-12,Regular Customer
C009555,Pooja Patil,Male,62,Mumbai,Maharashtra,2024-04-09,Regular Customer
C009556,Anjali Kulkarni,Male,43,Warangal,Telangana,2024-04-18,Regular Customer
C009557,Pooja Patil,Male,31,Surat,Gujarat,2024-01-17,Regular Customer
C009558,Ananya Rao,Female,65,Bengaluru,Karnataka,2024-01-02,Loyal Customer
C009559,Kavita Mishra,Female,38,Pune,Maharashtra,2024-01-04,Occasional Customer
C009560,Isha Mehta,Male,45,Aurangabad,Maharashtra,2024-03-28,Occasional Customer
C009561,Deepak Patil,Male,32,Warangal,Telangana,2024-03-13,Loyal Customer
C009562,Manish Nair,Male,47,Jaipur,Rajasthan,2024-01-10,Loyal Customer
C009563,Anjali Patil,Male,42,Vadodara,Gujarat,2024-03-01,Occasional Customer
C009564,Riya More,Male,28,Jaipur,Rajasthan,2024-02-19,Loyal Customer
C009565,Arjun Sharma,Female,61,Ahmedabad,Gujarat,2024-02-26,Loyal Customer
C009566,Rahul Mishra,Female,28,Kanpur,Uttar Pradesh,2024-07-01,Occasional Customer
C009567,Sonia Mishra,Female,45,Kolkata,West Bengal,2024-01-05,Regular Customer
C009568,Divya Gupta,Male,22,Mumbai,Maharashtra,2024-07-07,Regular Customer
C009569,Riya Patil,Male,45,Vadodara,Gujarat,2024-04-01,Loyal Customer
C009570,Nikhil Joshi,Male,25,Nagpur,Maharashtra,2024-03-07,Loyal Customer
C009571,Divya Kulkarni,Female,43,Latur,Maharashtra,2024-01-26,Regular Customer
C009572,Aditya Verma,Male,23,Vadodara,Gujarat,2024-04-11,New Customer
C009573,Isha Kulkarni,Female,49,Surat,Gujarat,2024-02-10,Regular Customer
C009574,Kavita Deshmukh,Female,65,Nashik,Maharashtra,2024-02-22,Loyal Customer
C009575,Anjali Shinde,Male,49,Bhopal,Madhya Pradesh,2024-01-03,Occasional Customer
C009576,Deepak Mehta,Male,29,Kolkata,West Bengal,2024-05-01,Loyal Customer
C009577,Divya Banerjee,Female,23,Bengaluru,Karnataka,2024-01-14,Regular Customer
C009578,Sneha Rao,Female,30,Bhopal,Madhya Pradesh,2024-01-22,Occasional Customer
C009579,Harsh Deshmukh,Male,56,Nagpur,Maharashtra,2024-01-11,Regular Customer
C009580,Pooja Bhosale,Male,57,Mysuru,Karnataka,2024-01-04,Regular Customer
C009581,Vikas Sawant,Female,61,Indore,Madhya Pradesh,2025-10-23,New Customer
C009582,Amit Sharma,Female,51,Hyderabad,Telangana,2024-01-22,Regular Customer
C009583,Deepak Shah,Male,40,Kolkata,West Bengal,2024-06-26,New Customer
C009584,Sameer Kadam,Male,58,Mumbai,Maharashtra,2024-02-04,Regular Customer
C009585,Deepak Bhosale,Male,62,Delhi,Delhi,2024-01-14,Loyal Customer
C009586,Vikas Reddy,Female,34,Indore,Madhya Pradesh,2024-01-24,Loyal Customer
C009587,Divya Yadav,Male,62,Aurangabad,Maharashtra,2024-01-13,Loyal Customer
C009588,Ayush Shah,Female,65,Hyderabad,Telangana,2024-01-17,Regular Customer
C009589,Aarav Pawar,Female,18,Lucknow,Uttar Pradesh,2024-01-12,Regular Customer
C009590,Divya Patil,Male,24,Kolkata,West Bengal,2024-01-21,Regular Customer
C009591,Ayush Kumar,Female,30,Nagpur,Maharashtra,2024-02-04,Regular Customer
C009592,Amit Kumar,Male,31,Kolkata,West Bengal,2024-01-09,Loyal Customer
C009593,Neha Sharma,Female,34,Aurangabad,Maharashtra,2024-02-14,Regular Customer
C009594,Akash Shah,Female,47,Chennai,Tamil Nadu,2024-04-18,Regular Customer
C009595,Aniket Das,Male,65,Kanpur,Uttar Pradesh,2024-01-21,Loyal Customer
C009596,Deepak Verma,Male,64,Aurangabad,Maharashtra,2024-01-29,Occasional Customer
C009597,Riya Menon,Female,51,Nagpur,Maharashtra,2024-01-12,Occasional Customer
C009598,Rohan Verma,Male,44,Bengaluru,Karnataka,2024-01-10,Loyal Customer
C009599,Sameer Mehta,Male,42,Bengaluru,Karnataka,2024-10-06,Occasional Customer
C009600,Riya Kadam,Male,61,Hyderabad,Telangana,2024-02-17,Regular Customer
C009601,Aniket Gaikwad,Female,52,Pune,Maharashtra,2024-02-01,Occasional Customer
C009602,Sneha Mehta,Female,26,Patna,Bihar,2024-04-03,Occasional Customer
C009603,Aditi Rao,Female,23,Jaipur,Rajasthan,2024-01-08,Loyal Customer
C009604,Rohan Jadhav,Male,43,Bengaluru,Karnataka,2024-09-10,Occasional Customer
C009605,Gaurav Menon,Male,55,Ahmedabad,Gujarat,2024-01-03,Loyal Customer
C009606,Pooja Deshmukh,Male,56,Lucknow,Uttar Pradesh,2024-05-10,New Customer
C009607,Aditya Kumar,Male,44,Kanpur,Uttar Pradesh,2024-01-21,Regular Customer
C009608,Anjali Mehta,Female,57,Indore,Madhya Pradesh,2024-01-19,Regular Customer
C009609,Kavita Mehta,Female,48,Latur,Maharashtra,2024-03-22,Occasional Customer
C009610,Pooja Gupta,Male,20,Nashik,Maharashtra,2024-01-25,Loyal Customer
C009611,Rohan Bhosale,Female,41,Mumbai,Maharashtra,2024-04-12,Regular Customer
C009612,Manish Iyer,Male,32,Bhopal,Madhya Pradesh,2024-01-10,Loyal Customer
C009613,Akash Mishra,Male,23,Lucknow,Uttar Pradesh,2024-02-18,Occasional Customer
C009614,Vikas Verma,Female,28,Bengaluru,Karnataka,2024-01-30,Loyal Customer
C009615,Sameer Patil,Female,47,Ahmedabad,Gujarat,2024-06-28,Occasional Customer
C009616,Nikhil Yadav,Female,52,Warangal,Telangana,2024-01-16,Loyal Customer
C009617,Rahul Verma,Male,65,Ahmedabad,Gujarat,2024-01-01,Loyal Customer
C009618,Kavita Thakur,Male,55,Kolkata,West Bengal,2024-01-18,Occasional Customer
C009619,Deepak More,Male,60,Delhi,Delhi,2024-01-06,Regular Customer
C009620,Aniket Banerjee,Female,57,Chennai,Tamil Nadu,2024-02-04,New Customer
C009621,Neha Sawant,Female,46,Surat,Gujarat,2024-02-13,Loyal Customer
C009622,Vivek Joshi,Male,40,Nashik,Maharashtra,2024-03-25,Occasional Customer
C009623,Deepak Joshi,Female,59,Mumbai,Maharashtra,2024-05-18,Occasional Customer
C009624,Sameer Menon,Male,59,Nashik,Maharashtra,2025-02-20,Occasional Customer
C009625,Divya Joshi,Female,20,Lucknow,Uttar Pradesh,2024-01-09,Regular Customer
C009626,Isha Chavan,Male,43,Bengaluru,Karnataka,2024-08-05,Occasional Customer
C009627,Rohan Kulkarni,Male,31,Mysuru,Karnataka,2024-01-14,Loyal Customer
C009628,Riya Joshi,Male,36,Nashik,Maharashtra,2024-02-05,Regular Customer
C009629,Isha Iyer,Male,38,Kanpur,Uttar Pradesh,2024-01-16,Regular Customer
C009630,Vikas Bhosale,Female,38,Bengaluru,Karnataka,2024-02-08,Occasional Customer
C009631,Divya Deshmukh,Female,26,Ahmedabad,Gujarat,2024-01-27,Regular Customer
C009632,Divya Gupta,Female,30,Chennai,Tamil Nadu,2024-01-02,Occasional Customer
C009633,Kavita Deshmukh,Female,58,Delhi,Delhi,2024-04-13,Occasional Customer
C009634,Vivek Kadam,Male,61,Chennai,Tamil Nadu,2024-01-04,Occasional Customer
C009635,Pooja Yadav,Female,63,Bhopal,Madhya Pradesh,2024-01-02,Occasional Customer
C009636,Nikhil Joshi,Female,54,Chennai,Tamil Nadu,2025-02-07,Occasional Customer
C009637,Isha Das,Male,55,Jaipur,Rajasthan,2024-05-11,Occasional Customer
C009638,Harsh Joshi,Male,62,Aurangabad,Maharashtra,2024-06-23,Occasional Customer
C009639,Neha Banerjee,Female,62,Kanpur,Uttar Pradesh,2024-01-14,Occasional Customer
C009640,Sneha Jadhav,Male,41,Chennai,Tamil Nadu,2024-01-01,Loyal Customer
C009641,Vivek Gupta,Female,55,Patna,Bihar,2024-01-21,Regular Customer
C009642,Anjali Menon,Male,63,Delhi,Delhi,2024-04-25,Regular Customer
C009643,Vivek Bhosale,Female,28,Bengaluru,Karnataka,2024-01-04,Loyal Customer
C009644,Rahul Mehta,Female,46,Bhopal,Madhya Pradesh,2024-01-01,Loyal Customer
C009645,Rahul Jadhav,Male,62,Nagpur,Maharashtra,2024-01-06,Loyal Customer
C009646,Nikhil More,Male,61,Kanpur,Uttar Pradesh,2024-01-31,Occasional Customer
C009647,Sameer Sawant,Male,65,Indore,Madhya Pradesh,2024-01-13,Loyal Customer
C009648,Deepak Chavan,Male,55,Surat,Gujarat,2025-03-16,Occasional Customer
C009649,Akash Deshmukh,Female,58,Mumbai,Maharashtra,2024-03-16,Occasional Customer
C009650,Harsh Bhosale,Male,34,Indore,Madhya Pradesh,2024-02-05,Loyal Customer
C009651,Kavita Jadhav,Female,65,Warangal,Telangana,2024-04-13,Loyal Customer
C009652,Neha Yadav,Male,43,Aurangabad,Maharashtra,2024-01-03,Loyal Customer
C009653,Pooja Singh,Female,43,Aurangabad,Maharashtra,2024-04-23,New Customer
C009654,Sakshi Shinde,Female,29,Bengaluru,Karnataka,2024-01-17,Loyal Customer
C009655,Vikas Pawar,Male,35,Nagpur,Maharashtra,2024-01-11,Loyal Customer
C009656,Vikas Thakur,Female,26,Lucknow,Uttar Pradesh,2024-01-03,Regular Customer
C009657,Aarav Pawar,Female,20,Bengaluru,Karnataka,2024-01-24,Occasional Customer
C009658,Akash Bhosale,Male,27,Vadodara,Gujarat,2024-02-17,Occasional Customer
C009659,Arjun Menon,Female,60,Bhopal,Madhya Pradesh,2024-02-15,New Customer
C009660,Manish Nair,Male,19,Jaipur,Rajasthan,2024-01-16,Regular Customer
C009661,Vivek Yadav,Male,25,Mumbai,Maharashtra,2024-05-09,New Customer
C009662,Rohan Kulkarni,Female,60,Pune,Maharashtra,2024-01-11,Loyal Customer
C009663,Amit Mishra,Female,35,Surat,Gujarat,2024-03-22,Regular Customer
C009664,Aditi Banerjee,Female,56,Surat,Gujarat,2024-02-02,Regular Customer
C009665,Harsh Sharma,Male,48,Mumbai,Maharashtra,2024-02-17,Regular Customer
C009666,Riya Pawar,Female,31,Jaipur,Rajasthan,2024-02-08,Regular Customer
C009667,Aditya Jadhav,Female,56,Kolkata,West Bengal,2024-01-04,Loyal Customer
C009668,Kavita Mishra,Female,50,Kolkata,West Bengal,2024-01-14,Regular Customer
C009669,Kavita Kumar,Male,46,Chennai,Tamil Nadu,2024-01-01,Loyal Customer
C009670,Gaurav Singh,Female,61,Jaipur,Rajasthan,2024-01-01,Loyal Customer
C009671,Harsh Kadam,Female,50,Surat,Gujarat,2024-10-05,Occasional Customer
C009672,Amit Gaikwad,Male,52,Kolkata,West Bengal,2024-08-27,Occasional Customer
C009673,Riya Gupta,Female,19,Kolkata,West Bengal,2024-07-14,New Customer
C009674,Anjali Nair,Male,52,Lucknow,Uttar Pradesh,2025-09-08,New Customer
C009675,Ayush Kulkarni,Male,49,Warangal,Telangana,2024-01-01,Regular Customer
C009676,Deepak Singh,Female,53,Pune,Maharashtra,2024-02-04,Regular Customer
C009677,Sneha Singh,Female,63,Pune,Maharashtra,2024-04-12,New Customer
C009678,Deepak Mehta,Male,40,Mysuru,Karnataka,2024-04-27,Regular Customer
C009679,Nikhil Shah,Male,22,Nagpur,Maharashtra,2024-01-10,Loyal Customer
C009680,Akash Iyer,Female,64,Indore,Madhya Pradesh,2024-03-01,Regular Customer
C009681,Aditi Deshmukh,Female,33,Warangal,Telangana,2024-02-02,Regular Customer
C009682,Rohan Kumar,Female,57,Nashik,Maharashtra,2024-08-14,Occasional Customer
C009683,Divya Thakur,Female,41,Surat,Gujarat,2025-01-04,New Customer
C009684,Vivek Bhosale,Female,57,Patna,Bihar,2024-01-01,Loyal Customer
C009685,Pooja Thakur,Male,45,Mysuru,Karnataka,2024-02-28,Regular Customer
C009686,Rohan Banerjee,Female,42,Mumbai,Maharashtra,2024-01-15,Occasional Customer
C009687,Harsh Sawant,Male,24,Nashik,Maharashtra,2024-03-12,Regular Customer
C009688,Sakshi Yadav,Female,55,Mumbai,Maharashtra,2024-01-14,Loyal Customer
C009689,Riya Jadhav,Male,24,Indore,Madhya Pradesh,2024-06-19,New Customer
C009690,Rohan Pawar,Male,39,Indore,Madhya Pradesh,2024-03-01,Occasional Customer
C009691,Rohan Menon,Female,39,Hyderabad,Telangana,2024-01-31,Loyal Customer
C009692,Neha Kumar,Other,44,Kanpur,Uttar Pradesh,2024-05-01,Occasional Customer
C009693,Sneha Kumar,Female,50,Kolkata,West Bengal,2024-01-08,Regular Customer
C009694,Kavita Deshmukh,Female,62,Ahmedabad,Gujarat,2024-02-28,Occasional Customer
C009695,Amit Singh,Male,49,Pune,Maharashtra,2024-01-24,Loyal Customer
C009696,Aarav Mehta,Female,56,Lucknow,Uttar Pradesh,2024-02-29,Occasional Customer
C009697,Neha Kadam,Male,49,Ahmedabad,Gujarat,2024-01-31,Occasional Customer
C009698,Rahul Reddy,Male,18,Delhi,Delhi,2024-01-17,Loyal Customer
C009699,Isha Gaikwad,Male,27,Vadodara,Gujarat,2024-01-10,Loyal Customer
C009700,Deepak Thakur,Female,62,Kolkata,West Bengal,2024-01-01,Regular Customer
C009701,Ananya Verma,Other,21,Mysuru,Karnataka,2024-02-10,Loyal Customer
C009702,Rohan Mehta,Female,46,Bengaluru,Karnataka,2024-03-06,Occasional Customer
C009703,Arjun Menon,Male,24,Bengaluru,Karnataka,2024-03-02,Regular Customer
C009704,Akash Joshi,Male,55,Kanpur,Uttar Pradesh,2024-11-30,Regular Customer
C009705,Ayush Yadav,Female,23,Mumbai,Maharashtra,2024-01-09,Loyal Customer
C009706,Deepak Patil,Male,28,Indore,Madhya Pradesh,2024-08-23,Occasional Customer
C009707,Neha Verma,Male,26,Chennai,Tamil Nadu,2024-01-13,Regular Customer
C009708,Vikas Verma,Female,47,Mysuru,Karnataka,2024-04-11,Occasional Customer
C009709,Neha Verma,Female,39,Aurangabad,Maharashtra,2024-01-01,Occasional Customer
C009710,Sonia Kumar,Male,56,Bhopal,Madhya Pradesh,2024-11-04,Regular Customer
C009711,Harsh Sawant,Male,26,Kolkata,West Bengal,2024-01-16,Regular Customer
C009712,Deepak Gaikwad,Female,55,Latur,Maharashtra,2024-01-05,Occasional Customer
C009713,Deepak Menon,Female,63,Hyderabad,Telangana,2024-01-08,Occasional Customer
C009714,Ananya Jadhav,Female,50,Indore,Madhya Pradesh,2024-01-22,Regular Customer
C009715,Aditi Banerjee,Male,43,Latur,Maharashtra,2024-01-19,Loyal Customer
C009716,Rohan Singh,Male,33,Warangal,Telangana,2024-01-19,Occasional Customer
C009717,Rohan Shinde,Other,26,Chennai,Tamil Nadu,2024-01-07,Loyal Customer
C009718,Harsh Verma,Male,40,Patna,Bihar,2024-01-19,Regular Customer
C009719,Arjun Mehta,Female,32,Surat,Gujarat,2024-04-01,Regular Customer
C009720,Vikas Shah,Male,36,Chennai,Tamil Nadu,2024-04-19,Loyal Customer
C009721,Deepak Kulkarni,Female,59,Mysuru,Karnataka,2024-01-09,Loyal Customer
C009722,Divya Sawant,Female,33,Vadodara,Gujarat,2024-01-10,Regular Customer
C009723,Ananya Kulkarni,Male,42,Kanpur,Uttar Pradesh,2024-07-17,New Customer
C009724,Ayush More,Female,52,Kolkata,West Bengal,2024-03-16,Occasional Customer
C009725,Karan Thakur,Male,30,Hyderabad,Telangana,2024-10-24,Occasional Customer
C009726,Anjali Singh,Other,63,Bengaluru,Karnataka,2024-09-07,Occasional Customer
C009727,Ananya Sawant,Male,24,Mysuru,Karnataka,2024-01-07,Occasional Customer
C009728,Vivek More,Male,51,Mysuru,Karnataka,2024-01-22,Occasional Customer
C009729,Nikhil Menon,Male,31,Jaipur,Rajasthan,2024-01-27,Occasional Customer
C009730,Akash Kumar,Female,40,Hyderabad,Telangana,2024-01-23,Occasional Customer
C009731,Anjali Rao,Female,40,Aurangabad,Maharashtra,2024-07-08,Regular Customer
C009732,Arjun Jadhav,Male,34,Nagpur,Maharashtra,2024-05-03,Occasional Customer
C009733,Akash Shinde,Female,30,Bhopal,Madhya Pradesh,2024-01-15,Regular Customer
C009734,Manish Banerjee,Female,44,Delhi,Delhi,2024-03-01,Regular Customer
C009735,Kavita Menon,Female,19,Kolkata,West Bengal,2024-01-02,Regular Customer
C009736,Ananya Sharma,Female,54,Patna,Bihar,2024-02-18,Regular Customer
C009737,Nikhil Singh,Female,47,Kanpur,Uttar Pradesh,2024-06-07,Regular Customer
C009738,Aditi Singh,Female,21,Aurangabad,Maharashtra,2024-08-06,Occasional Customer
C009739,Manish Gupta,Male,47,Chennai,Tamil Nadu,2024-03-02,Occasional Customer
C009740,Sameer Shinde,Male,20,Nashik,Maharashtra,2024-01-31,Regular Customer
C009741,Aarav Yadav,Female,31,Kolkata,West Bengal,2024-01-14,Regular Customer
C009742,Sneha Banerjee,Male,28,Bengaluru,Karnataka,2024-01-04,Regular Customer
C009743,Aarav Kadam,Male,57,Hyderabad,Telangana,2024-01-03,Loyal Customer
C009744,Aniket Sawant,Female,40,Mysuru,Karnataka,2024-03-19,Regular Customer
C009745,Neha Bhosale,Male,58,Ahmedabad,Gujarat,2024-08-10,Occasional Customer
C009746,Rohan Thakur,Female,65,Warangal,Telangana,2024-01-23,New Customer
C009747,Kavita Jadhav,Female,49,Chennai,Tamil Nadu,2024-02-19,Regular Customer
C009748,Sneha Thakur,Other,20,Vadodara,Gujarat,2024-01-13,Occasional Customer
C009749,Ayush Kumar,Male,59,Lucknow,Uttar Pradesh,2024-02-21,Regular Customer
C009750,Akash Nair,Male,18,Mumbai,Maharashtra,2024-01-30,Loyal Customer
C009751,Riya Kumar,Female,26,Jaipur,Rajasthan,2024-02-22,Occasional Customer
C009752,Sonia Kulkarni,Male,65,Vadodara,Gujarat,2024-02-07,Occasional Customer
C009753,Isha Singh,Female,26,Indore,Madhya Pradesh,2024-01-02,Regular Customer
C009754,Harsh Yadav,Female,29,Bhopal,Madhya Pradesh,2025-01-21,Occasional Customer
C009755,Arjun Deshmukh,Male,18,Delhi,Delhi,2024-01-09,New Customer
C009756,Sonia Jadhav,Female,33,Bhopal,Madhya Pradesh,2024-03-01,Regular Customer
C009757,Arjun Iyer,Female,47,Hyderabad,Telangana,2024-01-25,Loyal Customer
C009758,Rahul Kulkarni,Male,25,Bhopal,Madhya Pradesh,2024-02-06,Loyal Customer
C009759,Divya Das,Male,63,Warangal,Telangana,2024-03-09,Occasional Customer
C009760,Aditya Iyer,Male,63,Latur,Maharashtra,2024-01-05,Occasional Customer
C009761,Sameer Joshi,Male,27,Hyderabad,Telangana,2024-01-03,Loyal Customer
C009762,Rohan Deshmukh,Female,50,Vadodara,Gujarat,2024-07-06,Occasional Customer
C009763,Deepak Pawar,Male,55,Mysuru,Karnataka,2024-06-04,Occasional Customer
C009764,Kavita Chavan,Male,58,Delhi,Delhi,2024-03-23,Occasional Customer
C009765,Arjun Thakur,Female,39,Ahmedabad,Gujarat,2024-01-05,Occasional Customer
C009766,Pooja Iyer,Female,33,Bengaluru,Karnataka,2024-03-11,Regular Customer
C009767,Kavita Rao,Male,36,Hyderabad,Telangana,2025-01-23,Occasional Customer
C009768,Sakshi Deshmukh,Female,28,Bengaluru,Karnataka,2024-02-13,Regular Customer
C009769,Riya Nair,Male,28,Ahmedabad,Gujarat,2024-01-01,Occasional Customer
C009770,Deepak Singh,Female,31,Nagpur,Maharashtra,2024-01-26,Loyal Customer
C009771,Vivek Patil,Female,56,Nagpur,Maharashtra,2024-08-22,Occasional Customer
C009772,Harsh Kulkarni,Female,43,Mumbai,Maharashtra,2024-01-02,Regular Customer
C009773,Vivek Nair,Female,61,Patna,Bihar,2024-01-23,Regular Customer
C009774,Sameer Verma,Female,37,Kanpur,Uttar Pradesh,2024-01-01,Regular Customer
C009775,Deepak Shinde,Female,37,Pune,Maharashtra,2024-02-16,Occasional Customer
C009776,Sneha Gupta,Female,22,Nagpur,Maharashtra,2024-02-02,Occasional Customer
C009777,Rahul Banerjee,Male,18,Kolkata,West Bengal,2024-01-02,Regular Customer
C009778,Vikas Reddy,Male,28,Latur,Maharashtra,2024-09-13,New Customer
C009779,Aditi Reddy,Female,64,Ahmedabad,Gujarat,2024-03-15,Regular Customer
C009780,Pooja Sharma,Female,27,Patna,Bihar,2024-01-03,Loyal Customer
C009781,Anjali Jadhav,Female,64,Mumbai,Maharashtra,2024-05-12,Occasional Customer
C009782,Neha Gaikwad,Female,45,Kanpur,Uttar Pradesh,2024-02-01,Regular Customer
C009783,Sonia Joshi,Female,62,Lucknow,Uttar Pradesh,2024-01-04,Occasional Customer
C009784,Rahul Shinde,Male,64,Mumbai,Maharashtra,2024-01-15,Loyal Customer
C009785,Arjun Yadav,Male,51,Patna,Bihar,2024-04-24,New Customer
C009786,Amit Yadav,Female,30,Vadodara,Gujarat,2024-01-06,Regular Customer
C009787,Sneha Pawar,Female,61,Pune,Maharashtra,2024-02-16,Loyal Customer
C009788,Rohan Yadav,Female,42,Kolkata,West Bengal,2024-02-14,Loyal Customer
C009789,Ayush Jadhav,Female,40,Surat,Gujarat,2024-05-25,Occasional Customer
C009790,Aniket Reddy,Female,53,Lucknow,Uttar Pradesh,2024-01-31,Regular Customer
C009791,Vikas Deshmukh,Female,29,Delhi,Delhi,2024-01-06,Regular Customer
C009792,Kavita Mishra,Male,64,Kolkata,West Bengal,2024-03-03,Regular Customer
C009793,Rohan Iyer,Female,62,Latur,Maharashtra,2024-04-17,Regular Customer
C009794,Aniket Sharma,Male,19,Kanpur,Uttar Pradesh,2024-01-26,Occasional Customer
C009795,Harsh Deshmukh,Male,37,Bengaluru,Karnataka,2024-01-01,Regular Customer
C009796,Karan Gupta,Male,33,Aurangabad,Maharashtra,2024-01-02,Loyal Customer
C009797,Nikhil Shinde,Male,31,Kanpur,Uttar Pradesh,2024-01-16,Loyal Customer
C009798,Riya Pawar,Male,19,Pune,Maharashtra,2024-02-10,Loyal Customer
C009799,Aditi Bhosale,Male,33,Latur,Maharashtra,2024-01-19,Occasional Customer
C009800,Riya More,Male,21,Bhopal,Madhya Pradesh,2024-01-30,Regular Customer
C009801,Nikhil Gaikwad,Other,60,Lucknow,Uttar Pradesh,2024-01-11,New Customer
C009802,Pooja Mehta,Male,30,Bengaluru,Karnataka,2024-02-12,Regular Customer
C009803,Anjali Reddy,Female,55,Patna,Bihar,2024-02-08,New Customer
C009804,Divya Yadav,Female,18,Latur,Maharashtra,2024-02-19,Regular Customer
C009805,Kavita Rao,Male,26,Surat,Gujarat,2024-01-03,Regular Customer
C009806,Ananya Singh,Male,38,Ahmedabad,Gujarat,2024-01-01,Loyal Customer
C009807,Ayush Banerjee,Male,35,Delhi,Delhi,2024-07-22,Regular Customer
C009808,Anjali Singh,Female,60,Chennai,Tamil Nadu,2024-01-23,Loyal Customer
C009809,Ayush Rao,Male,49,Lucknow,Uttar Pradesh,2024-03-18,New Customer
C009810,Karan Yadav,Male,63,Lucknow,Uttar Pradesh,2024-02-23,Loyal Customer
C009811,Sameer Reddy,Male,51,Patna,Bihar,2024-01-02,Regular Customer
C009812,Gaurav Shah,Female,37,Lucknow,Uttar Pradesh,2026-04-17,New Customer
C009813,Divya Gupta,Female,60,Ahmedabad,Gujarat,2024-01-16,Occasional Customer
C009814,Karan Sawant,Male,19,Surat,Gujarat,2024-02-02,Occasional Customer
C009815,Akash Joshi,Male,21,Bhopal,Madhya Pradesh,2024-01-02,Regular Customer
C009816,Akash Singh,Male,62,Chennai,Tamil Nadu,2024-03-09,Occasional Customer
C009817,Vikas Menon,Male,55,Nashik,Maharashtra,2024-04-12,Occasional Customer
C009818,Sakshi Sawant,Male,24,Mysuru,Karnataka,2024-02-14,Occasional Customer
C009819,Harsh Thakur,Female,39,Indore,Madhya Pradesh,2024-10-13,Occasional Customer
C009820,Deepak Joshi,Female,37,Nashik,Maharashtra,2024-05-26,Occasional Customer
C009821,Rahul Bhosale,Female,52,Chennai,Tamil Nadu,2024-01-27,Regular Customer
C009822,Akash Pawar,Female,21,Ahmedabad,Gujarat,2024-01-11,Regular Customer
C009823,Isha Chavan,Male,37,Nashik,Maharashtra,2024-05-13,Occasional Customer
C009824,Rahul Kulkarni,Male,52,Mysuru,Karnataka,2024-04-29,Regular Customer
C009825,Divya Nair,Male,50,Nagpur,Maharashtra,2024-02-13,Regular Customer
C009826,Gaurav Nair,Female,38,Kolkata,West Bengal,2024-04-26,Regular Customer
C009827,Amit Menon,Male,62,Pune,Maharashtra,2025-07-23,Occasional Customer
C009828,Vikas Yadav,Female,31,Indore,Madhya Pradesh,2024-01-14,Regular Customer
C009829,Sneha Das,Female,48,Latur,Maharashtra,2024-01-29,Regular Customer
C009830,Sonia Yadav,Male,39,Warangal,Telangana,2024-01-03,Loyal Customer
C009831,Nikhil Bhosale,Female,65,Nagpur,Maharashtra,2024-01-10,Regular Customer
C009832,Rahul Joshi,Male,47,Bhopal,Madhya Pradesh,2024-01-17,Loyal Customer
C009833,Aarav Sawant,Male,46,Vadodara,Gujarat,2024-02-02,Occasional Customer
C009834,Arjun Verma,Male,53,Mumbai,Maharashtra,2025-10-31,New Customer
C009835,Aniket Singh,Male,59,Jaipur,Rajasthan,2024-01-27,Occasional Customer
C009836,Sonia Das,Female,46,Hyderabad,Telangana,2024-01-23,Regular Customer
C009837,Harsh Patil,Female,24,Nagpur,Maharashtra,2024-01-01,Regular Customer
C009838,Manish Menon,Male,49,Nashik,Maharashtra,2024-02-15,Occasional Customer
C009839,Deepak More,Male,30,Bengaluru,Karnataka,2024-02-08,Loyal Customer
C009840,Rahul Chavan,Male,30,Aurangabad,Maharashtra,2024-01-06,Regular Customer
C009841,Harsh Gaikwad,Female,31,Lucknow,Uttar Pradesh,2024-01-04,Loyal Customer
C009842,Sameer Thakur,Male,23,Kolkata,West Bengal,2024-01-05,Loyal Customer
C009843,Harsh Gaikwad,Male,33,Warangal,Telangana,2024-01-19,Loyal Customer
C009844,Arjun Kumar,Male,58,Latur,Maharashtra,2024-02-21,Occasional Customer
C009845,Aditi More,Male,65,Bhopal,Madhya Pradesh,2024-03-01,Regular Customer
C009846,Karan Iyer,Female,38,Lucknow,Uttar Pradesh,2024-01-12,Regular Customer
C009847,Anjali Chavan,Female,61,Kolkata,West Bengal,2024-01-05,Occasional Customer
C009848,Pooja Banerjee,Female,33,Hyderabad,Telangana,2024-01-13,Regular Customer
C009849,Aditi Sawant,Female,22,Mysuru,Karnataka,2024-02-01,Regular Customer
C009850,Isha Bhosale,Female,41,Latur,Maharashtra,2025-06-01,Occasional Customer
C009851,Anjali Mehta,Male,60,Surat,Gujarat,2024-04-15,Occasional Customer
C009852,Vikas Pawar,Male,18,Indore,Madhya Pradesh,2024-07-17,Occasional Customer
C009853,Manish Shinde,Male,27,Bengaluru,Karnataka,2025-03-12,Occasional Customer
C009854,Sakshi Reddy,Female,60,Lucknow,Uttar Pradesh,2024-03-13,Regular Customer
C009855,Akash Shah,Female,64,Aurangabad,Maharashtra,2024-06-22,Regular Customer
C009856,Nikhil Chavan,Male,52,Hyderabad,Telangana,2024-01-31,Loyal Customer
C009857,Amit Shah,Male,48,Lucknow,Uttar Pradesh,2024-01-20,Occasional Customer
C009858,Manish Sharma,Male,32,Kanpur,Uttar Pradesh,2024-01-24,Occasional Customer
C009859,Rohan Sharma,Female,28,Hyderabad,Telangana,2024-04-16,Occasional Customer
C009860,Sameer Gaikwad,Female,26,Pune,Maharashtra,2024-01-12,Occasional Customer
C009861,Aditya Menon,Male,19,Jaipur,Rajasthan,2024-09-10,Occasional Customer
C009862,Riya Chavan,Female,61,Ahmedabad,Gujarat,2024-02-05,Regular Customer
C009863,Vivek Kadam,Female,47,Warangal,Telangana,2024-12-02,Occasional Customer
C009864,Sakshi Menon,Male,33,Latur,Maharashtra,2024-01-04,Occasional Customer
C009865,Manish Deshmukh,Male,65,Latur,Maharashtra,2024-08-04,Regular Customer
C009866,Pooja Patil,Female,18,Bengaluru,Karnataka,2024-07-05,Occasional Customer
C009867,Kavita Shinde,Male,65,Nashik,Maharashtra,2024-01-10,Loyal Customer
C009868,Divya Gupta,Male,23,Delhi,Delhi,2024-02-19,Regular Customer
C009869,Aniket Pawar,Male,63,Aurangabad,Maharashtra,2024-01-05,Loyal Customer
C009870,Sneha Gupta,Female,28,Indore,Madhya Pradesh,2024-06-07,Occasional Customer
C009871,Gaurav Mishra,Female,50,Kanpur,Uttar Pradesh,2025-02-06,Occasional Customer
C009872,Riya Joshi,Female,34,Hyderabad,Telangana,2024-03-26,Occasional Customer
C009873,Ayush Das,Male,51,Kolkata,West Bengal,2024-03-08,Regular Customer
C009874,Ananya Kumar,Male,63,Kolkata,West Bengal,2024-03-26,Regular Customer
C009875,Divya Chavan,Female,57,Surat,Gujarat,2024-03-04,Regular Customer
C009876,Harsh Shinde,Male,42,Ahmedabad,Gujarat,2025-12-17,New Customer
C009877,Manish Iyer,Female,39,Delhi,Delhi,2024-03-26,Loyal Customer
C009878,Anjali Sharma,Male,43,Ahmedabad,Gujarat,2024-05-11,Occasional Customer
C009879,Aditi Mishra,Female,44,Vadodara,Gujarat,2024-03-15,Regular Customer
C009880,Aarav Menon,Female,55,Bengaluru,Karnataka,2024-01-01,Regular Customer
C009881,Kavita Kulkarni,Female,26,Mysuru,Karnataka,2024-01-03,Loyal Customer
C009882,Kavita Gaikwad,Male,54,Nashik,Maharashtra,2024-01-18,New Customer
C009883,Sameer Yadav,Female,22,Indore,Madhya Pradesh,2024-01-03,Regular Customer
C009884,Aditi Pawar,Male,35,Surat,Gujarat,2024-04-22,Occasional Customer
C009885,Ayush Sawant,Female,39,Bhopal,Madhya Pradesh,2024-04-04,Occasional Customer
C009886,Aarav Joshi,Male,63,Delhi,Delhi,2024-03-27,Regular Customer
C009887,Pooja Menon,Female,29,Jaipur,Rajasthan,2024-03-25,Regular Customer
C009888,Riya Joshi,Male,61,Mumbai,Maharashtra,2024-01-05,New Customer
C009889,Aditi More,Female,39,Hyderabad,Telangana,2024-01-01,Loyal Customer
C009890,Rohan Kulkarni,Female,23,Mysuru,Karnataka,2024-10-06,Regular Customer
C009891,Sneha Das,Male,53,Bengaluru,Karnataka,2024-02-20,Occasional Customer
C009892,Gaurav Reddy,Female,44,Nagpur,Maharashtra,2024-02-20,New Customer
C009893,Gaurav Jadhav,Male,64,Vadodara,Gujarat,2024-02-14,Occasional Customer
C009894,Sneha Iyer,Female,32,Surat,Gujarat,2024-02-08,Loyal Customer
C009895,Vikas More,Female,34,Kolkata,West Bengal,2024-06-19,Occasional Customer
C009896,Sonia Deshmukh,Other,20,Pune,Maharashtra,2024-02-18,Occasional Customer
C009897,Aditya Deshmukh,Male,27,Surat,Gujarat,2024-04-11,Occasional Customer
C009898,Kavita Iyer,Male,42,Jaipur,Rajasthan,2024-01-02,Regular Customer
C009899,Riya Menon,Female,38,Hyderabad,Telangana,2024-01-03,Occasional Customer
C009900,Rohan Bhosale,Female,57,Nashik,Maharashtra,2024-01-23,Regular Customer
C009901,Aarav Sharma,Male,26,Bhopal,Madhya Pradesh,2024-03-16,Regular Customer
C009902,Rohan Banerjee,Male,41,Aurangabad,Maharashtra,2024-01-07,Regular Customer
C009903,Manish Shah,Male,49,Latur,Maharashtra,2024-10-13,Regular Customer
C009904,Vivek Jadhav,Female,20,Hyderabad,Telangana,2024-01-01,Occasional Customer
C009905,Akash Iyer,Female,50,Kolkata,West Bengal,2024-01-25,Loyal Customer
C009906,Neha Das,Male,60,Mumbai,Maharashtra,2024-01-22,Regular Customer
C009907,Gaurav Shinde,Male,62,Nashik,Maharashtra,2024-01-05,Regular Customer
C009908,Sneha Shah,Female,29,Mumbai,Maharashtra,2024-01-04,Occasional Customer
C009909,Sonia Sawant,Male,46,Delhi,Delhi,2024-02-06,Regular Customer
C009910,Sameer Chavan,Female,38,Bhopal,Madhya Pradesh,2024-05-06,Occasional Customer
C009911,Harsh Verma,Male,56,Surat,Gujarat,2024-02-28,Regular Customer
C009912,Rohan Sharma,Female,51,Vadodara,Gujarat,2024-02-21,Regular Customer
C009913,Ayush More,Female,50,Delhi,Delhi,2024-01-21,Regular Customer
C009914,Isha Shinde,Female,49,Mysuru,Karnataka,2024-01-26,Occasional Customer
C009915,Akash More,Male,37,Indore,Madhya Pradesh,2024-04-03,Regular Customer
C009916,Pooja Mehta,Female,20,Nashik,Maharashtra,2024-01-04,Regular Customer
C009917,Karan Gaikwad,Male,21,Kolkata,West Bengal,2024-01-26,Occasional Customer
C009918,Ayush Bhosale,Female,34,Jaipur,Rajasthan,2024-03-01,Loyal Customer
C009919,Aditya Joshi,Male,34,Patna,Bihar,2024-01-11,Occasional Customer
C009920,Harsh Gupta,Female,36,Ahmedabad,Gujarat,2024-01-07,Loyal Customer
C009921,Arjun Yadav,Male,21,Bengaluru,Karnataka,2024-01-01,Loyal Customer
C009922,Ayush Kumar,Male,46,Delhi,Delhi,2024-02-18,Regular Customer
C009923,Riya Gupta,Male,34,Delhi,Delhi,2024-02-08,Loyal Customer
C009924,Kavita Joshi,Female,39,Latur,Maharashtra,2024-01-04,Occasional Customer
C009925,Gaurav Sharma,Other,19,Mumbai,Maharashtra,2024-01-02,Loyal Customer
C009926,Karan Iyer,Male,59,Vadodara,Gujarat,2024-01-12,Regular Customer
C009927,Gaurav Kadam,Male,29,Latur,Maharashtra,2024-02-28,Regular Customer
C009928,Sakshi Gupta,Male,62,Ahmedabad,Gujarat,2024-01-04,Occasional Customer
C009929,Riya Kulkarni,Male,28,Vadodara,Gujarat,2024-01-24,New Customer
C009930,Isha Joshi,Female,57,Vadodara,Gujarat,2024-01-15,Occasional Customer
C009931,Neha Sharma,Male,46,Aurangabad,Maharashtra,2024-01-03,Loyal Customer
C009932,Gaurav Menon,Female,37,Kolkata,West Bengal,2024-01-19,Regular Customer
C009933,Anjali Thakur,Female,22,Bhopal,Madhya Pradesh,2024-01-01,Regular Customer
C009934,Divya Yadav,Female,42,Kanpur,Uttar Pradesh,2024-03-08,Occasional Customer
C009935,Neha Kulkarni,Female,51,Surat,Gujarat,2024-07-29,New Customer
C009936,Pooja Sawant,Male,29,Kolkata,West Bengal,2024-03-17,Loyal Customer
C009937,Deepak Jadhav,Male,45,Aurangabad,Maharashtra,2024-03-01,Regular Customer
C009938,Sameer Reddy,Female,51,Nashik,Maharashtra,2024-01-09,Regular Customer
C009939,Aditya Kulkarni,Male,23,Pune,Maharashtra,2024-02-05,Loyal Customer
C009940,Manish Pawar,Male,36,Hyderabad,Telangana,2024-01-15,Regular Customer
C009941,Aniket Mishra,Female,29,Mysuru,Karnataka,2024-01-17,Occasional Customer
C009942,Karan Mehta,Female,42,Jaipur,Rajasthan,2024-01-01,Loyal Customer
C009943,Anjali Deshmukh,Male,30,Mysuru,Karnataka,2024-02-16,Regular Customer
C009944,Amit Gaikwad,Female,34,Bhopal,Madhya Pradesh,2024-01-01,Loyal Customer
C009945,Nikhil Banerjee,Male,29,Indore,Madhya Pradesh,2024-06-07,Regular Customer
C009946,Karan Verma,Female,20,Patna,Bihar,2024-05-16,Occasional Customer
C009947,Rohan Banerjee,Male,41,Ahmedabad,Gujarat,2024-01-03,Occasional Customer
C009948,Neha Menon,Female,25,Mumbai,Maharashtra,2024-06-26,Occasional Customer
C009949,Anjali Patil,Female,65,Mumbai,Maharashtra,2024-02-29,Occasional Customer
C009950,Sakshi Yadav,Male,53,Kolkata,West Bengal,2024-01-11,Loyal Customer
C009951,Arjun Bhosale,Female,43,Mumbai,Maharashtra,2024-01-23,Regular Customer
C009952,Ayush Iyer,Female,62,Latur,Maharashtra,2024-01-18,Regular Customer
C009953,Deepak Banerjee,Female,25,Ahmedabad,Gujarat,2024-01-05,Regular Customer
C009954,Amit Patil,Male,49,Mumbai,Maharashtra,2024-03-26,New Customer
C009955,Deepak Nair,Female,49,Aurangabad,Maharashtra,2024-10-05,Occasional Customer
C009956,Neha Shah,Female,18,Bengaluru,Karnataka,2024-01-05,Loyal Customer
C009957,Harsh Mishra,Male,20,Indore,Madhya Pradesh,2024-01-02,Regular Customer
C009958,Aarav More,Female,18,Jaipur,Rajasthan,2024-01-20,Regular Customer
C009959,Riya Shinde,Male,32,Warangal,Telangana,2024-03-28,New Customer
C009960,Sakshi Gupta,Male,37,Indore,Madhya Pradesh,2025-03-08,New Customer
C009961,Sameer Yadav,Male,20,Kolkata,West Bengal,2024-01-26,Occasional Customer
C009962,Manish Yadav,Female,32,Mumbai,Maharashtra,2024-06-08,Occasional Customer
C009963,Deepak Reddy,Female,54,Chennai,Tamil Nadu,2024-04-27,Regular Customer
C009964,Anjali Chavan,Male,38,Aurangabad,Maharashtra,2024-01-04,Regular Customer
C009965,Isha Nair,Female,59,Latur,Maharashtra,2024-03-08,Occasional Customer
C009966,Karan Verma,Female,56,Mumbai,Maharashtra,2024-02-26,Occasional Customer
C009967,Manish Mishra,Female,40,Mumbai,Maharashtra,2024-01-21,Loyal Customer
C009968,Rohan Iyer,Male,57,Mysuru,Karnataka,2024-01-15,Loyal Customer
C009969,Aditya Kumar,Female,52,Mysuru,Karnataka,2024-02-23,Loyal Customer
C009970,Akash Bhosale,Female,35,Nagpur,Maharashtra,2024-04-18,Occasional Customer
C009971,Riya Deshmukh,Female,34,Indore,Madhya Pradesh,2024-01-12,Regular Customer
C009972,Gaurav Jadhav,Male,48,Lucknow,Uttar Pradesh,2024-02-01,Occasional Customer
C009973,Sakshi Sharma,Male,65,Delhi,Delhi,2024-04-08,Occasional Customer
C009974,Ananya Verma,Male,43,Bhopal,Madhya Pradesh,2024-04-16,Occasional Customer
C009975,Rohan Kulkarni,Female,39,Pune,Maharashtra,2024-07-20,Occasional Customer
C009976,Ananya Shinde,Male,62,Bengaluru,Karnataka,2024-03-28,New Customer
C009977,Isha Mishra,Female,53,Indore,Madhya Pradesh,2024-01-18,Occasional Customer
C009978,Akash Patil,Male,52,Surat,Gujarat,2024-08-22,Occasional Customer
C009979,Vikas Bhosale,Male,28,Nashik,Maharashtra,2024-02-11,Regular Customer
C009980,Karan Pawar,Male,44,Indore,Madhya Pradesh,2024-01-04,Regular Customer
C009981,Pooja Das,Female,51,Indore,Madhya Pradesh,2024-03-06,Occasional Customer
C009982,Kavita Yadav,Female,35,Chennai,Tamil Nadu,2024-01-06,Loyal Customer
C009983,Amit Iyer,Female,44,Kanpur,Uttar Pradesh,2024-05-23,Occasional Customer
C009984,Sonia Gupta,Female,21,Bhopal,Madhya Pradesh,2024-04-01,New Customer
C009985,Harsh Gaikwad,Male,34,Nagpur,Maharashtra,2024-01-02,Regular Customer
C009986,Aarav Sawant,Female,23,Delhi,Delhi,2024-06-21,Regular Customer
C009987,Akash Bhosale,Male,59,Bhopal,Madhya Pradesh,2024-06-11,Regular Customer
C009988,Ayush Iyer,Female,28,Nashik,Maharashtra,2024-08-07,New Customer
C009989,Vivek Singh,Male,22,Indore,Madhya Pradesh,2024-09-23,Regular Customer
C009990,Rahul More,Female,35,Bhopal,Madhya Pradesh,2024-01-01,Loyal Customer
C009991,Kavita Chavan,Male,42,Aurangabad,Maharashtra,2024-01-06,Loyal Customer
C009992,Nikhil Singh,Male,27,Surat,Gujarat,2024-01-19,Loyal Customer
C009993,Divya Mehta,Male,58,Mysuru,Karnataka,2024-01-20,Regular Customer
C009994,Pooja Pawar,Male,33,Kolkata,West Bengal,2024-02-28,Loyal Customer
C009995,Amit Sawant,Male,27,Mumbai,Maharashtra,2024-06-27,New Customer
C009996,Kavita Rao,Female,27,Jaipur,Rajasthan,2024-01-05,Regular Customer
C009997,Aniket Das,Female,53,Delhi,Delhi,2024-01-04,Regular Customer
C009998,Nikhil Nair,Male,38,Kanpur,Uttar Pradesh,2024-01-01,Regular Customer
C009999,Divya Verma,Male,31,Latur,Maharashtra,2024-01-06,Regular Customer
C010000,Nikhil More,Male,25,Vadodara,Gujarat,2024-01-15,Occasional Customer
C010001,Karan Thakur,Female,18,Jaipur,Rajasthan,2024-01-02,Loyal Customer
C010002,Aniket Kumar,Male,33,Pune,Maharashtra,2024-01-03,Regular Customer
C010003,Deepak Kumar,Female,43,Mumbai,Maharashtra,2024-01-02,Loyal Customer
C010004,Rohan Iyer,Male,59,Bengaluru,Karnataka,2024-03-30,Regular Customer
C010005,Sonia Kumar,Male,23,Vadodara,Gujarat,2025-07-15,Occasional Customer
C010006,Amit Pawar,Male,56,Chennai,Tamil Nadu,2024-02-24,Regular Customer
C010007,Kavita Nair,Male,19,Indore,Madhya Pradesh,2024-03-03,Regular Customer
C010008,Sneha Yadav,Male,26,Kolkata,West Bengal,2024-01-03,Loyal Customer
C010009,Aarav Chavan,Male,22,Lucknow,Uttar Pradesh,2024-02-09,Loyal Customer
C010010,Harsh Pawar,Male,57,Vadodara,Gujarat,2024-04-20,Regular Customer
C010011,Amit Yadav,Female,22,Mysuru,Karnataka,2024-03-04,Regular Customer
C010012,Aditya Sharma,Male,64,Chennai,Tamil Nadu,2024-01-13,Regular Customer
C010013,Ayush Nair,Male,25,Surat,Gujarat,2024-02-08,Regular Customer
C010014,Aniket Shinde,Male,22,Bengaluru,Karnataka,2024-01-29,Regular Customer
C010015,Riya Kulkarni,Female,22,Ahmedabad,Gujarat,2024-02-02,Regular Customer
C010016,Manish Thakur,Female,34,Nagpur,Maharashtra,2024-01-19,Regular Customer
C010017,Deepak Kulkarni,Female,26,Patna,Bihar,2024-01-09,Regular Customer
C010018,Aditi Shah,Male,51,Surat,Gujarat,2024-01-13,Regular Customer
C010019,Isha Shah,Male,50,Patna,Bihar,2024-02-05,Loyal Customer
C010020,Ananya Deshmukh,Male,39,Mysuru,Karnataka,2024-02-01,New Customer
C010021,Divya Reddy,Male,38,Jaipur,Rajasthan,2024-02-17,Loyal Customer
C010022,Manish Singh,Female,60,Hyderabad,Telangana,2024-01-10,Loyal Customer
C010023,Anjali Kadam,Female,32,Nashik,Maharashtra,2024-01-18,Occasional Customer
C010024,Pooja Sharma,Female,18,Kanpur,Uttar Pradesh,2024-01-28,Regular Customer
C010025,Vivek Shinde,Male,24,Delhi,Delhi,2024-06-04,Occasional Customer
C010026,Arjun Sawant,Male,40,Jaipur,Rajasthan,2024-01-08,Regular Customer
C010027,Sneha Kumar,Male,64,Kanpur,Uttar Pradesh,2024-05-01,Regular Customer
C010028,Sonia Bhosale,Male,23,Nashik,Maharashtra,2024-04-14,Loyal Customer
C010029,Neha Iyer,Female,37,Vadodara,Gujarat,2024-02-16,Regular Customer
C010030,Ayush Kadam,Male,43,Vadodara,Gujarat,2024-02-15,Regular Customer
C010031,Nikhil Menon,Female,59,Indore,Madhya Pradesh,2024-02-11,Regular Customer
C010032,Gaurav Kumar,Female,29,Ahmedabad,Gujarat,2024-01-04,Occasional Customer
C010033,Arjun Gupta,Male,30,Delhi,Delhi,2024-01-14,Loyal Customer
C010034,Manish Reddy,Male,64,Nagpur,Maharashtra,2024-01-26,Loyal Customer
C010035,Rahul Shinde,Female,30,Bengaluru,Karnataka,2024-02-01,Loyal Customer
C010036,Aditya Mehta,Male,19,Latur,Maharashtra,2024-02-24,Occasional Customer
C010037,Amit Kulkarni,Male,49,Vadodara,Gujarat,2024-03-02,Regular Customer
C010038,Rohan Shinde,Male,48,Patna,Bihar,2024-01-07,Occasional Customer
C010039,Arjun Pawar,Male,28,Delhi,Delhi,2024-09-17,Regular Customer
C010040,Arjun Mehta,Female,54,Jaipur,Rajasthan,2024-01-16,Regular Customer
C010041,Akash Jadhav,Male,21,Lucknow,Uttar Pradesh,2024-01-01,Occasional Customer
C010042,Sameer Verma,Female,51,Aurangabad,Maharashtra,2024-09-02,Occasional Customer
C010043,Neha Reddy,Female,33,Surat,Gujarat,2024-01-07,Loyal Customer
C010044,Sakshi Gaikwad,Male,48,Indore,Madhya Pradesh,2024-01-03,Loyal Customer
C010045,Deepak Mehta,Female,42,Nagpur,Maharashtra,2024-03-25,New Customer
C010046,Sakshi Mishra,Male,56,Nashik,Maharashtra,2024-05-15,Occasional Customer
C010047,Neha Shah,Female,25,Jaipur,Rajasthan,2024-02-25,Occasional Customer
C010048,Arjun Das,Male,25,Jaipur,Rajasthan,2024-02-22,Regular Customer
C010049,Rohan Mishra,Male,51,Patna,Bihar,2024-01-04,Loyal Customer
C010050,Nikhil Rao,Male,32,Nashik,Maharashtra,2024-08-09,Occasional Customer
C010051,Vivek Yadav,Female,22,Lucknow,Uttar Pradesh,2024-03-10,Occasional Customer
C010052,Aniket Pawar,Male,36,Indore,Madhya Pradesh,2024-05-14,Regular Customer
C010053,Aarav Das,Male,27,Ahmedabad,Gujarat,2024-01-11,Occasional Customer
C010054,Anjali Shinde,Male,26,Vadodara,Gujarat,2024-01-23,Occasional Customer
C010055,Aditya Kumar,Male,46,Mumbai,Maharashtra,2024-01-01,Loyal Customer
C010056,Sameer Shah,Female,57,Chennai,Tamil Nadu,2024-01-12,Loyal Customer
C010057,Amit Jadhav,Female,54,Nashik,Maharashtra,2024-01-13,Loyal Customer
C010058,Ananya Yadav,Female,36,Delhi,Delhi,2024-02-26,Occasional Customer
C010059,Sonia Sharma,Male,30,Aurangabad,Maharashtra,2024-03-23,Regular Customer
C010060,Deepak Deshmukh,Male,63,Pune,Maharashtra,2024-01-15,Loyal Customer
C010061,Vikas Patil,Female,57,Indore,Madhya Pradesh,2025-04-18,Occasional Customer
C010062,Amit Verma,Female,33,Warangal,Telangana,2024-02-21,Loyal Customer
C010063,Sameer Thakur,Male,47,Latur,Maharashtra,2024-01-03,Regular Customer
C010064,Harsh Rao,Female,22,Patna,Bihar,2024-03-16,New Customer
C010065,Karan Chavan,Female,50,Bengaluru,Karnataka,2024-01-21,Regular Customer
C010066,Ayush Verma,Male,36,Ahmedabad,Gujarat,2024-01-12,Loyal Customer
C010067,Sakshi Kulkarni,Female,36,Delhi,Delhi,2024-01-14,Loyal Customer
C010068,Anjali Gupta,Male,34,Jaipur,Rajasthan,2024-01-14,Loyal Customer
C010069,Gaurav Gaikwad,Female,41,Jaipur,Rajasthan,2024-02-25,Loyal Customer
C010070,Sakshi Gaikwad,Female,45,Pune,Maharashtra,2025-07-26,New Customer
C010071,Riya Yadav,Male,59,Mysuru,Karnataka,2025-03-18,New Customer
C010072,Divya Sawant,Male,54,Chennai,Tamil Nadu,2024-01-04,Regular Customer
C010073,Sneha Verma,Female,39,Warangal,Telangana,2024-01-17,Occasional Customer
C010074,Deepak Verma,Female,56,Delhi,Delhi,2024-03-29,Loyal Customer
C010075,Aditya Singh,Male,33,Mysuru,Karnataka,2024-09-20,Occasional Customer
C010076,Nikhil Banerjee,Female,52,Ahmedabad,Gujarat,2024-01-01,Regular Customer
C010077,Aniket Pawar,Female,44,Indore,Madhya Pradesh,2024-02-06,Loyal Customer
C010078,Pooja Banerjee,Male,29,Hyderabad,Telangana,2024-01-13,Loyal Customer
C010079,Arjun Nair,Male,63,Nagpur,Maharashtra,2024-01-15,Regular Customer
C010080,Amit Banerjee,Female,45,Kanpur,Uttar Pradesh,2024-06-13,Occasional Customer
C010081,Harsh Gupta,Male,18,Ahmedabad,Gujarat,2024-04-11,Regular Customer
C010082,Isha Yadav,Male,56,Lucknow,Uttar Pradesh,2024-01-22,Occasional Customer
C010083,Riya Das,Female,35,Hyderabad,Telangana,2024-04-11,Regular Customer
C010084,Arjun Rao,Male,40,Bengaluru,Karnataka,2024-01-21,Loyal Customer
C010085,Akash Gupta,Male,39,Lucknow,Uttar Pradesh,2024-01-11,Regular Customer
C010086,Vikas Bhosale,Male,21,Ahmedabad,Gujarat,2024-01-02,Loyal Customer
C010087,Pooja Kadam,Female,65,Vadodara,Gujarat,2024-03-11,Loyal Customer
C010088,Ananya Sharma,Female,28,Warangal,Telangana,2024-02-04,Loyal Customer
C010089,Sonia Kadam,Female,35,Vadodara,Gujarat,2025-05-10,Occasional Customer
C010090,Sonia Thakur,Male,65,Bhopal,Madhya Pradesh,2024-06-04,Occasional Customer
C010091,Sakshi Rao,Female,24,Pune,Maharashtra,2024-01-01,Regular Customer
C010092,Divya Iyer,Female,38,Bhopal,Madhya Pradesh,2024-01-30,Occasional Customer
C010093,Harsh Shinde,Male,52,Bhopal,Madhya Pradesh,2024-10-25,New Customer
C010094,Nikhil Gupta,Male,54,Delhi,Delhi,2024-03-15,Regular Customer
C010095,Vikas Kumar,Female,47,Mumbai,Maharashtra,2025-08-20,Occasional Customer
C010096,Aniket Gaikwad,Male,34,Surat,Gujarat,2024-01-08,Loyal Customer
C010097,Divya Pawar,Male,50,Jaipur,Rajasthan,2024-06-11,Occasional Customer
C010098,Vivek Iyer,Male,33,Delhi,Delhi,2025-08-02,New Customer
C010099,Aarav Shinde,Male,32,Mumbai,Maharashtra,2024-01-01,Regular Customer
C010100,Isha Kadam,Male,30,Hyderabad,Telangana,2024-02-04,Occasional Customer
C010101,Kavita Shinde,Male,56,Jaipur,Rajasthan,2024-03-23,Occasional Customer
C010102,Aarav Mehta,Female,20,Surat,Gujarat,2024-02-13,Occasional Customer
C010103,Ayush Chavan,Female,41,Kolkata,West Bengal,2024-11-14,Occasional Customer
C010104,Akash Kumar,Female,40,Surat,Gujarat,2024-03-02,Occasional Customer
C010105,Divya Kumar,Male,62,Patna,Bihar,2025-03-22,New Customer
C010106,Arjun Verma,Female,65,Delhi,Delhi,2024-01-16,Regular Customer
C010107,Vivek Sharma,Male,18,Jaipur,Rajasthan,2026-06-21,New Customer
C010108,Nikhil More,Female,49,Lucknow,Uttar Pradesh,2024-08-26,Occasional Customer
C010109,Aditi Reddy,Female,50,Indore,Madhya Pradesh,2024-01-03,Regular Customer
C010110,Arjun Reddy,Female,65,Latur,Maharashtra,2024-01-28,New Customer
C010111,Karan Gaikwad,Male,47,Delhi,Delhi,2024-02-11,Occasional Customer
C010112,Aditi Nair,Female,19,Indore,Madhya Pradesh,2024-06-03,Occasional Customer
C010113,Riya More,Male,35,Bengaluru,Karnataka,2024-04-17,Regular Customer
C010114,Arjun Reddy,Male,47,Bhopal,Madhya Pradesh,2024-05-06,Regular Customer
C010115,Aditi Mehta,Male,35,Indore,Madhya Pradesh,2024-02-18,Loyal Customer
C010116,Sneha Sharma,Female,22,Chennai,Tamil Nadu,2024-01-05,Loyal Customer
C010117,Sonia Nair,Male,22,Vadodara,Gujarat,2024-01-01,Regular Customer
C010118,Vivek Yadav,Female,25,Vadodara,Gujarat,2024-03-11,Loyal Customer
C010119,Nikhil Reddy,Male,26,Aurangabad,Maharashtra,2024-01-01,Loyal Customer
C010120,Isha Yadav,Male,49,Delhi,Delhi,2024-10-12,Occasional Customer
C010121,Ananya Yadav,Female,31,Nashik,Maharashtra,2024-02-17,Loyal Customer
C010122,Rohan Mishra,Male,30,Nashik,Maharashtra,2024-01-06,Loyal Customer
C010123,Pooja Menon,Female,35,Nagpur,Maharashtra,2024-01-09,Regular Customer
C010124,Manish Das,Female,21,Indore,Madhya Pradesh,2024-01-07,Occasional Customer
C010125,Akash Patil,Female,39,Hyderabad,Telangana,2024-02-10,Regular Customer
C010126,Divya Sharma,Female,37,Nashik,Maharashtra,2024-01-02,Loyal Customer
C010127,Nikhil Singh,Male,32,Ahmedabad,Gujarat,2024-01-05,Regular Customer
C010128,Riya Jadhav,Male,24,Chennai,Tamil Nadu,2024-01-19,Regular Customer
C010129,Riya Iyer,Male,30,Mumbai,Maharashtra,2024-01-16,Regular Customer
C010130,Ananya Mishra,Male,51,Patna,Bihar,2024-01-15,Occasional Customer
C010131,Sonia Jadhav,Female,58,Lucknow,Uttar Pradesh,2024-01-07,Occasional Customer
C010132,Aditya Bhosale,Female,47,Patna,Bihar,2024-08-16,Occasional Customer
C010133,Sneha Mishra,Female,22,Kanpur,Uttar Pradesh,2024-01-07,Loyal Customer
C010134,Akash Patil,Female,18,Bhopal,Madhya Pradesh,2024-02-12,Occasional Customer
C010135,Isha Reddy,Male,48,Delhi,Delhi,2024-09-04,Occasional Customer
C010136,Riya Patil,Female,37,Kanpur,Uttar Pradesh,2025-07-18,New Customer
C010137,Deepak Kulkarni,Female,36,Nagpur,Maharashtra,2024-02-07,Regular Customer
C010138,Sonia Gupta,Male,46,Indore,Madhya Pradesh,2024-07-11,Occasional Customer
C010139,Arjun Mishra,Female,62,Chennai,Tamil Nadu,2024-02-06,Loyal Customer
C010140,Aniket Reddy,Female,55,Mysuru,Karnataka,2024-06-02,New Customer
C010141,Nikhil Iyer,Male,27,Warangal,Telangana,2024-03-12,Occasional Customer
C010142,Aarav Chavan,Female,46,Kolkata,West Bengal,2024-09-01,Regular Customer
C010143,Sneha Rao,Male,48,Aurangabad,Maharashtra,2025-02-25,Occasional Customer
C010144,Sonia Singh,Male,28,Nashik,Maharashtra,2024-01-18,Loyal Customer
C010145,Deepak Singh,Female,40,Patna,Bihar,2024-01-10,Occasional Customer
C010146,Riya Pawar,Female,47,Kanpur,Uttar Pradesh,2024-01-23,Occasional Customer
C010147,Vikas Mehta,Female,42,Lucknow,Uttar Pradesh,2024-04-21,Loyal Customer
C010148,Rohan Kadam,Female,33,Patna,Bihar,2024-04-11,New Customer
C010149,Kavita Sharma,Female,40,Nashik,Maharashtra,2024-02-14,Occasional Customer
C010150,Rahul Gaikwad,Female,50,Kolkata,West Bengal,2024-01-24,Regular Customer
C010151,Harsh Banerjee,Male,54,Indore,Madhya Pradesh,2024-09-30,Occasional Customer
C010152,Rahul Rao,Male,45,Chennai,Tamil Nadu,2024-05-16,Occasional Customer
C010153,Aditi Deshmukh,Male,44,Nagpur,Maharashtra,2025-03-27,Occasional Customer
C010154,Aniket Banerjee,Female,23,Mysuru,Karnataka,2024-01-21,Regular Customer
C010155,Sakshi Verma,Female,55,Kolkata,West Bengal,2024-03-23,Regular Customer
C010156,Amit Iyer,Male,54,Mysuru,Karnataka,2024-01-08,Regular Customer
C010157,Arjun Deshmukh,Female,23,Bhopal,Madhya Pradesh,2024-11-11,Occasional Customer
C010158,Ananya Thakur,Female,42,Mumbai,Maharashtra,2024-05-14,Occasional Customer
C010159,Aditi More,Male,30,Nagpur,Maharashtra,2024-01-14,Loyal Customer
C010160,Nikhil Shinde,Male,50,Patna,Bihar,2024-01-21,Occasional Customer
C010161,Riya Verma,Male,50,Chennai,Tamil Nadu,2024-01-08,Regular Customer
C010162,Harsh Pawar,Male,42,Mumbai,Maharashtra,2024-06-15,Occasional Customer
C010163,Pooja Iyer,Female,31,Nagpur,Maharashtra,2024-02-16,Loyal Customer
C010164,Sneha Banerjee,Male,57,Nagpur,Maharashtra,2024-01-06,Loyal Customer
C010165,Aarav Sawant,Female,58,Aurangabad,Maharashtra,2024-01-01,Loyal Customer
C010166,Arjun Gupta,Male,59,Lucknow,Uttar Pradesh,2024-01-01,Regular Customer
C010167,Divya Kulkarni,Female,55,Mumbai,Maharashtra,2024-05-14,Occasional Customer
C010168,Deepak Thakur,Male,26,Nashik,Maharashtra,2024-02-04,Occasional Customer
C010169,Neha Banerjee,Female,35,Nashik,Maharashtra,2024-01-06,Regular Customer
C010170,Riya Deshmukh,Male,32,Indore,Madhya Pradesh,2024-03-07,Regular Customer
C010171,Neha Kumar,Female,21,Surat,Gujarat,2024-03-01,Occasional Customer
C010172,Isha Deshmukh,Female,51,Bhopal,Madhya Pradesh,2025-04-02,New Customer
C010173,Akash Kumar,Female,55,Mumbai,Maharashtra,2024-01-09,Regular Customer
C010174,Aditya Pawar,Male,34,Vadodara,Gujarat,2024-05-05,Occasional Customer
C010175,Rohan Deshmukh,Male,24,Jaipur,Rajasthan,2024-06-27,Occasional Customer
C010176,Ananya Chavan,Male,49,Nagpur,Maharashtra,2024-01-30,Regular Customer
C010177,Neha Reddy,Male,40,Patna,Bihar,2024-01-01,Loyal Customer
C010178,Aarav Menon,Female,37,Bengaluru,Karnataka,2024-01-04,Regular Customer
C010179,Ananya Das,Male,64,Nashik,Maharashtra,2024-11-24,Occasional Customer
C010180,Aarav Shinde,Other,19,Patna,Bihar,2024-01-05,Occasional Customer
C010181,Pooja Kadam,Female,38,Aurangabad,Maharashtra,2024-07-17,Loyal Customer
C010182,Isha Deshmukh,Male,29,Delhi,Delhi,2024-02-06,New Customer
C010183,Vikas Iyer,Female,59,Patna,Bihar,2024-03-16,Regular Customer
C010184,Anjali Sawant,Male,44,Bengaluru,Karnataka,2024-01-01,Loyal Customer
C010185,Sneha Rao,Male,65,Nagpur,Maharashtra,2024-01-05,Loyal Customer
C010186,Pooja Singh,Male,27,Latur,Maharashtra,2024-01-16,Occasional Customer
C010187,Sonia Shinde,Female,25,Delhi,Delhi,2024-02-22,New Customer
C010188,Rohan Menon,Male,38,Bengaluru,Karnataka,2024-01-03,Loyal Customer
C010189,Rohan Jadhav,Female,39,Kolkata,West Bengal,2024-01-03,Regular Customer
C010190,Ayush Patil,Male,30,Nagpur,Maharashtra,2024-03-28,Regular Customer
C010191,Gaurav Nair,Female,65,Mumbai,Maharashtra,2024-02-10,Loyal Customer
C010192,Ayush Pawar,Male,57,Kanpur,Uttar Pradesh,2024-01-01,Loyal Customer
C010193,Arjun Jadhav,Male,29,Vadodara,Gujarat,2024-01-05,Occasional Customer
C010194,Neha Chavan,Male,34,Lucknow,Uttar Pradesh,2024-04-10,Regular Customer
C010195,Harsh Joshi,Male,65,Surat,Gujarat,2024-06-09,Loyal Customer
C010196,Sneha Shinde,Female,26,Indore,Madhya Pradesh,2024-02-06,Occasional Customer
C010197,Arjun Singh,Male,57,Vadodara,Gujarat,2024-01-02,Loyal Customer
C010198,Aniket Pawar,Female,29,Surat,Gujarat,2024-02-05,Regular Customer
C010199,Ayush More,Male,26,Indore,Madhya Pradesh,2024-02-13,Occasional Customer
C010200,Riya Thakur,Male,47,Surat,Gujarat,2024-01-12,Occasional Customer
C010201,Arjun Deshmukh,Male,23,Chennai,Tamil Nadu,2024-01-13,Occasional Customer
C010202,Karan Kadam,Male,42,Jaipur,Rajasthan,2024-02-12,Loyal Customer
C010203,Neha Kadam,Female,45,Mumbai,Maharashtra,2024-06-13,Regular Customer
C010204,Divya Menon,Female,27,Ahmedabad,Gujarat,2024-01-23,Loyal Customer
C010205,Pooja Verma,Female,58,Latur,Maharashtra,2024-01-05,Occasional Customer
C010206,Isha Banerjee,Female,45,Indore,Madhya Pradesh,2024-04-02,Occasional Customer
C010207,Pooja Rao,Female,46,Chennai,Tamil Nadu,2024-01-03,Regular Customer
C010208,Sneha Pawar,Female,53,Lucknow,Uttar Pradesh,2024-06-27,New Customer
C010209,Aditi Banerjee,Female,28,Latur,Maharashtra,2024-01-08,Loyal Customer
C010210,Neha Gaikwad,Male,38,Hyderabad,Telangana,2024-02-24,Regular Customer
C010211,Amit Gupta,Female,55,Mumbai,Maharashtra,2024-01-07,Loyal Customer
C010212,Neha Shinde,Female,43,Mumbai,Maharashtra,2024-01-01,Occasional Customer
C010213,Riya Bhosale,Male,35,Aurangabad,Maharashtra,2024-01-07,Regular Customer
C010214,Divya Reddy,Female,21,Latur,Maharashtra,2024-06-03,Occasional Customer
C010215,Sameer Rao,Male,61,Jaipur,Rajasthan,2024-08-03,Occasional Customer
C010216,Sameer Sawant,Female,58,Jaipur,Rajasthan,2024-01-16,Occasional Customer
C010217,Aniket Chavan,Male,32,Surat,Gujarat,2024-06-11,Regular Customer
C010218,Riya Verma,Male,40,Mumbai,Maharashtra,2024-03-12,Occasional Customer
C010219,Manish Banerjee,Male,58,Ahmedabad,Gujarat,2024-01-09,Occasional Customer
C010220,Rohan Das,Female,23,Kanpur,Uttar Pradesh,2024-07-15,Occasional Customer
C010221,Arjun Deshmukh,Male,60,Mysuru,Karnataka,2024-01-11,Loyal Customer
C010222,Kavita Menon,Female,24,Mysuru,Karnataka,2024-01-11,Regular Customer
C010223,Aniket More,Female,63,Bengaluru,Karnataka,2024-01-14,Occasional Customer
C010224,Aniket Thakur,Male,65,Ahmedabad,Gujarat,2024-02-20,Loyal Customer
C010225,Arjun Patil,Other,32,Nagpur,Maharashtra,2024-05-07,Occasional Customer
C010226,Vivek Kulkarni,Male,26,Bhopal,Madhya Pradesh,2024-06-12,Occasional Customer
C010227,Kavita Rao,Female,47,Kanpur,Uttar Pradesh,2024-04-10,Occasional Customer
C010228,Pooja Pawar,Male,61,Pune,Maharashtra,2024-01-01,Loyal Customer
C010229,Karan Jadhav,Male,60,Indore,Madhya Pradesh,2024-01-18,Occasional Customer
C010230,Isha Mehta,Male,45,Lucknow,Uttar Pradesh,2026-04-11,New Customer
C010231,Deepak Kadam,Female,47,Ahmedabad,Gujarat,2024-01-17,Regular Customer
C010232,Neha Gaikwad,Female,25,Ahmedabad,Gujarat,2024-01-12,Occasional Customer
C010233,Rahul Mehta,Male,52,Mumbai,Maharashtra,2025-01-29,Occasional Customer
C010234,Vikas Patil,Male,52,Pune,Maharashtra,2024-01-07,Loyal Customer
C010235,Deepak Nair,Other,43,Mumbai,Maharashtra,2025-05-13,New Customer
C010236,Akash Reddy,Male,47,Aurangabad,Maharashtra,2024-01-01,Loyal Customer
C010237,Divya Mishra,Female,52,Nagpur,Maharashtra,2024-02-03,Regular Customer
C010238,Vikas Sharma,Female,55,Hyderabad,Telangana,2024-04-25,Regular Customer
C010239,Ananya Bhosale,Male,28,Vadodara,Gujarat,2025-12-04,New Customer
C010240,Karan Chavan,Female,37,Ahmedabad,Gujarat,2025-01-07,Occasional Customer
C010241,Deepak Reddy,Female,63,Bhopal,Madhya Pradesh,2024-03-02,Regular Customer
C010242,Vikas Kulkarni,Male,48,Patna,Bihar,2024-01-01,Occasional Customer
C010243,Ananya Kumar,Female,51,Hyderabad,Telangana,2024-01-05,Loyal Customer
C010244,Divya Sawant,Female,29,Mumbai,Maharashtra,2024-01-01,Regular Customer
C010245,Ananya Thakur,Male,65,Aurangabad,Maharashtra,2024-01-23,Regular Customer
C010246,Manish Pawar,Male,45,Indore,Madhya Pradesh,2024-01-21,Occasional Customer
C010247,Sakshi Sharma,Female,20,Warangal,Telangana,2024-09-10,Occasional Customer
C010248,Isha Das,Male,65,Kolkata,West Bengal,2024-01-03,Loyal Customer
C010249,Nikhil Thakur,Male,59,Kanpur,Uttar Pradesh,2024-03-11,Occasional Customer
C010250,Neha Mehta,Female,22,Nashik,Maharashtra,2024-02-09,Regular Customer
C010251,Riya Bhosale,Female,30,Pune,Maharashtra,2024-07-19,Occasional Customer
C010252,Rohan Gaikwad,Female,29,Aurangabad,Maharashtra,2024-01-06,Loyal Customer
C010253,Karan Banerjee,Male,18,Mumbai,Maharashtra,2024-04-14,Occasional Customer
C010254,Anjali More,Female,60,Aurangabad,Maharashtra,2024-02-01,Regular Customer
C010255,Rohan Kadam,Female,36,Latur,Maharashtra,2024-05-10,Regular Customer
C010256,Nikhil Chavan,Other,46,Pune,Maharashtra,2026-05-12,New Customer
C010257,Karan Rao,Female,64,Mumbai,Maharashtra,2024-01-13,New Customer
C010258,Gaurav Sawant,Female,65,Nashik,Maharashtra,2024-02-18,Loyal Customer
C010259,Aditi Kumar,Female,56,Hyderabad,Telangana,2024-10-04,New Customer
C010260,Vikas Joshi,Male,59,Vadodara,Gujarat,2024-09-09,Occasional Customer
C010261,Sakshi Kumar,Female,42,Mumbai,Maharashtra,2024-01-26,Loyal Customer
C010262,Vikas Kumar,Male,33,Mumbai,Maharashtra,2024-01-27,Regular Customer
C010263,Kavita Kulkarni,Female,34,Warangal,Telangana,2024-01-24,New Customer
C010264,Harsh Bhosale,Other,45,Kanpur,Uttar Pradesh,2024-06-14,Occasional Customer
C010265,Sakshi More,Male,56,Jaipur,Rajasthan,2024-11-07,New Customer
C010266,Neha Gaikwad,Female,60,Patna,Bihar,2024-02-02,Regular Customer
C010267,Neha Sharma,Female,22,Ahmedabad,Gujarat,2024-01-02,Regular Customer
C010268,Ananya Verma,Male,18,Bhopal,Madhya Pradesh,2026-01-17,New Customer
C010269,Ananya Kumar,Male,20,Kanpur,Uttar Pradesh,2024-01-29,Regular Customer
C010270,Ayush Singh,Male,65,Mysuru,Karnataka,2024-02-02,Occasional Customer
C010271,Nikhil Nair,Male,41,Chennai,Tamil Nadu,2024-06-18,Occasional Customer
C010272,Kavita Shinde,Female,46,Mumbai,Maharashtra,2024-02-16,Regular Customer
C010273,Neha Menon,Female,32,Mysuru,Karnataka,2024-01-01,Loyal Customer
C010274,Amit Jadhav,Male,21,Bengaluru,Karnataka,2024-02-05,Regular Customer
C010275,Rahul Chavan,Female,61,Nagpur,Maharashtra,2024-01-25,Regular Customer
C010276,Sameer Patil,Female,18,Lucknow,Uttar Pradesh,2024-03-24,Occasional Customer
C010277,Aditya Sawant,Female,32,Bengaluru,Karnataka,2024-01-28,Loyal Customer
C010278,Sameer Menon,Male,41,Mysuru,Karnataka,2024-01-02,Loyal Customer
C010279,Amit Das,Female,48,Lucknow,Uttar Pradesh,2024-06-30,Occasional Customer
C010280,Divya Thakur,Male,37,Jaipur,Rajasthan,2024-01-17,Loyal Customer
C010281,Gaurav Pawar,Female,27,Bhopal,Madhya Pradesh,2024-01-26,Regular Customer
C010282,Isha Sharma,Female,28,Surat,Gujarat,2024-06-19,Regular Customer
C010283,Rahul Jadhav,Male,35,Nagpur,Maharashtra,2024-01-18,Regular Customer
C010284,Aniket Singh,Female,51,Pune,Maharashtra,2024-03-05,Occasional Customer
C010285,Ananya Sawant,Male,45,Mumbai,Maharashtra,2024-01-07,Loyal Customer
C010286,Ayush Deshmukh,Male,55,Bhopal,Madhya Pradesh,2024-02-07,Regular Customer
C010287,Ananya Joshi,Female,33,Bengaluru,Karnataka,2024-01-09,Loyal Customer
C010288,Sonia Shinde,Male,41,Ahmedabad,Gujarat,2024-02-17,Occasional Customer
C010289,Harsh Deshmukh,Female,56,Pune,Maharashtra,2024-02-28,Occasional Customer
C010290,Rohan Joshi,Female,29,Hyderabad,Telangana,2024-02-12,Occasional Customer
C010291,Amit Rao,Male,59,Jaipur,Rajasthan,2024-01-23,Regular Customer
C010292,Manish Mishra,Other,24,Patna,Bihar,2024-06-16,Occasional Customer
C010293,Sakshi Kadam,Male,53,Lucknow,Uttar Pradesh,2024-01-18,Occasional Customer
C010294,Aarav Yadav,Male,34,Kolkata,West Bengal,2024-04-19,Loyal Customer
C010295,Ananya Kadam,Female,21,Vadodara,Gujarat,2024-02-10,Regular Customer
C010296,Akash Yadav,Female,54,Delhi,Delhi,2024-03-22,Occasional Customer
C010297,Manish Rao,Female,50,Mumbai,Maharashtra,2025-03-02,New Customer
C010298,Gaurav Nair,Female,36,Patna,Bihar,2024-05-06,Regular Customer
C010299,Aniket Kumar,Male,43,Hyderabad,Telangana,2024-01-14,Regular Customer
C010300,Karan Rao,Male,28,Kanpur,Uttar Pradesh,2024-04-21,Regular Customer
C010301,Gaurav Banerjee,Male,48,Warangal,Telangana,2024-02-20,Occasional Customer
C010302,Isha Nair,Female,18,Mysuru,Karnataka,2024-06-02,Occasional Customer
C010303,Anjali Menon,Male,57,Aurangabad,Maharashtra,2024-02-03,Regular Customer
C010304,Vivek Kulkarni,Male,53,Bengaluru,Karnataka,2024-03-21,Regular Customer
C010305,Gaurav Jadhav,Male,46,Mumbai,Maharashtra,2024-01-08,Regular Customer
C010306,Deepak Menon,Male,42,Pune,Maharashtra,2024-01-05,Loyal Customer
C010307,Vivek Jadhav,Female,64,Lucknow,Uttar Pradesh,2024-01-01,Regular Customer
C010308,Gaurav Menon,Female,35,Surat,Gujarat,2024-02-28,Regular Customer
C010309,Deepak Singh,Male,20,Kanpur,Uttar Pradesh,2024-08-30,Occasional Customer
C010310,Ayush Banerjee,Male,35,Mysuru,Karnataka,2024-02-16,Regular Customer
C010311,Rahul Iyer,Female,24,Bengaluru,Karnataka,2024-01-17,Regular Customer
C010312,Sonia Bhosale,Male,45,Mysuru,Karnataka,2024-01-16,Regular Customer
C010313,Nikhil Gaikwad,Female,34,Latur,Maharashtra,2024-01-01,Regular Customer
C010314,Manish Deshmukh,Female,42,Indore,Madhya Pradesh,2024-03-06,Loyal Customer
C010315,Divya Yadav,Male,35,Latur,Maharashtra,2024-04-25,Regular Customer
C010316,Rahul Iyer,Female,57,Nashik,Maharashtra,2024-01-20,Loyal Customer
C010317,Neha Sharma,Male,60,Kanpur,Uttar Pradesh,2026-06-26,New Customer
C010318,Anjali Singh,Male,20,Nagpur,Maharashtra,2024-03-15,Regular Customer
C010319,Nikhil Pawar,Male,42,Lucknow,Uttar Pradesh,2024-03-03,Regular Customer
C010320,Sakshi Joshi,Other,24,Bhopal,Madhya Pradesh,2024-03-22,Occasional Customer
C010321,Divya Kadam,Female,64,Nashik,Maharashtra,2024-01-06,Loyal Customer
C010322,Deepak Verma,Male,27,Warangal,Telangana,2024-01-14,Loyal Customer
C010323,Sneha Sharma,Female,61,Indore,Madhya Pradesh,2025-01-29,Occasional Customer
C010324,Nikhil Shah,Female,61,Aurangabad,Maharashtra,2025-07-28,Regular Customer
C010325,Sakshi Gaikwad,Male,36,Ahmedabad,Gujarat,2024-01-28,Loyal Customer
C010326,Vivek Deshmukh,Female,32,Mumbai,Maharashtra,2024-02-12,New Customer
C010327,Pooja Joshi,Female,38,Ahmedabad,Gujarat,2024-02-11,Regular Customer
C010328,Amit Yadav,Female,38,Nashik,Maharashtra,2024-01-01,Loyal Customer
C010329,Aniket Patil,Male,54,Vadodara,Gujarat,2024-01-05,Loyal Customer
C010330,Aniket Sawant,Male,45,Surat,Gujarat,2024-02-08,Loyal Customer
C010331,Harsh Deshmukh,Female,62,Nagpur,Maharashtra,2025-02-12,New Customer
C010332,Deepak Gaikwad,Female,49,Aurangabad,Maharashtra,2024-05-04,Occasional Customer
C010333,Pooja Pawar,Female,58,Hyderabad,Telangana,2025-08-01,New Customer
C010334,Harsh Jadhav,Female,44,Mumbai,Maharashtra,2024-04-20,Loyal Customer
C010335,Ayush Sawant,Female,40,Chennai,Tamil Nadu,2024-01-01,Regular Customer
C010336,Gaurav Rao,Female,27,Delhi,Delhi,2024-06-01,Regular Customer
C010337,Sneha Yadav,Male,57,Warangal,Telangana,2024-03-27,Regular Customer
C010338,Aditi More,Male,58,Latur,Maharashtra,2024-02-04,Regular Customer
C010339,Harsh Pawar,Male,23,Vadodara,Gujarat,2024-01-03,Regular Customer
C010340,Ananya Gaikwad,Male,41,Pune,Maharashtra,2024-02-15,Loyal Customer
C010341,Rahul Verma,Female,35,Lucknow,Uttar Pradesh,2024-01-07,Occasional Customer
C010342,Sneha Kulkarni,Female,27,Kanpur,Uttar Pradesh,2024-02-09,Loyal Customer
C010343,Isha Das,Male,32,Kanpur,Uttar Pradesh,2024-01-02,Loyal Customer
C010344,Aditya Kadam,Female,62,Surat,Gujarat,2024-01-08,Regular Customer
C010345,Rahul Iyer,Female,60,Mumbai,Maharashtra,2024-01-24,Loyal Customer
C010346,Akash Reddy,Female,51,Mysuru,Karnataka,2024-01-17,Occasional Customer
C010347,Sonia Gaikwad,Female,25,Jaipur,Rajasthan,2024-06-01,Occasional Customer
C010348,Sameer Das,Male,52,Nashik,Maharashtra,2024-01-01,Loyal Customer
C010349,Aarav Pawar,Male,44,Delhi,Delhi,2024-01-18,Regular Customer
C010350,Deepak Jadhav,Female,42,Jaipur,Rajasthan,2024-03-09,Occasional Customer
C010351,Neha Verma,Female,20,Kanpur,Uttar Pradesh,2024-07-24,Occasional Customer
C010352,Gaurav Rao,Female,38,Mumbai,Maharashtra,2024-01-04,Regular Customer
C010353,Isha Sharma,Male,56,Jaipur,Rajasthan,2024-01-13,New Customer
C010354,Karan Reddy,Male,49,Lucknow,Uttar Pradesh,2024-01-03,Occasional Customer
C010355,Rahul Gaikwad,Other,38,Patna,Bihar,2024-01-01,Regular Customer
C010356,Harsh Menon,Male,26,Vadodara,Gujarat,2024-02-22,Occasional Customer
C010357,Aditi Sawant,Female,18,Bengaluru,Karnataka,2024-02-28,Regular Customer
C010358,Harsh More,Female,21,Bengaluru,Karnataka,2024-01-02,Loyal Customer
C010359,Rohan Reddy,Female,21,Bengaluru,Karnataka,2024-01-09,Occasional Customer
C010360,Akash Shah,Female,43,Indore,Madhya Pradesh,2024-01-03,Loyal Customer
C010361,Sameer Das,Male,51,Chennai,Tamil Nadu,2024-01-07,Loyal Customer
C010362,Vivek Thakur,Female,44,Ahmedabad,Gujarat,2024-01-01,Loyal Customer
C010363,Kavita Kadam,Female,32,Warangal,Telangana,2024-02-29,Occasional Customer
C010364,Sakshi Yadav,Female,62,Jaipur,Rajasthan,2024-04-24,Regular Customer
C010365,Riya Chavan,Female,49,Bhopal,Madhya Pradesh,2024-01-30,Occasional Customer
C010366,Sonia Gupta,Male,58,Mumbai,Maharashtra,2024-09-07,New Customer
C010367,Divya Kulkarni,Female,24,Mumbai,Maharashtra,2024-01-02,Loyal Customer
C010368,Sameer Pawar,Male,61,Chennai,Tamil Nadu,2026-03-15,New Customer
C010369,Harsh Gupta,Male,61,Latur,Maharashtra,2024-03-16,Regular Customer
C010370,Sakshi Gaikwad,Female,31,Bengaluru,Karnataka,2024-01-02,Loyal Customer
C010371,Sonia Rao,Male,40,Aurangabad,Maharashtra,2024-03-10,Occasional Customer
C010372,Aditya Jadhav,Female,64,Jaipur,Rajasthan,2024-03-22,Occasional Customer
C010373,Aarav Chavan,Male,18,Bhopal,Madhya Pradesh,2024-07-20,Occasional Customer
C010374,Vivek Nair,Male,49,Indore,Madhya Pradesh,2024-01-23,Occasional Customer
C010375,Neha More,Male,58,Bhopal,Madhya Pradesh,2024-12-07,Occasional Customer
C010376,Aniket Verma,Male,43,Mumbai,Maharashtra,2024-01-02,Regular Customer
C010377,Sneha Shah,Female,65,Lucknow,Uttar Pradesh,2024-01-04,Loyal Customer
C010378,Rohan Mishra,Female,26,Vadodara,Gujarat,2024-01-18,Occasional Customer
C010379,Isha Bhosale,Female,33,Warangal,Telangana,2024-04-28,Regular Customer
C010380,Aditi Thakur,Male,48,Nagpur,Maharashtra,2024-01-01,Occasional Customer
C010381,Ayush Patil,Female,19,Aurangabad,Maharashtra,2024-01-03,Regular Customer
C010382,Akash Mishra,Female,49,Warangal,Telangana,2024-04-17,Regular Customer
C010383,Karan Thakur,Male,27,Lucknow,Uttar Pradesh,2024-01-18,Regular Customer
C010384,Divya Patil,Female,42,Bhopal,Madhya Pradesh,2024-03-26,New Customer
C010385,Vikas Shah,Female,35,Bhopal,Madhya Pradesh,2024-03-30,Regular Customer
C010386,Rahul Kadam,Male,62,Patna,Bihar,2024-01-08,Occasional Customer
C010387,Arjun Bhosale,Female,51,Mumbai,Maharashtra,2024-01-23,Regular Customer
C010388,Deepak Rao,Male,46,Kolkata,West Bengal,2024-01-20,New Customer
C010389,Ayush Menon,Male,62,Bhopal,Madhya Pradesh,2024-02-13,Loyal Customer
C010390,Sneha Sharma,Male,41,Hyderabad,Telangana,2024-01-01,Loyal Customer
C010391,Manish More,Female,20,Jaipur,Rajasthan,2024-02-14,Loyal Customer
C010392,Ananya Sawant,Male,32,Jaipur,Rajasthan,2024-03-22,Regular Customer
C010393,Divya Bhosale,Male,20,Kolkata,West Bengal,2024-01-01,Regular Customer
C010394,Aarav Thakur,Female,48,Latur,Maharashtra,2024-11-03,New Customer
C010395,Deepak Sawant,Female,27,Bengaluru,Karnataka,2024-01-01,Loyal Customer
C010396,Pooja Patil,Female,55,Hyderabad,Telangana,2024-01-22,Regular Customer
C010397,Nikhil Kulkarni,Male,39,Surat,Gujarat,2024-01-03,Loyal Customer
C010398,Divya Iyer,Female,31,Delhi,Delhi,2024-01-03,Loyal Customer
C010399,Aditi Gupta,Male,26,Patna,Bihar,2024-01-09,Occasional Customer
C010400,Rohan Gaikwad,Female,35,Jaipur,Rajasthan,2024-02-18,New Customer
C010401,Anjali Pawar,Female,25,Latur,Maharashtra,2024-02-09,Loyal Customer
C010402,Aditya Gupta,Female,55,Vadodara,Gujarat,2024-01-04,Regular Customer
C010403,Akash Jadhav,Female,32,Jaipur,Rajasthan,2024-03-28,Occasional Customer
C010404,Rohan Jadhav,Female,63,Kanpur,Uttar Pradesh,2024-01-04,Loyal Customer
C010405,Pooja Yadav,Female,32,Jaipur,Rajasthan,2024-01-05,Loyal Customer
C010406,Harsh Singh,Male,23,Chennai,Tamil Nadu,2024-01-05,Occasional Customer
C010407,Arjun Kadam,Male,29,Indore,Madhya Pradesh,2024-01-15,Regular Customer
C010408,Isha Nair,Female,59,Aurangabad,Maharashtra,2024-08-25,Occasional Customer
C010409,Nikhil Joshi,Male,36,Ahmedabad,Gujarat,2024-06-01,Regular Customer
C010410,Vivek Banerjee,Female,57,Warangal,Telangana,2024-03-08,Occasional Customer
C010411,Vikas Banerjee,Female,22,Aurangabad,Maharashtra,2024-02-29,Regular Customer
C010412,Vivek Iyer,Male,44,Chennai,Tamil Nadu,2024-04-24,Occasional Customer
C010413,Sneha Verma,Female,27,Bengaluru,Karnataka,2024-07-11,Occasional Customer
C010414,Neha Thakur,Female,60,Nagpur,Maharashtra,2024-03-03,Loyal Customer
C010415,Aditi Deshmukh,Female,63,Nagpur,Maharashtra,2024-01-03,Regular Customer
C010416,Deepak Kadam,Male,31,Mumbai,Maharashtra,2024-01-25,Loyal Customer
C010417,Aditi Jadhav,Female,51,Vadodara,Gujarat,2024-01-03,Loyal Customer
C010418,Nikhil Iyer,Male,32,Bhopal,Madhya Pradesh,2024-01-13,Loyal Customer
C010419,Pooja Das,Female,46,Chennai,Tamil Nadu,2024-01-15,Regular Customer
C010420,Vikas Kulkarni,Female,43,Bengaluru,Karnataka,2024-05-25,New Customer
C010421,Gaurav Verma,Male,44,Bengaluru,Karnataka,2024-03-02,New Customer
C010422,Rohan Deshmukh,Female,20,Bhopal,Madhya Pradesh,2024-02-12,Loyal Customer
C010423,Deepak Kumar,Male,20,Bhopal,Madhya Pradesh,2024-03-31,Occasional Customer
C010424,Pooja Iyer,Female,52,Hyderabad,Telangana,2024-01-04,Regular Customer
C010425,Ayush Bhosale,Female,52,Nashik,Maharashtra,2024-01-18,Loyal Customer
C010426,Gaurav Sharma,Male,23,Ahmedabad,Gujarat,2024-01-22,Regular Customer
C010427,Ananya Iyer,Male,31,Indore,Madhya Pradesh,2025-08-21,New Customer
C010428,Arjun Iyer,Female,43,Pune,Maharashtra,2024-01-07,Regular Customer
C010429,Pooja Iyer,Male,20,Surat,Gujarat,2024-02-15,Regular Customer
C010430,Vikas Deshmukh,Male,50,Nagpur,Maharashtra,2024-01-06,Occasional Customer
C010431,Sneha Kumar,Male,59,Aurangabad,Maharashtra,2024-01-15,Regular Customer
C010432,Harsh Kulkarni,Male,30,Surat,Gujarat,2024-03-08,Regular Customer
C010433,Sameer Shinde,Female,46,Nagpur,Maharashtra,2024-02-08,Occasional Customer
C010434,Neha More,Female,26,Hyderabad,Telangana,2024-01-07,Regular Customer
C010435,Ayush Shah,Male,49,Bhopal,Madhya Pradesh,2024-01-07,Regular Customer
C010436,Kavita Gupta,Male,39,Ahmedabad,Gujarat,2024-02-16,Loyal Customer
C010437,Sonia Das,Male,39,Vadodara,Gujarat,2024-07-25,Occasional Customer
C010438,Anjali Nair,Female,51,Mysuru,Karnataka,2024-03-29,Loyal Customer
C010439,Sameer Patil,Female,27,Ahmedabad,Gujarat,2024-01-02,Regular Customer
C010440,Divya Mehta,Female,42,Jaipur,Rajasthan,2024-01-04,Regular Customer
C010441,Karan Shinde,Female,29,Bengaluru,Karnataka,2025-06-20,Occasional Customer
C010442,Sakshi Kumar,Female,20,Pune,Maharashtra,2024-02-16,Loyal Customer
C010443,Harsh More,Female,36,Aurangabad,Maharashtra,2024-01-04,Loyal Customer
C010444,Rohan Nair,Male,50,Vadodara,Gujarat,2024-02-27,Occasional Customer
C010445,Sakshi Pawar,Female,64,Indore,Madhya Pradesh,2024-02-03,Occasional Customer
C010446,Arjun Verma,Female,43,Vadodara,Gujarat,2024-01-04,Loyal Customer
C010447,Rahul Patil,Male,30,Nashik,Maharashtra,2024-03-11,Loyal Customer
C010448,Nikhil Gaikwad,Female,24,Indore,Madhya Pradesh,2024-02-14,Occasional Customer
C010449,Vivek Pawar,Female,51,Bengaluru,Karnataka,2024-12-22,Occasional Customer
C010450,Rahul Sawant,Female,39,Kanpur,Uttar Pradesh,2024-05-29,Occasional Customer
C010451,Arjun Sharma,Male,37,Pune,Maharashtra,2024-02-13,Regular Customer
C010452,Harsh Shinde,Female,60,Bhopal,Madhya Pradesh,2024-03-23,New Customer
C010453,Aarav Das,Male,40,Patna,Bihar,2024-03-07,Occasional Customer
C010454,Harsh Rao,Female,65,Vadodara,Gujarat,2024-01-28,Loyal Customer
C010455,Amit More,Female,31,Delhi,Delhi,2024-01-06,Regular Customer
C010456,Arjun Thakur,Female,47,Ahmedabad,Gujarat,2024-01-01,Regular Customer
C010457,Nikhil Das,Female,40,Warangal,Telangana,2024-04-28,Loyal Customer
C010458,Pooja Chavan,Female,64,Mumbai,Maharashtra,2024-01-02,Regular Customer
C010459,Akash Joshi,Male,36,Indore,Madhya Pradesh,2024-01-13,Occasional Customer
C010460,Anjali Sharma,Female,56,Chennai,Tamil Nadu,2024-01-06,Occasional Customer
C010461,Riya Chavan,Female,58,Nashik,Maharashtra,2024-03-02,Occasional Customer
C010462,Anjali Deshmukh,Male,53,Patna,Bihar,2024-06-19,Occasional Customer
C010463,Nikhil Sawant,Male,23,Ahmedabad,Gujarat,2025-04-06,Occasional Customer
C010464,Rohan Nair,Female,40,Bengaluru,Karnataka,2024-02-08,Loyal Customer
C010465,Nikhil Banerjee,Male,27,Hyderabad,Telangana,2024-03-29,Occasional Customer
C010466,Isha Mehta,Female,52,Aurangabad,Maharashtra,2024-01-23,Loyal Customer
C010467,Harsh Reddy,Male,38,Aurangabad,Maharashtra,2024-01-21,Regular Customer
C010468,Nikhil Chavan,Male,49,Indore,Madhya Pradesh,2024-09-21,New Customer
C010469,Manish Gaikwad,Female,47,Bengaluru,Karnataka,2024-01-15,Loyal Customer
C010470,Karan Kumar,Female,50,Latur,Maharashtra,2024-01-23,Regular Customer
C010471,Manish Sharma,Female,23,Lucknow,Uttar Pradesh,2024-01-30,Regular Customer
C010472,Deepak Chavan,Female,22,Jaipur,Rajasthan,2024-02-14,Loyal Customer
C010473,Deepak Kadam,Female,32,Patna,Bihar,2024-01-01,Loyal Customer
C010474,Sneha Thakur,Female,60,Pune,Maharashtra,2024-02-23,Loyal Customer
C010475,Amit Thakur,Male,42,Mysuru,Karnataka,2024-01-18,Regular Customer
C010476,Sonia Iyer,Male,30,Jaipur,Rajasthan,2024-03-01,Occasional Customer
C010477,Karan Shinde,Male,23,Aurangabad,Maharashtra,2024-01-12,Occasional Customer
C010478,Manish Nair,Male,54,Kolkata,West Bengal,2024-01-09,Regular Customer
C010479,Ananya Rao,Male,19,Ahmedabad,Gujarat,2024-01-28,Occasional Customer
C010480,Gaurav More,Male,34,Ahmedabad,Gujarat,2024-01-07,Regular Customer
C010481,Gaurav Patil,Female,41,Ahmedabad,Gujarat,2024-02-28,Regular Customer
C010482,Rahul Mishra,Male,29,Kolkata,West Bengal,2024-01-26,Regular Customer
C010483,Neha Deshmukh,Male,61,Surat,Gujarat,2024-03-04,Occasional Customer
C010484,Pooja Yadav,Female,31,Warangal,Telangana,2024-04-23,Regular Customer
C010485,Manish Kadam,Male,24,Delhi,Delhi,2024-01-17,Regular Customer
C010486,Aditya Shinde,Male,43,Bhopal,Madhya Pradesh,2025-01-29,Occasional Customer
C010487,Rohan Verma,Male,49,Nashik,Maharashtra,2024-02-18,Occasional Customer
C010488,Divya Sawant,Male,46,Mysuru,Karnataka,2024-03-12,Occasional Customer
C010489,Ayush Menon,Male,63,Mumbai,Maharashtra,2024-01-12,Occasional Customer
C010490,Deepak Thakur,Male,56,Aurangabad,Maharashtra,2024-01-21,Occasional Customer
C010491,Rahul Thakur,Female,26,Ahmedabad,Gujarat,2024-02-23,Occasional Customer
C010492,Aarav Jadhav,Male,31,Mumbai,Maharashtra,2024-01-01,Loyal Customer
C010493,Nikhil Mehta,Male,34,Warangal,Telangana,2024-01-02,Regular Customer
C010494,Ananya Shah,Female,42,Nagpur,Maharashtra,2024-07-10,Occasional Customer
C010495,Divya Mehta,Male,47,Nagpur,Maharashtra,2024-01-07,Loyal Customer
C010496,Harsh Bhosale,Male,62,Hyderabad,Telangana,2024-01-11,Loyal Customer
C010497,Sakshi Sharma,Female,46,Nashik,Maharashtra,2025-12-29,New Customer
C010498,Sakshi Sawant,Female,46,Nagpur,Maharashtra,2024-01-28,Loyal Customer
C010499,Manish Iyer,Female,35,Kolkata,West Bengal,2024-03-06,Occasional Customer
C010500,Karan Joshi,Male,48,Warangal,Telangana,2024-01-26,Regular Customer
C010501,Gaurav Kumar,Female,36,Nagpur,Maharashtra,2024-06-26,New Customer
C010502,Manish Jadhav,Male,34,Hyderabad,Telangana,2024-01-01,Regular Customer
C010503,Gaurav Shah,Male,23,Bhopal,Madhya Pradesh,2024-01-15,Regular Customer
C010504,Sonia Kulkarni,Male,29,Delhi,Delhi,2024-05-11,Occasional Customer
C010505,Akash Gaikwad,Female,55,Delhi,Delhi,2024-03-06,Regular Customer
C010506,Aniket Shinde,Male,20,Indore,Madhya Pradesh,2024-09-26,Occasional Customer
C010507,Akash Mehta,Female,64,Latur,Maharashtra,2024-01-08,Regular Customer
C010508,Ayush Pawar,Female,52,Warangal,Telangana,2024-05-10,Regular Customer
C010509,Sonia Pawar,Male,64,Mumbai,Maharashtra,2025-02-05,Occasional Customer
C010510,Sakshi Menon,Female,50,Mysuru,Karnataka,2024-01-21,Regular Customer
C010511,Rohan Gaikwad,Male,46,Lucknow,Uttar Pradesh,2024-02-26,Regular Customer
C010512,Manish Bhosale,Male,20,Nagpur,Maharashtra,2024-02-20,Regular Customer
C010513,Divya Menon,Male,22,Nashik,Maharashtra,2024-01-21,Regular Customer
C010514,Aniket Bhosale,Female,31,Delhi,Delhi,2024-01-04,Occasional Customer
C010515,Vikas Shah,Male,53,Kolkata,West Bengal,2024-01-05,Loyal Customer
C010516,Arjun Chavan,Female,45,Mumbai,Maharashtra,2024-01-10,Loyal Customer
C010517,Sakshi Kadam,Female,58,Bengaluru,Karnataka,2024-01-16,Occasional Customer
C010518,Pooja Kulkarni,Female,49,Delhi,Delhi,2024-02-24,Regular Customer
C010519,Rahul Singh,Male,35,Lucknow,Uttar Pradesh,2024-02-06,Regular Customer
C010520,Rahul Reddy,Male,59,Ahmedabad,Gujarat,2024-08-27,New Customer
C010521,Sakshi Reddy,Male,57,Jaipur,Rajasthan,2024-01-22,New Customer
C010522,Deepak Verma,Female,30,Nashik,Maharashtra,2024-11-04,Occasional Customer
C010523,Manish Gupta,Female,19,Mumbai,Maharashtra,2024-01-07,Regular Customer
C010524,Gaurav Joshi,Female,42,Kanpur,Uttar Pradesh,2024-04-20,Occasional Customer
C010525,Sonia Gaikwad,Female,37,Ahmedabad,Gujarat,2024-05-03,Occasional Customer
C010526,Karan Menon,Male,24,Mumbai,Maharashtra,2024-01-01,Loyal Customer
C010527,Isha Sawant,Female,28,Aurangabad,Maharashtra,2024-01-08,Loyal Customer
C010528,Sneha Kumar,Male,22,Aurangabad,Maharashtra,2024-03-20,Loyal Customer
C010529,Isha Pawar,Male,46,Surat,Gujarat,2024-01-20,Loyal Customer
C010530,Vivek Mishra,Female,35,Surat,Gujarat,2024-12-10,Occasional Customer
C010531,Ananya Gaikwad,Female,25,Warangal,Telangana,2024-01-10,Occasional Customer
C010532,Ayush Sharma,Male,44,Nashik,Maharashtra,2024-02-25,Occasional Customer
C010533,Manish Banerjee,Male,59,Hyderabad,Telangana,2025-09-15,New Customer
C010534,Deepak Menon,Male,19,Kanpur,Uttar Pradesh,2024-05-06,Regular Customer
C010535,Isha Reddy,Female,52,Lucknow,Uttar Pradesh,2024-01-16,Regular Customer
C010536,Ananya Rao,Male,43,Kolkata,West Bengal,2024-02-09,Loyal Customer
C010537,Vivek Kulkarni,Female,40,Vadodara,Gujarat,2024-02-12,Regular Customer
C010538,Gaurav Mehta,Male,22,Nashik,Maharashtra,2024-01-05,Loyal Customer
C010539,Pooja Bhosale,Male,33,Lucknow,Uttar Pradesh,2024-01-22,Regular Customer
C010540,Harsh Bhosale,Male,59,Bengaluru,Karnataka,2024-03-10,Loyal Customer
C010541,Aniket Reddy,Male,28,Patna,Bihar,2024-01-10,Loyal Customer
C010542,Aarav Shah,Female,36,Ahmedabad,Gujarat,2024-01-09,Loyal Customer
C010543,Anjali Jadhav,Female,33,Surat,Gujarat,2024-01-27,Loyal Customer
C010544,Nikhil Shah,Male,49,Surat,Gujarat,2024-01-08,Loyal Customer
C010545,Kavita Deshmukh,Female,29,Vadodara,Gujarat,2024-01-30,Occasional Customer
C010546,Nikhil Mehta,Female,19,Mysuru,Karnataka,2024-01-22,Loyal Customer
C010547,Rohan Bhosale,Male,60,Jaipur,Rajasthan,2024-07-24,Regular Customer
C010548,Aarav Chavan,Male,39,Aurangabad,Maharashtra,2024-01-02,Occasional Customer
C010549,Nikhil Joshi,Male,43,Latur,Maharashtra,2024-02-14,Occasional Customer
C010550,Ananya Mehta,Female,50,Pune,Maharashtra,2024-02-18,Loyal Customer
C010551,Pooja Yadav,Male,41,Ahmedabad,Gujarat,2024-01-28,Regular Customer
C010552,Rahul Deshmukh,Male,22,Ahmedabad,Gujarat,2024-03-12,Regular Customer
C010553,Divya Sharma,Female,38,Lucknow,Uttar Pradesh,2024-01-30,Loyal Customer
C010554,Rohan Shah,Female,63,Bhopal,Madhya Pradesh,2024-01-17,Loyal Customer
C010555,Vikas Das,Male,35,Lucknow,Uttar Pradesh,2024-03-12,Regular Customer
C010556,Pooja Gaikwad,Male,56,Mumbai,Maharashtra,2024-05-15,Regular Customer
C010557,Manish Verma,Female,22,Warangal,Telangana,2024-01-05,Occasional Customer
C010558,Sonia Shinde,Male,25,Vadodara,Gujarat,2024-06-06,Occasional Customer
C010559,Sonia Kumar,Male,38,Jaipur,Rajasthan,2024-02-02,Regular Customer
C010560,Ananya Thakur,Female,64,Pune,Maharashtra,2024-01-01,Loyal Customer
C010561,Divya Iyer,Female,22,Warangal,Telangana,2024-01-24,Occasional Customer
C010562,Sonia Joshi,Female,30,Latur,Maharashtra,2024-01-22,Loyal Customer
C010563,Ananya Yadav,Male,36,Jaipur,Rajasthan,2024-01-10,Loyal Customer
C010564,Vivek Nair,Female,46,Delhi,Delhi,2024-06-15,Regular Customer
C010565,Vivek Shinde,Male,19,Indore,Madhya Pradesh,2024-01-20,Occasional Customer
C010566,Deepak Jadhav,Male,54,Lucknow,Uttar Pradesh,2024-01-15,Regular Customer
C010567,Ayush Deshmukh,Female,43,Delhi,Delhi,2024-01-10,Loyal Customer
C010568,Vikas Sharma,Female,46,Warangal,Telangana,2024-04-04,Occasional Customer
C010569,Aniket Mehta,Male,22,Vadodara,Gujarat,2024-09-05,Occasional Customer
C010570,Isha Thakur,Male,49,Nashik,Maharashtra,2024-01-13,Regular Customer
C010571,Anjali Rao,Male,55,Delhi,Delhi,2024-02-08,Loyal Customer
C010572,Nikhil Thakur,Female,65,Warangal,Telangana,2024-07-06,Occasional Customer
C010573,Anjali Das,Female,19,Bengaluru,Karnataka,2024-01-12,Regular Customer
C010574,Ananya Thakur,Male,22,Pune,Maharashtra,2024-01-10,Regular Customer
C010575,Kavita Reddy,Male,64,Jaipur,Rajasthan,2024-01-18,Loyal Customer
C010576,Akash Das,Male,50,Latur,Maharashtra,2024-01-03,Regular Customer
C010577,Nikhil Banerjee,Male,52,Patna,Bihar,2024-01-13,Loyal Customer
C010578,Deepak Mishra,Female,36,Patna,Bihar,2024-03-01,Regular Customer
C010579,Vivek Kumar,Female,32,Lucknow,Uttar Pradesh,2024-02-24,New Customer
C010580,Ananya Joshi,Male,52,Warangal,Telangana,2024-01-01,Regular Customer
C010581,Isha Iyer,Male,25,Surat,Gujarat,2024-03-06,Occasional Customer
C010582,Aditya Sharma,Male,64,Jaipur,Rajasthan,2024-01-09,Occasional Customer
C010583,Rohan Patil,Male,18,Chennai,Tamil Nadu,2024-01-31,Loyal Customer
C010584,Rahul Rao,Male,55,Aurangabad,Maharashtra,2024-01-06,Regular Customer
C010585,Harsh Mishra,Female,39,Lucknow,Uttar Pradesh,2024-01-03,Loyal Customer
C010586,Kavita Yadav,Male,34,Bhopal,Madhya Pradesh,2024-02-26,Occasional Customer
C010587,Sonia Gaikwad,Male,33,Bengaluru,Karnataka,2025-01-22,Occasional Customer
C010588,Aditya Das,Female,62,Pune,Maharashtra,2024-01-30,Regular Customer
C010589,Harsh More,Male,18,Kanpur,Uttar Pradesh,2024-01-12,Occasional Customer
C010590,Vikas Nair,Female,20,Chennai,Tamil Nadu,2024-06-04,Regular Customer
C010591,Manish Kulkarni,Female,23,Pune,Maharashtra,2024-01-09,Loyal Customer
C010592,Riya Menon,Female,20,Mysuru,Karnataka,2024-01-29,Occasional Customer
C010593,Nikhil Reddy,Male,64,Mumbai,Maharashtra,2024-04-01,Occasional Customer
C010594,Manish Nair,Female,47,Nashik,Maharashtra,2024-01-22,Regular Customer
C010595,Aarav Thakur,Male,64,Chennai,Tamil Nadu,2024-01-19,Loyal Customer
C010596,Karan Banerjee,Female,28,Bengaluru,Karnataka,2024-02-07,Occasional Customer
C010597,Rohan Patil,Female,44,Nashik,Maharashtra,2024-01-02,Occasional Customer
C010598,Ayush Das,Male,39,Bengaluru,Karnataka,2024-03-14,New Customer
C010599,Gaurav Banerjee,Male,23,Latur,Maharashtra,2024-11-17,Occasional Customer
C010600,Sneha Iyer,Female,55,Mumbai,Maharashtra,2024-01-01,Occasional Customer
C010601,Sakshi Patil,Female,58,Mysuru,Karnataka,2024-01-13,Regular Customer
C010602,Divya Gaikwad,Female,63,Surat,Gujarat,2024-01-02,Loyal Customer
C010603,Riya Kumar,Female,48,Vadodara,Gujarat,2024-03-07,Occasional Customer
C010604,Kavita Reddy,Female,60,Bhopal,Madhya Pradesh,2024-04-13,Regular Customer
C010605,Pooja Thakur,Female,23,Latur,Maharashtra,2024-11-27,Occasional Customer
C010606,Harsh Das,Male,37,Bhopal,Madhya Pradesh,2026-06-23,New Customer
C010607,Akash Kulkarni,Male,64,Kanpur,Uttar Pradesh,2024-02-08,Regular Customer
C010608,Amit Mishra,Female,58,Jaipur,Rajasthan,2024-01-08,Loyal Customer
C010609,Arjun Menon,Male,28,Kolkata,West Bengal,2024-08-11,Occasional Customer
C010610,Sneha Mehta,Female,19,Jaipur,Rajasthan,2024-01-05,Loyal Customer
C010611,Sakshi Das,Male,48,Warangal,Telangana,2024-01-06,Loyal Customer
C010612,Akash Iyer,Female,55,Ahmedabad,Gujarat,2024-02-27,Occasional Customer
C010613,Ananya Kadam,Male,43,Delhi,Delhi,2024-01-06,Regular Customer
C010614,Harsh Rao,Male,44,Hyderabad,Telangana,2024-01-01,Loyal Customer
C010615,Deepak Jadhav,Male,63,Indore,Madhya Pradesh,2024-06-24,Loyal Customer
C010616,Vivek Joshi,Male,63,Bhopal,Madhya Pradesh,2024-11-30,Occasional Customer
C010617,Sameer Yadav,Female,48,Vadodara,Gujarat,2024-02-24,Occasional Customer
C010618,Aniket More,Female,41,Lucknow,Uttar Pradesh,2024-01-11,Loyal Customer
C010619,Akash Chavan,Female,30,Ahmedabad,Gujarat,2024-01-16,Loyal Customer
C010620,Pooja Nair,Male,42,Kolkata,West Bengal,2024-03-02,Loyal Customer
C010621,Aditya Thakur,Male,54,Vadodara,Gujarat,2024-05-01,New Customer
C010622,Vikas Nair,Male,58,Vadodara,Gujarat,2024-03-27,Occasional Customer
C010623,Karan Menon,Male,42,Mumbai,Maharashtra,2024-01-28,Occasional Customer
C010624,Anjali Menon,Male,46,Jaipur,Rajasthan,2024-06-13,Occasional Customer
C010625,Arjun Chavan,Male,48,Aurangabad,Maharashtra,2024-01-05,Regular Customer
C010626,Ayush Nair,Female,60,Nagpur,Maharashtra,2024-01-27,Loyal Customer
C010627,Isha Chavan,Female,56,Mysuru,Karnataka,2024-01-19,Regular Customer
C010628,Sameer Thakur,Female,19,Lucknow,Uttar Pradesh,2024-01-08,Loyal Customer
C010629,Riya More,Female,29,Aurangabad,Maharashtra,2024-01-08,Regular Customer
C010630,Neha More,Male,22,Hyderabad,Telangana,2024-11-05,Occasional Customer
C010631,Nikhil Patil,Female,44,Surat,Gujarat,2024-03-05,Occasional Customer
C010632,Sakshi Jadhav,Male,51,Nagpur,Maharashtra,2024-07-18,Occasional Customer
C010633,Amit Verma,Male,31,Ahmedabad,Gujarat,2024-01-11,Regular Customer
C010634,Ayush Sharma,Female,24,Ahmedabad,Gujarat,2024-01-01,Regular Customer
C010635,Anjali Singh,Female,54,Mysuru,Karnataka,2024-02-02,Regular Customer
C010636,Divya Mehta,Female,53,Pune,Maharashtra,2024-01-08,Loyal Customer
C010637,Divya Nair,Female,27,Latur,Maharashtra,2024-04-19,Occasional Customer
C010638,Ayush Sawant,Male,46,Warangal,Telangana,2024-08-07,Occasional Customer
C010639,Riya Pawar,Male,33,Nashik,Maharashtra,2024-02-11,Regular Customer
C010640,Neha Reddy,Male,55,Chennai,Tamil Nadu,2024-03-06,Loyal Customer
C010641,Ayush Yadav,Other,38,Kolkata,West Bengal,2024-04-24,New Customer
C010642,Riya Thakur,Female,55,Warangal,Telangana,2024-01-28,Loyal Customer
C010643,Rahul Sawant,Female,58,Hyderabad,Telangana,2024-02-06,Occasional Customer
C010644,Amit Iyer,Male,50,Surat,Gujarat,2024-02-13,Loyal Customer
C010645,Sameer Nair,Male,46,Lucknow,Uttar Pradesh,2024-01-22,Regular Customer
C010646,Amit Jadhav,Male,65,Surat,Gujarat,2024-04-05,Loyal Customer
C010647,Nikhil Sawant,Female,34,Vadodara,Gujarat,2024-01-28,New Customer
C010648,Sonia Gaikwad,Male,30,Ahmedabad,Gujarat,2025-01-09,Occasional Customer
C010649,Arjun Reddy,Male,23,Patna,Bihar,2024-05-08,Occasional Customer
C010650,Anjali Sharma,Male,19,Mumbai,Maharashtra,2024-03-03,Regular Customer
C010651,Sonia Shinde,Female,25,Lucknow,Uttar Pradesh,2024-04-27,Occasional Customer
C010652,Neha Sawant,Female,49,Mumbai,Maharashtra,2024-01-27,Regular Customer
C010653,Amit Mehta,Female,53,Nashik,Maharashtra,2024-01-20,Regular Customer
C010654,Aarav More,Male,26,Mysuru,Karnataka,2024-01-03,Loyal Customer
C010655,Divya Iyer,Male,40,Nagpur,Maharashtra,2024-02-20,Occasional Customer
C010656,Kavita Iyer,Male,24,Kanpur,Uttar Pradesh,2024-02-07,Regular Customer
C010657,Sonia Verma,Female,48,Bengaluru,Karnataka,2024-02-01,Loyal Customer
C010658,Gaurav Yadav,Female,38,Nagpur,Maharashtra,2024-01-26,Regular Customer
C010659,Nikhil Singh,Male,18,Latur,Maharashtra,2024-10-17,Regular Customer
C010660,Ananya Kadam,Male,63,Latur,Maharashtra,2024-01-20,Regular Customer
C010661,Pooja Jadhav,Female,19,Chennai,Tamil Nadu,2024-01-06,Loyal Customer
C010662,Neha Mishra,Female,57,Mumbai,Maharashtra,2024-01-29,Regular Customer
C010663,Kavita Chavan,Male,28,Jaipur,Rajasthan,2024-01-02,Loyal Customer
C010664,Kavita Kadam,Male,54,Aurangabad,Maharashtra,2024-01-15,Regular Customer
C010665,Gaurav Mishra,Female,35,Bengaluru,Karnataka,2024-01-28,Loyal Customer
C010666,Vivek Yadav,Female,61,Mysuru,Karnataka,2024-07-18,Occasional Customer
C010667,Pooja Pawar,Female,41,Ahmedabad,Gujarat,2024-01-08,Regular Customer
C010668,Sonia Verma,Female,36,Kolkata,West Bengal,2024-01-15,New Customer
C010669,Karan Pawar,Male,22,Chennai,Tamil Nadu,2024-01-28,Occasional Customer
C010670,Karan Singh,Female,46,Aurangabad,Maharashtra,2024-01-23,Regular Customer
C010671,Gaurav Sharma,Male,56,Aurangabad,Maharashtra,2024-01-01,Loyal Customer
C010672,Rahul Deshmukh,Female,19,Bhopal,Madhya Pradesh,2024-01-02,Regular Customer
C010673,Deepak Joshi,Female,34,Chennai,Tamil Nadu,2024-03-03,Occasional Customer
C010674,Ayush Shinde,Female,62,Nagpur,Maharashtra,2024-01-01,Loyal Customer
C010675,Anjali Jadhav,Female,28,Hyderabad,Telangana,2024-04-23,Loyal Customer
C010676,Arjun Shah,Female,54,Indore,Madhya Pradesh,2024-01-21,Regular Customer
C010677,Sakshi Iyer,Female,30,Lucknow,Uttar Pradesh,2026-01-01,New Customer
C010678,Sameer Kulkarni,Male,46,Bhopal,Madhya Pradesh,2024-05-29,Occasional Customer
C010679,Pooja Shinde,Male,49,Mumbai,Maharashtra,2024-01-03,Occasional Customer
C010680,Divya Yadav,Female,62,Aurangabad,Maharashtra,2024-04-18,Regular Customer
C010681,Isha Mehta,Female,57,Pune,Maharashtra,2024-01-05,Loyal Customer
C010682,Vivek Reddy,Male,60,Mumbai,Maharashtra,2024-02-17,Loyal Customer
C010683,Vivek Sharma,Male,25,Hyderabad,Telangana,2025-09-25,Occasional Customer
C010684,Sneha Iyer,Male,27,Delhi,Delhi,2024-01-02,Loyal Customer
C010685,Sonia Banerjee,Female,42,Delhi,Delhi,2024-01-12,Regular Customer
C010686,Sameer Das,Female,28,Bhopal,Madhya Pradesh,2024-01-26,Loyal Customer
C010687,Kavita Singh,Female,45,Indore,Madhya Pradesh,2024-01-15,Occasional Customer
C010688,Anjali Iyer,Female,50,Pune,Maharashtra,2024-01-17,Regular Customer
C010689,Aniket Kadam,Female,56,Hyderabad,Telangana,2024-02-05,Regular Customer
C010690,Rahul Patil,Male,43,Hyderabad,Telangana,2024-02-10,Regular Customer
C010691,Gaurav Reddy,Female,25,Mysuru,Karnataka,2024-01-14,Occasional Customer
C010692,Akash Chavan,Female,55,Vadodara,Gujarat,2024-01-03,Regular Customer
C010693,Kavita Deshmukh,Other,43,Patna,Bihar,2024-01-06,Loyal Customer
C010694,Arjun Gupta,Male,49,Nagpur,Maharashtra,2024-01-02,Loyal Customer
C010695,Manish Mishra,Male,63,Chennai,Tamil Nadu,2024-01-09,Regular Customer
C010696,Rohan Gupta,Male,45,Nagpur,Maharashtra,2024-04-06,Regular Customer
C010697,Sonia Deshmukh,Female,24,Delhi,Delhi,2025-06-03,New Customer
C010698,Sameer Patil,Male,52,Chennai,Tamil Nadu,2024-02-03,Regular Customer
C010699,Isha Mehta,Female,19,Nashik,Maharashtra,2024-02-01,Loyal Customer
C010700,Kavita Joshi,Female,39,Jaipur,Rajasthan,2024-02-05,Loyal Customer
C010701,Anjali More,Male,39,Kanpur,Uttar Pradesh,2024-03-04,Loyal Customer
C010702,Sameer Iyer,Female,20,Bhopal,Madhya Pradesh,2024-03-12,Regular Customer
C010703,Ananya Nair,Female,63,Nashik,Maharashtra,2024-03-19,Loyal Customer
C010704,Vivek Reddy,Female,62,Vadodara,Gujarat,2024-02-05,Occasional Customer
C010705,Sonia Joshi,Male,25,Latur,Maharashtra,2024-08-06,Occasional Customer
C010706,Anjali Nair,Male,21,Patna,Bihar,2024-06-07,Regular Customer
C010707,Riya Thakur,Female,32,Kolkata,West Bengal,2024-03-29,Regular Customer
C010708,Ananya Patil,Male,61,Mumbai,Maharashtra,2024-01-02,Loyal Customer
C010709,Nikhil More,Female,63,Nagpur,Maharashtra,2024-01-22,Regular Customer
C010710,Manish More,Other,56,Aurangabad,Maharashtra,2024-01-21,Loyal Customer
C010711,Aditya Iyer,Female,29,Vadodara,Gujarat,2024-01-17,Loyal Customer
C010712,Aniket Iyer,Male,46,Indore,Madhya Pradesh,2024-04-12,Occasional Customer
C010713,Sneha Kumar,Male,26,Surat,Gujarat,2024-08-19,Occasional Customer
C010714,Aditya Singh,Female,59,Bengaluru,Karnataka,2024-02-20,Regular Customer
C010715,Vikas Jadhav,Female,57,Nagpur,Maharashtra,2024-01-02,Regular Customer
C010716,Kavita Sawant,Male,37,Ahmedabad,Gujarat,2024-05-01,Regular Customer
C010717,Aditi Shinde,Male,51,Nagpur,Maharashtra,2024-02-11,Loyal Customer
C010718,Anjali Joshi,Female,43,Delhi,Delhi,2024-01-01,Loyal Customer
C010719,Neha Menon,Male,65,Pune,Maharashtra,2024-01-03,Regular Customer
C010720,Neha Yadav,Male,38,Kolkata,West Bengal,2024-01-01,Loyal Customer
C010721,Isha Kulkarni,Male,40,Ahmedabad,Gujarat,2024-01-20,Loyal Customer
C010722,Manish Singh,Male,35,Lucknow,Uttar Pradesh,2024-01-04,Occasional Customer
C010723,Sameer Patil,Male,41,Vadodara,Gujarat,2024-01-02,Regular Customer
C010724,Deepak Das,Male,59,Jaipur,Rajasthan,2024-01-27,Regular Customer
C010725,Pooja Deshmukh,Male,46,Bhopal,Madhya Pradesh,2024-02-28,Regular Customer
C010726,Aniket Yadav,Female,55,Hyderabad,Telangana,2024-03-27,Loyal Customer
C010727,Akash Thakur,Female,55,Ahmedabad,Gujarat,2024-12-22,Occasional Customer
C010728,Aditya Yadav,Male,30,Nashik,Maharashtra,2025-04-12,New Customer
C010729,Aniket Kulkarni,Female,49,Bengaluru,Karnataka,2024-03-17,Regular Customer
C010730,Manish Mehta,Male,36,Mysuru,Karnataka,2025-10-02,New Customer
C010731,Aniket Shah,Male,34,Bengaluru,Karnataka,2024-01-09,Regular Customer
C010732,Karan Sawant,Male,19,Hyderabad,Telangana,2024-10-01,Occasional Customer
C010733,Neha Sharma,Female,35,Kolkata,West Bengal,2024-02-15,Loyal Customer
C010734,Neha Bhosale,Male,56,Warangal,Telangana,2024-04-02,Regular Customer
C010735,Sonia Singh,Male,44,Lucknow,Uttar Pradesh,2024-01-03,Loyal Customer
C010736,Akash Iyer,Female,31,Delhi,Delhi,2024-03-02,Regular Customer
C010737,Vikas Thakur,Female,32,Aurangabad,Maharashtra,2024-02-24,Loyal Customer
C010738,Sakshi Reddy,Female,25,Pune,Maharashtra,2024-01-18,New Customer
C010739,Aniket Mehta,Female,26,Mysuru,Karnataka,2024-02-04,Occasional Customer
C010740,Sameer Reddy,Female,38,Jaipur,Rajasthan,2024-01-17,Regular Customer
C010741,Nikhil Menon,Male,60,Ahmedabad,Gujarat,2024-02-19,Occasional Customer
C010742,Isha Sharma,Male,52,Warangal,Telangana,2024-01-12,Occasional Customer
C010743,Arjun Menon,Other,31,Bengaluru,Karnataka,2024-01-01,Loyal Customer
C010744,Harsh Shah,Female,44,Delhi,Delhi,2024-01-16,Regular Customer
C010745,Arjun Yadav,Female,25,Delhi,Delhi,2024-03-11,Loyal Customer
C010746,Pooja Pawar,Male,52,Jaipur,Rajasthan,2024-01-03,Loyal Customer
C010747,Deepak Verma,Male,35,Mysuru,Karnataka,2024-04-24,Occasional Customer
C010748,Karan Verma,Male,31,Chennai,Tamil Nadu,2024-03-29,Regular Customer
C010749,Ayush Reddy,Male,25,Latur,Maharashtra,2024-01-19,Occasional Customer
C010750,Ayush More,Male,25,Chennai,Tamil Nadu,2024-01-01,Regular Customer
C010751,Sonia Gupta,Male,54,Mysuru,Karnataka,2024-12-18,New Customer
C010752,Anjali Chavan,Female,61,Bhopal,Madhya Pradesh,2024-01-14,Loyal Customer
C010753,Arjun Rao,Male,19,Bhopal,Madhya Pradesh,2024-01-25,Regular Customer
C010754,Manish Verma,Male,34,Nashik,Maharashtra,2025-01-10,New Customer
C010755,Ayush Reddy,Male,30,Bengaluru,Karnataka,2024-01-11,Regular Customer
C010756,Isha Kulkarni,Male,31,Hyderabad,Telangana,2024-01-26,Occasional Customer
C010757,Sakshi Pawar,Male,58,Bhopal,Madhya Pradesh,2024-03-03,Regular Customer
C010758,Karan Sharma,Male,58,Warangal,Telangana,2024-09-07,Occasional Customer
C010759,Deepak Singh,Male,26,Delhi,Delhi,2024-10-14,New Customer
C010760,Kavita Yadav,Female,44,Hyderabad,Telangana,2024-07-11,Occasional Customer
C010761,Karan Pawar,Male,37,Bengaluru,Karnataka,2024-01-08,Regular Customer
C010762,Ananya Deshmukh,Female,55,Warangal,Telangana,2024-01-13,Regular Customer
C010763,Sakshi Bhosale,Female,29,Nagpur,Maharashtra,2024-01-18,Loyal Customer
C010764,Rahul Sawant,Female,59,Indore,Madhya Pradesh,2024-06-07,Occasional Customer
C010765,Akash Kumar,Male,39,Pune,Maharashtra,2024-01-03,Loyal Customer
C010766,Sonia Thakur,Male,54,Kolkata,West Bengal,2024-01-10,Occasional Customer
C010767,Deepak Reddy,Female,56,Surat,Gujarat,2024-01-01,Occasional Customer
C010768,Rahul Gupta,Female,48,Bhopal,Madhya Pradesh,2024-01-07,Regular Customer
C010769,Sneha Pawar,Female,30,Jaipur,Rajasthan,2024-03-01,Occasional Customer
C010770,Aniket Menon,Male,18,Kanpur,Uttar Pradesh,2025-08-19,New Customer
C010771,Akash Menon,Female,55,Vadodara,Gujarat,2024-02-13,Loyal Customer
C010772,Anjali Shinde,Female,57,Nashik,Maharashtra,2024-02-16,New Customer
C010773,Ayush Verma,Female,26,Kanpur,Uttar Pradesh,2024-08-29,Occasional Customer
C010774,Ayush Chavan,Male,56,Latur,Maharashtra,2024-02-14,Occasional Customer
C010775,Sakshi Verma,Male,27,Latur,Maharashtra,2024-01-02,Regular Customer
C010776,Karan Kulkarni,Male,46,Delhi,Delhi,2024-01-26,Regular Customer
C010777,Rahul Sawant,Male,57,Indore,Madhya Pradesh,2024-01-22,Loyal Customer
C010778,Vivek Shah,Female,47,Nagpur,Maharashtra,2024-01-02,Regular Customer
C010779,Aniket Mehta,Female,19,Ahmedabad,Gujarat,2026-03-10,New Customer
C010780,Rahul Jadhav,Female,35,Vadodara,Gujarat,2024-01-13,Regular Customer
C010781,Deepak Pawar,Male,45,Nagpur,Maharashtra,2025-11-19,New Customer
C010782,Aniket Menon,Female,64,Jaipur,Rajasthan,2025-01-31,New Customer
C010783,Gaurav Das,Male,49,Kolkata,West Bengal,2024-05-13,Occasional Customer
C010784,Ananya Mishra,Female,41,Delhi,Delhi,2024-05-04,New Customer
C010785,Ananya Shah,Female,55,Bhopal,Madhya Pradesh,2024-01-06,Loyal Customer
C010786,Rahul Pawar,Male,31,Kolkata,West Bengal,2024-01-02,Loyal Customer
C010787,Deepak Verma,Male,42,Aurangabad,Maharashtra,2024-04-23,Occasional Customer
C010788,Karan Reddy,Male,42,Jaipur,Rajasthan,2024-01-01,Loyal Customer
C010789,Nikhil Das,Male,49,Jaipur,Rajasthan,2024-01-01,Loyal Customer
C010790,Harsh Menon,Female,44,Indore,Madhya Pradesh,2024-01-16,Regular Customer
C010791,Rohan More,Male,49,Bengaluru,Karnataka,2024-02-04,Loyal Customer
C010792,Anjali Kumar,Male,48,Nagpur,Maharashtra,2024-02-06,Loyal Customer
C010793,Arjun Yadav,Male,41,Kanpur,Uttar Pradesh,2024-01-03,Loyal Customer
C010794,Vivek Mishra,Female,52,Ahmedabad,Gujarat,2024-03-26,Regular Customer
C010795,Sneha Sawant,Male,47,Vadodara,Gujarat,2024-06-23,Regular Customer
C010796,Divya Jadhav,Male,50,Nagpur,Maharashtra,2024-01-23,Occasional Customer
C010797,Ayush Chavan,Female,50,Hyderabad,Telangana,2024-01-21,Regular Customer
C010798,Rohan Kadam,Male,63,Latur,Maharashtra,2025-05-05,Occasional Customer
C010799,Sneha Iyer,Male,44,Bengaluru,Karnataka,2024-02-01,Occasional Customer
C010800,Deepak Thakur,Female,50,Chennai,Tamil Nadu,2024-01-25,Loyal Customer
C010801,Ayush Bhosale,Male,50,Kolkata,West Bengal,2025-09-06,New Customer
C010802,Neha Gaikwad,Female,21,Patna,Bihar,2024-01-01,Regular Customer
C010803,Sakshi Bhosale,Female,47,Kanpur,Uttar Pradesh,2024-01-30,Regular Customer
C010804,Aarav Menon,Female,61,Nagpur,Maharashtra,2024-02-02,Regular Customer
C010805,Gaurav Patil,Male,32,Mysuru,Karnataka,2024-10-30,New Customer
C010806,Harsh Kadam,Female,46,Mumbai,Maharashtra,2024-01-20,Loyal Customer
C010807,Pooja Das,Female,45,Lucknow,Uttar Pradesh,2024-02-11,Occasional Customer
C010808,Amit Thakur,Male,49,Lucknow,Uttar Pradesh,2024-02-01,Occasional Customer
C010809,Sakshi More,Male,53,Ahmedabad,Gujarat,2024-04-19,Regular Customer
C010810,Aarav Banerjee,Male,47,Chennai,Tamil Nadu,2024-01-16,Regular Customer
C010811,Riya Shinde,Female,59,Mumbai,Maharashtra,2024-01-24,Regular Customer
C010812,Aniket Rao,Female,60,Lucknow,Uttar Pradesh,2024-01-12,Regular Customer
C010813,Riya More,Female,55,Jaipur,Rajasthan,2024-01-11,Regular Customer
C010814,Ayush Banerjee,Female,59,Kolkata,West Bengal,2024-01-24,Occasional Customer
C010815,Divya Sharma,Male,29,Jaipur,Rajasthan,2024-01-01,Regular Customer
C010816,Deepak Bhosale,Female,20,Delhi,Delhi,2024-01-17,Regular Customer
C010817,Sameer Gaikwad,Other,32,Latur,Maharashtra,2024-01-06,Regular Customer
C010818,Deepak Gupta,Male,65,Delhi,Delhi,2024-01-17,Loyal Customer
C010819,Manish Iyer,Male,27,Nagpur,Maharashtra,2024-01-26,Regular Customer
C010820,Aniket Das,Male,39,Kolkata,West Bengal,2024-01-13,Occasional Customer
C010821,Aniket Shah,Male,40,Mumbai,Maharashtra,2024-08-30,Regular Customer
C010822,Kavita Thakur,Female,28,Hyderabad,Telangana,2024-01-03,Regular Customer
C010823,Sonia More,Female,33,Mumbai,Maharashtra,2024-02-28,Loyal Customer
C010824,Akash Deshmukh,Male,63,Indore,Madhya Pradesh,2024-01-02,Loyal Customer
C010825,Anjali Pawar,Male,33,Bengaluru,Karnataka,2024-01-28,Occasional Customer
C010826,Deepak Iyer,Male,31,Ahmedabad,Gujarat,2024-01-31,Regular Customer
C010827,Karan Iyer,Female,23,Delhi,Delhi,2024-02-04,Occasional Customer
C010828,Neha Yadav,Male,59,Kanpur,Uttar Pradesh,2025-09-21,New Customer
C010829,Aditi Menon,Male,34,Latur,Maharashtra,2024-01-09,Loyal Customer
C010830,Rahul Gaikwad,Male,48,Mumbai,Maharashtra,2024-01-24,Regular Customer
C010831,Riya Kumar,Male,59,Hyderabad,Telangana,2024-01-01,Regular Customer
C010832,Riya Yadav,Female,27,Chennai,Tamil Nadu,2024-01-21,Occasional Customer
C010833,Anjali More,Male,63,Vadodara,Gujarat,2024-01-14,Occasional Customer
C010834,Nikhil Mehta,Female,37,Kanpur,Uttar Pradesh,2024-04-02,New Customer
C010835,Gaurav Patil,Female,26,Lucknow,Uttar Pradesh,2024-01-14,Regular Customer
C010836,Akash Patil,Male,32,Indore,Madhya Pradesh,2024-02-28,Occasional Customer
C010837,Pooja Chavan,Male,56,Nashik,Maharashtra,2024-01-01,Regular Customer
C010838,Arjun Gupta,Female,19,Nagpur,Maharashtra,2024-03-08,Regular Customer
C010839,Divya Thakur,Female,21,Mumbai,Maharashtra,2025-01-15,Occasional Customer
C010840,Vivek Sawant,Female,41,Bhopal,Madhya Pradesh,2024-01-11,Loyal Customer
C010841,Akash Yadav,Female,35,Patna,Bihar,2024-02-18,Regular Customer
C010842,Amit Singh,Other,28,Kolkata,West Bengal,2024-01-15,Regular Customer
C010843,Rohan Deshmukh,Male,54,Warangal,Telangana,2024-07-18,Occasional Customer
C010844,Deepak Menon,Male,43,Mumbai,Maharashtra,2024-01-26,New Customer
C010845,Rohan Bhosale,Male,25,Kanpur,Uttar Pradesh,2024-05-29,Regular Customer
C010846,Sneha Jadhav,Male,39,Surat,Gujarat,2024-02-11,Regular Customer
C010847,Sonia Jadhav,Male,22,Nashik,Maharashtra,2024-01-10,Occasional Customer
C010848,Neha Sawant,Other,19,Aurangabad,Maharashtra,2024-03-08,Occasional Customer
C010849,Neha Shinde,Female,22,Ahmedabad,Gujarat,2026-03-28,New Customer
C010850,Manish Deshmukh,Male,52,Kolkata,West Bengal,2024-01-05,Loyal Customer
C010851,Isha Joshi,Male,49,Latur,Maharashtra,2024-01-24,Regular Customer
C010852,Deepak Mehta,Male,61,Mumbai,Maharashtra,2024-03-07,Occasional Customer
C010853,Manish Menon,Female,36,Lucknow,Uttar Pradesh,2024-01-12,Occasional Customer
C010854,Rahul More,Male,56,Ahmedabad,Gujarat,2024-01-07,Regular Customer
C010855,Manish Verma,Female,21,Latur,Maharashtra,2024-03-18,Occasional Customer
C010856,Sneha Sawant,Female,40,Kolkata,West Bengal,2024-03-01,Regular Customer
C010857,Riya Sharma,Male,63,Jaipur,Rajasthan,2024-01-01,Regular Customer
C010858,Amit Menon,Female,36,Jaipur,Rajasthan,2024-01-13,Loyal Customer
C010859,Sakshi Deshmukh,Male,43,Mysuru,Karnataka,2024-01-12,Loyal Customer
C010860,Sonia Das,Female,43,Vadodara,Gujarat,2024-02-13,Regular Customer
C010861,Riya Nair,Male,24,Bengaluru,Karnataka,2024-01-04,Loyal Customer
C010862,Rohan Chavan,Male,49,Bengaluru,Karnataka,2024-07-29,Occasional Customer
C010863,Sonia Kadam,Other,64,Indore,Madhya Pradesh,2024-02-28,Occasional Customer
C010864,Vikas Menon,Female,50,Indore,Madhya Pradesh,2024-01-10,Occasional Customer
C010865,Isha Iyer,Male,61,Indore,Madhya Pradesh,2024-01-12,Occasional Customer
C010866,Vikas Shinde,Male,43,Chennai,Tamil Nadu,2024-08-20,Occasional Customer
C010867,Ananya Chavan,Male,41,Ahmedabad,Gujarat,2024-04-19,Occasional Customer
C010868,Isha Joshi,Female,40,Chennai,Tamil Nadu,2024-05-07,Regular Customer
C010869,Isha Kadam,Male,55,Surat,Gujarat,2024-02-10,Occasional Customer
C010870,Deepak Shinde,Female,43,Mysuru,Karnataka,2024-04-30,Regular Customer
C010871,Rahul Nair,Male,62,Lucknow,Uttar Pradesh,2024-01-29,Occasional Customer
C010872,Arjun More,Male,48,Pune,Maharashtra,2024-04-24,Occasional Customer
C010873,Nikhil Iyer,Female,23,Nashik,Maharashtra,2024-02-16,Regular Customer
C010874,Vivek Sharma,Male,62,Lucknow,Uttar Pradesh,2024-03-28,Regular Customer
C010875,Amit Kulkarni,Female,48,Hyderabad,Telangana,2024-01-04,Occasional Customer
C010876,Pooja Bhosale,Female,64,Kolkata,West Bengal,2024-03-29,Occasional Customer
C010877,Harsh Gaikwad,Male,65,Kolkata,West Bengal,2026-07-21,New Customer
C010878,Sameer Yadav,Female,57,Latur,Maharashtra,2024-01-05,Regular Customer
C010879,Sameer Patil,Male,62,Nagpur,Maharashtra,2024-05-08,Regular Customer
C010880,Sneha Verma,Male,62,Latur,Maharashtra,2024-02-23,Occasional Customer
C010881,Aditi Kumar,Male,29,Jaipur,Rajasthan,2024-02-06,Regular Customer
C010882,Kavita Kadam,Female,34,Pune,Maharashtra,2024-04-18,Regular Customer
C010883,Aarav Mehta,Male,43,Hyderabad,Telangana,2024-03-02,Regular Customer
C010884,Harsh Patil,Male,20,Delhi,Delhi,2024-01-23,Loyal Customer
C010885,Kavita Mishra,Male,32,Hyderabad,Telangana,2024-01-26,Regular Customer
C010886,Sameer Chavan,Male,55,Nashik,Maharashtra,2024-01-07,Occasional Customer
C010887,Sameer Gupta,Male,41,Kanpur,Uttar Pradesh,2024-01-09,Loyal Customer
C010888,Karan Sawant,Male,47,Hyderabad,Telangana,2024-01-12,Loyal Customer
C010889,Neha Chavan,Male,61,Nashik,Maharashtra,2024-02-21,Regular Customer
C010890,Pooja Deshmukh,Male,53,Chennai,Tamil Nadu,2024-07-14,Occasional Customer
C010891,Rohan Deshmukh,Male,61,Aurangabad,Maharashtra,2024-07-14,Regular Customer
C010892,Neha Deshmukh,Female,44,Lucknow,Uttar Pradesh,2024-08-24,Regular Customer
C010893,Manish Menon,Female,39,Aurangabad,Maharashtra,2024-01-08,Loyal Customer
C010894,Akash Gupta,Male,19,Lucknow,Uttar Pradesh,2024-05-19,Occasional Customer
C010895,Ananya Das,Female,24,Patna,Bihar,2024-01-08,Regular Customer
C010896,Kavita Mishra,Male,33,Nagpur,Maharashtra,2024-01-26,Occasional Customer
C010897,Sonia Deshmukh,Male,41,Delhi,Delhi,2024-01-03,Regular Customer
C010898,Neha Kumar,Female,47,Hyderabad,Telangana,2024-01-12,Occasional Customer
C010899,Isha Shah,Female,61,Indore,Madhya Pradesh,2024-02-01,Regular Customer
C010900,Pooja Shinde,Other,65,Bengaluru,Karnataka,2024-04-16,Occasional Customer
C010901,Sakshi Deshmukh,Female,63,Patna,Bihar,2024-08-22,Occasional Customer
C010902,Sakshi Rao,Male,18,Bengaluru,Karnataka,2024-01-04,Loyal Customer
C010903,Harsh Banerjee,Female,44,Mysuru,Karnataka,2024-02-20,Occasional Customer
C010904,Arjun Thakur,Female,26,Ahmedabad,Gujarat,2024-09-25,Regular Customer
C010905,Isha Singh,Male,24,Kolkata,West Bengal,2025-05-04,Occasional Customer
C010906,Vikas Iyer,Other,22,Vadodara,Gujarat,2024-07-10,Regular Customer
C010907,Amit Reddy,Male,47,Aurangabad,Maharashtra,2024-03-14,Occasional Customer
C010908,Deepak Deshmukh,Female,59,Nagpur,Maharashtra,2024-01-02,Loyal Customer
C010909,Ananya Reddy,Male,44,Warangal,Telangana,2024-01-11,Regular Customer
C010910,Neha Chavan,Male,27,Kanpur,Uttar Pradesh,2024-01-18,Regular Customer
C010911,Isha Verma,Female,42,Mysuru,Karnataka,2024-02-25,Occasional Customer
C010912,Sakshi Nair,Male,35,Ahmedabad,Gujarat,2024-02-13,Occasional Customer
C010913,Rohan Banerjee,Female,24,Nagpur,Maharashtra,2024-10-22,New Customer
C010914,Harsh Singh,Female,48,Vadodara,Gujarat,2024-03-26,Loyal Customer
C010915,Aarav Gaikwad,Male,49,Warangal,Telangana,2024-01-25,Regular Customer
C010916,Neha Sawant,Male,62,Bengaluru,Karnataka,2024-01-03,Regular Customer
C010917,Aarav Shah,Female,28,Vadodara,Gujarat,2024-06-03,Occasional Customer
C010918,Sneha Gaikwad,Female,27,Patna,Bihar,2024-03-17,Loyal Customer
C010919,Aarav Sharma,Female,39,Chennai,Tamil Nadu,2024-01-26,Loyal Customer
C010920,Anjali Chavan,Female,48,Delhi,Delhi,2024-04-07,Occasional Customer
C010921,Harsh Jadhav,Female,58,Pune,Maharashtra,2024-01-03,Loyal Customer
C010922,Arjun Mishra,Male,64,Bhopal,Madhya Pradesh,2024-02-01,Regular Customer
C010923,Anjali Mehta,Male,31,Bengaluru,Karnataka,2024-02-24,Regular Customer
C010924,Rahul Menon,Other,20,Pune,Maharashtra,2024-01-07,Loyal Customer
C010925,Deepak Gupta,Female,41,Pune,Maharashtra,2024-04-03,Regular Customer
C010926,Isha Reddy,Male,31,Nagpur,Maharashtra,2024-01-14,Regular Customer
C010927,Rahul Shinde,Male,33,Jaipur,Rajasthan,2024-01-01,Loyal Customer
C010928,Sakshi Banerjee,Male,45,Lucknow,Uttar Pradesh,2024-01-10,Loyal Customer
C010929,Neha Kumar,Female,52,Nashik,Maharashtra,2024-01-15,Loyal Customer
C010930,Divya Singh,Male,57,Bhopal,Madhya Pradesh,2024-03-14,Occasional Customer
C010931,Vikas Nair,Female,19,Kanpur,Uttar Pradesh,2024-07-25,Regular Customer
C010932,Sonia Mehta,Male,51,Bhopal,Madhya Pradesh,2024-02-28,Loyal Customer
C010933,Amit Shinde,Male,35,Mysuru,Karnataka,2024-02-23,Regular Customer
C010934,Sakshi Jadhav,Female,24,Delhi,Delhi,2024-02-19,Occasional Customer
C010935,Aniket Sawant,Male,55,Indore,Madhya Pradesh,2024-01-06,Regular Customer
C010936,Ananya Kulkarni,Female,59,Kanpur,Uttar Pradesh,2024-01-10,Occasional Customer
C010937,Aarav Gupta,Male,24,Jaipur,Rajasthan,2024-02-14,Regular Customer
C010938,Nikhil Mishra,Male,21,Kanpur,Uttar Pradesh,2024-02-10,Regular Customer
C010939,Aditi Menon,Male,60,Ahmedabad,Gujarat,2024-02-22,Regular Customer
C010940,Amit Gupta,Female,33,Pune,Maharashtra,2024-01-03,Regular Customer
C010941,Divya Deshmukh,Female,23,Pune,Maharashtra,2024-02-17,Occasional Customer
C010942,Deepak Mishra,Male,37,Surat,Gujarat,2024-03-16,Regular Customer
C010943,Deepak Kumar,Male,48,Nashik,Maharashtra,2024-09-18,New Customer
C010944,Anjali Rao,Female,36,Indore,Madhya Pradesh,2024-01-08,Loyal Customer
C010945,Aniket Shinde,Male,39,Ahmedabad,Gujarat,2024-01-04,Regular Customer
C010946,Ayush Pawar,Male,38,Nashik,Maharashtra,2024-01-26,Regular Customer
C010947,Harsh More,Male,35,Nagpur,Maharashtra,2024-01-09,Regular Customer
C010948,Anjali Kumar,Female,49,Chennai,Tamil Nadu,2024-02-23,Occasional Customer
C010949,Vivek Shinde,Male,64,Vadodara,Gujarat,2024-04-16,Occasional Customer
C010950,Sakshi Kadam,Male,51,Warangal,Telangana,2024-02-23,Loyal Customer
C010951,Aarav Jadhav,Male,44,Pune,Maharashtra,2024-01-17,Regular Customer
C010952,Vikas Singh,Male,55,Latur,Maharashtra,2024-02-10,New Customer
C010953,Isha Kulkarni,Female,61,Vadodara,Gujarat,2024-01-31,Loyal Customer
C010954,Sneha Gaikwad,Female,47,Mysuru,Karnataka,2024-01-02,Regular Customer
C010955,Aarav Thakur,Male,50,Chennai,Tamil Nadu,2024-08-03,Occasional Customer
C010956,Sonia Iyer,Male,44,Patna,Bihar,2024-03-05,Occasional Customer
C010957,Sonia Iyer,Male,40,Mysuru,Karnataka,2025-02-01,New Customer
C010958,Aniket Gaikwad,Female,60,Mysuru,Karnataka,2024-03-21,Occasional Customer
C010959,Aditi Thakur,Male,36,Nagpur,Maharashtra,2024-01-07,Loyal Customer
C010960,Isha Gaikwad,Other,48,Kanpur,Uttar Pradesh,2026-06-25,New Customer
C010961,Aniket Shinde,Male,21,Mysuru,Karnataka,2024-01-09,Loyal Customer
C010962,Sakshi Gaikwad,Male,36,Bengaluru,Karnataka,2024-04-09,Regular Customer
C010963,Neha Banerjee,Male,55,Kanpur,Uttar Pradesh,2024-02-07,Regular Customer
C010964,Akash Deshmukh,Female,57,Lucknow,Uttar Pradesh,2024-02-02,Regular Customer
C010965,Ananya Verma,Female,39,Surat,Gujarat,2024-09-04,Occasional Customer
C010966,Vivek Mehta,Male,26,Pune,Maharashtra,2024-01-06,Regular Customer
C010967,Rohan Verma,Male,48,Aurangabad,Maharashtra,2024-04-20,Regular Customer
C010968,Akash Pawar,Male,27,Kanpur,Uttar Pradesh,2024-01-01,Regular Customer
C010969,Sakshi Shinde,Male,27,Warangal,Telangana,2024-01-18,Regular Customer
C010970,Akash Yadav,Male,47,Hyderabad,Telangana,2024-01-08,Occasional Customer
C010971,Rohan Shah,Male,27,Latur,Maharashtra,2024-01-01,Regular Customer
C010972,Divya Iyer,Female,53,Delhi,Delhi,2024-01-29,New Customer
C010973,Deepak Bhosale,Male,35,Chennai,Tamil Nadu,2024-01-18,Regular Customer
C010974,Aniket Shinde,Male,61,Bhopal,Madhya Pradesh,2024-02-04,Occasional Customer
C010975,Aditya Das,Male,60,Lucknow,Uttar Pradesh,2024-01-29,Occasional Customer
C010976,Kavita Kadam,Male,65,Mysuru,Karnataka,2024-02-01,Loyal Customer
C010977,Karan More,Male,36,Patna,Bihar,2024-12-15,Regular Customer
C010978,Kavita Kulkarni,Male,60,Surat,Gujarat,2024-06-03,Occasional Customer
C010979,Isha Sharma,Male,40,Nagpur,Maharashtra,2024-01-30,Loyal Customer
C010980,Aarav Gaikwad,Female,21,Bhopal,Madhya Pradesh,2024-11-24,Occasional Customer
C010981,Sameer Bhosale,Male,29,Kolkata,West Bengal,2025-03-26,New Customer
C010982,Gaurav Mishra,Male,41,Latur,Maharashtra,2024-01-30,Loyal Customer
C010983,Akash Kadam,Female,30,Mysuru,Karnataka,2024-04-12,Loyal Customer
C010984,Divya Sawant,Male,21,Chennai,Tamil Nadu,2024-07-05,Regular Customer
C010985,Sneha Deshmukh,Female,44,Hyderabad,Telangana,2024-01-08,Loyal Customer
C010986,Harsh Mishra,Male,55,Indore,Madhya Pradesh,2024-02-14,Regular Customer
C010987,Pooja Sawant,Female,56,Mumbai,Maharashtra,2024-01-21,Regular Customer
C010988,Anjali Nair,Female,25,Bhopal,Madhya Pradesh,2024-03-29,Occasional Customer
C010989,Aditya Reddy,Female,43,Kolkata,West Bengal,2024-02-06,Loyal Customer
C010990,Pooja Das,Female,51,Lucknow,Uttar Pradesh,2024-07-04,Occasional Customer
C010991,Gaurav Singh,Male,26,Mumbai,Maharashtra,2024-01-19,Loyal Customer
C010992,Karan Sharma,Female,27,Aurangabad,Maharashtra,2024-04-09,Regular Customer
C010993,Arjun Iyer,Male,18,Kolkata,West Bengal,2024-10-31,Occasional Customer
C010994,Pooja Singh,Female,65,Nagpur,Maharashtra,2024-01-01,Loyal Customer
C010995,Deepak Patil,Male,25,Mumbai,Maharashtra,2024-02-12,Loyal Customer
C010996,Amit Mishra,Female,27,Warangal,Telangana,2024-01-31,Regular Customer
C010997,Anjali Pawar,Female,60,Chennai,Tamil Nadu,2024-01-04,Loyal Customer
C010998,Neha Sharma,Female,42,Vadodara,Gujarat,2024-02-19,Regular Customer
C010999,Amit Verma,Male,48,Lucknow,Uttar Pradesh,2024-03-25,Regular Customer
C011000,Amit Jadhav,Female,56,Chennai,Tamil Nadu,2024-01-20,Regular Customer
C011001,Riya Yadav,Male,20,Ahmedabad,Gujarat,2024-04-24,Regular Customer
C011002,Sakshi Patil,Male,56,Mumbai,Maharashtra,2024-02-05,Loyal Customer
C011003,Aditi Shah,Female,55,Lucknow,Uttar Pradesh,2024-01-03,Loyal Customer
C011004,Sameer Shinde,Female,52,Latur,Maharashtra,2024-01-12,Regular Customer
C011005,Sonia Iyer,Female,25,Warangal,Telangana,2024-09-27,New Customer
C011006,Rahul Sawant,Female,18,Nashik,Maharashtra,2024-01-13,Occasional Customer
C011007,Divya Shah,Male,22,Aurangabad,Maharashtra,2024-04-06,Regular Customer
C011008,Harsh Banerjee,Female,44,Vadodara,Gujarat,2024-04-05,Regular Customer
C011009,Ananya Bhosale,Male,62,Hyderabad,Telangana,2025-03-02,New Customer
C011010,Ananya Pawar,Male,43,Nashik,Maharashtra,2024-03-15,Occasional Customer
C011011,Vivek Verma,Male,60,Kanpur,Uttar Pradesh,2024-03-15,Regular Customer
C011012,Amit Iyer,Female,43,Nashik,Maharashtra,2024-01-04,Regular Customer
C011013,Sameer Das,Female,28,Kolkata,West Bengal,2024-01-01,Loyal Customer
C011014,Rahul Pawar,Male,51,Patna,Bihar,2024-03-10,Regular Customer
C011015,Divya Singh,Female,58,Aurangabad,Maharashtra,2024-04-25,Regular Customer
C011016,Vivek Kulkarni,Male,19,Bengaluru,Karnataka,2024-02-13,Regular Customer
C011017,Sameer Pawar,Female,38,Pune,Maharashtra,2024-01-17,Occasional Customer
C011018,Aarav Yadav,Female,43,Hyderabad,Telangana,2024-02-02,Regular Customer
C011019,Aniket Sawant,Male,29,Indore,Madhya Pradesh,2024-07-30,New Customer
C011020,Gaurav Reddy,Other,26,Jaipur,Rajasthan,2024-01-01,Loyal Customer
C011021,Divya Kumar,Male,58,Indore,Madhya Pradesh,2024-03-12,Regular Customer
C011022,Sneha More,Female,40,Kanpur,Uttar Pradesh,2024-03-02,Loyal Customer
C011023,Nikhil Chavan,Male,59,Pune,Maharashtra,2024-01-16,Occasional Customer
C011024,Aarav Das,Male,22,Delhi,Delhi,2024-01-01,Loyal Customer
C011025,Aarav Chavan,Female,26,Pune,Maharashtra,2024-02-03,Regular Customer
C011026,Aarav Singh,Male,27,Mumbai,Maharashtra,2024-01-25,Occasional Customer
C011027,Karan Patil,Female,27,Pune,Maharashtra,2024-01-03,Regular Customer
C011028,Rohan Mishra,Male,31,Bengaluru,Karnataka,2024-01-23,Occasional Customer
C011029,Amit Kumar,Male,53,Vadodara,Gujarat,2024-01-18,Occasional Customer
C011030,Harsh Patil,Female,27,Pune,Maharashtra,2024-01-15,Occasional Customer
C011031,Manish Gaikwad,Male,54,Kolkata,West Bengal,2024-01-29,Occasional Customer
C011032,Sakshi Shah,Male,58,Mysuru,Karnataka,2024-02-07,Regular Customer
C011033,Rohan Verma,Female,55,Kolkata,West Bengal,2024-02-21,Occasional Customer
C011034,Ananya Pawar,Female,65,Mysuru,Karnataka,2024-01-11,Regular Customer
C011035,Akash Sharma,Male,39,Indore,Madhya Pradesh,2024-01-07,Occasional Customer
C011036,Divya Singh,Female,40,Bengaluru,Karnataka,2024-04-18,Regular Customer
C011037,Anjali Deshmukh,Female,33,Bhopal,Madhya Pradesh,2024-05-02,Occasional Customer
C011038,Harsh Deshmukh,Male,28,Nashik,Maharashtra,2024-01-11,Loyal Customer
C011039,Akash Yadav,Female,64,Bengaluru,Karnataka,2024-02-13,New Customer
C011040,Isha Bhosale,Male,52,Jaipur,Rajasthan,2024-02-27,Occasional Customer
C011041,Sonia Singh,Female,65,Nashik,Maharashtra,2024-01-05,Regular Customer
C011042,Manish Thakur,Female,37,Jaipur,Rajasthan,2024-02-09,Loyal Customer
C011043,Amit Mishra,Female,54,Lucknow,Uttar Pradesh,2024-01-06,Loyal Customer
C011044,Nikhil Das,Female,58,Mumbai,Maharashtra,2024-03-07,Occasional Customer
C011045,Pooja Sharma,Male,22,Latur,Maharashtra,2025-11-20,New Customer
C011046,Ayush Yadav,Male,53,Mysuru,Karnataka,2024-02-02,Regular Customer
C011047,Karan Singh,Male,30,Jaipur,Rajasthan,2024-01-07,Loyal Customer
C011048,Vikas More,Male,34,Nashik,Maharashtra,2024-01-19,Regular Customer
C011049,Amit Chavan,Female,43,Vadodara,Gujarat,2024-01-31,Occasional Customer
C011050,Rahul Gupta,Female,61,Vadodara,Gujarat,2024-01-05,Occasional Customer
C011051,Divya Shah,Male,37,Ahmedabad,Gujarat,2024-01-10,Loyal Customer
C011052,Rahul Nair,Male,56,Jaipur,Rajasthan,2024-06-06,Regular Customer
C011053,Akash Yadav,Female,50,Kanpur,Uttar Pradesh,2024-04-24,Occasional Customer
C011054,Karan Iyer,Male,47,Latur,Maharashtra,2024-01-08,Occasional Customer
C011055,Sneha Mishra,Male,33,Delhi,Delhi,2024-01-21,Occasional Customer
C011056,Neha Shinde,Female,24,Nagpur,Maharashtra,2024-02-11,Occasional Customer
C011057,Amit Joshi,Male,47,Kanpur,Uttar Pradesh,2024-02-29,Regular Customer
C011058,Kavita Jadhav,Female,19,Mysuru,Karnataka,2024-04-21,Occasional Customer
C011059,Sameer Jadhav,Male,29,Mumbai,Maharashtra,2024-01-18,Loyal Customer
C011060,Anjali Rao,Female,60,Kanpur,Uttar Pradesh,2024-01-01,Loyal Customer
C011061,Aditya Iyer,Female,57,Delhi,Delhi,2024-05-05,Occasional Customer
C011062,Akash Nair,Male,18,Chennai,Tamil Nadu,2024-01-08,Loyal Customer
C011063,Gaurav Sawant,Male,20,Surat,Gujarat,2024-01-04,Loyal Customer
C011064,Vikas Shah,Male,25,Warangal,Telangana,2024-02-05,Regular Customer
C011065,Akash Joshi,Male,43,Delhi,Delhi,2024-02-04,Regular Customer
C011066,Anjali More,Male,57,Nashik,Maharashtra,2024-01-14,Loyal Customer
C011067,Ananya Iyer,Female,28,Hyderabad,Telangana,2024-07-21,Regular Customer
C011068,Rahul Sawant,Female,38,Mysuru,Karnataka,2024-03-26,Occasional Customer
C011069,Deepak Nair,Female,22,Lucknow,Uttar Pradesh,2024-01-14,Regular Customer
C011070,Isha Rao,Male,57,Nashik,Maharashtra,2024-02-15,Regular Customer
C011071,Neha Verma,Female,43,Pune,Maharashtra,2024-05-12,Occasional Customer
C011072,Kavita Mehta,Male,38,Patna,Bihar,2024-07-07,Regular Customer
C011073,Vikas More,Female,26,Bhopal,Madhya Pradesh,2024-01-04,Regular Customer
C011074,Sakshi Singh,Female,34,Surat,Gujarat,2024-03-11,Regular Customer
C011075,Amit Chavan,Female,54,Jaipur,Rajasthan,2024-11-13,Occasional Customer
C011076,Harsh Kadam,Female,19,Vadodara,Gujarat,2026-01-08,New Customer
C011077,Rahul Jadhav,Male,64,Delhi,Delhi,2024-03-09,Regular Customer
C011078,Neha Iyer,Male,57,Mysuru,Karnataka,2024-01-22,Regular Customer
C011079,Vivek Mishra,Female,45,Indore,Madhya Pradesh,2024-01-14,Regular Customer
C011080,Aditi Iyer,Male,44,Surat,Gujarat,2024-01-01,Loyal Customer
C011081,Vikas Das,Male,57,Vadodara,Gujarat,2024-04-20,Regular Customer
C011082,Gaurav Reddy,Female,18,Nashik,Maharashtra,2024-01-20,Occasional Customer
C011083,Aditi Das,Female,63,Lucknow,Uttar Pradesh,2024-01-16,Regular Customer
C011084,Aniket Pawar,Male,28,Pune,Maharashtra,2024-01-28,Occasional Customer
C011085,Aarav Jadhav,Male,56,Hyderabad,Telangana,2024-01-01,Regular Customer
C011086,Pooja Patil,Male,35,Bengaluru,Karnataka,2024-01-07,Loyal Customer
C011087,Sneha Das,Female,44,Lucknow,Uttar Pradesh,2024-05-04,Occasional Customer
C011088,Anjali Pawar,Male,64,Jaipur,Rajasthan,2024-01-04,Occasional Customer
C011089,Gaurav Chavan,Female,27,Vadodara,Gujarat,2024-01-27,Loyal Customer
C011090,Aarav Mehta,Female,53,Jaipur,Rajasthan,2024-01-04,Loyal Customer
C011091,Karan Yadav,Male,38,Bhopal,Madhya Pradesh,2024-01-25,Regular Customer
C011092,Sonia Kadam,Male,45,Patna,Bihar,2024-01-11,Loyal Customer
C011093,Aniket Reddy,Female,18,Patna,Bihar,2024-01-02,Loyal Customer
C011094,Sonia Banerjee,Female,31,Delhi,Delhi,2024-01-24,Loyal Customer
C011095,Neha Gaikwad,Male,37,Hyderabad,Telangana,2024-06-29,Regular Customer
C011096,Isha Shinde,Female,26,Bengaluru,Karnataka,2024-04-24,Regular Customer
C011097,Isha Shah,Male,62,Nashik,Maharashtra,2024-02-15,Occasional Customer
C011098,Arjun Gupta,Male,44,Ahmedabad,Gujarat,2024-07-31,Occasional Customer
C011099,Isha Kulkarni,Female,21,Nashik,Maharashtra,2024-01-04,Occasional Customer
C011100,Rohan More,Male,54,Lucknow,Uttar Pradesh,2024-01-27,Regular Customer
C011101,Pooja Menon,Female,35,Pune,Maharashtra,2024-06-01,Occasional Customer
C011102,Kavita Kumar,Male,48,Bengaluru,Karnataka,2024-01-10,Loyal Customer
C011103,Deepak Chavan,Female,56,Chennai,Tamil Nadu,2024-11-07,Occasional Customer
C011104,Vikas Pawar,Female,27,Pune,Maharashtra,2024-01-27,Occasional Customer
C011105,Arjun Chavan,Female,26,Latur,Maharashtra,2024-01-04,Regular Customer
C011106,Sameer Mishra,Male,45,Aurangabad,Maharashtra,2024-09-06,Occasional Customer
C011107,Karan Menon,Male,45,Aurangabad,Maharashtra,2024-05-23,Occasional Customer
C011108,Manish Thakur,Female,30,Kanpur,Uttar Pradesh,2024-01-05,Regular Customer
C011109,Rahul Kulkarni,Male,35,Vadodara,Gujarat,2024-01-19,Regular Customer
C011110,Rahul Mishra,Female,29,Aurangabad,Maharashtra,2024-01-23,Regular Customer
C011111,Deepak Menon,Female,25,Nashik,Maharashtra,2024-01-14,Loyal Customer
C011112,Kavita More,Male,40,Bengaluru,Karnataka,2024-02-03,Regular Customer
C011113,Aditya Das,Female,22,Vadodara,Gujarat,2024-01-12,Regular Customer
C011114,Divya Bhosale,Female,24,Mysuru,Karnataka,2024-01-19,Occasional Customer
C011115,Pooja Sharma,Female,32,Jaipur,Rajasthan,2024-01-06,Loyal Customer
C011116,Manish Jadhav,Male,20,Mysuru,Karnataka,2024-01-14,Occasional Customer
C011117,Akash Joshi,Male,35,Mysuru,Karnataka,2024-01-07,Regular Customer
C011118,Isha Banerjee,Male,55,Lucknow,Uttar Pradesh,2024-05-15,Regular Customer
C011119,Akash Kulkarni,Male,43,Mysuru,Karnataka,2024-02-12,Regular Customer
C011120,Manish Nair,Male,55,Latur,Maharashtra,2024-02-14,Loyal Customer
C011121,Ayush Jadhav,Other,50,Indore,Madhya Pradesh,2024-01-25,Regular Customer
C011122,Sonia Kadam,Male,38,Aurangabad,Maharashtra,2024-02-28,Occasional Customer
C011123,Ayush Thakur,Male,34,Latur,Maharashtra,2024-01-13,Occasional Customer
C011124,Harsh Gupta,Male,60,Kolkata,West Bengal,2024-01-27,Occasional Customer
C011125,Aditya Mishra,Male,19,Lucknow,Uttar Pradesh,2024-02-11,Regular Customer
C011126,Kavita Pawar,Male,42,Bhopal,Madhya Pradesh,2024-01-01,Regular Customer
C011127,Gaurav Banerjee,Female,58,Nashik,Maharashtra,2024-02-01,Occasional Customer
C011128,Vikas Verma,Male,36,Warangal,Telangana,2024-01-05,Occasional Customer
C011129,Aniket Jadhav,Male,55,Jaipur,Rajasthan,2025-03-12,New Customer
C011130,Sneha Rao,Male,42,Lucknow,Uttar Pradesh,2024-01-08,Regular Customer
C011131,Anjali Menon,Female,56,Kanpur,Uttar Pradesh,2024-06-27,Occasional Customer
C011132,Aarav Shinde,Male,21,Nagpur,Maharashtra,2024-01-01,Occasional Customer
C011133,Rohan Iyer,Male,20,Mysuru,Karnataka,2024-02-18,Occasional Customer
C011134,Divya Verma,Female,51,Pune,Maharashtra,2024-07-22,Occasional Customer
C011135,Nikhil Menon,Male,59,Nashik,Maharashtra,2024-01-22,Regular Customer
C011136,Amit Mehta,Female,27,Latur,Maharashtra,2024-01-22,Regular Customer
C011137,Sonia Verma,Female,44,Delhi,Delhi,2024-01-04,Loyal Customer
C011138,Kavita Patil,Male,65,Surat,Gujarat,2024-02-19,Loyal Customer
C011139,Sameer Gupta,Female,43,Jaipur,Rajasthan,2024-04-23,Regular Customer
C011140,Divya Gupta,Female,44,Patna,Bihar,2024-02-19,Regular Customer
C011141,Anjali Nair,Male,18,Lucknow,Uttar Pradesh,2024-01-07,Loyal Customer
C011142,Kavita Pawar,Female,61,Pune,Maharashtra,2024-01-08,Occasional Customer
C011143,Divya Pawar,Male,37,Indore,Madhya Pradesh,2024-01-04,Regular Customer
C011144,Akash Rao,Male,42,Bengaluru,Karnataka,2024-01-10,Regular Customer
C011145,Ananya Reddy,Female,27,Indore,Madhya Pradesh,2024-03-01,Regular Customer
C011146,Pooja Mishra,Female,18,Kolkata,West Bengal,2024-02-12,Regular Customer
C011147,Nikhil Joshi,Female,33,Hyderabad,Telangana,2024-03-09,Regular Customer
C011148,Sneha Kumar,Male,28,Vadodara,Gujarat,2024-01-05,Regular Customer
C011149,Sakshi Nair,Female,21,Lucknow,Uttar Pradesh,2024-01-01,Occasional Customer
C011150,Amit Gupta,Female,52,Nagpur,Maharashtra,2024-01-12,Regular Customer
C011151,Nikhil Bhosale,Male,30,Mumbai,Maharashtra,2024-03-20,Regular Customer
C011152,Sonia Shinde,Other,38,Nashik,Maharashtra,2024-02-08,Occasional Customer
C011153,Arjun Patil,Male,32,Bhopal,Madhya Pradesh,2024-01-08,Occasional Customer
C011154,Gaurav Sawant,Male,27,Warangal,Telangana,2024-01-16,Occasional Customer
C011155,Gaurav Singh,Male,55,Lucknow,Uttar Pradesh,2024-01-31,Regular Customer
C011156,Kavita Bhosale,Male,28,Latur,Maharashtra,2024-01-11,Regular Customer
C011157,Vikas Yadav,Female,49,Mumbai,Maharashtra,2024-06-16,New Customer
C011158,Isha Chavan,Male,50,Warangal,Telangana,2024-02-08,Occasional Customer
C011159,Amit Iyer,Female,37,Mumbai,Maharashtra,2024-01-12,Occasional Customer
C011160,Ayush Sharma,Male,53,Lucknow,Uttar Pradesh,2024-03-16,Occasional Customer
C011161,Aditya More,Male,47,Delhi,Delhi,2024-04-05,Regular Customer
C011162,Riya Gupta,Female,27,Patna,Bihar,2024-01-17,Regular Customer
C011163,Rahul Sawant,Male,32,Kolkata,West Bengal,2024-07-17,Occasional Customer
C011164,Aniket Kumar,Female,46,Delhi,Delhi,2024-03-26,Occasional Customer
C011165,Rohan Shah,Female,18,Lucknow,Uttar Pradesh,2024-01-09,Occasional Customer
C011166,Nikhil Deshmukh,Female,38,Patna,Bihar,2025-01-22,New Customer
C011167,Aditi Menon,Female,32,Mysuru,Karnataka,2024-08-18,New Customer
C011168,Harsh Jadhav,Female,20,Chennai,Tamil Nadu,2024-01-22,Loyal Customer
C011169,Amit Yadav,Other,50,Mumbai,Maharashtra,2024-03-29,Regular Customer
C011170,Sneha Pawar,Male,55,Hyderabad,Telangana,2024-02-23,Loyal Customer
C011171,Sakshi Das,Female,36,Indore,Madhya Pradesh,2024-08-19,Occasional Customer
C011172,Anjali Gaikwad,Male,21,Mysuru,Karnataka,2024-03-01,Occasional Customer
C011173,Sameer Pawar,Male,29,Latur,Maharashtra,2024-06-23,Occasional Customer
C011174,Pooja Bhosale,Male,42,Indore,Madhya Pradesh,2024-11-02,Regular Customer
C011175,Gaurav Mehta,Female,51,Bhopal,Madhya Pradesh,2024-01-01,Loyal Customer
C011176,Aniket Joshi,Female,34,Aurangabad,Maharashtra,2024-03-16,Regular Customer
C011177,Sneha Kadam,Male,23,Bhopal,Madhya Pradesh,2024-01-16,Regular Customer
C011178,Aditya Joshi,Male,29,Indore,Madhya Pradesh,2024-06-05,New Customer
C011179,Arjun Jadhav,Female,32,Vadodara,Gujarat,2024-03-02,Regular Customer
C011180,Vikas Gaikwad,Male,34,Jaipur,Rajasthan,2024-08-05,Occasional Customer
C011181,Akash Iyer,Male,18,Warangal,Telangana,2024-02-05,Occasional Customer
C011182,Rohan Mehta,Female,31,Ahmedabad,Gujarat,2024-01-07,Regular Customer
C011183,Rahul Jadhav,Female,19,Jaipur,Rajasthan,2024-01-10,Loyal Customer
C011184,Aniket Thakur,Male,21,Delhi,Delhi,2024-01-10,Loyal Customer
C011185,Amit Rao,Male,19,Latur,Maharashtra,2024-02-11,Regular Customer
C011186,Arjun Menon,Female,43,Nagpur,Maharashtra,2024-02-19,Regular Customer
C011187,Deepak Sharma,Female,63,Mumbai,Maharashtra,2024-12-16,Occasional Customer
C011188,Pooja Kulkarni,Male,57,Bhopal,Madhya Pradesh,2024-01-14,Regular Customer
C011189,Kavita Sawant,Male,50,Aurangabad,Maharashtra,2024-01-08,Regular Customer
C011190,Kavita Kulkarni,Male,65,Ahmedabad,Gujarat,2025-02-18,Occasional Customer
C011191,Sakshi Reddy,Female,56,Mysuru,Karnataka,2024-01-18,Occasional Customer
C011192,Nikhil Yadav,Female,23,Aurangabad,Maharashtra,2024-01-05,Regular Customer
C011193,Anjali Rao,Male,47,Surat,Gujarat,2024-02-17,Occasional Customer
C011194,Isha Sawant,Female,39,Indore,Madhya Pradesh,2024-02-11,Loyal Customer
C011195,Sneha Kulkarni,Female,44,Mumbai,Maharashtra,2024-01-05,Regular Customer
C011196,Manish Iyer,Female,36,Pune,Maharashtra,2024-01-18,Occasional Customer
C011197,Nikhil Thakur,Female,27,Hyderabad,Telangana,2024-01-09,Regular Customer
C011198,Amit Deshmukh,Male,23,Mysuru,Karnataka,2024-01-04,Loyal Customer
C011199,Vikas Menon,Male,43,Kanpur,Uttar Pradesh,2024-01-04,Regular Customer
C011200,Vivek Iyer,Female,59,Hyderabad,Telangana,2024-04-01,Occasional Customer
C011201,Deepak Singh,Female,20,Jaipur,Rajasthan,2024-02-24,Occasional Customer
C011202,Arjun Patil,Male,20,Aurangabad,Maharashtra,2024-01-03,Regular Customer
C011203,Gaurav Banerjee,Female,23,Chennai,Tamil Nadu,2024-01-13,Loyal Customer
C011204,Vikas More,Male,27,Indore,Madhya Pradesh,2024-04-13,Regular Customer
C011205,Akash Reddy,Male,55,Jaipur,Rajasthan,2024-01-05,Loyal Customer
C011206,Isha Bhosale,Male,30,Kanpur,Uttar Pradesh,2024-03-03,New Customer
C011207,Neha Pawar,Female,55,Jaipur,Rajasthan,2024-03-10,Occasional Customer
C011208,Vikas Nair,Female,29,Lucknow,Uttar Pradesh,2024-02-20,Regular Customer
C011209,Riya Mishra,Male,63,Kolkata,West Bengal,2024-01-15,Loyal Customer
C011210,Sameer Yadav,Other,44,Chennai,Tamil Nadu,2024-01-10,Loyal Customer
C011211,Sakshi Sawant,Female,25,Patna,Bihar,2024-02-08,Regular Customer
C011212,Anjali Verma,Female,22,Mysuru,Karnataka,2024-01-05,Regular Customer
C011213,Akash Deshmukh,Male,53,Vadodara,Gujarat,2024-01-01,Loyal Customer
C011214,Rohan Shah,Male,55,Pune,Maharashtra,2024-02-15,Regular Customer
C011215,Nikhil Mishra,Female,60,Hyderabad,Telangana,2024-02-03,Regular Customer
C011216,Divya Joshi,Female,47,Ahmedabad,Gujarat,2024-01-01,Loyal Customer
C011217,Sonia Mishra,Female,54,Nagpur,Maharashtra,2024-02-23,Occasional Customer
C011218,Rahul Yadav,Female,46,Kolkata,West Bengal,2024-01-24,Occasional Customer
C011219,Sneha Nair,Female,39,Mumbai,Maharashtra,2024-04-08,New Customer
C011220,Harsh Bhosale,Male,31,Nagpur,Maharashtra,2024-05-22,Occasional Customer
C011221,Aditi Reddy,Female,27,Mysuru,Karnataka,2024-02-02,Loyal Customer
C011222,Akash Mishra,Male,28,Kolkata,West Bengal,2024-03-22,Regular Customer
C011223,Sakshi More,Male,52,Vadodara,Gujarat,2024-02-29,Regular Customer
C011224,Sneha Iyer,Male,40,Latur,Maharashtra,2024-01-13,Occasional Customer
C011225,Rohan More,Female,25,Kanpur,Uttar Pradesh,2024-01-03,Regular Customer
C011226,Vikas More,Female,38,Kolkata,West Bengal,2024-02-19,Occasional Customer
C011227,Pooja Verma,Male,54,Patna,Bihar,2024-02-25,Regular Customer
C011228,Deepak Bhosale,Male,45,Hyderabad,Telangana,2024-01-04,Regular Customer
C011229,Rahul Banerjee,Male,48,Patna,Bihar,2024-05-04,Regular Customer
C011230,Arjun Kadam,Female,45,Aurangabad,Maharashtra,2024-01-03,Occasional Customer
C011231,Aditya Sharma,Female,59,Nashik,Maharashtra,2024-03-01,Regular Customer
C011232,Akash Nair,Female,44,Vadodara,Gujarat,2025-09-04,New Customer
C011233,Sameer Yadav,Female,57,Bhopal,Madhya Pradesh,2025-02-13,Occasional Customer
C011234,Anjali Mehta,Male,38,Nagpur,Maharashtra,2024-01-02,Regular Customer
C011235,Karan Joshi,Male,26,Indore,Madhya Pradesh,2024-04-09,Regular Customer
C011236,Neha Bhosale,Male,46,Bhopal,Madhya Pradesh,2024-09-16,New Customer
C011237,Rahul More,Male,32,Bhopal,Madhya Pradesh,2024-06-08,Regular Customer
C011238,Akash Menon,Male,50,Pune,Maharashtra,2024-01-01,Loyal Customer
C011239,Sneha Nair,Male,54,Ahmedabad,Gujarat,2024-10-27,Occasional Customer
C011240,Karan Gupta,Female,64,Vadodara,Gujarat,2025-03-14,New Customer
C011241,Nikhil Banerjee,Female,53,Kolkata,West Bengal,2024-12-22,Occasional Customer
C011242,Neha Gaikwad,Male,45,Aurangabad,Maharashtra,2024-03-25,Occasional Customer
C011243,Nikhil Verma,Female,27,Nagpur,Maharashtra,2024-03-19,Occasional Customer
C011244,Sonia Kumar,Male,40,Aurangabad,Maharashtra,2024-07-04,Occasional Customer
C011245,Rahul Gaikwad,Female,45,Aurangabad,Maharashtra,2024-05-28,Loyal Customer
C011246,Aditi Shah,Female,51,Aurangabad,Maharashtra,2024-02-29,Regular Customer
C011247,Akash Mehta,Male,22,Nagpur,Maharashtra,2024-01-09,Regular Customer
C011248,Sneha Das,Female,35,Nagpur,Maharashtra,2024-03-21,Regular Customer
C011249,Pooja Kulkarni,Female,23,Kanpur,Uttar Pradesh,2024-05-22,Occasional Customer
C011250,Neha Kulkarni,Male,59,Bhopal,Madhya Pradesh,2024-01-09,Regular Customer
C011251,Akash Menon,Male,64,Kanpur,Uttar Pradesh,2024-02-05,Loyal Customer
C011252,Anjali Kadam,Other,40,Nashik,Maharashtra,2024-03-19,Regular Customer
C011253,Neha Rao,Male,45,Mumbai,Maharashtra,2024-02-15,Occasional Customer
C011254,Riya Singh,Female,58,Jaipur,Rajasthan,2024-01-14,Occasional Customer
C011255,Nikhil Bhosale,Female,30,Warangal,Telangana,2024-01-30,Loyal Customer
C011256,Sneha Gaikwad,Male,42,Indore,Madhya Pradesh,2024-01-16,Regular Customer
C011257,Riya Iyer,Male,24,Warangal,Telangana,2024-03-22,Loyal Customer
C011258,Aditi Kadam,Female,19,Hyderabad,Telangana,2024-01-13,Regular Customer
C011259,Pooja Das,Male,33,Warangal,Telangana,2024-01-04,Occasional Customer
C011260,Isha Mishra,Female,19,Patna,Bihar,2024-02-12,Regular Customer
C011261,Isha Mehta,Female,53,Chennai,Tamil Nadu,2024-01-03,Loyal Customer
C011262,Sonia Verma,Female,19,Jaipur,Rajasthan,2024-01-27,Loyal Customer
C011263,Aditi Gaikwad,Other,55,Chennai,Tamil Nadu,2024-04-12,Regular Customer
C011264,Sneha Das,Female,27,Lucknow,Uttar Pradesh,2024-01-09,Loyal Customer
C011265,Pooja Iyer,Female,31,Mysuru,Karnataka,2024-01-02,Loyal Customer
C011266,Sakshi Bhosale,Female,44,Hyderabad,Telangana,2024-01-18,Regular Customer
C011267,Rahul Kumar,Female,32,Chennai,Tamil Nadu,2024-02-22,Occasional Customer
C011268,Aarav Shinde,Female,38,Kanpur,Uttar Pradesh,2024-01-07,Occasional Customer
C011269,Neha Pawar,Female,29,Aurangabad,Maharashtra,2024-08-28,Occasional Customer
C011270,Aarav Reddy,Male,60,Jaipur,Rajasthan,2024-01-25,Regular Customer
C011271,Deepak Kulkarni,Female,50,Bengaluru,Karnataka,2024-02-24,Regular Customer
C011272,Ayush Kumar,Male,57,Hyderabad,Telangana,2024-08-19,Occasional Customer
C011273,Harsh Das,Male,39,Kanpur,Uttar Pradesh,2024-01-15,Occasional Customer
C011274,Aarav Iyer,Male,55,Vadodara,Gujarat,2024-05-02,Occasional Customer
C011275,Isha Mishra,Female,61,Surat,Gujarat,2024-01-02,Loyal Customer
C011276,Vikas More,Male,65,Delhi,Delhi,2024-01-31,Regular Customer
C011277,Divya Banerjee,Female,35,Hyderabad,Telangana,2024-05-02,Occasional Customer
C011278,Rahul Kadam,Female,61,Mysuru,Karnataka,2024-06-17,Occasional Customer
C011279,Divya Joshi,Male,19,Bengaluru,Karnataka,2024-01-29,Regular Customer
C011280,Arjun Thakur,Female,46,Nashik,Maharashtra,2024-02-07,Regular Customer
C011281,Sameer Patil,Female,24,Jaipur,Rajasthan,2024-01-03,Regular Customer
C011282,Deepak Thakur,Female,48,Mysuru,Karnataka,2024-01-12,Regular Customer
C011283,Riya Reddy,Male,58,Lucknow,Uttar Pradesh,2024-02-16,Regular Customer
C011284,Arjun Menon,Male,35,Indore,Madhya Pradesh,2024-02-09,Loyal Customer
C011285,Sameer Pawar,Female,26,Bengaluru,Karnataka,2024-01-17,Loyal Customer
C011286,Aniket Gupta,Male,25,Ahmedabad,Gujarat,2024-01-22,Loyal Customer
C011287,Sakshi Mishra,Male,50,Mumbai,Maharashtra,2024-02-11,Regular Customer
C011288,Manish Reddy,Male,22,Pune,Maharashtra,2024-01-22,Regular Customer
C011289,Deepak Iyer,Female,65,Ahmedabad,Gujarat,2025-01-11,Occasional Customer
C011290,Gaurav Menon,Male,31,Bengaluru,Karnataka,2024-01-18,Loyal Customer
C011291,Divya Menon,Female,30,Hyderabad,Telangana,2024-01-04,Loyal Customer
C011292,Sneha Pawar,Female,28,Jaipur,Rajasthan,2025-12-05,Occasional Customer
C011293,Sonia Yadav,Female,37,Lucknow,Uttar Pradesh,2024-03-19,Occasional Customer
C011294,Sonia Deshmukh,Male,40,Hyderabad,Telangana,2024-01-09,Loyal Customer
C011295,Deepak Kadam,Male,62,Latur,Maharashtra,2024-12-07,New Customer
C011296,Nikhil Gupta,Male,44,Bhopal,Madhya Pradesh,2024-01-15,Regular Customer
C011297,Rohan Das,Male,32,Lucknow,Uttar Pradesh,2024-01-01,Loyal Customer
C011298,Sneha Joshi,Male,47,Delhi,Delhi,2024-01-27,Regular Customer
C011299,Deepak Banerjee,Male,33,Chennai,Tamil Nadu,2024-03-27,Regular Customer
C011300,Ayush Kulkarni,Female,62,Mysuru,Karnataka,2024-01-08,Occasional Customer
C011301,Vivek Iyer,Female,57,Ahmedabad,Gujarat,2024-02-17,Occasional Customer
C011302,Aditya Reddy,Female,35,Chennai,Tamil Nadu,2024-01-16,Loyal Customer
C011303,Gaurav Chavan,Male,64,Patna,Bihar,2024-01-28,Regular Customer
C011304,Nikhil Yadav,Female,59,Mysuru,Karnataka,2024-01-21,Regular Customer
C011305,Pooja Pawar,Male,40,Kanpur,Uttar Pradesh,2024-02-09,Loyal Customer
C011306,Sakshi Gaikwad,Female,53,Bhopal,Madhya Pradesh,2024-01-01,Loyal Customer
C011307,Aniket More,Male,55,Nashik,Maharashtra,2024-01-25,Occasional Customer
C011308,Sonia Nair,Female,25,Aurangabad,Maharashtra,2024-10-05,New Customer
C011309,Karan Kadam,Female,56,Aurangabad,Maharashtra,2024-01-07,Regular Customer
C011310,Deepak Das,Male,46,Chennai,Tamil Nadu,2026-01-08,New Customer
C011311,Isha Singh,Female,29,Nagpur,Maharashtra,2024-06-15,Regular Customer
C011312,Divya Menon,Female,35,Warangal,Telangana,2024-07-21,Occasional Customer
C011313,Ananya Pawar,Male,36,Vadodara,Gujarat,2024-03-20,Occasional Customer
C011314,Deepak Sharma,Female,53,Pune,Maharashtra,2024-01-10,Occasional Customer
C011315,Akash Shinde,Female,50,Bhopal,Madhya Pradesh,2024-01-18,Loyal Customer
C011316,Neha Sawant,Female,22,Bengaluru,Karnataka,2024-02-13,Occasional Customer
C011317,Vivek Verma,Female,56,Ahmedabad,Gujarat,2024-01-01,Occasional Customer
C011318,Riya Reddy,Female,45,Hyderabad,Telangana,2024-05-31,Occasional Customer
C011319,Manish Sawant,Female,43,Mysuru,Karnataka,2024-03-11,Regular Customer
C011320,Sakshi Gupta,Other,60,Bengaluru,Karnataka,2024-01-09,Loyal Customer
C011321,Manish Pawar,Male,38,Vadodara,Gujarat,2024-02-09,Occasional Customer
C011322,Gaurav Shah,Male,40,Kolkata,West Bengal,2024-01-08,Occasional Customer
C011323,Riya Deshmukh,Female,38,Aurangabad,Maharashtra,2024-03-14,New Customer
C011324,Aniket Deshmukh,Female,28,Chennai,Tamil Nadu,2024-01-21,Occasional Customer
C011325,Aditya Nair,Male,59,Mumbai,Maharashtra,2024-06-26,Loyal Customer
C011326,Nikhil Kumar,Male,56,Chennai,Tamil Nadu,2024-03-12,Regular Customer
C011327,Vikas Rao,Male,33,Vadodara,Gujarat,2024-03-03,Occasional Customer
C011328,Gaurav Mishra,Female,50,Latur,Maharashtra,2024-04-13,Regular Customer
C011329,Arjun Jadhav,Female,44,Lucknow,Uttar Pradesh,2024-08-02,Regular Customer
C011330,Riya Chavan,Male,18,Lucknow,Uttar Pradesh,2024-01-12,Loyal Customer
C011331,Manish Kadam,Male,61,Jaipur,Rajasthan,2024-01-08,Occasional Customer
C011332,Gaurav Jadhav,Female,33,Lucknow,Uttar Pradesh,2024-03-19,Occasional Customer
C011333,Vivek Gaikwad,Male,22,Nagpur,Maharashtra,2024-08-12,Regular Customer
C011334,Akash Mishra,Female,63,Mysuru,Karnataka,2024-01-07,Regular Customer
C011335,Rohan Banerjee,Male,35,Bhopal,Madhya Pradesh,2024-03-30,Occasional Customer
C011336,Vikas Singh,Female,58,Ahmedabad,Gujarat,2024-03-30,Loyal Customer
C011337,Sameer Sawant,Female,51,Bhopal,Madhya Pradesh,2024-04-24,Occasional Customer
C011338,Nikhil Mehta,Female,61,Nagpur,Maharashtra,2024-02-16,Regular Customer
C011339,Aditya Chavan,Female,42,Nagpur,Maharashtra,2024-01-31,Regular Customer
C011340,Anjali Thakur,Female,59,Chennai,Tamil Nadu,2024-03-26,Occasional Customer
C011341,Sneha Patil,Female,51,Kanpur,Uttar Pradesh,2024-04-04,Regular Customer
C011342,Anjali Gupta,Male,32,Hyderabad,Telangana,2024-03-06,Occasional Customer
C011343,Amit Rao,Male,21,Warangal,Telangana,2024-04-19,Regular Customer
C011344,Arjun Sharma,Male,21,Bengaluru,Karnataka,2024-01-22,Loyal Customer
C011345,Karan Joshi,Female,42,Surat,Gujarat,2024-01-05,Regular Customer
C011346,Sneha Nair,Female,58,Aurangabad,Maharashtra,2024-01-03,Loyal Customer
C011347,Anjali Joshi,Female,30,Patna,Bihar,2024-01-27,Occasional Customer
C011348,Vikas Joshi,Other,59,Lucknow,Uttar Pradesh,2024-02-05,Occasional Customer
C011349,Isha Reddy,Female,63,Patna,Bihar,2024-01-01,Loyal Customer
C011350,Sameer Shinde,Female,42,Jaipur,Rajasthan,2024-06-05,Occasional Customer
C011351,Amit Sharma,Other,20,Chennai,Tamil Nadu,2024-01-05,Regular Customer
C011352,Ayush Joshi,Female,52,Patna,Bihar,2024-01-07,Occasional Customer
C011353,Aarav Mishra,Female,65,Nashik,Maharashtra,2024-02-09,Regular Customer
C011354,Nikhil Yadav,Female,26,Warangal,Telangana,2024-02-01,Regular Customer
C011355,Sneha Thakur,Male,31,Hyderabad,Telangana,2025-02-10,New Customer
C011356,Harsh Gupta,Female,39,Kolkata,West Bengal,2024-01-12,Loyal Customer
C011357,Manish Mehta,Male,65,Latur,Maharashtra,2024-07-16,Occasional Customer
C011358,Aniket Bhosale,Male,26,Aurangabad,Maharashtra,2024-11-13,Occasional Customer
C011359,Ananya Mishra,Female,41,Surat,Gujarat,2025-07-06,Occasional Customer
C011360,Kavita Mehta,Female,40,Patna,Bihar,2024-01-05,Loyal Customer
C011361,Gaurav Reddy,Male,54,Ahmedabad,Gujarat,2024-04-08,New Customer
C011362,Neha Singh,Male,62,Mysuru,Karnataka,2024-04-29,Occasional Customer
C011363,Vikas Gaikwad,Female,32,Bhopal,Madhya Pradesh,2024-01-03,Regular Customer
C011364,Rohan More,Female,53,Nashik,Maharashtra,2024-02-10,Loyal Customer
C011365,Riya Das,Male,31,Warangal,Telangana,2024-01-20,Occasional Customer
C011366,Divya Das,Female,37,Delhi,Delhi,2024-01-18,Loyal Customer
C011367,Sameer More,Male,56,Indore,Madhya Pradesh,2024-03-17,Regular Customer
C011368,Harsh Kadam,Female,53,Bhopal,Madhya Pradesh,2024-02-11,Occasional Customer
C011369,Divya Singh,Female,44,Patna,Bihar,2024-01-03,Loyal Customer
C011370,Vivek Kumar,Female,34,Delhi,Delhi,2024-12-16,Occasional Customer
C011371,Anjali Chavan,Female,43,Jaipur,Rajasthan,2024-03-22,Regular Customer
C011372,Manish Kadam,Male,58,Chennai,Tamil Nadu,2024-01-02,Regular Customer
C011373,Aditya Nair,Female,21,Ahmedabad,Gujarat,2024-02-02,Regular Customer
C011374,Amit Chavan,Male,20,Jaipur,Rajasthan,2024-04-26,Regular Customer
C011375,Sonia Banerjee,Female,36,Patna,Bihar,2024-01-23,Regular Customer
C011376,Riya Joshi,Female,58,Mumbai,Maharashtra,2024-01-25,Loyal Customer
C011377,Sameer Gupta,Male,57,Jaipur,Rajasthan,2024-01-20,Occasional Customer
C011378,Neha Jadhav,Male,56,Kolkata,West Bengal,2024-01-05,Regular Customer
C011379,Akash Kumar,Male,24,Latur,Maharashtra,2024-01-14,Occasional Customer
C011380,Sameer Verma,Female,53,Chennai,Tamil Nadu,2025-10-24,New Customer
C011381,Riya Yadav,Female,36,Warangal,Telangana,2024-03-23,Regular Customer
C011382,Manish Chavan,Male,29,Hyderabad,Telangana,2024-04-12,Occasional Customer
C011383,Akash Das,Female,37,Pune,Maharashtra,2024-02-10,Loyal Customer
C011384,Sneha Shah,Male,55,Chennai,Tamil Nadu,2024-01-04,Loyal Customer
C011385,Anjali Iyer,Female,29,Patna,Bihar,2024-01-01,Loyal Customer
C011386,Divya Nair,Female,46,Surat,Gujarat,2024-03-22,Occasional Customer
C011387,Riya Reddy,Male,47,Jaipur,Rajasthan,2024-03-19,Occasional Customer
C011388,Manish Banerjee,Male,37,Delhi,Delhi,2024-02-04,Regular Customer
C011389,Anjali Thakur,Female,21,Kanpur,Uttar Pradesh,2024-01-01,Loyal Customer
C011390,Arjun Mehta,Female,19,Bengaluru,Karnataka,2024-04-05,Occasional Customer
C011391,Sneha Patil,Male,64,Mysuru,Karnataka,2024-03-14,Loyal Customer
C011392,Isha Shah,Male,47,Indore,Madhya Pradesh,2024-01-05,Loyal Customer
C011393,Isha Yadav,Female,40,Chennai,Tamil Nadu,2024-06-28,New Customer
C011394,Neha Bhosale,Male,23,Latur,Maharashtra,2024-01-10,Regular Customer
C011395,Aditya Pawar,Female,35,Lucknow,Uttar Pradesh,2024-01-21,Regular Customer
C011396,Aarav Gupta,Male,39,Delhi,Delhi,2024-01-23,Regular Customer
C011397,Isha Gupta,Female,54,Bengaluru,Karnataka,2024-05-03,Occasional Customer
C011398,Pooja Patil,Male,21,Patna,Bihar,2024-05-02,Occasional Customer
C011399,Vikas Kadam,Female,60,Latur,Maharashtra,2024-04-07,Occasional Customer
C011400,Karan Mishra,Female,28,Jaipur,Rajasthan,2024-02-18,Occasional Customer
C011401,Riya Jadhav,Female,58,Kanpur,Uttar Pradesh,2024-02-25,Regular Customer
C011402,Aditya Rao,Male,52,Jaipur,Rajasthan,2024-01-28,Regular Customer
C011403,Divya Deshmukh,Male,28,Latur,Maharashtra,2024-01-05,Loyal Customer
C011404,Rohan More,Male,51,Aurangabad,Maharashtra,2024-01-23,Occasional Customer
C011405,Neha More,Male,26,Patna,Bihar,2024-01-22,Occasional Customer
C011406,Vikas Iyer,Female,48,Nashik,Maharashtra,2026-06-22,New Customer
C011407,Aarav Nair,Female,59,Pune,Maharashtra,2024-01-05,Loyal Customer
C011408,Nikhil Yadav,Male,49,Latur,Maharashtra,2024-02-14,Occasional Customer
C011409,Harsh Nair,Other,60,Bengaluru,Karnataka,2024-08-27,Occasional Customer
C011410,Sakshi Jadhav,Female,52,Indore,Madhya Pradesh,2024-04-28,Regular Customer
C011411,Gaurav Shinde,Female,28,Surat,Gujarat,2024-03-09,Regular Customer
C011412,Rahul Thakur,Female,34,Hyderabad,Telangana,2024-07-15,Occasional Customer
C011413,Ayush Gupta,Female,53,Vadodara,Gujarat,2024-04-12,New Customer
C011414,Riya Rao,Female,19,Lucknow,Uttar Pradesh,2024-01-12,New Customer
C011415,Ayush Chavan,Female,41,Mumbai,Maharashtra,2024-01-05,Loyal Customer
C011416,Anjali Mehta,Female,63,Kanpur,Uttar Pradesh,2024-01-24,Occasional Customer
C011417,Sameer Singh,Male,32,Kolkata,West Bengal,2024-01-03,Occasional Customer
C011418,Kavita Bhosale,Female,45,Bhopal,Madhya Pradesh,2024-05-18,Occasional Customer
C011419,Amit Menon,Female,20,Nagpur,Maharashtra,2024-01-07,Loyal Customer
C011420,Manish Rao,Female,46,Bhopal,Madhya Pradesh,2024-11-07,New Customer
C011421,Neha Chavan,Male,62,Pune,Maharashtra,2024-01-17,Occasional Customer
C011422,Sonia Sharma,Male,30,Mysuru,Karnataka,2024-04-28,Occasional Customer
C011423,Nikhil Patil,Male,39,Delhi,Delhi,2025-02-05,New Customer
C011424,Riya Menon,Male,48,Nagpur,Maharashtra,2024-01-10,Regular Customer
C011425,Divya Mehta,Female,24,Hyderabad,Telangana,2024-01-03,Loyal Customer
C011426,Akash Menon,Male,65,Warangal,Telangana,2024-02-05,Regular Customer
C011427,Aditya Shah,Male,65,Lucknow,Uttar Pradesh,2024-01-21,Regular Customer
C011428,Aditya Verma,Female,43,Bhopal,Madhya Pradesh,2024-02-10,Loyal Customer
C011429,Harsh Iyer,Female,48,Ahmedabad,Gujarat,2024-03-17,Occasional Customer
C011430,Ananya Iyer,Male,55,Ahmedabad,Gujarat,2024-02-07,Occasional Customer
C011431,Aniket Joshi,Male,55,Lucknow,Uttar Pradesh,2024-01-01,Regular Customer
C011432,Nikhil Menon,Female,21,Chennai,Tamil Nadu,2024-01-25,Occasional Customer
C011433,Sakshi Pawar,Male,52,Indore,Madhya Pradesh,2024-01-28,Loyal Customer
C011434,Sneha Pawar,Female,50,Vadodara,Gujarat,2024-06-21,Occasional Customer
C011435,Aarav Reddy,Male,20,Chennai,Tamil Nadu,2024-01-06,Regular Customer
C011436,Vivek Yadav,Female,36,Ahmedabad,Gujarat,2024-09-19,Occasional Customer
C011437,Rohan Kulkarni,Male,26,Chennai,Tamil Nadu,2024-01-03,Loyal Customer
C011438,Deepak Deshmukh,Female,63,Lucknow,Uttar Pradesh,2025-03-10,New Customer
C011439,Akash Gaikwad,Male,36,Surat,Gujarat,2024-02-18,Occasional Customer
C011440,Neha Nair,Male,36,Hyderabad,Telangana,2024-01-09,Occasional Customer
C011441,Rahul Gaikwad,Male,43,Ahmedabad,Gujarat,2024-07-28,Occasional Customer
C011442,Sameer Bhosale,Female,30,Latur,Maharashtra,2024-04-07,Occasional Customer
C011443,Gaurav Nair,Female,39,Lucknow,Uttar Pradesh,2024-07-25,Occasional Customer
C011444,Karan Jadhav,Male,65,Lucknow,Uttar Pradesh,2024-01-05,Loyal Customer
C011445,Sonia Chavan,Male,25,Nashik,Maharashtra,2024-01-22,Regular Customer
C011446,Ananya Kulkarni,Female,41,Lucknow,Uttar Pradesh,2024-01-17,Loyal Customer
C011447,Ayush Kadam,Female,43,Bengaluru,Karnataka,2024-03-09,Occasional Customer
C011448,Ananya Nair,Female,65,Jaipur,Rajasthan,2024-02-08,Occasional Customer
C011449,Harsh Singh,Female,58,Nashik,Maharashtra,2024-01-15,Regular Customer
C011450,Arjun Yadav,Male,58,Latur,Maharashtra,2024-03-01,Loyal Customer
C011451,Aditya Pawar,Male,20,Warangal,Telangana,2024-03-06,Regular Customer
C011452,Arjun Gaikwad,Male,24,Jaipur,Rajasthan,2024-01-04,Regular Customer
C011453,Aniket Joshi,Female,19,Aurangabad,Maharashtra,2024-08-29,Occasional Customer
C011454,Divya Reddy,Male,50,Patna,Bihar,2024-04-04,Loyal Customer
C011455,Pooja Deshmukh,Male,29,Vadodara,Gujarat,2024-01-01,Occasional Customer
C011456,Deepak Thakur,Male,65,Mysuru,Karnataka,2024-01-27,Regular Customer
C011457,Sakshi Kulkarni,Female,29,Ahmedabad,Gujarat,2024-02-03,Regular Customer
C011458,Kavita More,Male,27,Surat,Gujarat,2024-07-14,Occasional Customer
C011459,Aarav Singh,Male,58,Hyderabad,Telangana,2024-02-25,Occasional Customer
C011460,Nikhil Patil,Female,44,Kanpur,Uttar Pradesh,2024-11-09,Occasional Customer
C011461,Manish Patil,Male,35,Latur,Maharashtra,2024-01-09,Loyal Customer
C011462,Rahul Kadam,Male,21,Hyderabad,Telangana,2024-01-03,Loyal Customer
C011463,Akash Pawar,Female,57,Aurangabad,Maharashtra,2024-01-17,Regular Customer
C011464,Aarav Verma,Female,40,Patna,Bihar,2024-01-01,Regular Customer
C011465,Aarav Sharma,Female,38,Bhopal,Madhya Pradesh,2024-01-01,Loyal Customer
C011466,Deepak Gaikwad,Male,53,Chennai,Tamil Nadu,2024-07-04,Occasional Customer
C011467,Ayush Sharma,Female,47,Latur,Maharashtra,2024-01-05,Regular Customer
C011468,Sameer Singh,Female,65,Mumbai,Maharashtra,2024-01-23,Occasional Customer
C011469,Neha Mehta,Male,38,Nashik,Maharashtra,2024-03-13,Regular Customer
C011470,Divya Mishra,Female,40,Lucknow,Uttar Pradesh,2024-01-16,Regular Customer
C011471,Aditya Pawar,Female,38,Chennai,Tamil Nadu,2024-01-12,Loyal Customer
C011472,Aniket Reddy,Female,25,Kolkata,West Bengal,2024-03-12,Loyal Customer
C011473,Nikhil Yadav,Female,56,Nagpur,Maharashtra,2024-02-15,Occasional Customer
C011474,Ananya Gupta,Female,30,Kanpur,Uttar Pradesh,2024-01-13,Regular Customer
C011475,Aniket Kadam,Female,57,Warangal,Telangana,2024-01-09,Loyal Customer
C011476,Akash Mishra,Female,39,Delhi,Delhi,2024-01-05,Loyal Customer
C011477,Rahul Kumar,Male,24,Jaipur,Rajasthan,2024-02-12,Loyal Customer
C011478,Amit Shah,Female,41,Bengaluru,Karnataka,2024-02-13,Regular Customer
C011479,Divya Mehta,Male,22,Nagpur,Maharashtra,2024-01-01,Loyal Customer
C011480,Ananya Singh,Male,43,Aurangabad,Maharashtra,2024-02-27,Regular Customer
C011481,Isha Nair,Female,27,Kanpur,Uttar Pradesh,2024-01-09,Loyal Customer
C011482,Sonia Singh,Female,28,Surat,Gujarat,2024-01-27,Regular Customer
C011483,Sakshi Pawar,Male,57,Kolkata,West Bengal,2024-06-23,New Customer
C011484,Kavita Jadhav,Male,55,Latur,Maharashtra,2024-01-03,Regular Customer
C011485,Sneha Banerjee,Male,28,Nashik,Maharashtra,2024-05-27,Occasional Customer
C011486,Isha Sharma,Female,65,Warangal,Telangana,2024-01-23,Regular Customer
C011487,Nikhil Patil,Male,47,Lucknow,Uttar Pradesh,2024-01-11,Occasional Customer
C011488,Vivek Gupta,Female,21,Aurangabad,Maharashtra,2024-05-13,Regular Customer
C011489,Vikas Das,Female,19,Ahmedabad,Gujarat,2024-01-24,Occasional Customer
C011490,Akash Das,Male,30,Jaipur,Rajasthan,2024-02-08,Loyal Customer
C011491,Vivek Sawant,Male,56,Mumbai,Maharashtra,2024-02-04,Occasional Customer
C011492,Vivek Sawant,Male,34,Ahmedabad,Gujarat,2024-04-22,Loyal Customer
C011493,Akash Kadam,Female,40,Vadodara,Gujarat,2024-03-02,Regular Customer
C011494,Rahul Pawar,Female,62,Delhi,Delhi,2024-06-10,Regular Customer
C011495,Neha Verma,Female,27,Patna,Bihar,2024-01-01,Regular Customer
C011496,Ananya Singh,Female,30,Warangal,Telangana,2024-02-01,Occasional Customer
C011497,Akash Yadav,Male,59,Warangal,Telangana,2025-03-13,New Customer
C011498,Aniket Shah,Male,56,Surat,Gujarat,2025-02-17,New Customer
C011499,Amit Shah,Female,59,Ahmedabad,Gujarat,2026-07-15,New Customer
C011500,Vivek Chavan,Female,46,Nagpur,Maharashtra,2024-11-05,Occasional Customer
C011501,Isha Kumar,Female,33,Nashik,Maharashtra,2024-02-24,Regular Customer
C011502,Rahul Gupta,Female,20,Kanpur,Uttar Pradesh,2024-02-06,Loyal Customer
C011503,Sneha Gaikwad,Male,53,Kolkata,West Bengal,2024-02-11,Regular Customer
C011504,Sameer Thakur,Male,21,Kolkata,West Bengal,2024-02-23,Regular Customer
C011505,Akash Rao,Female,53,Patna,Bihar,2024-03-23,Regular Customer
C011506,Manish Deshmukh,Female,33,Ahmedabad,Gujarat,2024-01-02,Loyal Customer
C011507,Deepak Joshi,Male,58,Bengaluru,Karnataka,2025-04-26,Occasional Customer
C011508,Divya Jadhav,Male,23,Mysuru,Karnataka,2024-01-26,Loyal Customer
C011509,Anjali Banerjee,Male,59,Chennai,Tamil Nadu,2024-01-22,Regular Customer
C011510,Karan Shinde,Male,45,Surat,Gujarat,2024-01-01,Loyal Customer
C011511,Sameer Gaikwad,Female,53,Mumbai,Maharashtra,2024-02-03,Occasional Customer
C011512,Aditi Kadam,Other,40,Surat,Gujarat,2024-02-28,Regular Customer
C011513,Aditi Kumar,Female,29,Surat,Gujarat,2024-01-16,Occasional Customer
C011514,Vivek Yadav,Female,59,Warangal,Telangana,2024-02-03,Regular Customer
C011515,Sameer Banerjee,Female,48,Jaipur,Rajasthan,2024-01-04,Occasional Customer
C011516,Vivek Rao,Male,29,Surat,Gujarat,2024-01-02,Regular Customer
C011517,Riya Menon,Other,49,Mumbai,Maharashtra,2024-01-03,Loyal Customer
C011518,Sneha Mehta,Male,42,Jaipur,Rajasthan,2024-01-10,Regular Customer
C011519,Akash Mishra,Female,46,Bhopal,Madhya Pradesh,2024-01-06,Loyal Customer
C011520,Kavita Deshmukh,Female,36,Hyderabad,Telangana,2024-01-03,Loyal Customer
C011521,Rahul Reddy,Male,39,Kolkata,West Bengal,2024-01-09,Loyal Customer
C011522,Deepak Kumar,Female,41,Indore,Madhya Pradesh,2024-05-20,Regular Customer
C011523,Kavita Mehta,Male,50,Lucknow,Uttar Pradesh,2024-03-06,Regular Customer
C011524,Neha Nair,Male,53,Ahmedabad,Gujarat,2024-01-04,Regular Customer
C011525,Manish Verma,Male,62,Bengaluru,Karnataka,2024-02-24,Occasional Customer
C011526,Gaurav Menon,Female,57,Kolkata,West Bengal,2024-03-11,Occasional Customer
C011527,Manish Reddy,Female,63,Nagpur,Maharashtra,2024-01-19,Occasional Customer
C011528,Aniket Sawant,Male,33,Mumbai,Maharashtra,2024-02-17,Regular Customer
C011529,Deepak Jadhav,Male,19,Jaipur,Rajasthan,2024-04-03,Loyal Customer
C011530,Isha Menon,Female,25,Warangal,Telangana,2024-04-12,Occasional Customer
C011531,Aniket Sawant,Male,30,Ahmedabad,Gujarat,2025-01-21,Regular Customer
C011532,Pooja Bhosale,Female,47,Warangal,Telangana,2024-01-09,Regular Customer
C011533,Gaurav Bhosale,Female,18,Indore,Madhya Pradesh,2024-04-21,Occasional Customer
C011534,Gaurav Deshmukh,Male,29,Vadodara,Gujarat,2024-02-25,Regular Customer
C011535,Karan Sharma,Male,24,Surat,Gujarat,2024-01-08,Occasional Customer
C011536,Karan Kulkarni,Female,65,Patna,Bihar,2024-10-28,Occasional Customer
C011537,Deepak Gupta,Male,31,Patna,Bihar,2025-06-24,New Customer
C011538,Karan Shah,Male,59,Hyderabad,Telangana,2024-01-18,Loyal Customer
C011539,Gaurav Sawant,Male,52,Kolkata,West Bengal,2024-01-17,Loyal Customer
C011540,Karan Das,Male,45,Jaipur,Rajasthan,2024-02-28,Regular Customer
C011541,Sakshi Sawant,Female,29,Lucknow,Uttar Pradesh,2024-09-18,New Customer
C011542,Sakshi Rao,Female,57,Latur,Maharashtra,2024-01-01,Loyal Customer
C011543,Riya Patil,Female,65,Mumbai,Maharashtra,2024-01-07,Regular Customer
C011544,Kavita Banerjee,Male,41,Chennai,Tamil Nadu,2024-02-24,Occasional Customer
C011545,Aditi Shinde,Male,18,Bhopal,Madhya Pradesh,2024-01-04,Loyal Customer
C011546,Aditya Sawant,Male,34,Jaipur,Rajasthan,2024-01-03,Regular Customer
C011547,Vikas Mehta,Female,55,Chennai,Tamil Nadu,2024-04-20,Regular Customer
C011548,Rohan Singh,Male,45,Kanpur,Uttar Pradesh,2024-10-26,Occasional Customer
C011549,Neha Gupta,Female,50,Ahmedabad,Gujarat,2024-01-07,Occasional Customer
C011550,Ananya Reddy,Male,41,Warangal,Telangana,2024-01-11,Occasional Customer
C011551,Deepak Iyer,Female,64,Vadodara,Gujarat,2024-01-05,Loyal Customer
C011552,Aditi Gupta,Female,62,Mumbai,Maharashtra,2024-01-20,Loyal Customer
C011553,Aarav Patil,Male,23,Patna,Bihar,2024-02-26,Regular Customer
C011554,Ayush Gaikwad,Female,38,Hyderabad,Telangana,2024-01-01,Loyal Customer
C011555,Aniket Kadam,Male,62,Kolkata,West Bengal,2024-01-21,Regular Customer
C011556,Manish Patil,Female,21,Vadodara,Gujarat,2024-01-14,Occasional Customer
C011557,Sneha Banerjee,Male,50,Ahmedabad,Gujarat,2024-01-04,Occasional Customer
C011558,Rahul Mishra,Male,27,Ahmedabad,Gujarat,2025-02-12,Occasional Customer
C011559,Harsh Iyer,Male,53,Bengaluru,Karnataka,2024-02-03,Loyal Customer
C011560,Kavita Verma,Female,30,Kolkata,West Bengal,2024-03-07,Regular Customer
C011561,Sonia Pawar,Female,53,Nashik,Maharashtra,2024-07-22,Regular Customer
C011562,Kavita Kadam,Male,65,Ahmedabad,Gujarat,2024-08-17,Regular Customer
C011563,Rahul Nair,Female,26,Chennai,Tamil Nadu,2024-01-04,Loyal Customer
C011564,Aditi Kumar,Male,48,Aurangabad,Maharashtra,2024-02-13,Loyal Customer
C011565,Aniket Kulkarni,Male,21,Hyderabad,Telangana,2024-04-10,Occasional Customer
C011566,Isha Pawar,Female,37,Warangal,Telangana,2024-03-02,Occasional Customer
C011567,Vikas Joshi,Male,25,Aurangabad,Maharashtra,2024-04-01,Regular Customer
C011568,Riya Chavan,Female,44,Bengaluru,Karnataka,2024-01-07,Regular Customer
C011569,Aditya Nair,Male,53,Surat,Gujarat,2024-01-14,Regular Customer
C011570,Aniket Yadav,Male,26,Chennai,Tamil Nadu,2024-01-06,Loyal Customer
C011571,Aniket Mehta,Male,60,Nashik,Maharashtra,2024-01-01,Regular Customer
C011572,Pooja Shah,Female,41,Kanpur,Uttar Pradesh,2024-01-11,Regular Customer
C011573,Aarav Patil,Female,54,Warangal,Telangana,2024-01-06,Occasional Customer
C011574,Vivek Gaikwad,Male,58,Indore,Madhya Pradesh,2024-01-03,Occasional Customer
C011575,Aniket Singh,Female,57,Warangal,Telangana,2024-02-04,Occasional Customer
C011576,Riya Kulkarni,Female,47,Patna,Bihar,2025-06-01,Regular Customer
C011577,Vivek Sawant,Male,43,Mumbai,Maharashtra,2024-02-14,New Customer
C011578,Aarav Singh,Male,21,Kanpur,Uttar Pradesh,2024-01-07,Occasional Customer
C011579,Anjali Rao,Male,18,Pune,Maharashtra,2024-01-02,Regular Customer
C011580,Sneha Kumar,Male,37,Nashik,Maharashtra,2025-12-03,Occasional Customer
C011581,Sneha Chavan,Female,45,Patna,Bihar,2024-01-25,Loyal Customer
C011582,Ananya Gaikwad,Male,62,Mumbai,Maharashtra,2025-01-28,New Customer
C011583,Sneha Joshi,Male,41,Hyderabad,Telangana,2024-01-08,Occasional Customer
C011584,Divya Kumar,Male,45,Mumbai,Maharashtra,2024-02-07,Regular Customer
C011585,Sneha Gaikwad,Male,45,Bengaluru,Karnataka,2024-02-03,Regular Customer
C011586,Aditi Jadhav,Female,22,Nagpur,Maharashtra,2024-03-13,Regular Customer
C011587,Amit Shah,Female,49,Chennai,Tamil Nadu,2024-01-24,Loyal Customer
C011588,Anjali Shah,Male,47,Lucknow,Uttar Pradesh,2024-04-14,New Customer
C011589,Rahul More,Male,38,Kolkata,West Bengal,2024-01-19,Regular Customer
C011590,Vikas Kumar,Male,59,Vadodara,Gujarat,2024-03-29,New Customer
C011591,Harsh Rao,Female,33,Jaipur,Rajasthan,2024-07-31,New Customer
C011592,Neha Nair,Male,25,Mysuru,Karnataka,2024-01-24,Loyal Customer
C011593,Sonia Singh,Male,29,Vadodara,Gujarat,2024-06-05,Regular Customer
C011594,Pooja Sawant,Male,49,Latur,Maharashtra,2024-08-10,Occasional Customer
C011595,Aniket Singh,Male,42,Indore,Madhya Pradesh,2024-05-12,Occasional Customer
C011596,Pooja Iyer,Male,20,Patna,Bihar,2024-06-16,Regular Customer
C011597,Vivek More,Female,43,Vadodara,Gujarat,2024-01-01,Regular Customer
C011598,Harsh Nair,Female,53,Indore,Madhya Pradesh,2024-05-22,Occasional Customer
C011599,Aarav Bhosale,Male,34,Patna,Bihar,2024-01-21,Occasional Customer
C011600,Sneha Bhosale,Female,44,Lucknow,Uttar Pradesh,2024-01-01,Occasional Customer
C011601,Gaurav More,Female,39,Bhopal,Madhya Pradesh,2024-01-21,Loyal Customer
C011602,Sneha Singh,Male,62,Delhi,Delhi,2024-02-12,Occasional Customer
C011603,Aniket Banerjee,Male,55,Hyderabad,Telangana,2024-07-19,Regular Customer
C011604,Sakshi Yadav,Male,52,Mysuru,Karnataka,2024-04-14,Regular Customer
C011605,Arjun Shah,Female,63,Hyderabad,Telangana,2024-02-22,Loyal Customer
C011606,Aarav Reddy,Female,24,Aurangabad,Maharashtra,2024-08-07,Occasional Customer
C011607,Riya Gaikwad,Male,20,Chennai,Tamil Nadu,2024-10-22,Regular Customer
C011608,Aditi Nair,Male,23,Jaipur,Rajasthan,2024-01-15,Regular Customer
C011609,Sakshi Thakur,Female,30,Patna,Bihar,2024-03-03,Occasional Customer
C011610,Amit Rao,Male,63,Bhopal,Madhya Pradesh,2024-02-13,Loyal Customer
C011611,Riya Joshi,Female,32,Nagpur,Maharashtra,2024-06-08,Occasional Customer
C011612,Aditya Reddy,Male,43,Kanpur,Uttar Pradesh,2024-01-24,Occasional Customer
C011613,Akash Kulkarni,Female,65,Kolkata,West Bengal,2024-01-09,Regular Customer
C011614,Ananya Singh,Female,50,Aurangabad,Maharashtra,2024-01-09,Regular Customer
C011615,Sameer Yadav,Male,32,Ahmedabad,Gujarat,2024-04-01,Occasional Customer
C011616,Aditya Pawar,Female,56,Lucknow,Uttar Pradesh,2025-07-28,Occasional Customer
C011617,Manish Chavan,Male,58,Chennai,Tamil Nadu,2024-02-25,Regular Customer
C011618,Ananya Iyer,Male,64,Patna,Bihar,2024-01-19,Occasional Customer
C011619,Arjun Rao,Female,31,Aurangabad,Maharashtra,2024-01-16,Occasional Customer
C011620,Riya Kumar,Male,36,Latur,Maharashtra,2024-06-18,New Customer
C011621,Riya Gaikwad,Female,45,Hyderabad,Telangana,2024-12-25,Occasional Customer
C011622,Ayush Gupta,Male,41,Mysuru,Karnataka,2024-02-04,Loyal Customer
C011623,Ayush Sawant,Female,58,Jaipur,Rajasthan,2024-10-27,Occasional Customer
C011624,Sonia Mehta,Male,50,Warangal,Telangana,2024-02-12,Occasional Customer
C011625,Arjun Kulkarni,Female,29,Bengaluru,Karnataka,2024-06-18,Occasional Customer
C011626,Sakshi Kulkarni,Male,27,Nashik,Maharashtra,2024-01-29,Regular Customer
C011627,Gaurav Banerjee,Male,24,Patna,Bihar,2024-03-04,Occasional Customer
C011628,Vikas Singh,Male,63,Patna,Bihar,2024-02-08,Regular Customer
C011629,Aniket Deshmukh,Male,18,Warangal,Telangana,2024-01-02,Occasional Customer
C011630,Manish Mishra,Male,32,Hyderabad,Telangana,2024-03-07,Occasional Customer
C011631,Karan Shinde,Male,18,Kolkata,West Bengal,2024-02-12,Loyal Customer
C011632,Amit Verma,Other,62,Patna,Bihar,2024-01-01,Regular Customer
C011633,Aditi Yadav,Male,37,Nagpur,Maharashtra,2024-01-31,Regular Customer
C011634,Karan Kulkarni,Female,19,Indore,Madhya Pradesh,2024-02-04,Occasional Customer
C011635,Akash Joshi,Female,20,Delhi,Delhi,2024-01-21,Loyal Customer
C011636,Aditi Banerjee,Male,53,Bengaluru,Karnataka,2024-05-05,Occasional Customer
C011637,Gaurav Pawar,Female,33,Aurangabad,Maharashtra,2024-01-28,Regular Customer
C011638,Aditya Menon,Female,46,Mysuru,Karnataka,2024-02-14,Occasional Customer
C011639,Riya Das,Male,61,Kolkata,West Bengal,2026-02-12,Occasional Customer
C011640,Aditya Joshi,Female,53,Surat,Gujarat,2024-01-02,Loyal Customer
C011641,Harsh Shah,Male,61,Nashik,Maharashtra,2024-08-11,Occasional Customer
C011642,Divya Thakur,Female,56,Patna,Bihar,2024-06-03,Occasional Customer
C011643,Rohan Jadhav,Male,20,Kanpur,Uttar Pradesh,2024-01-17,Loyal Customer
C011644,Isha Shah,Male,54,Pune,Maharashtra,2024-01-03,Regular Customer
C011645,Sakshi Patil,Female,61,Chennai,Tamil Nadu,2024-01-14,Loyal Customer
C011646,Rahul Kumar,Male,29,Mumbai,Maharashtra,2024-02-01,Loyal Customer
C011647,Kavita Menon,Male,37,Kanpur,Uttar Pradesh,2024-05-12,Occasional Customer
C011648,Aniket Menon,Male,40,Aurangabad,Maharashtra,2024-03-23,Occasional Customer
C011649,Aniket Iyer,Female,39,Latur,Maharashtra,2024-02-06,Regular Customer
C011650,Deepak Patil,Female,49,Delhi,Delhi,2024-05-26,Regular Customer
C011651,Neha Sharma,Male,24,Warangal,Telangana,2024-09-07,Occasional Customer
C011652,Amit Chavan,Male,39,Hyderabad,Telangana,2024-04-07,Occasional Customer
C011653,Sonia More,Female,61,Nashik,Maharashtra,2024-01-14,Loyal Customer
C011654,Vivek Pawar,Female,19,Latur,Maharashtra,2024-10-13,Occasional Customer
C011655,Divya Thakur,Male,31,Jaipur,Rajasthan,2024-01-07,Regular Customer
C011656,Aniket Singh,Male,33,Kanpur,Uttar Pradesh,2024-02-12,Occasional Customer
C011657,Pooja Patil,Male,41,Kolkata,West Bengal,2024-04-08,Occasional Customer
C011658,Gaurav Gaikwad,Female,24,Surat,Gujarat,2024-07-19,New Customer
C011659,Amit Sawant,Female,21,Chennai,Tamil Nadu,2024-01-21,Loyal Customer
C011660,Kavita Deshmukh,Male,54,Chennai,Tamil Nadu,2024-01-09,Occasional Customer
C011661,Anjali Pawar,Female,63,Jaipur,Rajasthan,2024-03-30,Loyal Customer
C011662,Pooja Shinde,Male,58,Kolkata,West Bengal,2024-04-23,Occasional Customer
C011663,Deepak Rao,Male,22,Ahmedabad,Gujarat,2024-01-10,Regular Customer
C011664,Rohan Thakur,Female,19,Delhi,Delhi,2024-02-16,Regular Customer
C011665,Aarav Mishra,Female,22,Indore,Madhya Pradesh,2024-01-06,Loyal Customer
C011666,Isha Deshmukh,Female,20,Patna,Bihar,2024-01-01,Regular Customer
C011667,Sneha Joshi,Male,59,Kolkata,West Bengal,2024-02-10,Occasional Customer
C011668,Nikhil Verma,Male,25,Surat,Gujarat,2024-07-14,Occasional Customer
C011669,Ayush Gupta,Female,43,Mysuru,Karnataka,2024-03-13,Occasional Customer
C011670,Ananya Jadhav,Female,27,Chennai,Tamil Nadu,2026-03-01,New Customer
C011671,Manish Chavan,Male,51,Jaipur,Rajasthan,2025-03-25,New Customer
C011672,Aditi Kulkarni,Male,63,Kolkata,West Bengal,2024-01-18,Regular Customer
C011673,Rahul Deshmukh,Female,53,Mysuru,Karnataka,2024-01-19,Regular Customer
C011674,Harsh Verma,Female,29,Nashik,Maharashtra,2024-02-18,Regular Customer
C011675,Manish Sharma,Female,37,Bengaluru,Karnataka,2024-02-08,Regular Customer
C011676,Nikhil Iyer,Female,46,Patna,Bihar,2024-06-19,New Customer
C011677,Ananya Iyer,Male,31,Kanpur,Uttar Pradesh,2024-03-27,Occasional Customer
C011678,Vivek Chavan,Female,65,Bengaluru,Karnataka,2024-06-05,Regular Customer
C011679,Divya Patil,Female,22,Patna,Bihar,2024-01-11,Regular Customer
C011680,Amit Singh,Male,65,Kanpur,Uttar Pradesh,2024-01-27,Occasional Customer
C011681,Akash Rao,Female,44,Delhi,Delhi,2024-01-01,Regular Customer
C011682,Anjali Sharma,Female,21,Delhi,Delhi,2024-02-18,Loyal Customer
C011683,Gaurav Sharma,Male,46,Hyderabad,Telangana,2024-01-03,Loyal Customer
C011684,Neha Patil,Female,20,Patna,Bihar,2024-06-13,Regular Customer
C011685,Sneha Gaikwad,Female,50,Mysuru,Karnataka,2024-05-08,Occasional Customer
C011686,Sakshi Mehta,Female,47,Nashik,Maharashtra,2025-01-12,Occasional Customer
C011687,Akash Mishra,Female,53,Aurangabad,Maharashtra,2024-02-07,Occasional Customer
C011688,Anjali Menon,Male,26,Aurangabad,Maharashtra,2024-03-31,Occasional Customer
C011689,Pooja Patil,Female,18,Delhi,Delhi,2024-01-02,Loyal Customer
C011690,Neha Gupta,Male,65,Bengaluru,Karnataka,2024-01-15,Regular Customer
C011691,Aditya Sharma,Female,40,Jaipur,Rajasthan,2024-01-23,Regular Customer
C011692,Pooja Banerjee,Male,20,Bengaluru,Karnataka,2024-01-05,Regular Customer
C011693,Vivek Yadav,Male,49,Vadodara,Gujarat,2024-01-25,Regular Customer
C011694,Vivek Mehta,Male,41,Nashik,Maharashtra,2024-07-13,Regular Customer
C011695,Pooja Gaikwad,Male,23,Pune,Maharashtra,2024-05-01,Loyal Customer
C011696,Ayush Rao,Male,30,Surat,Gujarat,2024-01-07,Occasional Customer
C011697,Nikhil Gaikwad,Male,32,Nagpur,Maharashtra,2024-01-14,Regular Customer
C011698,Isha Kumar,Female,47,Bhopal,Madhya Pradesh,2024-02-19,Occasional Customer
C011699,Rohan Joshi,Female,29,Patna,Bihar,2024-01-11,Regular Customer
C011700,Rahul Yadav,Female,57,Latur,Maharashtra,2024-07-31,New Customer
C011701,Nikhil More,Female,65,Delhi,Delhi,2024-01-10,New Customer
C011702,Divya Reddy,Female,52,Patna,Bihar,2024-01-07,Occasional Customer
C011703,Isha Yadav,Male,45,Bhopal,Madhya Pradesh,2024-02-19,Regular Customer
C011704,Vivek Singh,Female,21,Chennai,Tamil Nadu,2024-04-18,Occasional Customer
C011705,Amit Thakur,Female,24,Aurangabad,Maharashtra,2026-06-25,New Customer
C011706,Manish Singh,Male,64,Bengaluru,Karnataka,2024-01-28,Regular Customer
C011707,Divya Joshi,Female,60,Kanpur,Uttar Pradesh,2024-01-17,Regular Customer
C011708,Amit Sawant,Male,33,Bhopal,Madhya Pradesh,2024-06-04,Regular Customer
C011709,Pooja Iyer,Female,39,Lucknow,Uttar Pradesh,2024-06-23,Regular Customer
C011710,Ananya Gaikwad,Female,63,Nagpur,Maharashtra,2024-02-11,New Customer
C011711,Arjun Singh,Female,62,Bengaluru,Karnataka,2024-01-10,Loyal Customer
C011712,Ananya Kadam,Male,58,Nashik,Maharashtra,2024-02-24,Regular Customer
C011713,Rohan Sharma,Male,42,Indore,Madhya Pradesh,2024-02-10,Occasional Customer
C011714,Harsh Das,Female,20,Indore,Madhya Pradesh,2024-03-17,New Customer
C011715,Ayush Jadhav,Male,39,Pune,Maharashtra,2024-05-12,Occasional Customer
C011716,Aditi Thakur,Male,48,Bengaluru,Karnataka,2024-07-25,Occasional Customer
C011717,Harsh Nair,Female,54,Bengaluru,Karnataka,2024-01-01,Loyal Customer
C011718,Vikas Gupta,Female,39,Aurangabad,Maharashtra,2024-03-06,Loyal Customer
C011719,Sonia Joshi,Male,44,Kolkata,West Bengal,2024-03-17,Regular Customer
C011720,Gaurav Jadhav,Male,19,Kolkata,West Bengal,2024-01-25,Loyal Customer
C011721,Sneha Reddy,Female,39,Nagpur,Maharashtra,2024-01-08,Regular Customer
C011722,Divya Shinde,Male,34,Lucknow,Uttar Pradesh,2024-01-15,Loyal Customer
C011723,Gaurav Bhosale,Male,65,Nagpur,Maharashtra,2024-01-27,Occasional Customer
C011724,Vikas Bhosale,Female,37,Latur,Maharashtra,2024-10-02,New Customer
C011725,Isha Iyer,Female,41,Nashik,Maharashtra,2025-02-04,New Customer
C011726,Isha Thakur,Female,62,Ahmedabad,Gujarat,2024-01-05,Regular Customer
C011727,Gaurav Thakur,Male,48,Ahmedabad,Gujarat,2024-01-05,Occasional Customer
C011728,Divya Chavan,Female,60,Delhi,Delhi,2024-01-26,Occasional Customer
C011729,Deepak Rao,Female,25,Aurangabad,Maharashtra,2024-01-01,Regular Customer
C011730,Gaurav Jadhav,Female,22,Mumbai,Maharashtra,2024-04-04,Loyal Customer
C011731,Rohan Verma,Male,19,Bengaluru,Karnataka,2024-01-29,Loyal Customer
C011732,Aniket Joshi,Other,21,Indore,Madhya Pradesh,2024-08-03,New Customer
C011733,Aniket Nair,Female,52,Vadodara,Gujarat,2024-01-12,Occasional Customer
C011734,Aniket Mehta,Female,51,Mumbai,Maharashtra,2024-03-02,Regular Customer
C011735,Aniket Mishra,Male,20,Nagpur,Maharashtra,2024-01-13,Regular Customer
C011736,Rohan Rao,Female,65,Kolkata,West Bengal,2024-02-27,Regular Customer
C011737,Sameer Shah,Female,37,Patna,Bihar,2024-01-02,Regular Customer
C011738,Divya Singh,Female,26,Mysuru,Karnataka,2024-02-01,Occasional Customer
C011739,Isha Gupta,Male,23,Warangal,Telangana,2024-01-29,Regular Customer
C011740,Sonia Menon,Male,64,Chennai,Tamil Nadu,2024-01-20,Loyal Customer
C011741,Sameer Bhosale,Male,22,Vadodara,Gujarat,2024-01-18,Occasional Customer
C011742,Divya Reddy,Male,58,Kolkata,West Bengal,2024-02-15,Regular Customer
C011743,Ayush Shinde,Female,55,Bengaluru,Karnataka,2024-01-30,Regular Customer
C011744,Gaurav Jadhav,Male,52,Mysuru,Karnataka,2024-01-04,Loyal Customer
C011745,Karan Kulkarni,Male,48,Kanpur,Uttar Pradesh,2024-01-02,New Customer
C011746,Manish Reddy,Male,30,Bengaluru,Karnataka,2024-01-23,Occasional Customer
C011747,Isha Sawant,Male,43,Kolkata,West Bengal,2024-01-14,Regular Customer
C011748,Vikas Banerjee,Female,39,Patna,Bihar,2024-05-19,Occasional Customer
C011749,Sakshi Mishra,Female,49,Patna,Bihar,2024-01-07,Loyal Customer
C011750,Nikhil Bhosale,Female,32,Mumbai,Maharashtra,2024-01-02,Regular Customer
C011751,Aditi Shinde,Male,28,Pune,Maharashtra,2024-02-20,Regular Customer
C011752,Aniket Chavan,Female,33,Lucknow,Uttar Pradesh,2024-04-23,Regular Customer
C011753,Manish Singh,Male,64,Surat,Gujarat,2024-03-21,Regular Customer
C011754,Ananya Rao,Male,23,Warangal,Telangana,2024-01-03,Loyal Customer
C011755,Gaurav Kumar,Female,63,Latur,Maharashtra,2024-02-12,Occasional Customer
C011756,Kavita Bhosale,Female,28,Chennai,Tamil Nadu,2025-06-05,New Customer
C011757,Ananya Thakur,Male,27,Kolkata,West Bengal,2024-11-10,Occasional Customer
C011758,Aarav Nair,Male,33,Surat,Gujarat,2024-10-10,Regular Customer
C011759,Aniket Gaikwad,Female,29,Patna,Bihar,2024-01-05,Occasional Customer
C011760,Neha Rao,Female,24,Mumbai,Maharashtra,2024-09-07,Regular Customer
C011761,Ananya More,Male,56,Delhi,Delhi,2024-01-16,Regular Customer
C011762,Rohan Rao,Female,44,Nagpur,Maharashtra,2024-01-02,Regular Customer
C011763,Neha Menon,Female,41,Lucknow,Uttar Pradesh,2024-02-20,Regular Customer
C011764,Amit Reddy,Male,32,Bhopal,Madhya Pradesh,2024-01-16,Loyal Customer
C011765,Gaurav Mehta,Male,23,Kanpur,Uttar Pradesh,2024-01-24,Occasional Customer
C011766,Sameer Das,Male,36,Pune,Maharashtra,2024-03-19,Loyal Customer
C011767,Aniket Jadhav,Female,25,Hyderabad,Telangana,2024-05-19,Occasional Customer
C011768,Harsh Chavan,Male,64,Warangal,Telangana,2024-03-14,Occasional Customer
C011769,Isha Joshi,Other,53,Lucknow,Uttar Pradesh,2024-02-11,Occasional Customer
C011770,Sonia Iyer,Female,30,Vadodara,Gujarat,2024-03-02,Loyal Customer
C011771,Amit Menon,Male,50,Kolkata,West Bengal,2024-01-19,Occasional Customer
C011772,Vivek Yadav,Male,49,Mysuru,Karnataka,2025-11-19,New Customer
C011773,Deepak Shah,Female,45,Vadodara,Gujarat,2024-09-14,Occasional Customer
C011774,Vivek Menon,Male,57,Mumbai,Maharashtra,2024-12-05,New Customer
C011775,Nikhil Verma,Female,27,Latur,Maharashtra,2024-02-12,Regular Customer
C011776,Rohan Reddy,Male,50,Ahmedabad,Gujarat,2024-02-05,New Customer
C011777,Vikas Patil,Male,18,Surat,Gujarat,2024-05-30,Occasional Customer
C011778,Rahul Kulkarni,Female,38,Nagpur,Maharashtra,2024-01-03,Regular Customer
C011779,Sameer Deshmukh,Male,22,Delhi,Delhi,2024-01-13,Regular Customer
C011780,Aditya Sharma,Female,18,Nagpur,Maharashtra,2024-01-29,Regular Customer
C011781,Aarav Kumar,Male,38,Lucknow,Uttar Pradesh,2024-02-28,Loyal Customer
C011782,Sonia Mishra,Female,42,Mysuru,Karnataka,2024-01-17,Occasional Customer
C011783,Aditi Chavan,Female,37,Kolkata,West Bengal,2024-01-01,Regular Customer
C011784,Sonia Deshmukh,Female,62,Delhi,Delhi,2024-01-31,Regular Customer
C011785,Deepak Kumar,Female,26,Kolkata,West Bengal,2024-01-31,Regular Customer
C011786,Vikas Kadam,Male,33,Ahmedabad,Gujarat,2024-02-19,Regular Customer
C011787,Aniket Iyer,Male,45,Aurangabad,Maharashtra,2024-01-15,Regular Customer
C011788,Amit Shinde,Male,57,Nashik,Maharashtra,2024-01-27,Occasional Customer
C011789,Ayush Banerjee,Male,63,Ahmedabad,Gujarat,2024-01-18,Regular Customer
C011790,Aditya Kadam,Female,53,Bengaluru,Karnataka,2024-01-04,Regular Customer
C011791,Nikhil Kumar,Male,56,Indore,Madhya Pradesh,2024-02-06,Occasional Customer
C011792,Deepak Mehta,Female,41,Pune,Maharashtra,2024-01-07,Loyal Customer
C011793,Vikas Banerjee,Male,33,Aurangabad,Maharashtra,2024-01-09,Regular Customer
C011794,Isha Yadav,Female,31,Jaipur,Rajasthan,2024-08-11,Occasional Customer
C011795,Deepak Nair,Female,65,Hyderabad,Telangana,2024-01-10,Regular Customer
C011796,Ananya Sawant,Male,51,Mumbai,Maharashtra,2024-01-06,Occasional Customer
C011797,Ayush Kulkarni,Female,41,Chennai,Tamil Nadu,2024-09-02,New Customer
C011798,Sameer Gupta,Male,64,Patna,Bihar,2024-04-17,Regular Customer
C011799,Ananya Singh,Male,28,Delhi,Delhi,2024-02-29,Loyal Customer
C011800,Vikas Jadhav,Female,62,Chennai,Tamil Nadu,2024-06-30,Occasional Customer
C011801,Ananya Bhosale,Male,53,Lucknow,Uttar Pradesh,2024-01-06,Occasional Customer
C011802,Akash Gupta,Female,18,Chennai,Tamil Nadu,2024-01-01,Regular Customer
C011803,Vivek Shah,Male,64,Chennai,Tamil Nadu,2024-02-09,Regular Customer
C011804,Harsh Pawar,Female,29,Surat,Gujarat,2024-06-01,Loyal Customer
C011805,Manish Gupta,Male,38,Pune,Maharashtra,2024-02-26,Regular Customer
C011806,Pooja Yadav,Female,26,Pune,Maharashtra,2024-03-30,Occasional Customer
C011807,Riya More,Female,56,Nashik,Maharashtra,2024-01-07,Regular Customer
C011808,Riya Mishra,Male,20,Kanpur,Uttar Pradesh,2024-06-01,New Customer
C011809,Vikas Joshi,Male,33,Jaipur,Rajasthan,2024-01-23,Occasional Customer
C011810,Akash Rao,Female,21,Mysuru,Karnataka,2024-01-20,Loyal Customer
C011811,Amit Kumar,Male,43,Ahmedabad,Gujarat,2024-02-10,Occasional Customer
C011812,Isha Kulkarni,Female,63,Pune,Maharashtra,2024-01-25,Loyal Customer
C011813,Sakshi Patil,Female,30,Nagpur,Maharashtra,2024-03-01,Regular Customer
C011814,Amit Singh,Female,37,Lucknow,Uttar Pradesh,2024-01-27,New Customer
C011815,Gaurav Yadav,Male,36,Latur,Maharashtra,2024-07-31,New Customer
C011816,Gaurav Yadav,Male,44,Lucknow,Uttar Pradesh,2024-01-04,Regular Customer
C011817,Ananya Menon,Male,19,Patna,Bihar,2024-11-14,Occasional Customer
C011818,Aarav Mehta,Male,27,Kanpur,Uttar Pradesh,2024-02-07,Loyal Customer
C011819,Riya Banerjee,Male,42,Lucknow,Uttar Pradesh,2024-01-01,Loyal Customer
C011820,Divya Kumar,Female,36,Warangal,Telangana,2024-01-01,Loyal Customer
C011821,Isha Mehta,Male,32,Surat,Gujarat,2024-01-12,Occasional Customer
C011822,Neha Pawar,Female,56,Mysuru,Karnataka,2024-01-19,Loyal Customer
C011823,Isha Singh,Female,64,Nagpur,Maharashtra,2024-01-09,Loyal Customer
C011824,Aarav Yadav,Female,41,Latur,Maharashtra,2024-02-17,Regular Customer
C011825,Rahul Mehta,Male,33,Kolkata,West Bengal,2024-01-18,Occasional Customer
C011826,Divya Singh,Female,34,Bhopal,Madhya Pradesh,2024-07-28,Occasional Customer
C011827,Deepak Deshmukh,Male,33,Surat,Gujarat,2024-01-24,Loyal Customer
C011828,Vikas Kadam,Male,35,Lucknow,Uttar Pradesh,2024-01-26,Regular Customer
C011829,Aditya Pawar,Female,21,Mysuru,Karnataka,2024-02-15,Regular Customer
C011830,Amit Shah,Female,19,Kolkata,West Bengal,2024-09-16,Occasional Customer
C011831,Ayush Rao,Male,48,Nashik,Maharashtra,2024-03-17,Occasional Customer
C011832,Gaurav Kumar,Male,19,Pune,Maharashtra,2024-05-03,Regular Customer
C011833,Amit Kulkarni,Male,19,Nagpur,Maharashtra,2024-01-24,New Customer
C011834,Vivek Das,Female,32,Hyderabad,Telangana,2024-03-15,Occasional Customer
C011835,Rahul Shinde,Female,65,Jaipur,Rajasthan,2024-03-08,Regular Customer
C011836,Pooja Chavan,Male,60,Mysuru,Karnataka,2025-04-03,New Customer
C011837,Ayush Nair,Male,46,Lucknow,Uttar Pradesh,2024-06-24,New Customer
C011838,Sameer Das,Female,51,Indore,Madhya Pradesh,2024-03-03,Occasional Customer
C011839,Aditya Kadam,Male,57,Lucknow,Uttar Pradesh,2024-01-17,Regular Customer
C011840,Nikhil Das,Female,49,Aurangabad,Maharashtra,2024-06-19,Occasional Customer
C011841,Karan Sharma,Male,38,Kanpur,Uttar Pradesh,2024-04-18,Occasional Customer
C011842,Nikhil Singh,Male,47,Ahmedabad,Gujarat,2024-01-03,Loyal Customer
C011843,Neha Bhosale,Female,41,Ahmedabad,Gujarat,2024-01-02,Loyal Customer
C011844,Ananya Kadam,Female,61,Delhi,Delhi,2024-01-22,Occasional Customer
C011845,Sonia More,Male,31,Delhi,Delhi,2024-01-12,Loyal Customer
C011846,Aniket Verma,Male,45,Jaipur,Rajasthan,2024-01-07,Loyal Customer
C011847,Arjun Verma,Male,31,Kolkata,West Bengal,2024-01-09,Loyal Customer
C011848,Vikas Kumar,Female,61,Indore,Madhya Pradesh,2024-01-02,Regular Customer
C011849,Aarav Yadav,Female,51,Vadodara,Gujarat,2024-02-25,Occasional Customer
C011850,Deepak Singh,Female,31,Bhopal,Madhya Pradesh,2024-01-17,New Customer
C011851,Ananya Patil,Male,42,Lucknow,Uttar Pradesh,2024-02-10,Loyal Customer
C011852,Pooja Joshi,Female,29,Nashik,Maharashtra,2024-01-04,Occasional Customer
C011853,Riya Sawant,Male,58,Vadodara,Gujarat,2024-01-05,Loyal Customer
C011854,Arjun Thakur,Male,57,Vadodara,Gujarat,2024-01-17,Occasional Customer
C011855,Harsh Chavan,Female,37,Aurangabad,Maharashtra,2024-04-29,Occasional Customer
C011856,Aditi More,Male,65,Hyderabad,Telangana,2024-01-04,Occasional Customer
C011857,Rohan Menon,Male,59,Pune,Maharashtra,2024-01-01,Loyal Customer
C011858,Rahul Thakur,Male,24,Mumbai,Maharashtra,2024-02-05,Regular Customer
C011859,Rahul Deshmukh,Female,32,Chennai,Tamil Nadu,2024-01-08,Loyal Customer
C011860,Deepak Gupta,Female,26,Mysuru,Karnataka,2024-01-04,Loyal Customer
C011861,Aditi Jadhav,Male,21,Warangal,Telangana,2024-01-20,Regular Customer
C011862,Sonia Kumar,Female,48,Mumbai,Maharashtra,2024-05-29,Regular Customer
C011863,Nikhil Sharma,Female,40,Chennai,Tamil Nadu,2026-02-10,New Customer
C011864,Rohan Mehta,Female,23,Pune,Maharashtra,2024-07-04,Occasional Customer
C011865,Aarav Sawant,Male,45,Mysuru,Karnataka,2024-08-03,New Customer
C011866,Gaurav Shinde,Male,29,Vadodara,Gujarat,2024-01-05,Loyal Customer
C011867,Vikas Yadav,Male,64,Indore,Madhya Pradesh,2024-01-06,Regular Customer
C011868,Gaurav Gaikwad,Female,39,Nagpur,Maharashtra,2024-01-10,Occasional Customer
C011869,Aditi Nair,Female,41,Hyderabad,Telangana,2024-01-04,Regular Customer
C011870,Rahul More,Female,51,Chennai,Tamil Nadu,2024-02-23,Occasional Customer
C011871,Riya Gaikwad,Male,36,Warangal,Telangana,2024-02-10,Regular Customer
C011872,Deepak Kadam,Male,41,Kanpur,Uttar Pradesh,2024-01-21,Regular Customer
C011873,Sameer Verma,Male,37,Chennai,Tamil Nadu,2024-01-06,Loyal Customer
C011874,Sonia Das,Male,51,Nagpur,Maharashtra,2025-07-14,New Customer
C011875,Harsh Bhosale,Female,64,Indore,Madhya Pradesh,2024-01-14,Regular Customer
C011876,Riya Chavan,Female,44,Bengaluru,Karnataka,2024-01-22,Loyal Customer
C011877,Amit Kadam,Female,61,Mysuru,Karnataka,2026-06-27,New Customer
C011878,Rohan More,Female,46,Vadodara,Gujarat,2024-11-21,Occasional Customer
C011879,Manish Shinde,Female,18,Latur,Maharashtra,2024-03-05,Occasional Customer
C011880,Karan Sawant,Male,63,Mumbai,Maharashtra,2024-01-02,Regular Customer
C011881,Arjun Deshmukh,Female,53,Vadodara,Gujarat,2024-01-04,Loyal Customer
C011882,Vivek Thakur,Female,60,Chennai,Tamil Nadu,2024-03-11,Occasional Customer
C011883,Vivek Rao,Male,56,Aurangabad,Maharashtra,2024-01-26,Occasional Customer
C011884,Aditya Das,Female,62,Ahmedabad,Gujarat,2024-01-28,Regular Customer
C011885,Rahul Kumar,Female,63,Kolkata,West Bengal,2024-01-05,Loyal Customer
C011886,Deepak Mishra,Male,24,Vadodara,Gujarat,2024-06-08,Regular Customer
C011887,Kavita Singh,Male,60,Delhi,Delhi,2024-02-16,Occasional Customer
C011888,Akash Sharma,Male,37,Warangal,Telangana,2024-03-19,Occasional Customer
C011889,Sameer Jadhav,Male,37,Aurangabad,Maharashtra,2024-01-31,Loyal Customer
C011890,Sameer Menon,Male,42,Pune,Maharashtra,2024-08-17,Regular Customer
C011891,Akash Joshi,Female,60,Chennai,Tamil Nadu,2024-01-28,Regular Customer
C011892,Aditya Pawar,Male,38,Pune,Maharashtra,2024-01-06,Regular Customer
C011893,Divya Deshmukh,Female,26,Jaipur,Rajasthan,2024-01-02,Loyal Customer
C011894,Amit Mehta,Female,44,Patna,Bihar,2024-05-10,Occasional Customer
C011895,Sameer Joshi,Female,45,Nagpur,Maharashtra,2024-03-03,Regular Customer
C011896,Sakshi Deshmukh,Female,42,Mysuru,Karnataka,2024-01-01,Regular Customer
C011897,Sonia Deshmukh,Female,53,Lucknow,Uttar Pradesh,2024-01-03,Regular Customer
C011898,Aarav Iyer,Female,51,Warangal,Telangana,2024-07-03,Occasional Customer
C011899,Aarav Iyer,Male,19,Hyderabad,Telangana,2024-02-29,Regular Customer
C011900,Sameer Chavan,Male,26,Mumbai,Maharashtra,2024-01-12,Loyal Customer
C011901,Sonia Kumar,Female,36,Chennai,Tamil Nadu,2024-01-19,Loyal Customer
C011902,Nikhil Deshmukh,Female,32,Aurangabad,Maharashtra,2024-01-27,Loyal Customer
C011903,Amit Mehta,Other,38,Jaipur,Rajasthan,2024-02-21,Regular Customer
C011904,Pooja Mishra,Female,33,Nashik,Maharashtra,2025-11-18,Occasional Customer
C011905,Isha Reddy,Female,19,Indore,Madhya Pradesh,2024-04-08,Loyal Customer
C011906,Sonia Chavan,Male,43,Patna,Bihar,2026-07-07,New Customer
C011907,Sameer Rao,Female,61,Pune,Maharashtra,2024-01-18,Occasional Customer
C011908,Akash Shah,Female,46,Chennai,Tamil Nadu,2024-01-19,Regular Customer
C011909,Akash Patil,Male,50,Mumbai,Maharashtra,2025-09-20,Occasional Customer
C011910,Riya Jadhav,Male,51,Chennai,Tamil Nadu,2024-01-03,Loyal Customer
C011911,Aniket Kumar,Male,63,Chennai,Tamil Nadu,2024-02-17,Loyal Customer
C011912,Rohan Kumar,Female,44,Chennai,Tamil Nadu,2024-01-09,Occasional Customer
C011913,Aditya Pawar,Male,24,Lucknow,Uttar Pradesh,2024-02-17,Regular Customer
C011914,Aditya Nair,Female,32,Indore,Madhya Pradesh,2024-01-26,Occasional Customer
C011915,Aditya Sharma,Male,34,Kanpur,Uttar Pradesh,2024-06-24,Regular Customer
C011916,Harsh Das,Male,26,Delhi,Delhi,2024-01-20,Regular Customer
C011917,Rahul Joshi,Female,30,Ahmedabad,Gujarat,2024-05-30,Regular Customer
C011918,Aniket Patil,Male,49,Warangal,Telangana,2024-07-10,Occasional Customer
C011919,Riya Deshmukh,Male,19,Mysuru,Karnataka,2024-01-01,Loyal Customer
C011920,Gaurav Chavan,Male,49,Warangal,Telangana,2024-03-08,Regular Customer
C011921,Pooja Verma,Female,64,Kanpur,Uttar Pradesh,2024-01-05,Occasional Customer
C011922,Aniket Yadav,Male,37,Warangal,Telangana,2024-05-21,Occasional Customer
C011923,Sneha Shinde,Female,60,Bengaluru,Karnataka,2024-02-15,Regular Customer
C011924,Riya Yadav,Female,36,Hyderabad,Telangana,2024-01-11,Regular Customer
C011925,Nikhil Nair,Male,63,Surat,Gujarat,2024-01-04,Loyal Customer
C011926,Ananya Yadav,Male,44,Pune,Maharashtra,2024-01-03,Loyal Customer
C011927,Ayush Iyer,Male,53,Delhi,Delhi,2024-02-29,Occasional Customer
C011928,Rahul Mehta,Female,47,Warangal,Telangana,2024-01-01,New Customer
C011929,Sonia Mishra,Male,28,Ahmedabad,Gujarat,2024-01-12,Loyal Customer
C011930,Aditi Thakur,Female,33,Patna,Bihar,2025-02-13,New Customer
C011931,Ananya Verma,Other,43,Kolkata,West Bengal,2024-05-27,Regular Customer
C011932,Aarav Deshmukh,Male,47,Nagpur,Maharashtra,2024-01-24,Occasional Customer
C011933,Ananya Shinde,Female,19,Surat,Gujarat,2024-02-01,Occasional Customer
C011934,Arjun Jadhav,Male,51,Kolkata,West Bengal,2024-01-28,Occasional Customer
C011935,Vikas Gupta,Female,58,Pune,Maharashtra,2024-01-19,Regular Customer
C011936,Neha Shinde,Male,39,Lucknow,Uttar Pradesh,2024-01-28,Regular Customer
C011937,Riya Kulkarni,Female,48,Chennai,Tamil Nadu,2024-01-09,Occasional Customer
C011938,Riya Menon,Female,38,Kanpur,Uttar Pradesh,2024-01-03,Loyal Customer
C011939,Aditya Shinde,Male,53,Nashik,Maharashtra,2024-03-12,Occasional Customer
C011940,Ananya Mishra,Female,57,Nagpur,Maharashtra,2024-05-03,Occasional Customer
C011941,Deepak Menon,Female,40,Aurangabad,Maharashtra,2024-01-31,Regular Customer
C011942,Anjali Pawar,Male,43,Nagpur,Maharashtra,2024-03-09,Regular Customer
C011943,Gaurav Reddy,Female,35,Kolkata,West Bengal,2024-08-04,New Customer
C011944,Sneha Mehta,Male,32,Lucknow,Uttar Pradesh,2024-01-12,Loyal Customer
C011945,Ayush Shah,Female,51,Pune,Maharashtra,2024-01-05,Loyal Customer
C011946,Harsh Verma,Male,39,Chennai,Tamil Nadu,2024-01-09,Regular Customer
C011947,Pooja Sawant,Female,45,Aurangabad,Maharashtra,2024-02-02,Regular Customer
C011948,Aniket Bhosale,Male,60,Vadodara,Gujarat,2024-01-02,Loyal Customer
C011949,Arjun Banerjee,Male,24,Indore,Madhya Pradesh,2024-01-23,Regular Customer
C011950,Divya Iyer,Male,57,Surat,Gujarat,2024-01-03,Loyal Customer
C011951,Anjali Verma,Female,59,Vadodara,Gujarat,2024-11-22,New Customer
C011952,Aarav Reddy,Female,41,Mysuru,Karnataka,2024-01-07,Loyal Customer
C011953,Vikas Rao,Female,52,Nagpur,Maharashtra,2024-08-12,Occasional Customer
C011954,Arjun Sawant,Female,30,Nashik,Maharashtra,2024-01-02,Occasional Customer
C011955,Sakshi Pawar,Female,30,Latur,Maharashtra,2024-07-17,Occasional Customer
C011956,Aditya Patil,Female,48,Vadodara,Gujarat,2024-01-07,Occasional Customer
C011957,Aditya Yadav,Female,36,Jaipur,Rajasthan,2026-06-08,New Customer
C011958,Divya Singh,Male,46,Hyderabad,Telangana,2024-01-17,Occasional Customer
C011959,Rohan Patil,Female,39,Kolkata,West Bengal,2024-01-02,Occasional Customer
C011960,Nikhil Menon,Female,58,Patna,Bihar,2024-09-05,Occasional Customer
C011961,Sneha Bhosale,Male,38,Kanpur,Uttar Pradesh,2024-02-09,Loyal Customer
C011962,Aditya Rao,Female,33,Delhi,Delhi,2024-08-18,Loyal Customer
C011963,Sakshi Singh,Female,47,Vadodara,Gujarat,2024-01-16,Occasional Customer
C011964,Riya Thakur,Male,22,Patna,Bihar,2024-01-14,Regular Customer
C011965,Aarav Iyer,Male,58,Mumbai,Maharashtra,2024-10-09,Occasional Customer
C011966,Rahul Deshmukh,Male,58,Aurangabad,Maharashtra,2024-10-29,Regular Customer
C011967,Deepak Mehta,Male,23,Ahmedabad,Gujarat,2024-04-02,New Customer
C011968,Sakshi Kumar,Male,38,Patna,Bihar,2024-02-02,Occasional Customer
C011969,Vivek Kadam,Male,59,Surat,Gujarat,2024-08-20,Occasional Customer
C011970,Riya Rao,Male,28,Bengaluru,Karnataka,2024-02-02,Occasional Customer
C011971,Nikhil Rao,Female,41,Indore,Madhya Pradesh,2024-01-11,Occasional Customer
C011972,Aditya Mehta,Male,45,Kolkata,West Bengal,2024-01-22,Occasional Customer
C011973,Arjun Iyer,Male,32,Patna,Bihar,2024-05-13,Occasional Customer
C011974,Sneha Chavan,Male,56,Hyderabad,Telangana,2024-04-26,Occasional Customer
C011975,Isha Kadam,Male,63,Vadodara,Gujarat,2024-01-20,New Customer
C011976,Rohan Das,Other,57,Vadodara,Gujarat,2024-02-08,Occasional Customer
C011977,Karan Kadam,Female,64,Chennai,Tamil Nadu,2024-01-01,Occasional Customer
C011978,Karan Sawant,Female,36,Latur,Maharashtra,2024-01-01,Occasional Customer
C011979,Sakshi Yadav,Male,34,Patna,Bihar,2024-01-13,Regular Customer
C011980,Deepak Gupta,Female,20,Jaipur,Rajasthan,2024-01-01,Loyal Customer
C011981,Rohan Shinde,Male,20,Aurangabad,Maharashtra,2025-09-12,New Customer
C011982,Anjali Mehta,Male,56,Bengaluru,Karnataka,2024-01-03,Loyal Customer
C011983,Ananya Patil,Male,45,Surat,Gujarat,2024-02-06,Loyal Customer
C011984,Riya Kadam,Other,48,Warangal,Telangana,2024-01-04,Loyal Customer
C011985,Harsh Thakur,Male,59,Surat,Gujarat,2024-01-02,Loyal Customer
C011986,Vikas Thakur,Female,64,Chennai,Tamil Nadu,2024-01-06,Loyal Customer
C011987,Deepak Kumar,Male,25,Mysuru,Karnataka,2024-08-19,New Customer
C011988,Sameer Mishra,Male,34,Kanpur,Uttar Pradesh,2024-04-10,Occasional Customer
C011989,Gaurav Thakur,Female,52,Kanpur,Uttar Pradesh,2024-09-15,Occasional Customer
C011990,Sonia Singh,Male,53,Patna,Bihar,2024-03-02,Regular Customer
C011991,Isha Thakur,Female,44,Ahmedabad,Gujarat,2024-01-21,Occasional Customer
C011992,Amit Jadhav,Male,57,Lucknow,Uttar Pradesh,2024-08-19,Occasional Customer
C011993,Rohan Menon,Male,62,Kolkata,West Bengal,2024-01-23,Regular Customer
C011994,Gaurav Bhosale,Female,50,Warangal,Telangana,2024-01-06,Loyal Customer
C011995,Aarav Mishra,Female,28,Patna,Bihar,2024-01-14,Occasional Customer
C011996,Amit Das,Male,38,Mysuru,Karnataka,2024-02-22,Regular Customer
C011997,Deepak Gaikwad,Female,23,Nagpur,Maharashtra,2024-03-20,Occasional Customer
C011998,Sonia Reddy,Female,65,Patna,Bihar,2024-01-30,Loyal Customer
C011999,Amit Gaikwad,Male,38,Nagpur,Maharashtra,2024-02-25,Loyal Customer
C012000,Divya Sharma,Female,45,Aurangabad,Maharashtra,2024-05-07,Regular Customer
