ReturnID,OrderID,ReturnDate,ReturnReason,RefundAmount,ReturnStatus
RET000001,O0000033,2025-10-15,Late Delivery,1814.4,Returned
RET000002,O0000067,2024-07-06,Damaged Product,8114.96,Returned
RET000003,O0000072,2026-04-03,Product Not Required,7839.17,Returned
RET000004,O0000096,2025-11-11,Quality Issue,9419.98,Returned
RET000005,O0000097,2026-09-15,Late Delivery,6332.59,Returned
RET000006,O0000141,2025-06-13,Wrong Product,2328.9,Returned
RET000007,O0000145,2026-02-02,Quality Issue,3424.66,Returned
RET000008,O0000182,2024-01-18,Customer Changed Mind,1826.72,Returned
RET000009,O0000193,2024-10-05,Packaging Issue,9885.2,Returned
RET000010,O0000204,2026-09-06,Late Delivery,2457.92,Returned
RET000011,O0000229,2024-05-27,Damaged Product,7570.51,Returned
RET000012,O0000232,2024-01-28,Product Not Required,3450.45,Returned
RET000013,O0000248,2024-01-20,Customer Changed Mind,6828.85,Returned
RET000014,O0000271,2026-08-02,Product Not Required,2474.42,Returned
RET000015,O0000338,2025-01-08,Wrong Product,2832.14,Returned
RET000016,O0000365,2025-07-29,Packaging Issue,1946.14,Returned
RET000017,O0000369,2026-09-19,Product Not Required,2668.0,Returned
RET000018,O0000375,2025-02-04,Quality Issue,4180.74,Returned
RET000019,O0000409,2025-03-02,Product Not Required,1909.9,Returned
RET000020,O0000440,2024-04-16,Damaged Product,7628.9,Returned
RET000021,O0000488,2025-02-12,Late Delivery,5224.58,Returned
RET000022,O0000496,2026-05-11,Late Delivery,857.51,Returned
RET000023,O0000514,2025-03-23,Customer Changed Mind,7773.78,Returned
RET000024,O0000534,2024-03-20,Product Not Required,8086.88,Returned
RET000025,O0000577,2026-02-23,Packaging Issue,5383.1,Returned
RET000026,O0000595,2026-04-15,Late Delivery,2378.78,Returned
RET000027,O0000607,2024-02-01,Late Delivery,2621.29,Returned
RET000028,O0000665,2025-11-05,Customer Changed Mind,7049.7,Returned
RET000029,O0000746,2025-05-05,Wrong Product,5065.69,Returned
RET000030,O0000771,2024-04-02,Quality Issue,6948.71,Returned
RET000031,O0000789,2024-05-31,Wrong Product,5871.51,Returned
RET000032,O0000796,2025-01-23,Customer Changed Mind,1582.52,Returned
RET000033,O0000810,2025-07-23,Quality Issue,2291.13,Returned
RET000034,O0000849,2026-05-22,Wrong Product,2400.52,Returned
RET000035,O0000854,2026-01-15,Damaged Product,6202.52,Returned
RET000036,O0000856,2025-03-15,Packaging Issue,10635.63,Returned
RET000037,O0000878,2026-03-29,Customer Changed Mind,5118.81,Returned
RET000038,O0000889,2024-10-20,Late Delivery,2288.32,Returned
RET000039,O0000898,2026-09-10,Customer Changed Mind,2367.66,Returned
RET000040,O0000945,2024-04-15,Customer Changed Mind,802.31,Returned
RET000041,O0000960,2024-05-06,Packaging Issue,11004.27,Returned
RET000042,O0000972,2024-06-12,Wrong Product,10869.08,Returned
RET000043,O0000983,2024-09-28,Product Not Required,8627.87,Returned
RET000044,O0001019,2024-05-20,Quality Issue,2017.78,Returned
RET000045,O0001039,2025-09-09,Packaging Issue,2800.42,Returned
RET000046,O0001082,2024-08-25,Product Not Required,3170.72,Returned
RET000047,O0001088,2024-02-08,Customer Changed Mind,969.84,Returned
RET000048,O0001100,2024-05-21,Wrong Product,8157.57,Returned
RET000049,O0001134,2024-04-20,Damaged Product,4565.46,Returned
RET000050,O0001142,2024-09-21,Wrong Product,8984.28,Returned
RET000051,O0001199,2026-05-30,Packaging Issue,5051.64,Returned
RET000052,O0001206,2024-07-12,Packaging Issue,1740.79,Returned
RET000053,O0001236,2025-04-20,Customer Changed Mind,14889.54,Returned
RET000054,O0001265,2024-04-20,Customer Changed Mind,5620.32,Returned
RET000055,O0001270,2026-08-07,Quality Issue,13405.66,Returned
RET000056,O0001290,2024-05-13,Product Not Required,4998.9,Returned
RET000057,O0001327,2025-08-12,Product Not Required,6204.35,Returned
RET000058,O0001342,2026-07-22,Packaging Issue,6074.62,Returned
RET000059,O0001361,2025-09-05,Product Not Required,2424.74,Returned
RET000060,O0001365,2025-06-28,Wrong Product,6535.65,Returned
RET000061,O0001369,2025-05-12,Quality Issue,2763.81,Returned
RET000062,O0001382,2024-10-29,Packaging Issue,902.24,Returned
RET000063,O0001422,2024-10-09,Customer Changed Mind,8539.23,Returned
RET000064,O0001447,2024-02-04,Customer Changed Mind,6541.96,Returned
RET000065,O0001453,2024-09-29,Quality Issue,9908.76,Returned
RET000066,O0001467,2025-06-19,Customer Changed Mind,2799.23,Returned
RET000067,O0001471,2024-12-25,Packaging Issue,2282.86,Returned
RET000068,O0001486,2024-11-12,Product Not Required,10544.67,Returned
RET000069,O0001489,2026-05-25,Damaged Product,3008.68,Returned
RET000070,O0001493,2025-04-24,Customer Changed Mind,16065.12,Returned
RET000071,O0001510,2024-11-19,Packaging Issue,10791.29,Returned
RET000072,O0001511,2024-08-10,Wrong Product,14525.2,Returned
RET000073,O0001539,2026-04-30,Product Not Required,9177.96,Returned
RET000074,O0001639,2024-12-02,Damaged Product,12029.96,Returned
RET000075,O0001648,2026-01-03,Wrong Product,8251.34,Returned
RET000076,O0001715,2026-05-25,Packaging Issue,782.35,Returned
RET000077,O0001721,2025-04-11,Packaging Issue,5501.28,Returned
RET000078,O0001737,2024-02-03,Wrong Product,10727.9,Returned
RET000079,O0001757,2025-06-05,Customer Changed Mind,4791.32,Returned
RET000080,O0001802,2025-08-24,Late Delivery,2161.99,Returned
RET000081,O0001811,2025-12-27,Packaging Issue,1489.47,Returned
RET000082,O0001825,2025-06-27,Damaged Product,14763.99,Returned
RET000083,O0001840,2024-12-29,Packaging Issue,3663.17,Returned
RET000084,O0001880,2025-12-29,Wrong Product,13063.1,Returned
RET000085,O0001906,2025-07-19,Late Delivery,1419.84,Returned
RET000086,O0001911,2026-09-25,Customer Changed Mind,1161.08,Returned
RET000087,O0001925,2025-11-20,Damaged Product,11544.96,Returned
RET000088,O0001937,2025-09-29,Customer Changed Mind,916.45,Returned
RET000089,O0001980,2026-04-18,Damaged Product,7200.61,Returned
RET000090,O0002108,2024-05-16,Product Not Required,3556.72,Returned
RET000091,O0002141,2026-03-21,Late Delivery,8623.37,Returned
RET000092,O0002156,2024-04-19,Damaged Product,6138.5,Returned
RET000093,O0002207,2025-08-11,Product Not Required,1358.64,Returned
RET000094,O0002244,2026-06-18,Product Not Required,6230.85,Returned
RET000095,O0002293,2025-08-19,Quality Issue,3787.09,Returned
RET000096,O0002309,2025-07-25,Quality Issue,2093.32,Returned
RET000097,O0002325,2026-07-28,Packaging Issue,3102.38,Returned
RET000098,O0002349,2024-10-10,Customer Changed Mind,6409.1,Returned
RET000099,O0002383,2024-04-23,Packaging Issue,3927.68,Returned
RET000100,O0002418,2024-03-24,Quality Issue,9598.98,Returned
RET000101,O0002422,2025-07-07,Damaged Product,222.05,Returned
RET000102,O0002451,2024-06-18,Wrong Product,10804.3,Returned
RET000103,O0002472,2025-09-30,Quality Issue,10743.24,Returned
RET000104,O0002480,2024-08-29,Late Delivery,2651.61,Returned
RET000105,O0002514,2025-04-28,Late Delivery,10114.89,Returned
RET000106,O0002536,2024-03-26,Wrong Product,5008.01,Returned
RET000107,O0002543,2025-03-24,Quality Issue,8255.45,Returned
RET000108,O0002545,2025-08-30,Late Delivery,4587.11,Returned
RET000109,O0002550,2026-07-08,Wrong Product,710.02,Returned
RET000110,O0002556,2026-04-26,Packaging Issue,6791.81,Returned
RET000111,O0002575,2026-08-30,Damaged Product,5192.22,Returned
RET000112,O0002588,2025-07-19,Wrong Product,5508.73,Returned
RET000113,O0002674,2025-08-07,Customer Changed Mind,7541.23,Returned
RET000114,O0002693,2026-05-19,Wrong Product,5843.94,Returned
RET000115,O0002726,2026-09-26,Customer Changed Mind,5877.7,Returned
RET000116,O0002732,2024-10-13,Wrong Product,14330.17,Returned
RET000117,O0002768,2025-10-08,Packaging Issue,7291.55,Returned
RET000118,O0002779,2024-12-28,Customer Changed Mind,7417.47,Returned
RET000119,O0002792,2024-01-09,Wrong Product,6002.89,Returned
RET000120,O0002802,2026-07-10,Late Delivery,3456.97,Returned
RET000121,O0002821,2025-05-30,Customer Changed Mind,6171.61,Returned
RET000122,O0002837,2024-11-18,Late Delivery,4189.34,Returned
RET000123,O0002940,2025-07-07,Customer Changed Mind,2946.49,Returned
RET000124,O0002942,2026-09-11,Late Delivery,4743.77,Returned
RET000125,O0002987,2024-02-14,Customer Changed Mind,7164.57,Returned
RET000126,O0003006,2026-03-31,Packaging Issue,14432.42,Returned
RET000127,O0003017,2025-10-03,Product Not Required,453.8,Returned
RET000128,O0003039,2025-06-26,Packaging Issue,2429.42,Returned
RET000129,O0003060,2025-02-19,Quality Issue,8833.03,Returned
RET000130,O0003074,2026-06-19,Wrong Product,2429.12,Returned
RET000131,O0003096,2024-04-01,Wrong Product,4291.84,Returned
RET000132,O0003115,2024-09-14,Wrong Product,3478.47,Returned
RET000133,O0003123,2026-09-15,Late Delivery,8068.77,Returned
RET000134,O0003182,2026-02-09,Product Not Required,2979.46,Returned
RET000135,O0003184,2025-10-27,Wrong Product,8528.18,Returned
RET000136,O0003201,2025-04-17,Product Not Required,2605.69,Returned
RET000137,O0003212,2026-06-29,Quality Issue,3572.82,Returned
RET000138,O0003291,2024-05-27,Product Not Required,23001.9,Returned
RET000139,O0003313,2024-11-01,Quality Issue,790.3,Returned
RET000140,O0003351,2026-03-24,Late Delivery,6270.66,Returned
RET000141,O0003365,2024-06-02,Damaged Product,13620.48,Returned
RET000142,O0003410,2025-11-28,Customer Changed Mind,1595.13,Returned
RET000143,O0003467,2026-02-15,Late Delivery,70.72,Returned
RET000144,O0003515,2025-12-29,Late Delivery,155.51,Returned
RET000145,O0003531,2026-05-10,Customer Changed Mind,861.13,Returned
RET000146,O0003541,2024-12-13,Wrong Product,13334.21,Returned
RET000147,O0003577,2024-10-02,Product Not Required,2352.62,Returned
RET000148,O0003584,2026-02-13,Quality Issue,5191.81,Returned
RET000149,O0003587,2024-03-26,Wrong Product,5313.85,Returned
RET000150,O0003603,2026-04-15,Packaging Issue,85.38,Returned
RET000151,O0003611,2025-07-17,Product Not Required,1571.7,Returned
RET000152,O0003629,2026-01-18,Wrong Product,8856.38,Returned
RET000153,O0003653,2025-07-14,Product Not Required,1146.25,Returned
RET000154,O0003670,2026-04-06,Quality Issue,8063.35,Returned
RET000155,O0003692,2024-06-22,Customer Changed Mind,6221.5,Returned
RET000156,O0003703,2024-08-27,Damaged Product,12442.53,Returned
RET000157,O0003710,2025-03-05,Late Delivery,2243.22,Returned
RET000158,O0003711,2024-04-26,Packaging Issue,19073.72,Returned
RET000159,O0003729,2026-08-23,Wrong Product,9143.51,Returned
RET000160,O0003748,2026-03-13,Wrong Product,12607.65,Returned
RET000161,O0003762,2024-10-30,Packaging Issue,11390.81,Returned
RET000162,O0003921,2025-07-16,Quality Issue,1161.79,Returned
RET000163,O0003979,2024-10-28,Customer Changed Mind,3986.34,Returned
RET000164,O0004007,2025-04-20,Packaging Issue,6335.37,Returned
RET000165,O0004013,2024-08-12,Damaged Product,4162.69,Returned
RET000166,O0004057,2026-09-22,Customer Changed Mind,4302.42,Returned
RET000167,O0004059,2024-08-23,Customer Changed Mind,3373.68,Returned
RET000168,O0004081,2025-07-05,Packaging Issue,2348.04,Returned
RET000169,O0004147,2024-05-24,Product Not Required,4732.78,Returned
RET000170,O0004150,2026-02-23,Customer Changed Mind,775.76,Returned
RET000171,O0004156,2026-05-17,Product Not Required,517.15,Returned
RET000172,O0004158,2026-08-23,Customer Changed Mind,6370.91,Returned
RET000173,O0004187,2024-07-18,Quality Issue,3726.98,Returned
RET000174,O0004192,2026-07-13,Wrong Product,2868.97,Returned
RET000175,O0004195,2024-12-17,Quality Issue,6562.51,Returned
RET000176,O0004209,2026-02-08,Customer Changed Mind,3991.31,Returned
RET000177,O0004212,2026-01-26,Product Not Required,5500.69,Returned
RET000178,O0004299,2026-05-30,Quality Issue,4893.92,Returned
RET000179,O0004300,2024-11-04,Packaging Issue,1607.77,Returned
RET000180,O0004307,2024-03-15,Wrong Product,2045.77,Returned
RET000181,O0004308,2024-06-22,Damaged Product,7524.64,Returned
RET000182,O0004336,2025-11-20,Quality Issue,1309.23,Returned
RET000183,O0004349,2025-11-13,Late Delivery,2356.03,Returned
RET000184,O0004352,2025-04-18,Wrong Product,6001.55,Returned
RET000185,O0004409,2025-01-26,Late Delivery,13492.2,Returned
RET000186,O0004432,2024-12-29,Late Delivery,6909.85,Returned
RET000187,O0004458,2025-12-06,Product Not Required,6832.68,Returned
RET000188,O0004486,2026-06-11,Wrong Product,3350.72,Returned
RET000189,O0004502,2024-08-22,Customer Changed Mind,13412.6,Returned
RET000190,O0004504,2024-03-29,Customer Changed Mind,1676.32,Returned
RET000191,O0004506,2024-10-11,Late Delivery,2600.95,Returned
RET000192,O0004527,2025-12-23,Quality Issue,6144.79,Returned
RET000193,O0004588,2025-09-14,Product Not Required,6996.49,Returned
RET000194,O0004589,2024-12-19,Quality Issue,3204.83,Returned
RET000195,O0004609,2024-05-12,Customer Changed Mind,16758.04,Returned
RET000196,O0004612,2024-04-03,Damaged Product,3031.1,Returned
RET000197,O0004625,2026-03-25,Wrong Product,9154.4,Returned
RET000198,O0004629,2026-07-02,Packaging Issue,3256.54,Returned
RET000199,O0004636,2024-04-05,Product Not Required,1134.19,Returned
RET000200,O0004637,2026-03-06,Quality Issue,7719.42,Returned
RET000201,O0004699,2025-08-12,Product Not Required,3531.8,Returned
RET000202,O0004716,2025-06-20,Quality Issue,4383.48,Returned
RET000203,O0004730,2026-09-14,Damaged Product,2934.47,Returned
RET000204,O0004792,2024-12-29,Packaging Issue,7608.72,Returned
RET000205,O0004817,2024-02-22,Wrong Product,7457.9,Returned
RET000206,O0004846,2025-04-20,Product Not Required,9477.62,Returned
RET000207,O0004857,2024-09-03,Packaging Issue,1491.91,Returned
RET000208,O0004879,2024-03-22,Product Not Required,10606.3,Returned
RET000209,O0004892,2026-01-15,Late Delivery,5952.36,Returned
RET000210,O0004913,2024-12-31,Late Delivery,1657.42,Returned
RET000211,O0004955,2024-04-21,Damaged Product,2813.71,Returned
RET000212,O0004968,2024-02-22,Damaged Product,5365.98,Returned
RET000213,O0005004,2024-10-30,Product Not Required,9209.85,Returned
RET000214,O0005015,2026-01-03,Quality Issue,1213.84,Returned
RET000215,O0005018,2025-07-25,Damaged Product,1909.46,Returned
RET000216,O0005021,2026-09-03,Wrong Product,9725.62,Returned
RET000217,O0005040,2026-07-30,Wrong Product,6704.73,Returned
RET000218,O0005063,2025-01-23,Wrong Product,2507.39,Returned
RET000219,O0005111,2024-01-27,Damaged Product,5796.64,Returned
RET000220,O0005150,2024-08-15,Wrong Product,6288.24,Returned
RET000221,O0005190,2026-06-28,Wrong Product,7530.45,Returned
RET000222,O0005200,2026-03-14,Damaged Product,10328.8,Returned
RET000223,O0005204,2026-09-25,Wrong Product,13397.89,Returned
RET000224,O0005210,2024-04-26,Late Delivery,10505.32,Returned
RET000225,O0005247,2025-03-18,Quality Issue,5489.06,Returned
RET000226,O0005287,2025-10-09,Product Not Required,4603.52,Returned
RET000227,O0005303,2025-01-10,Damaged Product,4811.94,Returned
RET000228,O0005345,2024-08-13,Product Not Required,8132.02,Returned
RET000229,O0005394,2025-12-27,Wrong Product,5053.57,Returned
RET000230,O0005401,2024-03-29,Damaged Product,4393.25,Returned
RET000231,O0005413,2025-03-03,Customer Changed Mind,6466.25,Returned
RET000232,O0005416,2024-09-15,Damaged Product,176.96,Returned
RET000233,O0005514,2024-04-12,Product Not Required,1891.26,Returned
RET000234,O0005516,2025-09-18,Product Not Required,9112.63,Returned
RET000235,O0005523,2025-08-13,Packaging Issue,6069.53,Returned
RET000236,O0005636,2025-03-19,Wrong Product,1229.76,Returned
RET000237,O0005649,2025-02-13,Late Delivery,165.51,Returned
RET000238,O0005714,2025-10-02,Product Not Required,7760.55,Returned
RET000239,O0005716,2024-09-14,Wrong Product,1785.43,Returned
RET000240,O0005757,2025-02-13,Quality Issue,13682.34,Returned
RET000241,O0005796,2025-03-20,Packaging Issue,6611.23,Returned
RET000242,O0005828,2026-07-02,Customer Changed Mind,145.02,Returned
RET000243,O0005887,2024-09-21,Damaged Product,2491.9,Returned
RET000244,O0005900,2024-04-13,Customer Changed Mind,77.9,Returned
RET000245,O0005934,2024-02-15,Wrong Product,7306.02,Returned
RET000246,O0005935,2026-08-31,Damaged Product,3095.69,Returned
RET000247,O0005936,2024-11-10,Damaged Product,179.84,Returned
RET000248,O0005962,2025-04-19,Product Not Required,5346.83,Returned
RET000249,O0006021,2025-01-24,Quality Issue,10393.8,Returned
RET000250,O0006043,2025-09-23,Late Delivery,3325.07,Returned
RET000251,O0006146,2025-05-13,Wrong Product,4744.3,Returned
RET000252,O0006147,2026-08-03,Wrong Product,4452.81,Returned
RET000253,O0006168,2026-03-15,Quality Issue,3758.02,Returned
RET000254,O0006185,2026-05-28,Customer Changed Mind,7764.47,Returned
RET000255,O0006217,2025-11-01,Packaging Issue,368.4,Returned
RET000256,O0006235,2024-09-23,Packaging Issue,341.35,Returned
RET000257,O0006239,2025-10-21,Product Not Required,807.12,Returned
RET000258,O0006313,2025-03-13,Product Not Required,342.34,Returned
RET000259,O0006378,2024-09-18,Late Delivery,4612.52,Returned
RET000260,O0006401,2025-10-30,Damaged Product,2103.21,Returned
RET000261,O0006413,2026-06-22,Late Delivery,3085.86,Returned
RET000262,O0006442,2025-05-18,Quality Issue,2568.53,Returned
RET000263,O0006451,2024-05-03,Product Not Required,4773.04,Returned
RET000264,O0006459,2025-08-25,Packaging Issue,650.62,Returned
RET000265,O0006472,2025-11-09,Wrong Product,5923.18,Returned
RET000266,O0006490,2024-08-27,Quality Issue,247.57,Returned
RET000267,O0006517,2026-01-01,Customer Changed Mind,7677.74,Returned
RET000268,O0006526,2024-12-28,Customer Changed Mind,9975.87,Returned
RET000269,O0006532,2024-06-30,Product Not Required,3390.02,Returned
RET000270,O0006569,2025-03-01,Quality Issue,2893.08,Returned
RET000271,O0006597,2025-03-06,Wrong Product,5763.91,Returned
RET000272,O0006600,2025-08-13,Packaging Issue,12210.7,Returned
RET000273,O0006605,2025-03-20,Quality Issue,4549.14,Returned
RET000274,O0006607,2026-04-01,Quality Issue,8703.33,Returned
RET000275,O0006619,2026-02-04,Quality Issue,1312.55,Returned
RET000276,O0006643,2026-06-06,Damaged Product,68.47,Returned
RET000277,O0006660,2026-03-04,Late Delivery,9723.53,Returned
RET000278,O0006685,2025-11-11,Quality Issue,7228.91,Returned
RET000279,O0006708,2026-04-27,Quality Issue,5634.62,Returned
RET000280,O0006711,2024-08-08,Product Not Required,7881.77,Returned
RET000281,O0006747,2024-12-09,Damaged Product,4771.26,Returned
RET000282,O0006772,2024-01-11,Product Not Required,5546.28,Returned
RET000283,O0006816,2025-05-20,Product Not Required,510.87,Returned
RET000284,O0006828,2026-04-07,Wrong Product,10223.67,Returned
RET000285,O0006844,2024-05-12,Late Delivery,6266.61,Returned
RET000286,O0006864,2024-06-26,Late Delivery,15300.55,Returned
RET000287,O0006885,2026-04-25,Late Delivery,1771.26,Returned
RET000288,O0006890,2024-12-26,Damaged Product,17099.9,Returned
RET000289,O0006913,2024-08-12,Customer Changed Mind,10112.6,Returned
RET000290,O0006922,2025-08-01,Product Not Required,2935.55,Returned
RET000291,O0006942,2024-09-12,Product Not Required,4025.66,Returned
RET000292,O0006960,2026-07-09,Customer Changed Mind,5325.98,Returned
RET000293,O0006995,2026-04-28,Damaged Product,5981.73,Returned
RET000294,O0007002,2025-03-10,Customer Changed Mind,1235.46,Returned
RET000295,O0007058,2025-08-13,Packaging Issue,5688.97,Returned
RET000296,O0007060,2026-08-16,Customer Changed Mind,6010.18,Returned
RET000297,O0007119,2024-03-23,Late Delivery,2401.58,Returned
RET000298,O0007128,2026-03-07,Customer Changed Mind,12005.94,Returned
RET000299,O0007148,2024-05-14,Damaged Product,1814.74,Returned
RET000300,O0007151,2024-12-14,Packaging Issue,2766.96,Returned
RET000301,O0007163,2026-09-25,Damaged Product,3719.16,Returned
RET000302,O0007167,2026-03-31,Wrong Product,3473.33,Returned
RET000303,O0007199,2025-11-28,Product Not Required,230.71,Returned
RET000304,O0007213,2024-04-09,Quality Issue,6790.82,Returned
RET000305,O0007215,2025-11-01,Wrong Product,7265.52,Returned
RET000306,O0007269,2025-04-02,Wrong Product,2845.29,Returned
RET000307,O0007325,2025-04-08,Damaged Product,9116.28,Returned
RET000308,O0007346,2026-04-16,Packaging Issue,7587.29,Returned
RET000309,O0007349,2026-08-24,Product Not Required,5621.24,Returned
RET000310,O0007367,2026-07-15,Packaging Issue,2660.57,Returned
RET000311,O0007476,2024-04-10,Late Delivery,2862.66,Returned
RET000312,O0007482,2024-06-06,Late Delivery,6048.88,Returned
RET000313,O0007510,2025-10-04,Wrong Product,1958.88,Returned
RET000314,O0007541,2024-04-11,Late Delivery,2053.18,Returned
RET000315,O0007557,2025-01-16,Quality Issue,8023.04,Returned
RET000316,O0007587,2026-02-15,Late Delivery,4388.06,Returned
RET000317,O0007623,2025-07-06,Product Not Required,12142.86,Returned
RET000318,O0007636,2025-06-27,Product Not Required,10231.61,Returned
RET000319,O0007641,2026-04-02,Late Delivery,3123.1,Returned
RET000320,O0007686,2024-10-22,Product Not Required,11211.55,Returned
RET000321,O0007706,2024-05-15,Packaging Issue,7091.24,Returned
RET000322,O0007739,2024-11-16,Damaged Product,4899.83,Returned
RET000323,O0007818,2024-02-25,Damaged Product,3316.59,Returned
RET000324,O0007827,2024-02-18,Product Not Required,1709.88,Returned
RET000325,O0007828,2024-08-03,Customer Changed Mind,3364.64,Returned
RET000326,O0007960,2025-11-06,Quality Issue,3065.86,Returned
RET000327,O0007962,2024-10-22,Product Not Required,216.78,Returned
RET000328,O0007967,2025-05-22,Late Delivery,1637.73,Returned
RET000329,O0007971,2025-06-13,Product Not Required,16274.66,Returned
RET000330,O0007984,2024-05-01,Quality Issue,5638.81,Returned
RET000331,O0008117,2024-07-09,Quality Issue,2418.67,Returned
RET000332,O0008127,2024-11-13,Late Delivery,4307.39,Returned
RET000333,O0008184,2026-06-20,Customer Changed Mind,14766.46,Returned
RET000334,O0008206,2026-05-10,Damaged Product,1868.91,Returned
RET000335,O0008253,2026-09-25,Late Delivery,14588.71,Returned
RET000336,O0008279,2024-10-27,Customer Changed Mind,7012.92,Returned
RET000337,O0008280,2025-04-05,Wrong Product,11026.59,Returned
RET000338,O0008295,2026-04-28,Damaged Product,5084.32,Returned
RET000339,O0008303,2026-03-18,Damaged Product,14465.01,Returned
RET000340,O0008311,2025-05-12,Customer Changed Mind,3956.97,Returned
RET000341,O0008320,2026-09-20,Late Delivery,1196.07,Returned
RET000342,O0008401,2024-04-19,Late Delivery,3142.87,Returned
RET000343,O0008461,2024-10-06,Product Not Required,8934.95,Returned
RET000344,O0008479,2025-07-15,Packaging Issue,3923.55,Returned
RET000345,O0008500,2025-07-22,Damaged Product,2565.08,Returned
RET000346,O0008505,2026-08-14,Customer Changed Mind,7043.58,Returned
RET000347,O0008532,2024-02-16,Wrong Product,3463.79,Returned
RET000348,O0008536,2026-08-28,Wrong Product,9935.63,Returned
RET000349,O0008569,2026-08-21,Damaged Product,9380.32,Returned
RET000350,O0008574,2024-07-28,Wrong Product,6996.61,Returned
RET000351,O0008578,2024-05-08,Quality Issue,4501.74,Returned
RET000352,O0008581,2025-12-29,Damaged Product,292.14,Returned
RET000353,O0008591,2024-03-25,Wrong Product,7221.31,Returned
RET000354,O0008607,2026-07-04,Damaged Product,4358.42,Returned
RET000355,O0008618,2024-05-25,Product Not Required,13240.78,Returned
RET000356,O0008663,2026-02-15,Packaging Issue,1500.94,Returned
RET000357,O0008667,2026-04-07,Late Delivery,8042.52,Returned
RET000358,O0008686,2025-02-22,Customer Changed Mind,6367.7,Returned
RET000359,O0008723,2026-04-03,Packaging Issue,482.19,Returned
RET000360,O0008740,2025-01-10,Wrong Product,8251.42,Returned
RET000361,O0008764,2025-03-24,Packaging Issue,7583.24,Returned
RET000362,O0008813,2025-09-04,Customer Changed Mind,5113.55,Returned
RET000363,O0008816,2025-02-01,Damaged Product,789.11,Returned
RET000364,O0008827,2026-06-29,Late Delivery,7551.35,Returned
RET000365,O0008875,2025-07-02,Customer Changed Mind,6827.25,Returned
RET000366,O0008887,2025-08-31,Product Not Required,4486.6,Returned
RET000367,O0008896,2024-04-06,Packaging Issue,604.8,Returned
RET000368,O0008903,2024-09-03,Late Delivery,595.05,Returned
RET000369,O0008951,2026-05-02,Damaged Product,6413.69,Returned
RET000370,O0008952,2024-07-28,Packaging Issue,5593.67,Returned
RET000371,O0009018,2024-06-22,Wrong Product,5482.58,Returned
RET000372,O0009029,2026-02-17,Damaged Product,2286.9,Returned
RET000373,O0009056,2026-08-16,Late Delivery,2723.72,Returned
RET000374,O0009069,2024-09-03,Product Not Required,5344.03,Returned
RET000375,O0009073,2026-01-21,Customer Changed Mind,1803.61,Returned
RET000376,O0009123,2025-09-24,Wrong Product,7669.08,Returned
RET000377,O0009138,2025-11-28,Late Delivery,9931.56,Returned
RET000378,O0009144,2024-02-06,Packaging Issue,15303.02,Returned
RET000379,O0009157,2024-11-09,Packaging Issue,10137.82,Returned
RET000380,O0009227,2024-11-17,Customer Changed Mind,221.57,Returned
RET000381,O0009271,2024-07-14,Late Delivery,1288.9,Returned
RET000382,O0009281,2024-01-31,Damaged Product,13076.25,Returned
RET000383,O0009296,2025-10-13,Late Delivery,10760.03,Returned
RET000384,O0009319,2026-09-19,Customer Changed Mind,3400.39,Returned
RET000385,O0009335,2026-01-11,Customer Changed Mind,2274.33,Returned
RET000386,O0009378,2026-05-03,Damaged Product,4174.4,Returned
RET000387,O0009381,2024-10-25,Customer Changed Mind,3528.67,Returned
RET000388,O0009391,2025-12-08,Late Delivery,4626.04,Returned
RET000389,O0009401,2025-07-12,Quality Issue,1473.54,Returned
RET000390,O0009407,2026-06-04,Quality Issue,5464.85,Returned
RET000391,O0009433,2026-01-15,Product Not Required,1535.39,Returned
RET000392,O0009470,2026-09-21,Wrong Product,7564.09,Returned
RET000393,O0009497,2026-09-24,Customer Changed Mind,16136.96,Returned
RET000394,O0009511,2026-01-04,Late Delivery,11416.19,Returned
RET000395,O0009517,2025-07-18,Damaged Product,4827.95,Returned
RET000396,O0009529,2026-07-09,Packaging Issue,4779.14,Returned
RET000397,O0009563,2026-03-21,Damaged Product,9457.12,Returned
RET000398,O0009570,2026-08-04,Quality Issue,5163.88,Returned
RET000399,O0009580,2026-06-15,Late Delivery,15801.49,Returned
RET000400,O0009607,2025-10-21,Damaged Product,7040.9,Returned
RET000401,O0009609,2025-04-12,Wrong Product,10453.75,Returned
RET000402,O0009631,2025-08-04,Product Not Required,6437.72,Returned
RET000403,O0009670,2026-09-22,Quality Issue,4422.78,Returned
RET000404,O0009679,2024-04-23,Late Delivery,5942.65,Returned
RET000405,O0009686,2026-05-06,Quality Issue,5318.61,Returned
RET000406,O0009691,2024-02-16,Wrong Product,678.56,Returned
RET000407,O0009749,2025-08-28,Packaging Issue,13561.14,Returned
RET000408,O0009751,2024-05-26,Wrong Product,2385.77,Returned
RET000409,O0009831,2026-06-29,Damaged Product,1039.77,Returned
RET000410,O0009866,2025-07-29,Product Not Required,2261.0,Returned
RET000411,O0009887,2026-09-25,Wrong Product,11284.82,Returned
RET000412,O0009900,2024-05-05,Product Not Required,1794.1,Returned
RET000413,O0009909,2026-06-09,Damaged Product,4378.19,Returned
RET000414,O0009943,2024-03-26,Product Not Required,2080.23,Returned
RET000415,O0009969,2025-04-17,Damaged Product,11071.69,Returned
RET000416,O0009988,2024-05-07,Customer Changed Mind,4650.76,Returned
RET000417,O0010019,2026-08-20,Quality Issue,9261.04,Returned
RET000418,O0010022,2026-01-18,Customer Changed Mind,4625.95,Returned
RET000419,O0010079,2024-06-08,Wrong Product,4886.02,Returned
RET000420,O0010093,2025-03-19,Damaged Product,6746.93,Returned
RET000421,O0010097,2026-06-18,Damaged Product,2955.93,Returned
RET000422,O0010103,2024-04-23,Customer Changed Mind,4906.04,Returned
RET000423,O0010107,2024-10-17,Product Not Required,2051.23,Returned
RET000424,O0010114,2026-05-26,Wrong Product,4437.85,Returned
RET000425,O0010127,2026-07-09,Damaged Product,7287.91,Returned
RET000426,O0010142,2026-05-27,Late Delivery,5084.55,Returned
RET000427,O0010168,2025-02-10,Product Not Required,12610.39,Returned
RET000428,O0010177,2026-09-25,Quality Issue,4595.52,Returned
RET000429,O0010227,2024-06-20,Packaging Issue,13363.46,Returned
RET000430,O0010259,2025-08-28,Product Not Required,6137.79,Returned
RET000431,O0010274,2024-04-01,Packaging Issue,6276.5,Returned
RET000432,O0010291,2025-11-30,Product Not Required,12275.58,Returned
RET000433,O0010292,2024-03-11,Wrong Product,3261.32,Returned
RET000434,O0010311,2026-08-31,Damaged Product,3806.1,Returned
RET000435,O0010344,2025-11-12,Quality Issue,1689.96,Returned
RET000436,O0010356,2025-01-12,Product Not Required,11392.88,Returned
RET000437,O0010386,2026-04-02,Damaged Product,3958.64,Returned
RET000438,O0010400,2025-04-24,Product Not Required,3540.66,Returned
RET000439,O0010405,2024-10-13,Wrong Product,6381.91,Returned
RET000440,O0010407,2025-06-27,Damaged Product,12634.24,Returned
RET000441,O0010410,2024-09-03,Damaged Product,11055.23,Returned
RET000442,O0010445,2025-03-11,Quality Issue,147.62,Returned
RET000443,O0010446,2024-07-10,Late Delivery,10105.6,Returned
RET000444,O0010460,2025-12-25,Product Not Required,628.7,Returned
RET000445,O0010520,2024-02-17,Product Not Required,3548.83,Returned
RET000446,O0010528,2025-08-28,Product Not Required,5058.98,Returned
RET000447,O0010540,2025-10-15,Quality Issue,137.29,Returned
RET000448,O0010586,2025-01-29,Wrong Product,6106.34,Returned
RET000449,O0010610,2025-02-07,Quality Issue,4199.25,Returned
RET000450,O0010684,2024-12-22,Product Not Required,2803.27,Returned
RET000451,O0010746,2024-04-13,Wrong Product,5873.21,Returned
RET000452,O0010751,2026-09-09,Wrong Product,3609.68,Returned
RET000453,O0010808,2025-09-01,Product Not Required,9009.23,Returned
RET000454,O0010843,2024-01-30,Customer Changed Mind,5133.54,Returned
RET000455,O0010868,2025-01-21,Customer Changed Mind,7909.83,Returned
RET000456,O0010912,2025-01-12,Customer Changed Mind,3813.69,Returned
RET000457,O0010916,2026-07-05,Wrong Product,7246.36,Returned
RET000458,O0010933,2025-10-04,Damaged Product,8393.18,Returned
RET000459,O0010935,2026-07-11,Packaging Issue,6968.88,Returned
RET000460,O0010949,2026-03-31,Wrong Product,3285.28,Returned
RET000461,O0010951,2026-07-05,Customer Changed Mind,7058.8,Returned
RET000462,O0010975,2026-08-28,Packaging Issue,2125.6,Returned
RET000463,O0010987,2026-07-02,Customer Changed Mind,429.5,Returned
RET000464,O0010990,2025-08-03,Customer Changed Mind,9319.13,Returned
RET000465,O0011004,2026-01-03,Late Delivery,1564.48,Returned
RET000466,O0011021,2025-09-26,Wrong Product,2661.69,Returned
RET000467,O0011045,2026-06-25,Packaging Issue,12814.64,Returned
RET000468,O0011050,2024-10-08,Quality Issue,3425.33,Returned
RET000469,O0011061,2024-05-21,Packaging Issue,3299.81,Returned
RET000470,O0011062,2024-07-15,Wrong Product,2052.42,Returned
RET000471,O0011077,2026-05-30,Wrong Product,3224.9,Returned
RET000472,O0011102,2024-05-21,Damaged Product,6215.5,Returned
RET000473,O0011132,2026-07-24,Quality Issue,5257.16,Returned
RET000474,O0011209,2025-07-05,Customer Changed Mind,14581.96,Returned
RET000475,O0011254,2026-06-20,Customer Changed Mind,6639.56,Returned
RET000476,O0011267,2024-06-14,Late Delivery,3613.84,Returned
RET000477,O0011283,2025-04-10,Late Delivery,13539.0,Returned
RET000478,O0011289,2024-02-27,Quality Issue,2068.49,Returned
RET000479,O0011325,2025-02-04,Quality Issue,6236.91,Returned
RET000480,O0011339,2025-08-03,Quality Issue,1184.85,Returned
RET000481,O0011371,2026-02-03,Quality Issue,529.2,Returned
RET000482,O0011381,2026-09-12,Damaged Product,1669.28,Returned
RET000483,O0011399,2024-10-02,Damaged Product,4607.02,Returned
RET000484,O0011442,2024-07-27,Quality Issue,9524.16,Returned
RET000485,O0011485,2024-12-09,Wrong Product,1272.32,Returned
RET000486,O0011507,2026-01-28,Packaging Issue,523.95,Returned
RET000487,O0011554,2026-08-27,Damaged Product,6195.51,Returned
RET000488,O0011574,2024-08-01,Late Delivery,4514.59,Returned
RET000489,O0011575,2025-07-14,Quality Issue,2522.74,Returned
RET000490,O0011585,2026-09-01,Packaging Issue,2927.88,Returned
RET000491,O0011588,2025-09-01,Late Delivery,3206.67,Returned
RET000492,O0011615,2024-11-16,Packaging Issue,3812.37,Returned
RET000493,O0011655,2026-02-08,Quality Issue,10773.2,Returned
RET000494,O0011683,2024-01-18,Quality Issue,3510.39,Returned
RET000495,O0011758,2025-06-08,Quality Issue,5448.68,Returned
RET000496,O0011766,2026-02-07,Product Not Required,1453.08,Returned
RET000497,O0011844,2024-09-08,Damaged Product,5397.18,Returned
RET000498,O0011849,2026-08-22,Damaged Product,4108.13,Returned
RET000499,O0011893,2024-04-19,Customer Changed Mind,879.56,Returned
RET000500,O0011910,2024-11-08,Wrong Product,17273.48,Returned
RET000501,O0011923,2025-10-28,Customer Changed Mind,1335.48,Returned
RET000502,O0011947,2025-06-06,Quality Issue,1248.09,Returned
RET000503,O0011996,2026-09-23,Damaged Product,3483.48,Returned
RET000504,O0011997,2026-09-05,Damaged Product,3016.08,Returned
RET000505,O0012001,2024-04-12,Wrong Product,5331.39,Returned
RET000506,O0012002,2024-03-20,Damaged Product,4927.05,Returned
RET000507,O0012011,2024-08-13,Damaged Product,12288.78,Returned
RET000508,O0012039,2026-08-31,Wrong Product,1930.45,Returned
RET000509,O0012129,2024-05-29,Wrong Product,9101.98,Returned
RET000510,O0012142,2024-08-24,Quality Issue,3220.91,Returned
RET000511,O0012154,2026-09-15,Product Not Required,4597.73,Returned
RET000512,O0012170,2024-07-31,Wrong Product,4141.38,Returned
RET000513,O0012176,2025-05-02,Damaged Product,276.11,Returned
RET000514,O0012188,2024-06-04,Quality Issue,974.38,Returned
RET000515,O0012234,2026-08-20,Product Not Required,5465.59,Returned
RET000516,O0012276,2025-01-25,Quality Issue,3407.5,Returned
RET000517,O0012338,2025-12-14,Packaging Issue,6267.6,Returned
RET000518,O0012346,2026-09-25,Product Not Required,2731.1,Returned
RET000519,O0012428,2024-02-18,Damaged Product,2649.73,Returned
RET000520,O0012440,2026-03-11,Product Not Required,6733.63,Returned
RET000521,O0012454,2025-03-18,Late Delivery,1801.71,Returned
RET000522,O0012464,2025-11-02,Product Not Required,2940.38,Returned
RET000523,O0012494,2025-07-08,Product Not Required,710.34,Returned
RET000524,O0012544,2024-08-13,Quality Issue,10029.8,Returned
RET000525,O0012545,2024-11-02,Product Not Required,2218.52,Returned
RET000526,O0012594,2024-12-29,Damaged Product,7267.44,Returned
RET000527,O0012631,2024-04-01,Customer Changed Mind,3946.22,Returned
RET000528,O0012636,2024-11-14,Product Not Required,4821.48,Returned
RET000529,O0012646,2024-08-30,Quality Issue,2408.53,Returned
RET000530,O0012697,2026-07-09,Quality Issue,148.13,Returned
RET000531,O0012720,2026-07-25,Customer Changed Mind,1651.63,Returned
RET000532,O0012734,2025-10-30,Wrong Product,1145.46,Returned
RET000533,O0012801,2024-05-02,Product Not Required,10602.61,Returned
RET000534,O0012829,2024-03-28,Damaged Product,6301.24,Returned
RET000535,O0012837,2025-11-27,Damaged Product,1436.2,Returned
RET000536,O0012858,2026-01-20,Product Not Required,5326.28,Returned
RET000537,O0012914,2025-03-30,Packaging Issue,11116.85,Returned
RET000538,O0012920,2025-01-18,Product Not Required,9320.64,Returned
RET000539,O0012937,2024-04-24,Late Delivery,6839.69,Returned
RET000540,O0012939,2026-09-16,Product Not Required,12992.75,Returned
RET000541,O0012943,2024-12-27,Product Not Required,610.97,Returned
RET000542,O0012976,2025-06-24,Damaged Product,11976.24,Returned
RET000543,O0012993,2024-12-14,Customer Changed Mind,6978.23,Returned
RET000544,O0013000,2025-05-04,Wrong Product,5577.5,Returned
RET000545,O0013036,2026-01-12,Damaged Product,750.79,Returned
RET000546,O0013115,2025-07-30,Customer Changed Mind,739.95,Returned
RET000547,O0013119,2025-05-11,Quality Issue,13780.17,Returned
RET000548,O0013133,2025-05-04,Quality Issue,2322.68,Returned
RET000549,O0013141,2024-03-07,Wrong Product,1399.82,Returned
RET000550,O0013165,2026-01-20,Wrong Product,237.44,Returned
RET000551,O0013253,2026-07-15,Late Delivery,1011.15,Returned
RET000552,O0013256,2024-05-25,Packaging Issue,207.54,Returned
RET000553,O0013261,2024-09-30,Customer Changed Mind,5803.1,Returned
RET000554,O0013277,2024-05-10,Wrong Product,5079.49,Returned
RET000555,O0013290,2026-06-07,Product Not Required,4484.52,Returned
RET000556,O0013308,2024-06-17,Late Delivery,2203.74,Returned
RET000557,O0013326,2024-06-20,Late Delivery,1101.57,Returned
RET000558,O0013342,2024-10-02,Wrong Product,2251.08,Returned
RET000559,O0013349,2024-12-11,Wrong Product,8528.95,Returned
RET000560,O0013388,2024-12-31,Customer Changed Mind,7590.42,Returned
RET000561,O0013400,2024-12-03,Packaging Issue,6947.07,Returned
RET000562,O0013433,2026-02-19,Product Not Required,5368.27,Returned
RET000563,O0013457,2026-01-31,Wrong Product,7451.29,Returned
RET000564,O0013472,2024-03-12,Packaging Issue,5769.0,Returned
RET000565,O0013482,2026-07-22,Late Delivery,5682.14,Returned
RET000566,O0013511,2024-12-17,Packaging Issue,10225.97,Returned
RET000567,O0013528,2026-04-15,Product Not Required,4173.0,Returned
RET000568,O0013533,2026-09-10,Late Delivery,7565.5,Returned
RET000569,O0013536,2024-11-02,Customer Changed Mind,141.21,Returned
RET000570,O0013577,2026-07-27,Packaging Issue,9437.08,Returned
RET000571,O0013610,2026-08-10,Packaging Issue,14919.14,Returned
RET000572,O0013623,2024-10-20,Quality Issue,5580.2,Returned
RET000573,O0013631,2025-10-31,Late Delivery,472.89,Returned
RET000574,O0013726,2024-08-14,Damaged Product,3593.96,Returned
RET000575,O0013749,2025-11-29,Customer Changed Mind,6547.78,Returned
RET000576,O0013780,2025-03-25,Wrong Product,2410.37,Returned
RET000577,O0013833,2024-04-02,Quality Issue,4840.13,Returned
RET000578,O0013866,2026-04-13,Damaged Product,2992.13,Returned
RET000579,O0014019,2024-03-09,Packaging Issue,6258.58,Returned
RET000580,O0014020,2026-04-08,Wrong Product,7948.44,Returned
RET000581,O0014076,2026-06-23,Damaged Product,3922.51,Returned
RET000582,O0014110,2024-06-20,Quality Issue,462.39,Returned
RET000583,O0014128,2025-05-27,Late Delivery,866.1,Returned
RET000584,O0014140,2025-05-10,Packaging Issue,825.81,Returned
RET000585,O0014167,2024-02-07,Damaged Product,172.03,Returned
RET000586,O0014184,2025-07-29,Wrong Product,6786.38,Returned
RET000587,O0014214,2025-03-22,Damaged Product,3177.34,Returned
RET000588,O0014215,2025-03-12,Quality Issue,1646.74,Returned
RET000589,O0014219,2025-03-02,Damaged Product,6682.01,Returned
RET000590,O0014226,2026-06-13,Wrong Product,7099.14,Returned
RET000591,O0014227,2025-06-08,Late Delivery,8727.52,Returned
RET000592,O0014239,2025-08-04,Damaged Product,2423.84,Returned
RET000593,O0014257,2025-12-21,Damaged Product,509.96,Returned
RET000594,O0014264,2024-03-11,Quality Issue,3768.73,Returned
RET000595,O0014301,2025-04-17,Late Delivery,6955.35,Returned
RET000596,O0014309,2024-11-12,Quality Issue,6614.12,Returned
RET000597,O0014323,2025-01-27,Customer Changed Mind,523.52,Returned
RET000598,O0014356,2025-02-22,Late Delivery,787.92,Returned
RET000599,O0014365,2024-10-16,Wrong Product,3158.93,Returned
RET000600,O0014373,2024-11-23,Product Not Required,1069.86,Returned
RET000601,O0014387,2024-10-28,Product Not Required,6164.88,Returned
RET000602,O0014395,2025-09-15,Product Not Required,4974.34,Returned
RET000603,O0014409,2025-03-21,Quality Issue,7356.68,Returned
RET000604,O0014428,2026-06-28,Wrong Product,921.21,Returned
RET000605,O0014430,2026-09-22,Damaged Product,1077.41,Returned
RET000606,O0014446,2024-01-16,Packaging Issue,948.69,Returned
RET000607,O0014479,2025-06-29,Packaging Issue,12737.33,Returned
RET000608,O0014509,2024-03-05,Product Not Required,1221.66,Returned
RET000609,O0014526,2026-03-22,Customer Changed Mind,9739.0,Returned
RET000610,O0014529,2025-10-17,Product Not Required,5276.35,Returned
RET000611,O0014560,2024-02-07,Damaged Product,3199.91,Returned
RET000612,O0014569,2025-11-20,Late Delivery,10920.35,Returned
RET000613,O0014597,2025-12-13,Customer Changed Mind,5736.85,Returned
RET000614,O0014613,2026-02-09,Customer Changed Mind,5173.41,Returned
RET000615,O0014623,2024-08-25,Late Delivery,10403.15,Returned
RET000616,O0014647,2026-09-08,Customer Changed Mind,776.98,Returned
RET000617,O0014671,2024-10-09,Product Not Required,8770.33,Returned
RET000618,O0014695,2025-05-15,Customer Changed Mind,4668.49,Returned
RET000619,O0014699,2025-11-15,Customer Changed Mind,3683.7,Returned
RET000620,O0014721,2025-10-05,Damaged Product,8169.18,Returned
RET000621,O0014757,2024-07-28,Product Not Required,5024.47,Returned
RET000622,O0014774,2026-02-27,Packaging Issue,584.35,Returned
RET000623,O0014798,2025-07-24,Packaging Issue,5527.27,Returned
RET000624,O0014854,2025-02-01,Product Not Required,3520.48,Returned
RET000625,O0014882,2024-05-13,Late Delivery,3510.85,Returned
RET000626,O0014890,2026-03-31,Wrong Product,6045.61,Returned
RET000627,O0014909,2025-03-18,Damaged Product,3505.19,Returned
RET000628,O0014934,2024-05-28,Customer Changed Mind,4041.62,Returned
RET000629,O0014953,2026-07-20,Customer Changed Mind,15167.86,Returned
RET000630,O0014966,2024-12-08,Damaged Product,6020.37,Returned
RET000631,O0014985,2025-04-24,Late Delivery,5979.56,Returned
RET000632,O0015027,2024-08-18,Customer Changed Mind,5561.99,Returned
RET000633,O0015029,2025-12-06,Wrong Product,5671.56,Returned
RET000634,O0015034,2026-02-21,Product Not Required,678.36,Returned
RET000635,O0015055,2025-11-08,Packaging Issue,2299.74,Returned
RET000636,O0015128,2026-09-09,Wrong Product,3172.83,Returned
RET000637,O0015149,2026-08-14,Product Not Required,5384.49,Returned
RET000638,O0015169,2024-11-02,Quality Issue,10875.6,Returned
RET000639,O0015187,2026-08-05,Damaged Product,12213.02,Returned
RET000640,O0015195,2025-11-13,Quality Issue,2623.77,Returned
RET000641,O0015196,2025-12-06,Late Delivery,3142.29,Returned
RET000642,O0015245,2024-04-14,Product Not Required,8559.61,Returned
RET000643,O0015247,2024-05-06,Damaged Product,8652.49,Returned
RET000644,O0015250,2025-04-29,Product Not Required,4679.27,Returned
RET000645,O0015291,2026-07-02,Quality Issue,6646.19,Returned
RET000646,O0015308,2024-09-02,Wrong Product,3286.38,Returned
RET000647,O0015316,2025-09-01,Damaged Product,1759.87,Returned
RET000648,O0015339,2024-04-30,Damaged Product,5846.23,Returned
RET000649,O0015389,2024-02-17,Late Delivery,60.71,Returned
RET000650,O0015433,2026-01-02,Wrong Product,2324.99,Returned
RET000651,O0015458,2026-01-24,Packaging Issue,616.76,Returned
RET000652,O0015491,2024-03-15,Customer Changed Mind,5231.34,Returned
RET000653,O0015548,2024-06-14,Wrong Product,253.11,Returned
RET000654,O0015549,2024-12-31,Late Delivery,5378.74,Returned
RET000655,O0015557,2024-03-06,Packaging Issue,7773.5,Returned
RET000656,O0015577,2024-12-14,Product Not Required,5662.53,Returned
RET000657,O0015595,2024-03-29,Quality Issue,5004.56,Returned
RET000658,O0015605,2025-04-07,Quality Issue,1089.43,Returned
RET000659,O0015615,2026-08-22,Customer Changed Mind,4516.68,Returned
RET000660,O0015709,2024-04-21,Late Delivery,2482.16,Returned
RET000661,O0015748,2026-07-20,Packaging Issue,7751.19,Returned
RET000662,O0015757,2025-09-05,Wrong Product,5124.27,Returned
RET000663,O0015767,2024-04-25,Customer Changed Mind,3979.79,Returned
RET000664,O0015794,2025-09-16,Packaging Issue,973.83,Returned
RET000665,O0015801,2024-08-29,Wrong Product,10388.74,Returned
RET000666,O0015807,2024-09-03,Product Not Required,2720.92,Returned
RET000667,O0015838,2026-04-03,Product Not Required,13102.14,Returned
RET000668,O0015851,2024-01-24,Customer Changed Mind,4591.79,Returned
RET000669,O0015858,2025-12-03,Packaging Issue,7391.01,Returned
RET000670,O0015873,2026-01-01,Damaged Product,1967.08,Returned
RET000671,O0015974,2026-03-28,Packaging Issue,1056.73,Returned
RET000672,O0015995,2025-09-01,Product Not Required,8281.67,Returned
RET000673,O0016057,2025-01-15,Quality Issue,751.84,Returned
RET000674,O0016142,2024-09-05,Product Not Required,4364.35,Returned
RET000675,O0016167,2025-01-15,Quality Issue,3476.26,Returned
RET000676,O0016185,2026-09-21,Damaged Product,250.51,Returned
RET000677,O0016190,2025-09-29,Product Not Required,7271.38,Returned
RET000678,O0016201,2025-05-21,Packaging Issue,10903.95,Returned
RET000679,O0016202,2026-06-21,Wrong Product,4715.98,Returned
RET000680,O0016269,2024-01-29,Packaging Issue,9651.24,Returned
RET000681,O0016289,2024-05-22,Product Not Required,7553.52,Returned
RET000682,O0016322,2024-07-11,Damaged Product,1968.93,Returned
RET000683,O0016325,2024-10-17,Product Not Required,1024.82,Returned
RET000684,O0016363,2024-05-27,Packaging Issue,10214.02,Returned
RET000685,O0016374,2026-05-10,Quality Issue,6711.35,Returned
RET000686,O0016386,2026-04-09,Wrong Product,7173.41,Returned
RET000687,O0016404,2025-12-26,Quality Issue,3294.77,Returned
RET000688,O0016453,2025-10-04,Damaged Product,3256.94,Returned
RET000689,O0016458,2026-05-28,Quality Issue,7256.58,Returned
RET000690,O0016459,2025-11-26,Packaging Issue,5765.37,Returned
RET000691,O0016473,2026-09-02,Quality Issue,2498.31,Returned
RET000692,O0016482,2024-07-19,Customer Changed Mind,6551.28,Returned
RET000693,O0016506,2024-08-25,Quality Issue,8840.4,Returned
RET000694,O0016509,2025-07-13,Customer Changed Mind,4983.75,Returned
RET000695,O0016534,2026-05-02,Product Not Required,2201.93,Returned
RET000696,O0016552,2024-02-08,Product Not Required,1458.98,Returned
RET000697,O0016558,2025-03-04,Packaging Issue,3213.76,Returned
RET000698,O0016596,2025-06-24,Quality Issue,2747.56,Returned
RET000699,O0016648,2026-06-18,Late Delivery,735.87,Returned
RET000700,O0016668,2024-12-08,Quality Issue,2979.09,Returned
RET000701,O0016689,2024-08-31,Damaged Product,7413.02,Returned
RET000702,O0016706,2025-10-04,Packaging Issue,819.96,Returned
RET000703,O0016725,2024-03-17,Damaged Product,6651.5,Returned
RET000704,O0016737,2026-07-13,Quality Issue,8190.89,Returned
RET000705,O0016812,2025-01-15,Customer Changed Mind,6322.11,Returned
RET000706,O0016842,2024-05-04,Packaging Issue,7322.45,Returned
RET000707,O0016908,2025-08-19,Quality Issue,11094.69,Returned
RET000708,O0016949,2026-02-27,Damaged Product,12537.62,Returned
RET000709,O0016953,2025-04-16,Damaged Product,9634.7,Returned
RET000710,O0017003,2024-07-13,Wrong Product,6004.62,Returned
RET000711,O0017028,2024-09-12,Customer Changed Mind,11814.45,Returned
RET000712,O0017035,2025-10-20,Damaged Product,1899.76,Returned
RET000713,O0017050,2025-07-02,Late Delivery,3525.47,Returned
RET000714,O0017229,2024-08-07,Packaging Issue,7699.45,Returned
RET000715,O0017279,2024-03-12,Product Not Required,4648.13,Returned
RET000716,O0017303,2025-07-08,Customer Changed Mind,7122.37,Returned
RET000717,O0017344,2024-06-16,Late Delivery,6913.56,Returned
RET000718,O0017383,2026-05-30,Customer Changed Mind,1891.46,Returned
RET000719,O0017425,2024-07-12,Damaged Product,1178.45,Returned
RET000720,O0017431,2024-05-17,Wrong Product,12920.83,Returned
RET000721,O0017452,2025-08-02,Wrong Product,11566.32,Returned
RET000722,O0017481,2025-07-02,Late Delivery,7121.48,Returned
RET000723,O0017512,2025-10-16,Late Delivery,4703.3,Returned
RET000724,O0017565,2024-10-21,Product Not Required,869.12,Returned
RET000725,O0017586,2026-02-28,Wrong Product,9351.45,Returned
RET000726,O0017608,2024-04-14,Packaging Issue,5776.55,Returned
RET000727,O0017653,2024-09-23,Quality Issue,8731.61,Returned
RET000728,O0017665,2025-08-21,Product Not Required,4216.3,Returned
RET000729,O0017669,2025-07-04,Wrong Product,2140.72,Returned
RET000730,O0017698,2026-09-19,Damaged Product,2322.06,Returned
RET000731,O0017716,2024-11-28,Quality Issue,13741.07,Returned
RET000732,O0017734,2024-05-28,Product Not Required,4605.25,Returned
RET000733,O0017737,2025-09-30,Wrong Product,1367.79,Returned
RET000734,O0017783,2026-05-10,Product Not Required,1582.23,Returned
RET000735,O0017816,2024-09-08,Late Delivery,11029.1,Returned
RET000736,O0017831,2026-01-31,Late Delivery,4359.67,Returned
RET000737,O0017880,2024-07-23,Wrong Product,12336.02,Returned
RET000738,O0017909,2024-02-13,Late Delivery,1903.57,Returned
RET000739,O0018048,2024-10-01,Quality Issue,5476.96,Returned
RET000740,O0018050,2026-05-15,Packaging Issue,9628.0,Returned
RET000741,O0018072,2024-11-15,Wrong Product,3859.9,Returned
RET000742,O0018079,2024-11-04,Damaged Product,5911.96,Returned
RET000743,O0018082,2025-07-29,Late Delivery,898.86,Returned
RET000744,O0018086,2025-02-12,Damaged Product,3981.51,Returned
RET000745,O0018149,2024-08-16,Late Delivery,1889.7,Returned
RET000746,O0018228,2025-07-10,Product Not Required,3071.09,Returned
RET000747,O0018264,2024-11-25,Wrong Product,376.27,Returned
RET000748,O0018280,2024-10-03,Damaged Product,12972.02,Returned
RET000749,O0018283,2024-06-25,Packaging Issue,2764.66,Returned
RET000750,O0018290,2026-04-30,Late Delivery,6445.35,Returned
RET000751,O0018328,2024-10-13,Packaging Issue,2238.12,Returned
RET000752,O0018338,2025-06-26,Wrong Product,6617.94,Returned
RET000753,O0018411,2024-05-14,Quality Issue,3482.86,Returned
RET000754,O0018480,2026-02-24,Damaged Product,7359.35,Returned
RET000755,O0018488,2026-07-27,Quality Issue,4405.61,Returned
RET000756,O0018567,2026-09-25,Late Delivery,10307.38,Returned
RET000757,O0018573,2025-06-30,Wrong Product,3557.89,Returned
RET000758,O0018587,2026-04-02,Quality Issue,391.27,Returned
RET000759,O0018593,2025-12-17,Damaged Product,1692.61,Returned
RET000760,O0018606,2024-08-09,Quality Issue,13917.84,Returned
RET000761,O0018607,2026-05-23,Wrong Product,5210.16,Returned
RET000762,O0018615,2025-12-18,Product Not Required,5727.26,Returned
RET000763,O0018653,2025-06-11,Late Delivery,3580.2,Returned
RET000764,O0018654,2024-06-22,Packaging Issue,6984.9,Returned
RET000765,O0018664,2024-09-06,Customer Changed Mind,2332.63,Returned
RET000766,O0018698,2025-12-01,Late Delivery,6475.37,Returned
RET000767,O0018710,2024-03-31,Product Not Required,578.23,Returned
RET000768,O0018713,2024-12-14,Quality Issue,2840.25,Returned
RET000769,O0018730,2025-12-06,Packaging Issue,7996.07,Returned
RET000770,O0018738,2025-09-05,Packaging Issue,7620.62,Returned
RET000771,O0018746,2025-10-14,Quality Issue,600.42,Returned
RET000772,O0018755,2024-03-27,Damaged Product,4736.83,Returned
RET000773,O0018783,2024-09-30,Packaging Issue,7437.16,Returned
RET000774,O0018790,2026-09-01,Customer Changed Mind,7376.02,Returned
RET000775,O0018807,2026-04-11,Quality Issue,4391.53,Returned
RET000776,O0018871,2025-04-19,Late Delivery,3307.34,Returned
RET000777,O0018886,2026-03-22,Late Delivery,586.63,Returned
RET000778,O0018891,2024-07-06,Product Not Required,1224.26,Returned
RET000779,O0018910,2026-06-09,Product Not Required,1953.67,Returned
RET000780,O0018922,2025-06-30,Damaged Product,5241.5,Returned
RET000781,O0018927,2024-11-01,Customer Changed Mind,4325.68,Returned
RET000782,O0018929,2026-01-08,Quality Issue,4270.63,Returned
RET000783,O0018931,2025-01-10,Damaged Product,873.47,Returned
RET000784,O0018937,2025-10-08,Customer Changed Mind,10561.52,Returned
RET000785,O0018938,2024-02-10,Packaging Issue,5737.77,Returned
RET000786,O0018951,2025-12-20,Late Delivery,11579.96,Returned
RET000787,O0019021,2026-07-05,Late Delivery,231.34,Returned
RET000788,O0019067,2026-05-15,Product Not Required,2056.32,Returned
RET000789,O0019086,2025-10-16,Late Delivery,3807.75,Returned
RET000790,O0019098,2024-03-17,Customer Changed Mind,5795.73,Returned
RET000791,O0019146,2024-09-09,Damaged Product,1451.05,Returned
RET000792,O0019152,2026-04-28,Damaged Product,5125.67,Returned
RET000793,O0019177,2024-05-30,Damaged Product,2265.0,Returned
RET000794,O0019189,2026-02-15,Late Delivery,3279.77,Returned
RET000795,O0019196,2025-03-30,Wrong Product,7128.62,Returned
RET000796,O0019204,2024-02-16,Wrong Product,4427.69,Returned
RET000797,O0019212,2025-10-19,Late Delivery,654.61,Returned
RET000798,O0019218,2024-06-23,Product Not Required,931.08,Returned
RET000799,O0019219,2024-05-12,Late Delivery,8163.69,Returned
RET000800,O0019254,2025-02-13,Wrong Product,4660.52,Returned
RET000801,O0019258,2026-02-16,Quality Issue,5088.12,Returned
RET000802,O0019318,2025-08-29,Product Not Required,2891.32,Returned
RET000803,O0019349,2025-02-05,Customer Changed Mind,3966.57,Returned
RET000804,O0019354,2024-08-15,Product Not Required,5424.46,Returned
RET000805,O0019361,2024-02-29,Customer Changed Mind,10220.33,Returned
RET000806,O0019457,2026-08-20,Product Not Required,13601.47,Returned
RET000807,O0019459,2025-03-12,Packaging Issue,1504.64,Returned
RET000808,O0019471,2026-02-17,Late Delivery,1185.83,Returned
RET000809,O0019479,2024-11-17,Late Delivery,5949.21,Returned
RET000810,O0019493,2024-05-05,Packaging Issue,13494.05,Returned
RET000811,O0019556,2024-02-15,Late Delivery,5406.44,Returned
RET000812,O0019589,2026-08-27,Quality Issue,4388.45,Returned
RET000813,O0019607,2025-11-01,Late Delivery,6703.14,Returned
RET000814,O0019623,2026-07-16,Customer Changed Mind,390.2,Returned
RET000815,O0019632,2026-06-18,Quality Issue,6168.33,Returned
RET000816,O0019656,2025-02-02,Late Delivery,3809.36,Returned
RET000817,O0019689,2024-02-29,Packaging Issue,8200.19,Returned
RET000818,O0019696,2024-02-03,Wrong Product,10666.72,Returned
RET000819,O0019698,2025-06-13,Packaging Issue,5546.07,Returned
RET000820,O0019706,2024-08-05,Damaged Product,4204.79,Returned
RET000821,O0019711,2025-03-17,Wrong Product,4495.45,Returned
RET000822,O0019789,2026-07-26,Wrong Product,6039.52,Returned
RET000823,O0019806,2025-08-28,Quality Issue,18529.52,Returned
RET000824,O0019827,2025-10-05,Damaged Product,3178.8,Returned
RET000825,O0019833,2025-09-22,Customer Changed Mind,5799.4,Returned
RET000826,O0019851,2026-05-01,Damaged Product,2177.76,Returned
RET000827,O0019860,2024-01-30,Quality Issue,5836.73,Returned
RET000828,O0019880,2025-07-25,Quality Issue,3349.37,Returned
RET000829,O0019882,2024-11-07,Late Delivery,10692.59,Returned
RET000830,O0019883,2025-07-29,Product Not Required,1316.45,Returned
RET000831,O0019884,2025-07-27,Product Not Required,5569.69,Returned
RET000832,O0019897,2025-02-23,Damaged Product,4207.18,Returned
RET000833,O0019904,2025-10-05,Packaging Issue,3550.31,Returned
RET000834,O0019936,2025-10-18,Customer Changed Mind,6120.29,Returned
RET000835,O0019989,2025-02-05,Customer Changed Mind,8308.92,Returned
RET000836,O0020024,2026-05-18,Wrong Product,6028.33,Returned
RET000837,O0020028,2025-05-17,Product Not Required,12645.7,Returned
RET000838,O0020045,2025-02-27,Late Delivery,7984.92,Returned
RET000839,O0020047,2024-12-17,Packaging Issue,11240.79,Returned
RET000840,O0020056,2026-09-25,Late Delivery,2237.08,Returned
RET000841,O0020057,2025-06-10,Customer Changed Mind,577.18,Returned
RET000842,O0020060,2024-10-05,Damaged Product,1251.3,Returned
RET000843,O0020070,2024-11-22,Wrong Product,3016.51,Returned
RET000844,O0020088,2024-01-30,Customer Changed Mind,478.5,Returned
RET000845,O0020104,2026-06-21,Damaged Product,7364.35,Returned
RET000846,O0020137,2026-06-16,Wrong Product,11184.51,Returned
RET000847,O0020190,2025-02-08,Late Delivery,2489.57,Returned
RET000848,O0020231,2024-07-03,Late Delivery,14550.3,Returned
RET000849,O0020236,2026-09-21,Packaging Issue,6242.34,Returned
RET000850,O0020240,2024-09-21,Packaging Issue,12687.01,Returned
RET000851,O0020261,2024-09-12,Damaged Product,4108.91,Returned
RET000852,O0020284,2024-12-30,Damaged Product,6752.63,Returned
RET000853,O0020317,2025-04-20,Packaging Issue,4586.87,Returned
RET000854,O0020326,2024-09-19,Product Not Required,4719.42,Returned
RET000855,O0020355,2026-09-22,Wrong Product,5930.62,Returned
RET000856,O0020368,2024-08-15,Late Delivery,3081.99,Returned
RET000857,O0020370,2025-05-08,Product Not Required,1619.64,Returned
RET000858,O0020411,2024-11-15,Product Not Required,2071.74,Returned
RET000859,O0020422,2026-02-14,Damaged Product,5474.23,Returned
RET000860,O0020446,2025-01-09,Wrong Product,4635.95,Returned
RET000861,O0020495,2026-05-07,Packaging Issue,6199.13,Returned
RET000862,O0020573,2024-10-18,Late Delivery,841.46,Returned
RET000863,O0020576,2024-12-28,Damaged Product,5089.12,Returned
RET000864,O0020582,2025-05-09,Late Delivery,1724.07,Returned
RET000865,O0020638,2024-12-21,Customer Changed Mind,6343.9,Returned
RET000866,O0020639,2024-06-26,Wrong Product,5878.36,Returned
RET000867,O0020655,2026-09-18,Damaged Product,9299.22,Returned
RET000868,O0020658,2024-01-24,Late Delivery,3527.38,Returned
RET000869,O0020715,2024-05-24,Late Delivery,1586.47,Returned
RET000870,O0020728,2024-04-17,Damaged Product,7957.94,Returned
RET000871,O0020762,2025-03-06,Product Not Required,4519.95,Returned
RET000872,O0020795,2026-08-30,Damaged Product,2857.26,Returned
RET000873,O0020809,2024-07-23,Wrong Product,10214.79,Returned
RET000874,O0020841,2024-08-17,Quality Issue,8644.86,Returned
RET000875,O0020851,2024-03-04,Quality Issue,1889.29,Returned
RET000876,O0020882,2025-07-20,Customer Changed Mind,1642.84,Returned
RET000877,O0020884,2024-05-02,Packaging Issue,3946.41,Returned
RET000878,O0020902,2024-12-25,Quality Issue,10596.85,Returned
RET000879,O0020927,2025-12-13,Wrong Product,3617.29,Returned
RET000880,O0020936,2025-02-03,Late Delivery,10317.26,Returned
RET000881,O0020955,2025-11-22,Quality Issue,342.94,Returned
RET000882,O0020957,2025-07-20,Packaging Issue,8644.94,Returned
RET000883,O0020999,2025-09-19,Quality Issue,2075.86,Returned
RET000884,O0021010,2025-09-03,Packaging Issue,4559.18,Returned
RET000885,O0021014,2026-06-23,Customer Changed Mind,7159.2,Returned
RET000886,O0021032,2025-09-27,Customer Changed Mind,5717.3,Returned
RET000887,O0021049,2025-08-21,Wrong Product,1873.06,Returned
RET000888,O0021055,2025-01-18,Wrong Product,2173.2,Returned
RET000889,O0021138,2025-01-16,Quality Issue,2989.06,Returned
RET000890,O0021209,2026-07-14,Damaged Product,5444.18,Returned
RET000891,O0021212,2026-09-17,Late Delivery,8247.85,Returned
RET000892,O0021217,2026-02-19,Wrong Product,3677.96,Returned
RET000893,O0021221,2024-04-08,Customer Changed Mind,6700.37,Returned
RET000894,O0021234,2024-08-22,Late Delivery,1447.91,Returned
RET000895,O0021240,2024-01-13,Quality Issue,9553.29,Returned
RET000896,O0021285,2024-10-29,Product Not Required,2807.81,Returned
RET000897,O0021347,2025-04-30,Customer Changed Mind,1087.76,Returned
RET000898,O0021349,2025-07-21,Customer Changed Mind,13856.24,Returned
RET000899,O0021353,2025-06-23,Packaging Issue,5521.74,Returned
RET000900,O0021371,2024-06-12,Packaging Issue,7069.19,Returned
RET000901,O0021373,2025-10-29,Packaging Issue,2909.35,Returned
RET000902,O0021416,2025-09-16,Product Not Required,5637.57,Returned
RET000903,O0021465,2025-01-24,Damaged Product,6487.06,Returned
RET000904,O0021494,2026-05-29,Customer Changed Mind,56.56,Returned
RET000905,O0021545,2026-05-23,Damaged Product,1271.01,Returned
RET000906,O0021600,2024-09-05,Wrong Product,15122.37,Returned
RET000907,O0021622,2026-01-06,Wrong Product,16110.94,Returned
RET000908,O0021623,2025-09-01,Packaging Issue,6347.42,Returned
RET000909,O0021637,2025-01-31,Product Not Required,3073.48,Returned
RET000910,O0021650,2024-05-25,Late Delivery,2393.4,Returned
RET000911,O0021677,2024-04-16,Customer Changed Mind,2766.25,Returned
RET000912,O0021712,2025-10-02,Customer Changed Mind,1752.77,Returned
RET000913,O0021736,2025-10-01,Product Not Required,2282.02,Returned
RET000914,O0021776,2026-06-21,Product Not Required,11750.55,Returned
RET000915,O0021796,2026-08-25,Late Delivery,7860.1,Returned
RET000916,O0021839,2026-03-13,Late Delivery,6654.19,Returned
RET000917,O0021904,2025-08-25,Quality Issue,3044.88,Returned
RET000918,O0021913,2025-08-07,Damaged Product,4367.63,Returned
RET000919,O0021940,2025-02-08,Customer Changed Mind,15962.62,Returned
RET000920,O0021944,2025-12-18,Quality Issue,644.13,Returned
RET000921,O0021969,2026-03-26,Customer Changed Mind,14093.39,Returned
RET000922,O0021973,2025-11-02,Quality Issue,14014.37,Returned
RET000923,O0022012,2024-03-14,Wrong Product,6595.31,Returned
RET000924,O0022053,2025-12-11,Late Delivery,4788.02,Returned
RET000925,O0022066,2024-12-27,Damaged Product,6495.39,Returned
RET000926,O0022073,2025-11-07,Late Delivery,4618.43,Returned
RET000927,O0022105,2025-02-22,Customer Changed Mind,516.58,Returned
RET000928,O0022137,2024-04-03,Quality Issue,1192.23,Returned
RET000929,O0022138,2025-08-19,Customer Changed Mind,7168.07,Returned
RET000930,O0022174,2024-12-01,Damaged Product,9068.2,Returned
RET000931,O0022196,2024-04-15,Product Not Required,1242.72,Returned
RET000932,O0022227,2024-04-11,Wrong Product,2694.18,Returned
RET000933,O0022299,2026-09-11,Wrong Product,9253.8,Returned
RET000934,O0022336,2026-01-03,Damaged Product,1259.21,Returned
RET000935,O0022399,2024-07-24,Late Delivery,9834.59,Returned
RET000936,O0022408,2025-01-12,Product Not Required,10562.16,Returned
RET000937,O0022419,2025-08-03,Damaged Product,3378.16,Returned
RET000938,O0022432,2025-03-23,Product Not Required,1567.9,Returned
RET000939,O0022477,2025-05-29,Wrong Product,4675.67,Returned
RET000940,O0022503,2024-09-11,Wrong Product,1227.35,Returned
RET000941,O0022509,2024-11-15,Product Not Required,2650.32,Returned
RET000942,O0022542,2025-07-26,Wrong Product,3294.99,Returned
RET000943,O0022596,2024-09-07,Wrong Product,408.77,Returned
RET000944,O0022616,2024-08-08,Damaged Product,4538.23,Returned
RET000945,O0022632,2026-04-24,Product Not Required,5759.72,Returned
RET000946,O0022638,2025-11-18,Damaged Product,7964.66,Returned
RET000947,O0022662,2026-08-15,Packaging Issue,12707.04,Returned
RET000948,O0022704,2025-01-10,Customer Changed Mind,5799.83,Returned
RET000949,O0022715,2026-04-29,Product Not Required,10890.09,Returned
RET000950,O0022717,2025-04-07,Quality Issue,5426.0,Returned
RET000951,O0022720,2026-01-11,Product Not Required,7816.4,Returned
RET000952,O0022731,2025-06-12,Wrong Product,3643.56,Returned
RET000953,O0022732,2024-08-26,Quality Issue,8295.52,Returned
RET000954,O0022753,2024-10-24,Product Not Required,3533.91,Returned
RET000955,O0022825,2025-06-30,Customer Changed Mind,970.6,Returned
RET000956,O0022826,2026-09-24,Damaged Product,2924.1,Returned
RET000957,O0022828,2025-12-02,Product Not Required,12122.34,Returned
RET000958,O0022834,2026-08-22,Damaged Product,9237.24,Returned
RET000959,O0022841,2026-08-10,Wrong Product,8099.25,Returned
RET000960,O0022865,2024-05-19,Wrong Product,1177.51,Returned
RET000961,O0022881,2024-05-28,Customer Changed Mind,8654.89,Returned
RET000962,O0022889,2026-02-11,Product Not Required,10928.03,Returned
RET000963,O0022894,2024-05-16,Late Delivery,962.64,Returned
RET000964,O0022902,2026-02-20,Damaged Product,15106.86,Returned
RET000965,O0022910,2025-05-19,Customer Changed Mind,2214.96,Returned
RET000966,O0022927,2025-05-12,Damaged Product,14378.5,Returned
RET000967,O0022955,2026-01-29,Customer Changed Mind,8170.48,Returned
RET000968,O0022968,2024-08-05,Product Not Required,11462.91,Returned
RET000969,O0022986,2025-10-21,Packaging Issue,4691.91,Returned
RET000970,O0022995,2024-05-29,Quality Issue,12063.17,Returned
RET000971,O0023008,2025-06-06,Damaged Product,14113.3,Returned
RET000972,O0023016,2024-11-01,Wrong Product,797.7,Returned
RET000973,O0023068,2026-01-21,Damaged Product,3995.22,Returned
RET000974,O0023126,2024-01-30,Quality Issue,4795.34,Returned
RET000975,O0023180,2025-01-12,Quality Issue,5528.16,Returned
RET000976,O0023203,2025-04-03,Wrong Product,8359.04,Returned
RET000977,O0023210,2026-04-29,Late Delivery,5336.5,Returned
RET000978,O0023217,2024-08-24,Product Not Required,8132.18,Returned
RET000979,O0023244,2026-08-25,Damaged Product,3259.3,Returned
RET000980,O0023259,2024-12-04,Customer Changed Mind,5489.33,Returned
RET000981,O0023289,2026-04-19,Packaging Issue,11820.37,Returned
RET000982,O0023304,2025-05-01,Packaging Issue,4161.6,Returned
RET000983,O0023342,2025-01-23,Wrong Product,3534.28,Returned
RET000984,O0023424,2024-09-07,Damaged Product,1086.52,Returned
RET000985,O0023480,2024-06-06,Quality Issue,16477.57,Returned
RET000986,O0023517,2025-02-12,Late Delivery,5023.94,Returned
RET000987,O0023518,2024-05-24,Wrong Product,1461.28,Returned
RET000988,O0023526,2025-12-24,Wrong Product,739.31,Returned
RET000989,O0023581,2025-10-27,Customer Changed Mind,4254.94,Returned
RET000990,O0023614,2026-01-29,Packaging Issue,8207.26,Returned
RET000991,O0023636,2025-02-15,Damaged Product,7152.94,Returned
RET000992,O0023712,2025-08-18,Damaged Product,4936.56,Returned
RET000993,O0023730,2024-04-06,Quality Issue,1254.2,Returned
RET000994,O0023744,2026-08-01,Wrong Product,4922.13,Returned
RET000995,O0023774,2024-10-29,Wrong Product,5506.72,Returned
RET000996,O0023778,2025-08-23,Late Delivery,4581.36,Returned
RET000997,O0023814,2024-02-01,Packaging Issue,2513.65,Returned
RET000998,O0023825,2025-08-15,Wrong Product,9175.66,Returned
RET000999,O0023881,2025-05-25,Product Not Required,2931.94,Returned
RET001000,O0023895,2025-06-08,Product Not Required,1221.36,Returned
RET001001,O0023913,2026-02-16,Late Delivery,2029.75,Returned
RET001002,O0023943,2025-05-31,Late Delivery,15679.74,Returned
RET001003,O0023954,2024-12-15,Packaging Issue,8687.15,Returned
RET001004,O0023960,2025-07-14,Product Not Required,1376.84,Returned
RET001005,O0023976,2026-08-09,Wrong Product,4219.35,Returned
RET001006,O0023991,2025-10-26,Packaging Issue,1368.48,Returned
RET001007,O0023993,2026-03-20,Damaged Product,5360.39,Returned
RET001008,O0024026,2025-03-05,Damaged Product,5675.03,Returned
RET001009,O0024051,2025-06-25,Late Delivery,10929.95,Returned
RET001010,O0024118,2025-10-02,Late Delivery,8236.08,Returned
RET001011,O0024130,2024-03-13,Packaging Issue,1254.29,Returned
RET001012,O0024178,2026-03-14,Wrong Product,8814.45,Returned
RET001013,O0024215,2026-06-20,Customer Changed Mind,4211.14,Returned
RET001014,O0024231,2025-07-16,Late Delivery,3818.33,Returned
RET001015,O0024232,2024-10-10,Packaging Issue,5343.95,Returned
RET001016,O0024240,2025-08-03,Product Not Required,600.42,Returned
RET001017,O0024254,2026-02-20,Late Delivery,10205.43,Returned
RET001018,O0024277,2026-09-10,Quality Issue,7375.76,Returned
RET001019,O0024338,2025-08-29,Wrong Product,4128.08,Returned
RET001020,O0024344,2026-04-18,Damaged Product,185.84,Returned
RET001021,O0024378,2024-10-20,Late Delivery,4159.07,Returned
RET001022,O0024425,2025-06-23,Packaging Issue,6232.59,Returned
RET001023,O0024437,2026-09-25,Product Not Required,2799.35,Returned
RET001024,O0024449,2024-11-26,Customer Changed Mind,7460.09,Returned
RET001025,O0024461,2026-06-14,Product Not Required,995.09,Returned
RET001026,O0024481,2025-07-26,Customer Changed Mind,3452.94,Returned
RET001027,O0024528,2024-11-09,Packaging Issue,4084.58,Returned
RET001028,O0024544,2026-04-16,Packaging Issue,4595.16,Returned
RET001029,O0024610,2024-04-04,Product Not Required,2948.83,Returned
RET001030,O0024662,2026-05-08,Product Not Required,2885.1,Returned
RET001031,O0024693,2025-08-18,Product Not Required,2945.35,Returned
RET001032,O0024701,2025-08-02,Customer Changed Mind,6877.79,Returned
RET001033,O0024730,2026-08-22,Damaged Product,3450.63,Returned
RET001034,O0024739,2025-01-08,Product Not Required,7956.09,Returned
RET001035,O0024799,2024-12-24,Customer Changed Mind,16524.49,Returned
RET001036,O0024800,2025-04-27,Customer Changed Mind,4248.56,Returned
RET001037,O0024828,2024-07-23,Product Not Required,8754.92,Returned
RET001038,O0024888,2026-01-31,Damaged Product,7363.06,Returned
RET001039,O0024904,2025-07-21,Customer Changed Mind,4280.61,Returned
RET001040,O0024948,2024-02-25,Packaging Issue,1767.53,Returned
RET001041,O0024953,2025-11-15,Product Not Required,5987.29,Returned
RET001042,O0024955,2026-08-09,Quality Issue,4181.32,Returned
RET001043,O0024975,2024-12-23,Late Delivery,2305.45,Returned
RET001044,O0025013,2026-07-21,Quality Issue,3736.81,Returned
RET001045,O0025014,2026-02-02,Damaged Product,6746.64,Returned
RET001046,O0025025,2025-05-18,Product Not Required,7385.07,Returned
RET001047,O0025085,2025-03-23,Damaged Product,3004.93,Returned
RET001048,O0025123,2026-08-28,Late Delivery,1968.36,Returned
RET001049,O0025126,2026-01-16,Packaging Issue,2689.2,Returned
RET001050,O0025166,2025-12-23,Product Not Required,4473.42,Returned
RET001051,O0025168,2024-05-05,Quality Issue,1236.97,Returned
RET001052,O0025252,2025-11-28,Customer Changed Mind,2665.6,Returned
RET001053,O0025254,2026-09-14,Late Delivery,4571.82,Returned
RET001054,O0025298,2025-10-15,Customer Changed Mind,2863.79,Returned
RET001055,O0025384,2025-08-13,Product Not Required,10941.8,Returned
RET001056,O0025385,2024-12-08,Product Not Required,8323.08,Returned
RET001057,O0025394,2025-06-21,Quality Issue,9497.87,Returned
RET001058,O0025417,2025-04-26,Damaged Product,2482.02,Returned
RET001059,O0025428,2024-08-09,Damaged Product,8133.39,Returned
RET001060,O0025453,2024-05-31,Product Not Required,13626.16,Returned
RET001061,O0025470,2026-01-06,Product Not Required,4547.26,Returned
RET001062,O0025473,2024-05-01,Wrong Product,2464.55,Returned
RET001063,O0025500,2024-07-22,Late Delivery,5916.2,Returned
RET001064,O0025515,2026-09-23,Packaging Issue,7031.03,Returned
RET001065,O0025541,2025-11-08,Customer Changed Mind,3855.02,Returned
RET001066,O0025607,2024-11-14,Product Not Required,573.71,Returned
RET001067,O0025621,2026-05-18,Product Not Required,15996.33,Returned
RET001068,O0025623,2024-10-09,Customer Changed Mind,4468.65,Returned
RET001069,O0025651,2024-04-13,Damaged Product,1787.1,Returned
RET001070,O0025652,2024-12-16,Packaging Issue,11003.05,Returned
RET001071,O0025684,2025-02-28,Product Not Required,2086.88,Returned
RET001072,O0025769,2026-05-28,Quality Issue,155.68,Returned
RET001073,O0025829,2024-05-02,Product Not Required,312.96,Returned
RET001074,O0025838,2025-05-22,Quality Issue,1654.52,Returned
RET001075,O0025889,2025-12-09,Customer Changed Mind,9812.09,Returned
RET001076,O0025896,2026-04-07,Quality Issue,7877.61,Returned
RET001077,O0025931,2024-09-04,Packaging Issue,5065.17,Returned
RET001078,O0025953,2024-06-15,Packaging Issue,10056.0,Returned
RET001079,O0026004,2025-05-08,Product Not Required,8398.56,Returned
RET001080,O0026020,2024-06-13,Product Not Required,6056.65,Returned
RET001081,O0026030,2026-01-15,Packaging Issue,1996.26,Returned
RET001082,O0026031,2026-03-04,Customer Changed Mind,5325.55,Returned
RET001083,O0026052,2025-01-04,Wrong Product,1417.75,Returned
RET001084,O0026096,2026-05-13,Wrong Product,3506.9,Returned
RET001085,O0026103,2026-05-30,Late Delivery,446.88,Returned
RET001086,O0026138,2025-05-30,Damaged Product,4164.98,Returned
RET001087,O0026149,2025-07-26,Late Delivery,3839.1,Returned
RET001088,O0026151,2024-11-26,Wrong Product,2972.9,Returned
RET001089,O0026158,2025-12-29,Damaged Product,11140.92,Returned
RET001090,O0026192,2026-01-03,Customer Changed Mind,7360.17,Returned
RET001091,O0026218,2024-09-13,Quality Issue,12280.76,Returned
RET001092,O0026265,2026-02-25,Damaged Product,2989.63,Returned
RET001093,O0026290,2024-10-10,Quality Issue,2187.49,Returned
RET001094,O0026323,2026-07-24,Quality Issue,7127.37,Returned
RET001095,O0026380,2024-07-05,Quality Issue,556.06,Returned
RET001096,O0026445,2026-02-25,Wrong Product,10536.04,Returned
RET001097,O0026464,2025-11-22,Wrong Product,10138.61,Returned
RET001098,O0026519,2026-09-07,Damaged Product,10384.33,Returned
RET001099,O0026530,2026-01-23,Packaging Issue,7265.97,Returned
RET001100,O0026565,2024-12-15,Customer Changed Mind,1150.59,Returned
RET001101,O0026578,2026-06-15,Quality Issue,2516.2,Returned
RET001102,O0026584,2025-12-28,Customer Changed Mind,5573.45,Returned
RET001103,O0026593,2025-01-09,Quality Issue,4546.48,Returned
RET001104,O0026697,2025-10-02,Late Delivery,6387.88,Returned
RET001105,O0026700,2025-10-09,Customer Changed Mind,3269.75,Returned
RET001106,O0026707,2026-01-08,Customer Changed Mind,7092.69,Returned
RET001107,O0026739,2025-03-25,Damaged Product,7810.29,Returned
RET001108,O0026740,2026-01-24,Packaging Issue,1717.79,Returned
RET001109,O0026742,2025-02-02,Damaged Product,3268.98,Returned
RET001110,O0026753,2024-06-30,Quality Issue,2341.85,Returned
RET001111,O0026768,2024-01-31,Wrong Product,1488.97,Returned
RET001112,O0026783,2026-06-22,Customer Changed Mind,9706.89,Returned
RET001113,O0026802,2026-01-29,Damaged Product,1246.96,Returned
RET001114,O0026826,2025-12-03,Damaged Product,4251.93,Returned
RET001115,O0026831,2026-05-10,Packaging Issue,7911.56,Returned
RET001116,O0026842,2024-01-23,Quality Issue,1951.47,Returned
RET001117,O0026848,2026-09-07,Customer Changed Mind,2940.38,Returned
RET001118,O0026881,2025-12-27,Packaging Issue,4482.97,Returned
RET001119,O0026893,2024-12-19,Product Not Required,2344.7,Returned
RET001120,O0026901,2026-08-31,Damaged Product,3213.8,Returned
RET001121,O0026904,2026-02-06,Late Delivery,496.51,Returned
RET001122,O0026909,2024-08-02,Wrong Product,278.43,Returned
RET001123,O0026910,2025-10-13,Wrong Product,6399.3,Returned
RET001124,O0026920,2024-08-19,Product Not Required,4107.57,Returned
RET001125,O0026959,2025-01-27,Product Not Required,2577.5,Returned
RET001126,O0026996,2025-11-13,Wrong Product,3626.77,Returned
RET001127,O0027003,2024-11-27,Customer Changed Mind,4245.22,Returned
RET001128,O0027069,2026-04-30,Late Delivery,3175.0,Returned
RET001129,O0027102,2026-03-13,Wrong Product,9863.1,Returned
RET001130,O0027114,2025-11-23,Product Not Required,6260.28,Returned
RET001131,O0027136,2024-10-07,Packaging Issue,10212.01,Returned
RET001132,O0027152,2025-03-01,Wrong Product,2025.4,Returned
RET001133,O0027210,2024-11-22,Wrong Product,3728.23,Returned
RET001134,O0027227,2025-12-11,Late Delivery,1906.73,Returned
RET001135,O0027252,2024-03-12,Product Not Required,3401.67,Returned
RET001136,O0027267,2026-05-25,Damaged Product,102.75,Returned
RET001137,O0027294,2026-07-26,Product Not Required,7431.7,Returned
RET001138,O0027305,2026-06-14,Packaging Issue,2766.44,Returned
RET001139,O0027355,2025-01-01,Customer Changed Mind,832.09,Returned
RET001140,O0027420,2025-07-22,Product Not Required,3172.94,Returned
RET001141,O0027535,2024-12-23,Wrong Product,4835.72,Returned
RET001142,O0027573,2026-08-27,Late Delivery,12964.01,Returned
RET001143,O0027582,2024-02-04,Packaging Issue,1584.38,Returned
RET001144,O0027623,2024-07-27,Late Delivery,9430.8,Returned
RET001145,O0027629,2024-02-22,Customer Changed Mind,1714.37,Returned
RET001146,O0027634,2025-07-30,Late Delivery,726.72,Returned
RET001147,O0027639,2025-01-13,Packaging Issue,4161.06,Returned
RET001148,O0027641,2026-08-27,Quality Issue,10584.22,Returned
RET001149,O0027691,2025-09-13,Customer Changed Mind,7809.81,Returned
RET001150,O0027717,2026-09-21,Wrong Product,3207.89,Returned
RET001151,O0027766,2025-05-02,Late Delivery,4787.16,Returned
RET001152,O0027791,2024-11-20,Quality Issue,2752.25,Returned
RET001153,O0027824,2024-10-07,Packaging Issue,4713.76,Returned
RET001154,O0027952,2025-06-15,Customer Changed Mind,8969.83,Returned
RET001155,O0027984,2025-01-06,Customer Changed Mind,7773.0,Returned
RET001156,O0027991,2026-09-10,Wrong Product,8941.4,Returned
RET001157,O0028008,2026-07-18,Product Not Required,5402.39,Returned
RET001158,O0028010,2024-07-18,Product Not Required,7741.7,Returned
RET001159,O0028013,2024-03-22,Damaged Product,6574.75,Returned
RET001160,O0028048,2025-10-13,Wrong Product,5898.5,Returned
RET001161,O0028103,2025-05-20,Late Delivery,7928.7,Returned
RET001162,O0028128,2026-01-25,Wrong Product,6909.82,Returned
RET001163,O0028156,2025-11-29,Late Delivery,4168.07,Returned
RET001164,O0028171,2026-08-06,Product Not Required,13403.54,Returned
RET001165,O0028217,2025-12-21,Product Not Required,3074.71,Returned
RET001166,O0028244,2025-11-03,Late Delivery,7507.69,Returned
RET001167,O0028252,2025-07-04,Customer Changed Mind,7363.59,Returned
RET001168,O0028262,2024-11-23,Quality Issue,3443.0,Returned
RET001169,O0028342,2026-05-30,Product Not Required,1154.94,Returned
RET001170,O0028347,2024-08-13,Wrong Product,10233.33,Returned
RET001171,O0028356,2024-10-24,Packaging Issue,916.45,Returned
RET001172,O0028428,2025-09-20,Product Not Required,7975.84,Returned
RET001173,O0028473,2026-02-10,Customer Changed Mind,1055.95,Returned
RET001174,O0028481,2024-11-15,Damaged Product,5427.68,Returned
RET001175,O0028490,2025-10-09,Late Delivery,2738.06,Returned
RET001176,O0028515,2025-04-18,Late Delivery,438.68,Returned
RET001177,O0028562,2025-12-28,Customer Changed Mind,1592.14,Returned
RET001178,O0028614,2024-09-15,Late Delivery,8346.56,Returned
RET001179,O0028617,2026-04-03,Damaged Product,1365.34,Returned
RET001180,O0028624,2024-12-22,Wrong Product,4327.52,Returned
RET001181,O0028626,2024-04-10,Quality Issue,12302.82,Returned
RET001182,O0028645,2026-04-24,Wrong Product,5903.89,Returned
RET001183,O0028651,2026-07-13,Packaging Issue,8500.71,Returned
RET001184,O0028672,2024-08-12,Damaged Product,7408.77,Returned
RET001185,O0028676,2025-01-11,Customer Changed Mind,5103.67,Returned
RET001186,O0028680,2024-10-16,Quality Issue,1108.1,Returned
RET001187,O0028688,2024-03-16,Customer Changed Mind,8477.56,Returned
RET001188,O0028723,2026-07-30,Wrong Product,6729.27,Returned
RET001189,O0028740,2024-11-08,Late Delivery,6765.36,Returned
RET001190,O0028777,2025-01-10,Customer Changed Mind,7286.83,Returned
RET001191,O0028786,2025-03-08,Customer Changed Mind,2193.41,Returned
RET001192,O0028795,2025-04-15,Quality Issue,1674.36,Returned
RET001193,O0028814,2024-04-18,Wrong Product,1892.59,Returned
RET001194,O0028826,2025-09-18,Packaging Issue,7713.01,Returned
RET001195,O0028830,2025-08-26,Quality Issue,8024.47,Returned
RET001196,O0028851,2024-08-16,Product Not Required,9585.11,Returned
RET001197,O0028877,2025-10-24,Late Delivery,970.57,Returned
RET001198,O0028903,2024-02-23,Customer Changed Mind,4260.61,Returned
RET001199,O0028948,2025-04-18,Late Delivery,412.3,Returned
RET001200,O0028963,2025-05-31,Quality Issue,738.59,Returned
RET001201,O0028975,2024-01-10,Packaging Issue,2980.4,Returned
RET001202,O0029000,2026-06-19,Product Not Required,2451.01,Returned
RET001203,O0029046,2024-05-30,Customer Changed Mind,6006.05,Returned
RET001204,O0029057,2024-08-01,Customer Changed Mind,1357.24,Returned
RET001205,O0029063,2024-06-09,Product Not Required,2827.05,Returned
RET001206,O0029116,2024-04-28,Quality Issue,2371.98,Returned
RET001207,O0029148,2025-12-10,Packaging Issue,965.18,Returned
RET001208,O0029212,2024-08-04,Late Delivery,13494.14,Returned
RET001209,O0029235,2024-03-22,Packaging Issue,1271.34,Returned
RET001210,O0029269,2024-03-13,Quality Issue,7728.61,Returned
RET001211,O0029282,2026-09-23,Wrong Product,8762.27,Returned
RET001212,O0029319,2024-08-11,Late Delivery,7685.3,Returned
RET001213,O0029350,2025-08-02,Quality Issue,4685.86,Returned
RET001214,O0029358,2026-09-22,Wrong Product,8152.9,Returned
RET001215,O0029372,2025-09-15,Damaged Product,1394.4,Returned
RET001216,O0029389,2026-09-21,Product Not Required,5160.57,Returned
RET001217,O0029461,2026-04-10,Quality Issue,1648.36,Returned
RET001218,O0029478,2026-05-15,Late Delivery,1911.06,Returned
RET001219,O0029499,2025-08-27,Product Not Required,3100.28,Returned
RET001220,O0029544,2025-06-10,Quality Issue,10821.01,Returned
RET001221,O0029546,2024-06-04,Late Delivery,2497.21,Returned
RET001222,O0029555,2024-12-31,Damaged Product,10869.22,Returned
RET001223,O0029561,2026-05-09,Packaging Issue,2684.86,Returned
RET001224,O0029620,2025-08-05,Packaging Issue,3303.29,Returned
RET001225,O0029624,2026-01-17,Wrong Product,953.11,Returned
RET001226,O0029643,2024-09-16,Late Delivery,5332.55,Returned
RET001227,O0029650,2026-06-01,Product Not Required,4122.65,Returned
RET001228,O0029690,2025-10-13,Late Delivery,9720.28,Returned
RET001229,O0029744,2026-07-15,Late Delivery,3753.47,Returned
RET001230,O0029746,2026-01-12,Product Not Required,4155.51,Returned
RET001231,O0029747,2026-01-06,Damaged Product,10851.42,Returned
RET001232,O0029852,2024-07-16,Damaged Product,3554.01,Returned
RET001233,O0029854,2026-08-26,Damaged Product,3976.94,Returned
RET001234,O0029878,2025-06-10,Quality Issue,9640.2,Returned
RET001235,O0029899,2025-01-16,Wrong Product,4534.99,Returned
RET001236,O0029969,2024-03-05,Customer Changed Mind,7675.7,Returned
RET001237,O0030007,2026-01-13,Quality Issue,12626.17,Returned
RET001238,O0030028,2026-02-02,Damaged Product,2421.83,Returned
RET001239,O0030083,2025-05-07,Late Delivery,6512.25,Returned
RET001240,O0030095,2025-11-01,Damaged Product,2626.13,Returned
RET001241,O0030147,2024-01-27,Quality Issue,7738.58,Returned
RET001242,O0030168,2026-07-02,Damaged Product,3783.74,Returned
RET001243,O0030199,2025-10-29,Late Delivery,752.55,Returned
RET001244,O0030200,2025-03-25,Quality Issue,1326.32,Returned
RET001245,O0030260,2025-04-16,Wrong Product,8766.97,Returned
RET001246,O0030280,2026-01-07,Late Delivery,2759.98,Returned
RET001247,O0030283,2025-09-17,Late Delivery,1295.65,Returned
RET001248,O0030285,2025-09-10,Quality Issue,1252.76,Returned
RET001249,O0030394,2025-01-22,Product Not Required,5364.56,Returned
RET001250,O0030424,2026-05-13,Customer Changed Mind,4586.87,Returned
RET001251,O0030445,2025-03-28,Packaging Issue,3496.99,Returned
RET001252,O0030447,2026-09-12,Late Delivery,8695.59,Returned
RET001253,O0030459,2025-04-14,Packaging Issue,8993.03,Returned
RET001254,O0030492,2024-02-09,Damaged Product,5880.94,Returned
RET001255,O0030497,2025-10-25,Product Not Required,3673.82,Returned
RET001256,O0030500,2025-10-30,Product Not Required,9915.69,Returned
RET001257,O0030521,2025-10-07,Customer Changed Mind,3018.12,Returned
RET001258,O0030545,2024-11-10,Packaging Issue,10651.21,Returned
RET001259,O0030556,2024-02-25,Late Delivery,1557.62,Returned
RET001260,O0030577,2025-10-18,Packaging Issue,15103.41,Returned
RET001261,O0030579,2025-03-17,Customer Changed Mind,2105.78,Returned
RET001262,O0030604,2024-07-02,Wrong Product,2836.38,Returned
RET001263,O0030605,2024-04-16,Product Not Required,4607.01,Returned
RET001264,O0030612,2026-06-29,Late Delivery,6191.6,Returned
RET001265,O0030617,2024-03-25,Product Not Required,11178.21,Returned
RET001266,O0030684,2024-04-14,Packaging Issue,2744.92,Returned
RET001267,O0030731,2024-03-08,Wrong Product,5202.28,Returned
RET001268,O0030732,2025-02-24,Quality Issue,9865.5,Returned
RET001269,O0030762,2024-04-09,Wrong Product,3489.59,Returned
RET001270,O0030781,2024-05-09,Packaging Issue,3649.3,Returned
RET001271,O0030802,2024-11-22,Product Not Required,13177.92,Returned
RET001272,O0030839,2025-10-05,Customer Changed Mind,6177.09,Returned
RET001273,O0030860,2026-04-17,Wrong Product,12210.44,Returned
RET001274,O0030876,2025-10-27,Customer Changed Mind,1354.88,Returned
RET001275,O0030914,2024-04-07,Damaged Product,11137.29,Returned
RET001276,O0030957,2025-11-28,Customer Changed Mind,1038.48,Returned
RET001277,O0031023,2024-09-09,Customer Changed Mind,373.3,Returned
RET001278,O0031031,2025-08-26,Wrong Product,10748.69,Returned
RET001279,O0031046,2024-08-15,Damaged Product,2094.35,Returned
RET001280,O0031048,2025-09-22,Damaged Product,1456.98,Returned
RET001281,O0031055,2024-03-05,Quality Issue,8603.87,Returned
RET001282,O0031118,2026-05-07,Wrong Product,3309.29,Returned
RET001283,O0031195,2025-09-25,Late Delivery,5584.32,Returned
RET001284,O0031198,2025-01-25,Damaged Product,1662.37,Returned
RET001285,O0031225,2024-09-29,Product Not Required,12305.95,Returned
RET001286,O0031341,2025-03-14,Product Not Required,10657.44,Returned
RET001287,O0031354,2026-07-29,Customer Changed Mind,2386.41,Returned
RET001288,O0031383,2026-02-25,Wrong Product,2475.82,Returned
RET001289,O0031429,2025-01-14,Late Delivery,8858.71,Returned
RET001290,O0031463,2024-11-09,Product Not Required,3715.77,Returned
RET001291,O0031539,2024-05-06,Packaging Issue,9098.67,Returned
RET001292,O0031551,2024-05-05,Packaging Issue,7972.25,Returned
RET001293,O0031603,2025-03-09,Product Not Required,1866.65,Returned
RET001294,O0031623,2024-11-16,Customer Changed Mind,7916.83,Returned
RET001295,O0031624,2024-09-14,Quality Issue,59.99,Returned
RET001296,O0031639,2026-03-29,Late Delivery,7038.79,Returned
RET001297,O0031650,2026-09-25,Customer Changed Mind,1566.58,Returned
RET001298,O0031651,2025-09-26,Customer Changed Mind,2601.42,Returned
RET001299,O0031674,2025-11-20,Late Delivery,669.52,Returned
RET001300,O0031686,2025-06-26,Quality Issue,1048.87,Returned
RET001301,O0031699,2026-03-09,Quality Issue,4759.67,Returned
RET001302,O0031715,2024-10-13,Packaging Issue,4189.19,Returned
RET001303,O0031720,2026-04-14,Wrong Product,528.58,Returned
RET001304,O0031721,2024-12-29,Quality Issue,7456.34,Returned
RET001305,O0031738,2025-11-17,Customer Changed Mind,1972.35,Returned
RET001306,O0031746,2025-11-27,Customer Changed Mind,8667.16,Returned
RET001307,O0031781,2026-05-02,Packaging Issue,11411.08,Returned
RET001308,O0031785,2025-04-11,Late Delivery,1600.17,Returned
RET001309,O0031786,2025-02-06,Damaged Product,6926.2,Returned
RET001310,O0031829,2026-06-12,Late Delivery,3085.11,Returned
RET001311,O0031841,2024-12-11,Product Not Required,5176.9,Returned
RET001312,O0031854,2026-04-25,Customer Changed Mind,4204.63,Returned
RET001313,O0031883,2024-04-23,Quality Issue,6732.32,Returned
RET001314,O0031891,2026-08-31,Packaging Issue,4793.07,Returned
RET001315,O0031933,2026-05-09,Packaging Issue,12959.05,Returned
RET001316,O0031946,2024-04-23,Damaged Product,12186.53,Returned
RET001317,O0032018,2024-01-16,Quality Issue,3859.91,Returned
RET001318,O0032055,2025-04-25,Customer Changed Mind,1026.08,Returned
RET001319,O0032063,2024-12-06,Customer Changed Mind,17554.85,Returned
RET001320,O0032104,2024-04-12,Quality Issue,13780.7,Returned
RET001321,O0032132,2026-06-26,Product Not Required,16945.18,Returned
RET001322,O0032184,2026-02-02,Customer Changed Mind,3153.65,Returned
RET001323,O0032188,2024-07-18,Customer Changed Mind,7445.38,Returned
RET001324,O0032211,2026-04-09,Customer Changed Mind,3878.85,Returned
RET001325,O0032231,2026-03-27,Damaged Product,3589.6,Returned
RET001326,O0032288,2024-12-31,Packaging Issue,2022.39,Returned
RET001327,O0032323,2024-02-12,Packaging Issue,1323.11,Returned
RET001328,O0032358,2025-01-05,Late Delivery,1603.37,Returned
RET001329,O0032373,2026-06-12,Customer Changed Mind,4565.5,Returned
RET001330,O0032382,2024-11-18,Customer Changed Mind,971.22,Returned
RET001331,O0032392,2026-04-07,Packaging Issue,6789.91,Returned
RET001332,O0032394,2025-10-22,Damaged Product,8123.65,Returned
RET001333,O0032471,2024-11-16,Wrong Product,9375.73,Returned
RET001334,O0032494,2025-07-17,Customer Changed Mind,12466.76,Returned
RET001335,O0032499,2025-08-13,Damaged Product,5057.54,Returned
RET001336,O0032506,2025-04-29,Packaging Issue,15385.25,Returned
RET001337,O0032547,2026-07-11,Late Delivery,2484.36,Returned
RET001338,O0032557,2024-06-30,Damaged Product,2221.61,Returned
RET001339,O0032577,2026-06-26,Late Delivery,4026.55,Returned
RET001340,O0032682,2025-09-17,Late Delivery,119.55,Returned
RET001341,O0032719,2026-02-21,Product Not Required,2381.88,Returned
RET001342,O0032721,2026-02-07,Customer Changed Mind,8322.78,Returned
RET001343,O0032726,2026-09-25,Product Not Required,4041.16,Returned
RET001344,O0032880,2024-01-21,Customer Changed Mind,5932.63,Returned
RET001345,O0032889,2025-10-09,Product Not Required,6250.7,Returned
RET001346,O0032923,2026-02-25,Late Delivery,5961.45,Returned
RET001347,O0032929,2024-08-16,Customer Changed Mind,1328.24,Returned
RET001348,O0032955,2025-01-31,Quality Issue,2704.86,Returned
RET001349,O0032980,2026-03-27,Customer Changed Mind,4709.88,Returned
RET001350,O0032983,2025-04-20,Late Delivery,6562.93,Returned
RET001351,O0032987,2026-01-30,Quality Issue,2861.61,Returned
RET001352,O0032991,2026-08-28,Customer Changed Mind,3983.62,Returned
RET001353,O0033005,2025-05-11,Quality Issue,4277.11,Returned
RET001354,O0033023,2026-06-19,Packaging Issue,5826.14,Returned
RET001355,O0033082,2024-12-04,Quality Issue,1921.75,Returned
RET001356,O0033204,2025-06-03,Packaging Issue,984.76,Returned
RET001357,O0033216,2025-01-17,Packaging Issue,3507.1,Returned
RET001358,O0033225,2024-04-23,Late Delivery,919.02,Returned
RET001359,O0033234,2024-10-30,Customer Changed Mind,9094.49,Returned
RET001360,O0033251,2025-04-30,Customer Changed Mind,304.58,Returned
RET001361,O0033279,2025-01-22,Product Not Required,868.6,Returned
RET001362,O0033310,2026-01-12,Customer Changed Mind,995.34,Returned
RET001363,O0033353,2024-04-14,Packaging Issue,43.36,Returned
RET001364,O0033396,2024-06-23,Damaged Product,9351.83,Returned
RET001365,O0033422,2025-06-15,Damaged Product,1009.33,Returned
RET001366,O0033438,2026-06-23,Product Not Required,6255.28,Returned
RET001367,O0033458,2026-05-12,Late Delivery,6754.26,Returned
RET001368,O0033469,2025-09-16,Product Not Required,16798.55,Returned
RET001369,O0033508,2024-08-29,Wrong Product,10847.78,Returned
RET001370,O0033551,2024-03-31,Customer Changed Mind,5169.12,Returned
RET001371,O0033557,2026-01-13,Damaged Product,1376.77,Returned
RET001372,O0033588,2024-11-09,Customer Changed Mind,5626.79,Returned
RET001373,O0033665,2025-08-16,Wrong Product,8311.77,Returned
RET001374,O0033681,2024-09-06,Late Delivery,6688.98,Returned
RET001375,O0033709,2026-04-18,Damaged Product,8713.18,Returned
RET001376,O0033713,2025-05-15,Packaging Issue,2755.43,Returned
RET001377,O0033732,2025-07-20,Late Delivery,1016.84,Returned
RET001378,O0033733,2024-05-31,Late Delivery,4938.12,Returned
RET001379,O0033764,2025-01-28,Late Delivery,2583.62,Returned
RET001380,O0033782,2024-08-20,Customer Changed Mind,5804.64,Returned
RET001381,O0033801,2025-02-17,Quality Issue,3371.38,Returned
RET001382,O0033807,2025-11-24,Wrong Product,2177.28,Returned
RET001383,O0033893,2025-07-10,Product Not Required,1121.96,Returned
RET001384,O0033922,2024-01-18,Packaging Issue,688.59,Returned
RET001385,O0033949,2025-01-09,Packaging Issue,7402.44,Returned
RET001386,O0033950,2024-02-22,Quality Issue,5435.88,Returned
RET001387,O0033986,2024-04-16,Customer Changed Mind,838.8,Returned
RET001388,O0033993,2026-07-03,Wrong Product,5841.14,Returned
RET001389,O0034034,2024-10-29,Customer Changed Mind,12298.59,Returned
RET001390,O0034105,2025-06-09,Late Delivery,2411.87,Returned
RET001391,O0034155,2025-12-16,Damaged Product,4316.32,Returned
RET001392,O0034166,2026-01-25,Product Not Required,286.02,Returned
RET001393,O0034173,2025-02-13,Damaged Product,3900.74,Returned
RET001394,O0034204,2025-01-19,Quality Issue,7626.42,Returned
RET001395,O0034217,2025-07-10,Packaging Issue,4100.65,Returned
RET001396,O0034295,2024-09-15,Quality Issue,6849.56,Returned
RET001397,O0034297,2026-04-22,Quality Issue,4148.45,Returned
RET001398,O0034322,2025-05-23,Packaging Issue,10716.69,Returned
RET001399,O0034326,2026-01-16,Damaged Product,9650.39,Returned
RET001400,O0034343,2025-04-25,Late Delivery,9374.42,Returned
RET001401,O0034385,2025-10-12,Packaging Issue,914.11,Returned
RET001402,O0034487,2025-01-23,Quality Issue,5554.54,Returned
RET001403,O0034497,2025-01-16,Damaged Product,9437.79,Returned
RET001404,O0034578,2025-12-01,Damaged Product,7258.39,Returned
RET001405,O0034604,2025-04-04,Wrong Product,1250.38,Returned
RET001406,O0034665,2024-03-25,Packaging Issue,11188.27,Returned
RET001407,O0034676,2025-05-14,Packaging Issue,4444.81,Returned
RET001408,O0034680,2025-07-17,Wrong Product,6442.13,Returned
RET001409,O0034718,2024-04-17,Damaged Product,6722.63,Returned
RET001410,O0034729,2024-02-25,Damaged Product,6492.15,Returned
RET001411,O0034788,2025-02-04,Damaged Product,370.34,Returned
RET001412,O0034794,2025-06-27,Packaging Issue,6264.16,Returned
RET001413,O0034795,2026-02-11,Quality Issue,1046.65,Returned
RET001414,O0034808,2024-11-19,Customer Changed Mind,6876.13,Returned
RET001415,O0034854,2025-07-15,Wrong Product,1514.18,Returned
RET001416,O0034858,2025-07-27,Damaged Product,14792.49,Returned
RET001417,O0034932,2024-07-20,Wrong Product,12839.94,Returned
RET001418,O0034946,2024-12-20,Customer Changed Mind,11901.65,Returned
RET001419,O0034981,2026-05-10,Quality Issue,8140.84,Returned
RET001420,O0034997,2025-05-06,Damaged Product,1359.92,Returned
RET001421,O0035032,2026-02-15,Quality Issue,13367.72,Returned
RET001422,O0035056,2026-04-12,Customer Changed Mind,10253.84,Returned
RET001423,O0035057,2025-04-23,Customer Changed Mind,2712.01,Returned
RET001424,O0035071,2025-01-07,Late Delivery,11042.28,Returned
RET001425,O0035080,2025-12-27,Damaged Product,1722.72,Returned
RET001426,O0035117,2024-04-02,Late Delivery,8617.27,Returned
RET001427,O0035183,2024-02-26,Packaging Issue,3851.55,Returned
RET001428,O0035215,2026-09-16,Wrong Product,7506.58,Returned
RET001429,O0035296,2024-06-06,Packaging Issue,4240.97,Returned
RET001430,O0035326,2025-09-07,Late Delivery,13964.15,Returned
RET001431,O0035333,2025-05-09,Late Delivery,969.17,Returned
RET001432,O0035345,2024-02-12,Wrong Product,301.88,Returned
RET001433,O0035351,2024-10-17,Product Not Required,1823.17,Returned
RET001434,O0035384,2024-08-21,Product Not Required,1798.37,Returned
RET001435,O0035402,2025-03-28,Damaged Product,1755.32,Returned
RET001436,O0035403,2024-08-22,Customer Changed Mind,7410.33,Returned
RET001437,O0035444,2026-09-11,Customer Changed Mind,1848.48,Returned
RET001438,O0035474,2025-11-23,Product Not Required,6813.59,Returned
RET001439,O0035483,2024-04-01,Late Delivery,3843.78,Returned
RET001440,O0035525,2026-01-18,Damaged Product,948.55,Returned
RET001441,O0035529,2024-07-16,Quality Issue,11987.59,Returned
RET001442,O0035549,2025-10-04,Customer Changed Mind,1681.61,Returned
RET001443,O0035595,2024-12-15,Damaged Product,4724.38,Returned
RET001444,O0035612,2026-04-04,Wrong Product,9168.27,Returned
RET001445,O0035614,2025-10-07,Late Delivery,2709.49,Returned
RET001446,O0035652,2026-06-26,Late Delivery,9524.95,Returned
RET001447,O0035736,2026-01-25,Customer Changed Mind,15445.65,Returned
RET001448,O0035785,2025-09-03,Quality Issue,5511.99,Returned
RET001449,O0035868,2026-05-04,Damaged Product,2079.69,Returned
RET001450,O0035895,2026-09-08,Customer Changed Mind,8215.0,Returned
RET001451,O0035912,2026-02-06,Wrong Product,13647.65,Returned
RET001452,O0035917,2024-03-16,Customer Changed Mind,1684.46,Returned
RET001453,O0035947,2025-03-11,Damaged Product,7214.52,Returned
RET001454,O0035969,2024-04-28,Late Delivery,1166.81,Returned
RET001455,O0036019,2026-02-02,Late Delivery,2361.28,Returned
RET001456,O0036090,2026-02-26,Quality Issue,9975.61,Returned
RET001457,O0036120,2025-04-25,Wrong Product,571.56,Returned
RET001458,O0036130,2025-12-05,Packaging Issue,11376.47,Returned
RET001459,O0036134,2025-08-03,Quality Issue,9703.99,Returned
RET001460,O0036178,2024-06-20,Product Not Required,4812.55,Returned
RET001461,O0036209,2025-04-24,Damaged Product,6623.33,Returned
RET001462,O0036254,2026-08-08,Damaged Product,8447.97,Returned
RET001463,O0036258,2025-07-27,Customer Changed Mind,5238.97,Returned
RET001464,O0036260,2025-07-31,Damaged Product,10601.55,Returned
RET001465,O0036270,2025-03-15,Late Delivery,2936.12,Returned
RET001466,O0036293,2025-12-08,Product Not Required,4811.26,Returned
RET001467,O0036364,2026-06-03,Packaging Issue,6471.43,Returned
RET001468,O0036396,2024-07-19,Wrong Product,10448.87,Returned
RET001469,O0036402,2026-03-09,Customer Changed Mind,2933.28,Returned
RET001470,O0036431,2024-03-14,Late Delivery,2043.26,Returned
RET001471,O0036449,2025-06-24,Wrong Product,5678.09,Returned
RET001472,O0036483,2026-05-11,Quality Issue,12747.9,Returned
RET001473,O0036515,2024-09-17,Late Delivery,7705.53,Returned
RET001474,O0036523,2025-03-23,Wrong Product,6239.84,Returned
RET001475,O0036532,2024-11-12,Customer Changed Mind,15265.67,Returned
RET001476,O0036552,2024-09-11,Damaged Product,2895.53,Returned
RET001477,O0036559,2025-03-11,Wrong Product,6084.11,Returned
RET001478,O0036604,2024-04-20,Customer Changed Mind,11715.78,Returned
RET001479,O0036637,2026-06-28,Late Delivery,8162.83,Returned
RET001480,O0036640,2024-08-14,Damaged Product,3253.69,Returned
RET001481,O0036669,2025-04-24,Late Delivery,5601.88,Returned
RET001482,O0036697,2026-05-21,Wrong Product,4865.06,Returned
RET001483,O0036745,2025-03-24,Quality Issue,980.39,Returned
RET001484,O0036749,2025-07-02,Quality Issue,4217.37,Returned
RET001485,O0036797,2025-11-09,Late Delivery,4775.43,Returned
RET001486,O0036802,2024-09-12,Customer Changed Mind,205.62,Returned
RET001487,O0036816,2024-08-26,Wrong Product,8705.49,Returned
RET001488,O0036832,2025-02-04,Quality Issue,8297.83,Returned
RET001489,O0036842,2026-05-14,Late Delivery,7719.81,Returned
RET001490,O0036850,2026-05-23,Late Delivery,429.5,Returned
RET001491,O0036882,2024-06-04,Quality Issue,1215.4,Returned
RET001492,O0036916,2026-09-26,Quality Issue,2470.42,Returned
RET001493,O0036922,2026-01-20,Wrong Product,3429.39,Returned
RET001494,O0036937,2026-05-17,Packaging Issue,5546.18,Returned
RET001495,O0036997,2024-11-07,Packaging Issue,287.66,Returned
RET001496,O0037004,2025-12-08,Product Not Required,10087.77,Returned
RET001497,O0037008,2024-05-18,Wrong Product,21588.42,Returned
RET001498,O0037016,2024-04-05,Wrong Product,1489.69,Returned
RET001499,O0037022,2025-05-15,Late Delivery,9058.45,Returned
RET001500,O0037034,2025-06-17,Packaging Issue,6003.02,Returned
RET001501,O0037035,2025-06-18,Product Not Required,4255.02,Returned
RET001502,O0037036,2024-01-10,Late Delivery,3234.99,Returned
RET001503,O0037051,2025-10-21,Late Delivery,348.77,Returned
RET001504,O0037091,2025-07-06,Damaged Product,5282.62,Returned
RET001505,O0037096,2024-07-18,Customer Changed Mind,13463.87,Returned
RET001506,O0037104,2026-06-21,Product Not Required,3703.07,Returned
RET001507,O0037112,2025-06-16,Product Not Required,323.18,Returned
RET001508,O0037204,2025-10-16,Quality Issue,9047.7,Returned
RET001509,O0037217,2025-07-03,Packaging Issue,1653.15,Returned
RET001510,O0037219,2025-10-11,Late Delivery,3539.92,Returned
RET001511,O0037240,2025-01-18,Damaged Product,6840.0,Returned
RET001512,O0037244,2024-11-26,Customer Changed Mind,4939.09,Returned
RET001513,O0037290,2025-03-27,Packaging Issue,5020.9,Returned
RET001514,O0037297,2024-04-23,Quality Issue,1152.17,Returned
RET001515,O0037326,2025-03-10,Packaging Issue,9024.53,Returned
RET001516,O0037347,2025-07-04,Quality Issue,5427.21,Returned
RET001517,O0037384,2024-10-31,Damaged Product,555.03,Returned
RET001518,O0037420,2024-09-20,Packaging Issue,3490.8,Returned
RET001519,O0037464,2025-03-19,Late Delivery,7557.69,Returned
RET001520,O0037490,2026-09-09,Wrong Product,3026.4,Returned
RET001521,O0037493,2025-04-20,Packaging Issue,2829.85,Returned
RET001522,O0037495,2025-06-19,Damaged Product,3337.06,Returned
RET001523,O0037538,2026-05-15,Late Delivery,10279.78,Returned
RET001524,O0037558,2024-04-18,Wrong Product,9027.3,Returned
RET001525,O0037559,2025-08-28,Product Not Required,1137.59,Returned
RET001526,O0037580,2026-01-03,Customer Changed Mind,149.71,Returned
RET001527,O0037583,2026-07-30,Customer Changed Mind,4851.43,Returned
RET001528,O0037591,2025-10-16,Damaged Product,3854.98,Returned
RET001529,O0037597,2026-02-03,Wrong Product,6765.92,Returned
RET001530,O0037625,2024-06-02,Product Not Required,3113.1,Returned
RET001531,O0037643,2024-04-25,Damaged Product,14530.62,Returned
RET001532,O0037653,2025-11-10,Wrong Product,12760.99,Returned
RET001533,O0037655,2025-12-08,Wrong Product,1117.34,Returned
RET001534,O0037718,2026-09-26,Damaged Product,17082.0,Returned
RET001535,O0037730,2026-07-08,Damaged Product,2623.3,Returned
RET001536,O0037769,2026-04-15,Late Delivery,7062.56,Returned
RET001537,O0037781,2024-06-05,Damaged Product,4101.6,Returned
RET001538,O0037823,2024-09-15,Packaging Issue,9902.14,Returned
RET001539,O0037827,2024-06-25,Quality Issue,1428.56,Returned
RET001540,O0037836,2026-05-17,Wrong Product,4811.65,Returned
RET001541,O0037844,2026-03-29,Packaging Issue,7011.16,Returned
RET001542,O0037864,2024-11-19,Packaging Issue,751.71,Returned
RET001543,O0037898,2025-09-18,Late Delivery,4797.42,Returned
RET001544,O0037908,2025-08-06,Packaging Issue,4711.25,Returned
RET001545,O0037934,2026-02-08,Damaged Product,12763.07,Returned
RET001546,O0038045,2026-06-12,Damaged Product,5467.04,Returned
RET001547,O0038047,2025-02-25,Quality Issue,113.63,Returned
RET001548,O0038070,2025-05-04,Wrong Product,1447.07,Returned
RET001549,O0038071,2024-08-16,Damaged Product,4777.51,Returned
RET001550,O0038084,2025-01-15,Wrong Product,12010.65,Returned
RET001551,O0038113,2025-03-01,Product Not Required,3364.63,Returned
RET001552,O0038114,2026-05-20,Wrong Product,2825.47,Returned
RET001553,O0038135,2025-01-20,Customer Changed Mind,671.31,Returned
RET001554,O0038172,2025-10-16,Damaged Product,6465.2,Returned
RET001555,O0038191,2026-01-01,Customer Changed Mind,925.91,Returned
RET001556,O0038200,2025-01-18,Product Not Required,9124.51,Returned
RET001557,O0038216,2025-12-09,Customer Changed Mind,4204.84,Returned
RET001558,O0038317,2024-11-11,Late Delivery,9926.33,Returned
RET001559,O0038338,2024-08-27,Customer Changed Mind,7149.96,Returned
RET001560,O0038341,2025-11-23,Damaged Product,8288.98,Returned
RET001561,O0038348,2024-02-04,Customer Changed Mind,4427.78,Returned
RET001562,O0038367,2024-01-24,Product Not Required,17802.69,Returned
RET001563,O0038408,2026-08-28,Customer Changed Mind,7749.32,Returned
RET001564,O0038435,2025-05-28,Wrong Product,1490.25,Returned
RET001565,O0038478,2024-07-19,Product Not Required,703.64,Returned
RET001566,O0038508,2025-01-27,Customer Changed Mind,3143.52,Returned
RET001567,O0038539,2024-04-10,Product Not Required,9514.68,Returned
RET001568,O0038546,2026-09-20,Packaging Issue,4994.27,Returned
RET001569,O0038559,2025-07-23,Late Delivery,3452.94,Returned
RET001570,O0038609,2024-02-12,Wrong Product,3315.56,Returned
RET001571,O0038621,2025-08-20,Wrong Product,709.15,Returned
RET001572,O0038711,2025-06-07,Packaging Issue,1816.43,Returned
RET001573,O0038723,2025-06-12,Late Delivery,5544.5,Returned
RET001574,O0038738,2025-05-31,Wrong Product,8927.37,Returned
RET001575,O0038760,2026-07-31,Packaging Issue,8575.5,Returned
RET001576,O0038772,2026-05-04,Packaging Issue,2087.99,Returned
RET001577,O0038778,2025-06-04,Wrong Product,5320.91,Returned
RET001578,O0038783,2025-01-18,Product Not Required,3837.67,Returned
RET001579,O0038851,2025-02-02,Customer Changed Mind,322.33,Returned
RET001580,O0038882,2025-01-18,Wrong Product,3051.07,Returned
RET001581,O0038901,2025-10-28,Wrong Product,1377.55,Returned
RET001582,O0038912,2025-12-31,Quality Issue,3426.95,Returned
RET001583,O0038916,2024-12-16,Quality Issue,3545.13,Returned
RET001584,O0038939,2024-01-17,Packaging Issue,1211.22,Returned
RET001585,O0038951,2026-08-21,Late Delivery,2731.99,Returned
RET001586,O0039036,2024-09-19,Late Delivery,11534.87,Returned
RET001587,O0039040,2024-02-22,Quality Issue,7685.57,Returned
RET001588,O0039058,2026-08-02,Damaged Product,1800.28,Returned
RET001589,O0039064,2024-05-16,Quality Issue,7356.84,Returned
RET001590,O0039097,2025-01-10,Packaging Issue,3927.18,Returned
RET001591,O0039115,2026-06-07,Late Delivery,8662.61,Returned
RET001592,O0039120,2025-07-24,Quality Issue,294.96,Returned
RET001593,O0039141,2026-03-10,Late Delivery,1235.27,Returned
RET001594,O0039161,2024-04-16,Damaged Product,7202.87,Returned
RET001595,O0039210,2026-04-13,Late Delivery,2689.0,Returned
RET001596,O0039278,2024-09-27,Wrong Product,2198.27,Returned
RET001597,O0039351,2026-05-14,Quality Issue,6730.66,Returned
RET001598,O0039361,2025-07-11,Product Not Required,5471.7,Returned
RET001599,O0039397,2024-09-06,Customer Changed Mind,1856.9,Returned
RET001600,O0039416,2025-08-17,Damaged Product,1868.29,Returned
RET001601,O0039502,2026-09-10,Late Delivery,2081.6,Returned
RET001602,O0039582,2025-02-15,Customer Changed Mind,3239.6,Returned
RET001603,O0039590,2026-08-04,Quality Issue,9843.77,Returned
RET001604,O0039625,2024-12-15,Packaging Issue,8066.15,Returned
RET001605,O0039630,2026-07-29,Product Not Required,7565.07,Returned
RET001606,O0039640,2025-01-20,Late Delivery,2691.62,Returned
RET001607,O0039647,2024-10-23,Wrong Product,5490.45,Returned
RET001608,O0039658,2025-03-10,Damaged Product,2944.89,Returned
RET001609,O0039729,2026-01-20,Product Not Required,2240.87,Returned
RET001610,O0039731,2025-09-25,Packaging Issue,13300.6,Returned
RET001611,O0039759,2026-02-17,Wrong Product,6270.36,Returned
RET001612,O0039768,2024-04-01,Product Not Required,8732.59,Returned
RET001613,O0039819,2025-04-06,Quality Issue,12127.54,Returned
RET001614,O0039827,2025-12-18,Packaging Issue,4370.15,Returned
RET001615,O0039828,2025-03-19,Packaging Issue,3189.59,Returned
RET001616,O0039871,2026-09-13,Damaged Product,11769.16,Returned
RET001617,O0039945,2024-08-14,Quality Issue,1794.1,Returned
RET001618,O0039982,2024-12-27,Product Not Required,3852.11,Returned
RET001619,O0040096,2025-05-26,Quality Issue,254.45,Returned
RET001620,O0040126,2026-01-22,Quality Issue,6953.65,Returned
RET001621,O0040141,2025-04-11,Wrong Product,4556.04,Returned
RET001622,O0040148,2025-03-25,Product Not Required,3577.36,Returned
RET001623,O0040170,2026-01-06,Product Not Required,1499.28,Returned
RET001624,O0040236,2025-11-19,Damaged Product,5412.71,Returned
RET001625,O0040327,2026-01-04,Late Delivery,7927.53,Returned
RET001626,O0040341,2024-10-23,Packaging Issue,5803.32,Returned
RET001627,O0040350,2026-04-03,Quality Issue,6870.39,Returned
RET001628,O0040365,2024-07-23,Late Delivery,6153.33,Returned
RET001629,O0040446,2026-06-14,Wrong Product,580.79,Returned
RET001630,O0040507,2024-10-26,Damaged Product,4951.65,Returned
RET001631,O0040522,2024-01-19,Product Not Required,11719.66,Returned
RET001632,O0040561,2025-04-24,Wrong Product,4754.53,Returned
RET001633,O0040572,2026-05-22,Quality Issue,1632.27,Returned
RET001634,O0040629,2026-04-25,Product Not Required,1351.5,Returned
RET001635,O0040644,2025-11-26,Customer Changed Mind,7377.92,Returned
RET001636,O0040664,2024-09-21,Wrong Product,1323.12,Returned
RET001637,O0040678,2025-04-28,Damaged Product,5001.15,Returned
RET001638,O0040696,2025-04-25,Wrong Product,9881.57,Returned
RET001639,O0040751,2024-11-05,Wrong Product,2724.82,Returned
RET001640,O0040798,2025-06-13,Damaged Product,1226.08,Returned
RET001641,O0040809,2024-06-09,Wrong Product,4356.26,Returned
RET001642,O0040834,2024-07-26,Quality Issue,7389.76,Returned
RET001643,O0040844,2026-07-05,Late Delivery,1078.41,Returned
RET001644,O0040869,2024-03-27,Damaged Product,11531.16,Returned
RET001645,O0040872,2025-02-21,Wrong Product,6573.99,Returned
RET001646,O0040945,2025-06-12,Damaged Product,8442.86,Returned
RET001647,O0040949,2024-04-15,Damaged Product,5988.46,Returned
RET001648,O0040972,2025-12-30,Damaged Product,2612.42,Returned
RET001649,O0040985,2026-04-26,Damaged Product,3267.66,Returned
RET001650,O0041074,2026-09-13,Quality Issue,9836.0,Returned
RET001651,O0041080,2026-06-02,Damaged Product,3689.28,Returned
RET001652,O0041086,2024-05-10,Product Not Required,18809.73,Returned
RET001653,O0041155,2024-01-27,Damaged Product,4716.6,Returned
RET001654,O0041183,2024-04-16,Product Not Required,8353.24,Returned
RET001655,O0041217,2024-10-15,Wrong Product,1109.19,Returned
RET001656,O0041227,2024-09-28,Product Not Required,6794.85,Returned
RET001657,O0041243,2024-01-26,Packaging Issue,717.19,Returned
RET001658,O0041248,2025-10-17,Damaged Product,17931.5,Returned
RET001659,O0041255,2024-03-31,Product Not Required,2619.36,Returned
RET001660,O0041264,2024-03-01,Product Not Required,7724.26,Returned
RET001661,O0041290,2024-09-28,Product Not Required,3577.79,Returned
RET001662,O0041310,2025-08-04,Packaging Issue,334.88,Returned
RET001663,O0041402,2025-09-21,Damaged Product,6543.6,Returned
RET001664,O0041417,2025-12-01,Product Not Required,301.37,Returned
RET001665,O0041449,2024-03-29,Product Not Required,13056.62,Returned
RET001666,O0041472,2025-02-28,Customer Changed Mind,808.61,Returned
RET001667,O0041483,2024-09-21,Damaged Product,11412.9,Returned
RET001668,O0041498,2025-02-14,Product Not Required,5334.56,Returned
RET001669,O0041568,2026-02-27,Damaged Product,11209.1,Returned
RET001670,O0041577,2024-02-23,Customer Changed Mind,6988.71,Returned
RET001671,O0041582,2026-06-20,Wrong Product,9455.86,Returned
RET001672,O0041607,2025-02-03,Product Not Required,5661.09,Returned
RET001673,O0041609,2026-05-07,Late Delivery,3723.19,Returned
RET001674,O0041727,2025-08-24,Product Not Required,2995.84,Returned
RET001675,O0041728,2024-01-08,Packaging Issue,2022.91,Returned
RET001676,O0041736,2024-04-13,Customer Changed Mind,4633.05,Returned
RET001677,O0041756,2026-04-16,Wrong Product,7607.56,Returned
RET001678,O0041765,2024-05-29,Late Delivery,21244.11,Returned
RET001679,O0041798,2024-07-26,Quality Issue,10737.87,Returned
RET001680,O0041813,2024-08-10,Damaged Product,3447.42,Returned
RET001681,O0041832,2025-05-10,Customer Changed Mind,10902.38,Returned
RET001682,O0041864,2025-01-19,Product Not Required,2322.85,Returned
RET001683,O0041876,2024-12-15,Packaging Issue,2062.74,Returned
RET001684,O0041884,2024-01-31,Late Delivery,3403.12,Returned
RET001685,O0041885,2024-07-30,Customer Changed Mind,2514.96,Returned
RET001686,O0041905,2024-07-20,Packaging Issue,4052.99,Returned
RET001687,O0041916,2026-02-18,Customer Changed Mind,5324.58,Returned
RET001688,O0041937,2024-12-20,Customer Changed Mind,4884.3,Returned
RET001689,O0042033,2026-08-14,Damaged Product,12344.34,Returned
RET001690,O0042037,2026-01-06,Customer Changed Mind,6232.88,Returned
RET001691,O0042089,2026-07-28,Quality Issue,8032.53,Returned
RET001692,O0042105,2024-06-01,Quality Issue,4577.72,Returned
RET001693,O0042126,2025-07-15,Packaging Issue,10177.71,Returned
RET001694,O0042135,2025-02-13,Packaging Issue,4815.15,Returned
RET001695,O0042137,2024-01-20,Product Not Required,7883.77,Returned
RET001696,O0042138,2025-03-18,Late Delivery,16327.6,Returned
RET001697,O0042165,2024-07-03,Quality Issue,3872.95,Returned
RET001698,O0042166,2025-06-12,Quality Issue,12144.69,Returned
RET001699,O0042178,2024-06-27,Damaged Product,5849.97,Returned
RET001700,O0042181,2024-05-10,Packaging Issue,6527.56,Returned
RET001701,O0042183,2025-04-28,Packaging Issue,1009.88,Returned
RET001702,O0042184,2024-07-11,Product Not Required,5308.01,Returned
RET001703,O0042192,2025-08-31,Damaged Product,4186.71,Returned
RET001704,O0042207,2026-04-24,Quality Issue,12313.82,Returned
RET001705,O0042223,2026-02-10,Quality Issue,12348.86,Returned
RET001706,O0042241,2024-09-11,Wrong Product,8490.18,Returned
RET001707,O0042283,2025-08-01,Product Not Required,3020.18,Returned
RET001708,O0042293,2026-03-23,Quality Issue,4399.07,Returned
RET001709,O0042302,2024-09-22,Late Delivery,3397.69,Returned
RET001710,O0042321,2026-03-01,Product Not Required,348.16,Returned
RET001711,O0042322,2024-10-20,Product Not Required,7553.59,Returned
RET001712,O0042335,2026-04-22,Damaged Product,3762.65,Returned
RET001713,O0042361,2026-09-15,Product Not Required,6958.17,Returned
RET001714,O0042430,2024-05-02,Late Delivery,5551.17,Returned
RET001715,O0042445,2024-08-03,Quality Issue,12061.75,Returned
RET001716,O0042456,2025-12-27,Packaging Issue,3664.46,Returned
RET001717,O0042463,2025-03-30,Quality Issue,1932.8,Returned
RET001718,O0042480,2024-09-12,Quality Issue,8710.56,Returned
RET001719,O0042522,2025-09-29,Late Delivery,5919.67,Returned
RET001720,O0042572,2026-05-04,Damaged Product,2903.37,Returned
RET001721,O0042602,2024-08-11,Packaging Issue,2620.31,Returned
RET001722,O0042716,2024-12-22,Customer Changed Mind,10202.03,Returned
RET001723,O0042723,2024-09-17,Packaging Issue,5203.17,Returned
RET001724,O0042758,2026-09-05,Product Not Required,4858.28,Returned
RET001725,O0042762,2025-01-08,Quality Issue,6798.41,Returned
RET001726,O0042799,2024-10-28,Late Delivery,7313.04,Returned
RET001727,O0042811,2025-05-08,Wrong Product,2568.88,Returned
RET001728,O0042816,2025-04-08,Packaging Issue,7521.92,Returned
RET001729,O0042846,2025-09-20,Product Not Required,4961.82,Returned
RET001730,O0042850,2025-03-14,Quality Issue,10304.4,Returned
RET001731,O0042857,2025-06-19,Product Not Required,2476.75,Returned
RET001732,O0042898,2024-11-16,Quality Issue,1888.49,Returned
RET001733,O0042913,2025-12-05,Damaged Product,1955.23,Returned
RET001734,O0042928,2026-08-16,Damaged Product,7811.79,Returned
RET001735,O0043019,2024-10-26,Customer Changed Mind,1373.3,Returned
RET001736,O0043052,2026-09-11,Late Delivery,4867.94,Returned
RET001737,O0043056,2024-08-12,Product Not Required,5942.25,Returned
RET001738,O0043097,2025-10-08,Packaging Issue,9516.82,Returned
RET001739,O0043121,2026-08-13,Damaged Product,1118.06,Returned
RET001740,O0043122,2024-05-04,Wrong Product,3479.89,Returned
RET001741,O0043132,2024-02-24,Damaged Product,2943.91,Returned
RET001742,O0043137,2024-12-18,Late Delivery,6315.05,Returned
RET001743,O0043146,2024-02-01,Product Not Required,3248.01,Returned
RET001744,O0043147,2026-07-21,Customer Changed Mind,9725.5,Returned
RET001745,O0043174,2025-03-29,Wrong Product,11376.94,Returned
RET001746,O0043187,2026-05-29,Wrong Product,1793.32,Returned
RET001747,O0043193,2024-09-28,Packaging Issue,3157.43,Returned
RET001748,O0043211,2025-11-27,Wrong Product,14383.91,Returned
RET001749,O0043346,2025-07-05,Wrong Product,4898.19,Returned
RET001750,O0043393,2025-06-05,Wrong Product,4990.44,Returned
RET001751,O0043399,2025-05-24,Packaging Issue,2619.02,Returned
RET001752,O0043405,2024-06-11,Packaging Issue,10136.39,Returned
RET001753,O0043449,2024-04-11,Quality Issue,5980.44,Returned
RET001754,O0043473,2025-04-24,Damaged Product,8409.82,Returned
RET001755,O0043546,2024-10-29,Late Delivery,7339.54,Returned
RET001756,O0043579,2025-08-17,Late Delivery,4815.8,Returned
RET001757,O0043584,2025-04-08,Damaged Product,1302.75,Returned
RET001758,O0043588,2026-01-07,Customer Changed Mind,11156.08,Returned
RET001759,O0043599,2026-01-07,Quality Issue,4570.01,Returned
RET001760,O0043608,2024-12-03,Damaged Product,16703.55,Returned
RET001761,O0043633,2025-09-12,Customer Changed Mind,2793.37,Returned
RET001762,O0043649,2025-08-26,Damaged Product,3778.74,Returned
RET001763,O0043652,2026-07-07,Customer Changed Mind,11410.57,Returned
RET001764,O0043653,2024-12-04,Wrong Product,573.21,Returned
RET001765,O0043694,2026-01-09,Late Delivery,11117.41,Returned
RET001766,O0043709,2025-01-01,Product Not Required,6489.21,Returned
RET001767,O0043721,2025-10-16,Product Not Required,6666.13,Returned
RET001768,O0043723,2024-01-29,Quality Issue,1318.41,Returned
RET001769,O0043754,2025-02-15,Late Delivery,6319.26,Returned
RET001770,O0043766,2025-10-24,Product Not Required,3743.87,Returned
RET001771,O0043781,2025-05-09,Wrong Product,2876.33,Returned
RET001772,O0043837,2026-08-04,Customer Changed Mind,9575.19,Returned
RET001773,O0043845,2025-08-18,Late Delivery,5327.08,Returned
RET001774,O0043869,2024-08-14,Late Delivery,4635.66,Returned
RET001775,O0043883,2025-05-10,Wrong Product,3199.77,Returned
RET001776,O0043902,2025-11-06,Wrong Product,3463.38,Returned
RET001777,O0043944,2026-09-21,Customer Changed Mind,1163.82,Returned
RET001778,O0043948,2026-09-24,Late Delivery,16018.89,Returned
RET001779,O0043953,2026-09-22,Packaging Issue,6487.56,Returned
RET001780,O0043956,2025-11-15,Late Delivery,10307.36,Returned
RET001781,O0043957,2026-07-20,Customer Changed Mind,7860.8,Returned
RET001782,O0043961,2024-11-12,Wrong Product,2635.62,Returned
RET001783,O0043973,2025-02-26,Quality Issue,7136.53,Returned
RET001784,O0043980,2026-08-18,Customer Changed Mind,4263.93,Returned
RET001785,O0043997,2026-08-19,Wrong Product,2467.76,Returned
RET001786,O0044016,2026-09-05,Product Not Required,1457.14,Returned
RET001787,O0044046,2025-05-18,Packaging Issue,10893.71,Returned
RET001788,O0044087,2025-10-10,Product Not Required,3874.36,Returned
RET001789,O0044101,2025-03-22,Packaging Issue,4181.42,Returned
RET001790,O0044110,2024-08-02,Product Not Required,5555.04,Returned
RET001791,O0044123,2024-01-30,Damaged Product,3711.6,Returned
RET001792,O0044124,2025-01-22,Quality Issue,3625.69,Returned
RET001793,O0044129,2026-05-30,Damaged Product,5638.71,Returned
RET001794,O0044132,2024-06-27,Packaging Issue,7384.99,Returned
RET001795,O0044173,2026-07-14,Customer Changed Mind,1075.77,Returned
RET001796,O0044215,2025-04-04,Late Delivery,23067.41,Returned
RET001797,O0044288,2024-07-31,Customer Changed Mind,1948.65,Returned
RET001798,O0044295,2026-04-20,Damaged Product,6848.56,Returned
RET001799,O0044325,2026-08-26,Packaging Issue,1765.68,Returned
RET001800,O0044359,2024-11-28,Damaged Product,12865.19,Returned
RET001801,O0044397,2025-05-09,Customer Changed Mind,3283.98,Returned
RET001802,O0044430,2025-11-10,Packaging Issue,4354.17,Returned
RET001803,O0044481,2025-04-05,Packaging Issue,1630.8,Returned
RET001804,O0044499,2025-03-23,Quality Issue,3733.47,Returned
RET001805,O0044549,2026-05-05,Customer Changed Mind,2204.73,Returned
RET001806,O0044582,2024-08-02,Damaged Product,4201.48,Returned
RET001807,O0044600,2026-09-20,Packaging Issue,9013.75,Returned
RET001808,O0044601,2024-08-29,Wrong Product,4062.76,Returned
RET001809,O0044637,2025-10-21,Quality Issue,12516.63,Returned
RET001810,O0044644,2025-08-29,Wrong Product,2739.1,Returned
RET001811,O0044683,2024-02-28,Wrong Product,3923.36,Returned
RET001812,O0044704,2026-08-25,Wrong Product,4789.79,Returned
RET001813,O0044709,2024-01-13,Quality Issue,5791.38,Returned
RET001814,O0044773,2025-08-18,Quality Issue,15826.65,Returned
RET001815,O0044830,2026-03-12,Product Not Required,12853.38,Returned
RET001816,O0044843,2026-09-21,Late Delivery,4487.25,Returned
RET001817,O0044846,2025-03-30,Wrong Product,1455.07,Returned
RET001818,O0044858,2025-11-23,Quality Issue,10254.41,Returned
RET001819,O0044859,2025-01-30,Customer Changed Mind,6725.32,Returned
RET001820,O0044860,2024-01-08,Late Delivery,6957.55,Returned
RET001821,O0044919,2024-08-30,Damaged Product,2714.86,Returned
RET001822,O0044924,2025-11-08,Product Not Required,5108.42,Returned
RET001823,O0044984,2025-02-14,Late Delivery,2734.56,Returned
RET001824,O0045072,2025-10-25,Late Delivery,5767.58,Returned
RET001825,O0045110,2024-11-22,Product Not Required,4789.24,Returned
RET001826,O0045113,2026-05-06,Packaging Issue,698.25,Returned
RET001827,O0045117,2024-04-18,Product Not Required,1337.95,Returned
RET001828,O0045127,2025-10-07,Quality Issue,3326.9,Returned
RET001829,O0045148,2024-09-26,Wrong Product,9158.09,Returned
RET001830,O0045181,2024-12-29,Late Delivery,7865.75,Returned
RET001831,O0045250,2024-11-02,Customer Changed Mind,6134.24,Returned
RET001832,O0045275,2025-06-16,Packaging Issue,3419.8,Returned
RET001833,O0045289,2024-06-15,Damaged Product,9297.66,Returned
RET001834,O0045290,2025-02-22,Quality Issue,11440.24,Returned
RET001835,O0045325,2026-04-11,Customer Changed Mind,5896.17,Returned
RET001836,O0045329,2024-11-12,Wrong Product,15771.23,Returned
RET001837,O0045332,2025-08-14,Late Delivery,1273.38,Returned
RET001838,O0045333,2025-02-19,Late Delivery,3113.91,Returned
RET001839,O0045339,2025-03-15,Product Not Required,3201.08,Returned
RET001840,O0045350,2025-07-04,Quality Issue,1286.91,Returned
RET001841,O0045354,2024-02-04,Quality Issue,5193.96,Returned
RET001842,O0045398,2025-10-16,Quality Issue,5866.64,Returned
RET001843,O0045447,2024-05-10,Customer Changed Mind,8769.41,Returned
RET001844,O0045461,2024-08-28,Product Not Required,3220.7,Returned
RET001845,O0045470,2024-08-12,Wrong Product,7255.88,Returned
RET001846,O0045479,2025-01-04,Packaging Issue,7801.35,Returned
RET001847,O0045508,2026-03-13,Product Not Required,2324.16,Returned
RET001848,O0045520,2025-12-15,Late Delivery,8914.53,Returned
RET001849,O0045529,2024-06-05,Wrong Product,6240.92,Returned
RET001850,O0045530,2025-10-31,Customer Changed Mind,3602.07,Returned
RET001851,O0045541,2025-05-07,Wrong Product,749.52,Returned
RET001852,O0045558,2026-04-05,Late Delivery,2796.12,Returned
RET001853,O0045568,2026-07-01,Damaged Product,4967.31,Returned
RET001854,O0045576,2024-04-04,Customer Changed Mind,4450.35,Returned
RET001855,O0045581,2025-08-08,Damaged Product,5642.74,Returned
RET001856,O0045638,2026-07-25,Late Delivery,2404.88,Returned
RET001857,O0045665,2026-04-30,Quality Issue,13422.73,Returned
RET001858,O0045667,2026-03-31,Customer Changed Mind,13846.56,Returned
RET001859,O0045681,2024-05-14,Customer Changed Mind,1357.62,Returned
RET001860,O0045690,2025-06-17,Late Delivery,5150.73,Returned
RET001861,O0045718,2024-02-10,Product Not Required,1976.26,Returned
RET001862,O0045726,2024-10-15,Customer Changed Mind,11747.58,Returned
RET001863,O0045771,2024-09-25,Damaged Product,6512.29,Returned
RET001864,O0045774,2025-05-27,Packaging Issue,9184.19,Returned
RET001865,O0045821,2025-04-02,Quality Issue,3199.31,Returned
RET001866,O0045822,2024-12-05,Late Delivery,975.97,Returned
RET001867,O0045844,2026-01-14,Wrong Product,2512.2,Returned
RET001868,O0045846,2024-07-27,Late Delivery,10925.77,Returned
RET001869,O0045853,2024-06-12,Quality Issue,9439.42,Returned
RET001870,O0045857,2025-02-03,Product Not Required,602.07,Returned
RET001871,O0045906,2024-12-20,Customer Changed Mind,1932.45,Returned
RET001872,O0045919,2024-08-09,Late Delivery,5856.67,Returned
RET001873,O0045997,2025-02-24,Wrong Product,5431.94,Returned
RET001874,O0046021,2026-01-05,Customer Changed Mind,7356.39,Returned
RET001875,O0046111,2026-04-25,Product Not Required,4756.54,Returned
RET001876,O0046115,2024-12-03,Packaging Issue,1419.42,Returned
RET001877,O0046125,2026-09-18,Product Not Required,10756.46,Returned
RET001878,O0046130,2025-01-28,Late Delivery,2419.08,Returned
RET001879,O0046157,2026-02-07,Quality Issue,401.42,Returned
RET001880,O0046165,2024-03-17,Wrong Product,11492.5,Returned
RET001881,O0046206,2026-02-11,Wrong Product,6277.78,Returned
RET001882,O0046264,2025-11-23,Damaged Product,4129.76,Returned
RET001883,O0046282,2024-11-19,Wrong Product,10279.45,Returned
RET001884,O0046285,2024-08-14,Customer Changed Mind,12692.19,Returned
RET001885,O0046290,2026-07-17,Customer Changed Mind,944.26,Returned
RET001886,O0046336,2025-06-27,Customer Changed Mind,2920.99,Returned
RET001887,O0046407,2024-03-16,Damaged Product,3098.13,Returned
RET001888,O0046423,2025-06-28,Quality Issue,27.24,Returned
RET001889,O0046448,2024-12-10,Damaged Product,7373.22,Returned
RET001890,O0046461,2024-11-06,Damaged Product,6851.39,Returned
RET001891,O0046467,2026-09-23,Packaging Issue,3514.51,Returned
RET001892,O0046490,2024-09-26,Product Not Required,5449.65,Returned
RET001893,O0046547,2025-04-25,Product Not Required,1144.39,Returned
RET001894,O0046581,2024-09-13,Customer Changed Mind,5990.0,Returned
RET001895,O0046604,2026-01-11,Customer Changed Mind,7302.28,Returned
RET001896,O0046608,2025-10-21,Quality Issue,3963.47,Returned
RET001897,O0046611,2024-06-26,Damaged Product,3618.14,Returned
RET001898,O0046616,2026-09-25,Damaged Product,4618.69,Returned
RET001899,O0046619,2025-12-01,Late Delivery,7589.87,Returned
RET001900,O0046653,2026-02-21,Packaging Issue,2034.6,Returned
RET001901,O0046700,2025-08-20,Product Not Required,764.76,Returned
RET001902,O0046701,2025-12-01,Damaged Product,4590.57,Returned
RET001903,O0046704,2025-09-10,Wrong Product,3340.49,Returned
RET001904,O0046729,2025-11-28,Late Delivery,8489.49,Returned
RET001905,O0046743,2024-02-13,Wrong Product,14232.78,Returned
RET001906,O0046794,2025-02-23,Quality Issue,802.32,Returned
RET001907,O0046822,2025-08-10,Product Not Required,3562.3,Returned
RET001908,O0046840,2024-02-14,Damaged Product,1283.26,Returned
RET001909,O0046857,2024-08-25,Damaged Product,11853.27,Returned
RET001910,O0046898,2025-02-21,Damaged Product,4391.35,Returned
RET001911,O0046901,2025-08-10,Wrong Product,161.35,Returned
RET001912,O0046920,2026-09-11,Packaging Issue,10449.4,Returned
RET001913,O0046926,2024-07-11,Late Delivery,1801.01,Returned
RET001914,O0046933,2025-11-26,Customer Changed Mind,6778.02,Returned
RET001915,O0046934,2024-10-13,Damaged Product,2519.01,Returned
RET001916,O0046948,2025-06-25,Product Not Required,2121.5,Returned
RET001917,O0046965,2026-05-04,Product Not Required,6310.26,Returned
RET001918,O0046975,2025-06-15,Damaged Product,9306.71,Returned
RET001919,O0046994,2026-07-07,Customer Changed Mind,1051.15,Returned
RET001920,O0047062,2024-06-29,Customer Changed Mind,662.35,Returned
RET001921,O0047080,2026-08-04,Wrong Product,6197.82,Returned
RET001922,O0047125,2024-09-07,Damaged Product,1131.82,Returned
RET001923,O0047131,2024-02-18,Packaging Issue,4010.97,Returned
RET001924,O0047158,2024-06-03,Packaging Issue,5621.49,Returned
RET001925,O0047196,2026-02-13,Customer Changed Mind,4124.39,Returned
RET001926,O0047262,2026-05-30,Packaging Issue,2947.45,Returned
RET001927,O0047294,2024-10-22,Wrong Product,8566.55,Returned
RET001928,O0047319,2025-02-28,Packaging Issue,2352.44,Returned
RET001929,O0047349,2024-07-31,Packaging Issue,3292.14,Returned
RET001930,O0047367,2024-07-11,Quality Issue,7653.29,Returned
RET001931,O0047398,2024-09-17,Packaging Issue,3784.93,Returned
RET001932,O0047417,2024-02-14,Late Delivery,7553.5,Returned
RET001933,O0047431,2024-04-18,Product Not Required,5897.59,Returned
RET001934,O0047449,2026-06-11,Customer Changed Mind,5354.2,Returned
RET001935,O0047451,2024-03-29,Wrong Product,4712.65,Returned
RET001936,O0047564,2025-02-22,Late Delivery,5174.89,Returned
RET001937,O0047605,2025-08-19,Product Not Required,1547.2,Returned
RET001938,O0047606,2026-09-05,Customer Changed Mind,1841.29,Returned
RET001939,O0047612,2026-08-01,Quality Issue,3150.95,Returned
RET001940,O0047613,2024-11-13,Wrong Product,7068.79,Returned
RET001941,O0047626,2024-09-26,Product Not Required,4454.57,Returned
RET001942,O0047709,2025-11-26,Quality Issue,8641.08,Returned
RET001943,O0047739,2025-11-07,Quality Issue,7154.82,Returned
RET001944,O0047794,2024-03-28,Damaged Product,4441.22,Returned
RET001945,O0047823,2025-07-15,Packaging Issue,11176.27,Returned
RET001946,O0047837,2025-04-23,Damaged Product,1982.12,Returned
RET001947,O0047843,2024-06-05,Customer Changed Mind,5206.19,Returned
RET001948,O0047886,2026-08-13,Quality Issue,12875.84,Returned
RET001949,O0047908,2024-10-30,Damaged Product,10258.45,Returned
RET001950,O0047929,2026-08-30,Quality Issue,4682.3,Returned
RET001951,O0047961,2026-08-31,Packaging Issue,642.86,Returned
RET001952,O0047973,2025-02-14,Wrong Product,14308.54,Returned
RET001953,O0047978,2024-03-08,Product Not Required,3083.69,Returned
RET001954,O0048072,2025-07-31,Quality Issue,5039.1,Returned
RET001955,O0048103,2024-07-20,Late Delivery,4976.33,Returned
RET001956,O0048162,2024-09-01,Product Not Required,8505.11,Returned
RET001957,O0048200,2024-12-30,Packaging Issue,10823.47,Returned
RET001958,O0048206,2024-10-05,Customer Changed Mind,4130.78,Returned
RET001959,O0048235,2026-02-17,Product Not Required,10539.08,Returned
RET001960,O0048250,2025-08-10,Product Not Required,5017.35,Returned
RET001961,O0048294,2024-07-20,Quality Issue,2561.21,Returned
RET001962,O0048395,2024-11-04,Product Not Required,13700.11,Returned
RET001963,O0048409,2025-01-04,Customer Changed Mind,6844.82,Returned
RET001964,O0048414,2024-11-03,Product Not Required,3050.87,Returned
RET001965,O0048451,2025-04-06,Customer Changed Mind,1779.5,Returned
RET001966,O0048482,2024-02-08,Damaged Product,3643.54,Returned
RET001967,O0048503,2026-09-22,Product Not Required,9455.63,Returned
RET001968,O0048505,2024-12-11,Packaging Issue,4426.13,Returned
RET001969,O0048570,2024-08-07,Damaged Product,301.88,Returned
RET001970,O0048584,2024-09-25,Wrong Product,4636.72,Returned
RET001971,O0048589,2025-10-02,Late Delivery,7806.38,Returned
RET001972,O0048611,2024-11-11,Wrong Product,8788.49,Returned
RET001973,O0048665,2026-03-27,Quality Issue,6210.38,Returned
RET001974,O0048688,2025-12-28,Product Not Required,9041.55,Returned
RET001975,O0048696,2025-06-21,Wrong Product,1530.46,Returned
RET001976,O0048712,2025-09-15,Late Delivery,8385.94,Returned
RET001977,O0048715,2026-08-01,Late Delivery,8285.26,Returned
RET001978,O0048726,2026-06-25,Quality Issue,3547.13,Returned
RET001979,O0048737,2025-02-15,Wrong Product,5373.72,Returned
RET001980,O0048752,2025-09-29,Quality Issue,5416.44,Returned
RET001981,O0048776,2025-12-30,Product Not Required,7839.12,Returned
RET001982,O0048788,2025-08-30,Wrong Product,11378.26,Returned
RET001983,O0048798,2024-12-27,Customer Changed Mind,6711.9,Returned
RET001984,O0048800,2025-08-14,Late Delivery,546.44,Returned
RET001985,O0048836,2024-12-27,Customer Changed Mind,3031.32,Returned
RET001986,O0048848,2024-07-11,Packaging Issue,2454.15,Returned
RET001987,O0048879,2025-07-10,Customer Changed Mind,3709.49,Returned
RET001988,O0048887,2024-07-20,Late Delivery,1195.32,Returned
RET001989,O0048925,2025-06-12,Wrong Product,4177.57,Returned
RET001990,O0048934,2024-10-25,Late Delivery,8241.22,Returned
RET001991,O0048992,2024-04-16,Quality Issue,9721.7,Returned
RET001992,O0049026,2024-09-17,Product Not Required,8247.92,Returned
RET001993,O0049027,2026-01-08,Product Not Required,7777.65,Returned
RET001994,O0049142,2026-06-28,Wrong Product,4736.68,Returned
RET001995,O0049159,2025-03-06,Late Delivery,7875.26,Returned
RET001996,O0049174,2025-06-17,Quality Issue,3474.83,Returned
RET001997,O0049224,2025-04-10,Packaging Issue,4495.45,Returned
RET001998,O0049267,2025-04-21,Packaging Issue,2224.48,Returned
RET001999,O0049271,2026-06-21,Damaged Product,2443.21,Returned
RET002000,O0049293,2024-04-28,Late Delivery,3832.89,Returned
RET002001,O0049302,2025-03-14,Packaging Issue,3869.16,Returned
RET002002,O0049315,2024-10-23,Damaged Product,7409.57,Returned
RET002003,O0049329,2024-07-20,Quality Issue,7995.45,Returned
RET002004,O0049335,2024-06-24,Product Not Required,13080.15,Returned
RET002005,O0049337,2024-11-07,Product Not Required,3308.73,Returned
RET002006,O0049399,2025-06-15,Product Not Required,1548.96,Returned
RET002007,O0049435,2026-01-31,Late Delivery,6476.66,Returned
RET002008,O0049466,2024-12-03,Damaged Product,4333.5,Returned
RET002009,O0049474,2026-03-04,Wrong Product,425.21,Returned
RET002010,O0049488,2025-08-31,Product Not Required,3058.01,Returned
RET002011,O0049489,2026-08-24,Product Not Required,1891.39,Returned
RET002012,O0049520,2025-04-30,Late Delivery,1133.64,Returned
RET002013,O0049536,2025-10-04,Wrong Product,751.27,Returned
RET002014,O0049542,2024-12-27,Quality Issue,7216.95,Returned
RET002015,O0049583,2025-08-23,Customer Changed Mind,4569.19,Returned
RET002016,O0049586,2025-07-07,Packaging Issue,4105.28,Returned
RET002017,O0049655,2024-11-13,Product Not Required,306.41,Returned
RET002018,O0049659,2024-01-18,Customer Changed Mind,2560.41,Returned
RET002019,O0049664,2025-10-06,Quality Issue,2041.38,Returned
RET002020,O0049674,2026-05-03,Packaging Issue,1090.03,Returned
RET002021,O0049692,2024-12-21,Damaged Product,5281.11,Returned
RET002022,O0049694,2024-07-09,Damaged Product,3108.29,Returned
RET002023,O0049700,2026-03-23,Late Delivery,5094.45,Returned
RET002024,O0049705,2025-08-08,Packaging Issue,3573.94,Returned
RET002025,O0049708,2025-03-08,Packaging Issue,5843.99,Returned
RET002026,O0049713,2025-08-08,Packaging Issue,4772.06,Returned
RET002027,O0049714,2024-07-13,Packaging Issue,8434.63,Returned
RET002028,O0049718,2024-02-28,Quality Issue,11923.81,Returned
RET002029,O0049760,2026-03-09,Quality Issue,5488.44,Returned
RET002030,O0049767,2025-06-12,Packaging Issue,3848.76,Returned
RET002031,O0049770,2024-05-31,Damaged Product,6921.63,Returned
RET002032,O0049788,2026-09-20,Quality Issue,5781.26,Returned
RET002033,O0049856,2025-07-07,Quality Issue,1393.69,Returned
RET002034,O0049859,2024-05-26,Damaged Product,519.12,Returned
RET002035,O0049893,2025-09-14,Quality Issue,5453.52,Returned
RET002036,O0049922,2026-07-26,Late Delivery,2406.23,Returned
RET002037,O0049946,2025-06-28,Late Delivery,4270.15,Returned
RET002038,O0049975,2024-09-08,Late Delivery,6687.28,Returned
RET002039,O0049977,2026-03-13,Packaging Issue,1376.65,Returned
RET002040,O0050053,2024-08-05,Late Delivery,6295.75,Returned
RET002041,O0050073,2024-07-28,Quality Issue,1367.2,Returned
RET002042,O0050091,2024-01-23,Packaging Issue,8155.73,Returned
RET002043,O0050127,2024-12-19,Wrong Product,13454.31,Returned
RET002044,O0050171,2024-04-06,Customer Changed Mind,163.22,Returned
RET002045,O0050178,2025-03-20,Damaged Product,1527.09,Returned
RET002046,O0050193,2025-12-15,Damaged Product,7457.92,Returned
RET002047,O0050203,2026-07-20,Damaged Product,2659.82,Returned
RET002048,O0050278,2025-05-30,Wrong Product,6491.41,Returned
RET002049,O0050295,2024-04-18,Packaging Issue,6246.77,Returned
RET002050,O0050346,2026-09-21,Quality Issue,9528.0,Returned
RET002051,O0050383,2025-06-29,Late Delivery,6415.1,Returned
RET002052,O0050398,2024-09-03,Customer Changed Mind,5717.29,Returned
RET002053,O0050415,2024-12-04,Quality Issue,3390.69,Returned
RET002054,O0050615,2026-09-16,Customer Changed Mind,8563.23,Returned
RET002055,O0050628,2025-03-21,Quality Issue,1206.46,Returned
RET002056,O0050701,2026-05-21,Late Delivery,3489.92,Returned
RET002057,O0050715,2026-07-27,Product Not Required,5035.08,Returned
RET002058,O0050724,2026-07-30,Product Not Required,3618.18,Returned
RET002059,O0050735,2024-07-05,Product Not Required,753.45,Returned
RET002060,O0050736,2024-04-16,Late Delivery,322.11,Returned
RET002061,O0050761,2026-02-28,Quality Issue,3604.17,Returned
RET002062,O0050802,2025-09-25,Damaged Product,8619.11,Returned
RET002063,O0050834,2024-07-15,Quality Issue,4315.57,Returned
RET002064,O0050846,2024-04-16,Late Delivery,3782.91,Returned
RET002065,O0050855,2024-02-21,Packaging Issue,984.77,Returned
RET002066,O0050917,2024-06-27,Damaged Product,538.88,Returned
RET002067,O0050945,2025-12-20,Late Delivery,20498.81,Returned
RET002068,O0050946,2024-05-14,Packaging Issue,1953.85,Returned
RET002069,O0050956,2025-05-14,Quality Issue,399.25,Returned
RET002070,O0051006,2026-04-14,Quality Issue,5507.53,Returned
RET002071,O0051007,2025-01-04,Customer Changed Mind,4236.59,Returned
RET002072,O0051014,2024-10-23,Quality Issue,1706.79,Returned
RET002073,O0051092,2026-03-19,Damaged Product,7610.44,Returned
RET002074,O0051116,2024-02-15,Packaging Issue,1658.5,Returned
RET002075,O0051122,2026-08-23,Customer Changed Mind,3983.93,Returned
RET002076,O0051150,2026-01-26,Wrong Product,11358.28,Returned
RET002077,O0051154,2024-10-10,Customer Changed Mind,7972.16,Returned
RET002078,O0051194,2025-04-26,Quality Issue,12680.86,Returned
RET002079,O0051205,2026-09-18,Packaging Issue,8067.35,Returned
RET002080,O0051243,2026-08-07,Late Delivery,1737.62,Returned
RET002081,O0051285,2024-10-09,Quality Issue,6111.79,Returned
RET002082,O0051323,2024-09-14,Quality Issue,2181.62,Returned
RET002083,O0051335,2025-11-16,Packaging Issue,5966.81,Returned
RET002084,O0051346,2025-09-19,Packaging Issue,3374.65,Returned
RET002085,O0051356,2025-10-15,Packaging Issue,8438.35,Returned
RET002086,O0051395,2024-08-26,Damaged Product,4815.72,Returned
RET002087,O0051406,2026-04-06,Damaged Product,3800.6,Returned
RET002088,O0051415,2025-04-17,Late Delivery,7252.43,Returned
RET002089,O0051416,2025-05-12,Wrong Product,744.04,Returned
RET002090,O0051457,2025-05-20,Late Delivery,4702.68,Returned
RET002091,O0051462,2025-08-04,Packaging Issue,5349.61,Returned
RET002092,O0051478,2025-10-04,Late Delivery,5905.28,Returned
RET002093,O0051481,2024-04-15,Late Delivery,12331.28,Returned
RET002094,O0051578,2025-03-01,Quality Issue,4973.58,Returned
RET002095,O0051611,2024-03-21,Quality Issue,8975.53,Returned
RET002096,O0051635,2026-02-26,Wrong Product,5924.18,Returned
RET002097,O0051644,2025-07-12,Late Delivery,2402.39,Returned
RET002098,O0051645,2025-04-02,Product Not Required,11247.26,Returned
RET002099,O0051679,2024-02-21,Wrong Product,3326.03,Returned
RET002100,O0051689,2024-05-01,Wrong Product,2428.14,Returned
RET002101,O0051699,2026-05-26,Packaging Issue,1444.91,Returned
RET002102,O0051741,2025-05-19,Wrong Product,1921.27,Returned
RET002103,O0051768,2025-01-28,Product Not Required,2581.99,Returned
RET002104,O0051808,2025-06-17,Late Delivery,575.33,Returned
RET002105,O0051827,2025-08-14,Quality Issue,1854.18,Returned
RET002106,O0051894,2025-04-07,Customer Changed Mind,5513.85,Returned
RET002107,O0051950,2024-04-01,Quality Issue,4715.44,Returned
RET002108,O0051952,2026-05-06,Late Delivery,4817.5,Returned
RET002109,O0051960,2024-03-21,Late Delivery,1877.72,Returned
RET002110,O0051977,2025-07-22,Packaging Issue,5438.91,Returned
RET002111,O0051999,2026-03-27,Quality Issue,9454.18,Returned
RET002112,O0052042,2026-06-29,Late Delivery,14162.6,Returned
RET002113,O0052043,2024-05-04,Quality Issue,6840.11,Returned
RET002114,O0052059,2025-12-30,Packaging Issue,6219.13,Returned
RET002115,O0052110,2024-12-21,Wrong Product,13989.25,Returned
RET002116,O0052119,2024-12-01,Quality Issue,3734.62,Returned
RET002117,O0052128,2024-11-15,Wrong Product,7712.03,Returned
RET002118,O0052133,2024-03-26,Late Delivery,7908.38,Returned
RET002119,O0052134,2026-06-07,Customer Changed Mind,5955.19,Returned
RET002120,O0052136,2025-03-22,Damaged Product,19051.88,Returned
RET002121,O0052204,2024-02-09,Packaging Issue,761.94,Returned
RET002122,O0052213,2024-09-20,Product Not Required,6433.01,Returned
RET002123,O0052226,2024-07-23,Packaging Issue,4752.64,Returned
RET002124,O0052229,2024-05-31,Customer Changed Mind,8406.43,Returned
RET002125,O0052282,2024-09-15,Late Delivery,3076.93,Returned
RET002126,O0052290,2025-01-13,Quality Issue,6886.44,Returned
RET002127,O0052308,2025-05-15,Quality Issue,4039.78,Returned
RET002128,O0052358,2024-03-29,Quality Issue,7064.63,Returned
RET002129,O0052363,2025-08-25,Damaged Product,12909.31,Returned
RET002130,O0052412,2024-07-21,Packaging Issue,7311.54,Returned
RET002131,O0052433,2026-08-30,Product Not Required,2209.26,Returned
RET002132,O0052441,2025-03-19,Customer Changed Mind,159.41,Returned
RET002133,O0052465,2025-06-11,Damaged Product,5197.3,Returned
RET002134,O0052468,2025-04-13,Packaging Issue,7425.48,Returned
RET002135,O0052475,2024-03-18,Quality Issue,8417.24,Returned
RET002136,O0052502,2024-07-31,Product Not Required,4497.74,Returned
RET002137,O0052517,2025-01-12,Damaged Product,9628.28,Returned
RET002138,O0052560,2026-03-04,Damaged Product,5487.92,Returned
RET002139,O0052622,2026-02-08,Damaged Product,12693.56,Returned
RET002140,O0052676,2024-04-28,Customer Changed Mind,1944.85,Returned
RET002141,O0052680,2024-09-23,Late Delivery,8538.91,Returned
RET002142,O0052682,2024-04-14,Quality Issue,1876.94,Returned
RET002143,O0052734,2025-05-14,Quality Issue,6655.43,Returned
RET002144,O0052745,2024-12-09,Packaging Issue,9207.26,Returned
RET002145,O0052781,2025-02-26,Late Delivery,1781.25,Returned
RET002146,O0052815,2025-02-27,Customer Changed Mind,6971.69,Returned
RET002147,O0052829,2025-10-20,Packaging Issue,8054.76,Returned
RET002148,O0052867,2024-08-14,Damaged Product,295.95,Returned
RET002149,O0052909,2026-04-20,Quality Issue,3037.24,Returned
RET002150,O0052927,2024-05-01,Wrong Product,1424.01,Returned
RET002151,O0052928,2026-08-26,Quality Issue,5873.98,Returned
RET002152,O0052951,2026-04-11,Product Not Required,3496.16,Returned
RET002153,O0052962,2025-04-14,Quality Issue,1587.09,Returned
RET002154,O0052967,2024-04-17,Packaging Issue,2562.97,Returned
RET002155,O0052969,2025-01-10,Product Not Required,4123.96,Returned
RET002156,O0052978,2024-06-28,Packaging Issue,7954.38,Returned
RET002157,O0052982,2024-03-19,Damaged Product,2624.84,Returned
RET002158,O0053044,2026-04-01,Product Not Required,15530.36,Returned
RET002159,O0053058,2026-04-10,Quality Issue,777.87,Returned
RET002160,O0053069,2024-05-08,Customer Changed Mind,4481.85,Returned
RET002161,O0053071,2025-03-11,Quality Issue,3197.33,Returned
RET002162,O0053079,2024-05-23,Damaged Product,4382.55,Returned
RET002163,O0053147,2025-09-10,Packaging Issue,2485.91,Returned
RET002164,O0053158,2025-10-09,Quality Issue,6930.69,Returned
RET002165,O0053160,2026-04-30,Late Delivery,4799.28,Returned
RET002166,O0053163,2025-11-08,Damaged Product,2484.3,Returned
RET002167,O0053178,2024-06-01,Quality Issue,1750.4,Returned
RET002168,O0053203,2026-01-28,Customer Changed Mind,6709.5,Returned
RET002169,O0053225,2024-10-12,Packaging Issue,8082.77,Returned
RET002170,O0053246,2025-02-06,Quality Issue,7527.7,Returned
RET002171,O0053259,2025-06-23,Damaged Product,1089.31,Returned
RET002172,O0053295,2025-10-04,Late Delivery,6510.65,Returned
RET002173,O0053309,2024-01-30,Customer Changed Mind,3377.57,Returned
RET002174,O0053318,2025-04-01,Customer Changed Mind,9012.7,Returned
RET002175,O0053333,2026-04-12,Damaged Product,10804.77,Returned
RET002176,O0053383,2024-07-14,Wrong Product,11181.74,Returned
RET002177,O0053416,2024-03-11,Packaging Issue,11228.46,Returned
RET002178,O0053421,2026-03-09,Damaged Product,2072.71,Returned
RET002179,O0053435,2025-06-30,Customer Changed Mind,10088.34,Returned
RET002180,O0053436,2026-05-19,Damaged Product,8958.16,Returned
RET002181,O0053449,2024-06-16,Late Delivery,1269.77,Returned
RET002182,O0053452,2024-10-19,Quality Issue,5642.04,Returned
RET002183,O0053488,2024-10-31,Quality Issue,5737.68,Returned
RET002184,O0053504,2025-12-02,Packaging Issue,1511.61,Returned
RET002185,O0053514,2024-10-29,Customer Changed Mind,1983.73,Returned
RET002186,O0053534,2025-02-19,Quality Issue,110.85,Returned
RET002187,O0053554,2024-12-14,Quality Issue,7488.16,Returned
RET002188,O0053560,2024-07-03,Quality Issue,4097.6,Returned
RET002189,O0053572,2025-08-30,Packaging Issue,3440.72,Returned
RET002190,O0053580,2026-07-01,Customer Changed Mind,1003.65,Returned
RET002191,O0053581,2024-05-27,Customer Changed Mind,1771.42,Returned
RET002192,O0053634,2024-12-28,Quality Issue,4528.12,Returned
RET002193,O0053652,2026-04-15,Product Not Required,5103.05,Returned
RET002194,O0053671,2026-09-24,Quality Issue,16100.46,Returned
RET002195,O0053699,2025-09-29,Product Not Required,502.83,Returned
RET002196,O0053728,2026-01-08,Packaging Issue,1304.51,Returned
RET002197,O0053735,2026-07-22,Product Not Required,4670.04,Returned
RET002198,O0053753,2025-07-14,Customer Changed Mind,4139.59,Returned
RET002199,O0053768,2026-03-14,Damaged Product,13182.11,Returned
RET002200,O0053772,2025-03-11,Packaging Issue,3763.39,Returned
RET002201,O0053793,2024-04-24,Customer Changed Mind,4151.89,Returned
RET002202,O0053831,2025-03-04,Damaged Product,4348.82,Returned
RET002203,O0053855,2025-12-19,Product Not Required,6896.74,Returned
RET002204,O0053860,2026-01-23,Quality Issue,10929.02,Returned
RET002205,O0053923,2024-11-11,Late Delivery,13359.85,Returned
RET002206,O0053972,2026-09-20,Packaging Issue,5120.63,Returned
RET002207,O0053977,2024-12-07,Wrong Product,2227.42,Returned
RET002208,O0053980,2025-05-28,Damaged Product,7208.91,Returned
RET002209,O0053994,2026-01-13,Late Delivery,6526.5,Returned
RET002210,O0053996,2026-09-19,Wrong Product,2874.21,Returned
RET002211,O0054005,2024-09-20,Late Delivery,2488.58,Returned
RET002212,O0054010,2024-04-13,Customer Changed Mind,9543.69,Returned
RET002213,O0054018,2024-05-30,Product Not Required,4369.95,Returned
RET002214,O0054068,2024-06-20,Wrong Product,2593.53,Returned
RET002215,O0054070,2025-07-09,Product Not Required,678.84,Returned
RET002216,O0054074,2025-11-30,Damaged Product,3070.31,Returned
RET002217,O0054134,2024-04-22,Quality Issue,4254.91,Returned
RET002218,O0054138,2024-09-08,Damaged Product,4360.81,Returned
RET002219,O0054158,2024-11-07,Customer Changed Mind,7629.8,Returned
RET002220,O0054171,2025-09-30,Late Delivery,9717.03,Returned
RET002221,O0054223,2025-06-12,Product Not Required,7443.12,Returned
RET002222,O0054262,2025-07-16,Quality Issue,1924.64,Returned
RET002223,O0054275,2026-08-17,Damaged Product,3601.06,Returned
RET002224,O0054292,2026-05-23,Product Not Required,1139.92,Returned
RET002225,O0054318,2025-06-24,Late Delivery,11646.07,Returned
RET002226,O0054330,2024-03-08,Damaged Product,7933.99,Returned
RET002227,O0054357,2026-04-08,Quality Issue,2180.57,Returned
RET002228,O0054410,2025-06-25,Customer Changed Mind,8841.04,Returned
RET002229,O0054438,2026-03-29,Quality Issue,7250.64,Returned
RET002230,O0054456,2025-07-04,Packaging Issue,1682.71,Returned
RET002231,O0054464,2025-09-06,Wrong Product,2715.43,Returned
RET002232,O0054503,2026-03-20,Quality Issue,8120.39,Returned
RET002233,O0054536,2026-04-01,Damaged Product,9317.93,Returned
RET002234,O0054559,2024-12-15,Quality Issue,1868.62,Returned
RET002235,O0054561,2026-09-10,Quality Issue,5178.66,Returned
RET002236,O0054562,2026-07-27,Wrong Product,6870.95,Returned
RET002237,O0054607,2024-04-20,Late Delivery,5398.58,Returned
RET002238,O0054615,2025-06-21,Packaging Issue,4166.25,Returned
RET002239,O0054686,2025-02-07,Late Delivery,12505.74,Returned
RET002240,O0054708,2026-05-29,Damaged Product,270.35,Returned
RET002241,O0054711,2025-08-09,Product Not Required,3989.61,Returned
RET002242,O0054716,2025-11-13,Late Delivery,4569.86,Returned
RET002243,O0054739,2025-10-06,Late Delivery,1779.67,Returned
RET002244,O0054746,2024-10-29,Packaging Issue,7369.44,Returned
RET002245,O0054749,2026-05-25,Late Delivery,5073.9,Returned
RET002246,O0054766,2025-03-16,Customer Changed Mind,7575.75,Returned
RET002247,O0054777,2026-09-10,Wrong Product,1161.9,Returned
RET002248,O0054786,2024-06-03,Late Delivery,38.94,Returned
RET002249,O0054789,2024-04-23,Wrong Product,8641.23,Returned
RET002250,O0054805,2025-10-28,Damaged Product,11564.56,Returned
RET002251,O0054837,2024-07-25,Late Delivery,192.65,Returned
RET002252,O0054868,2024-06-19,Quality Issue,7818.65,Returned
RET002253,O0054887,2026-09-23,Customer Changed Mind,4178.45,Returned
RET002254,O0054937,2024-07-24,Late Delivery,13419.51,Returned
RET002255,O0054938,2024-09-01,Quality Issue,14486.56,Returned
RET002256,O0054969,2024-03-18,Damaged Product,6938.95,Returned
RET002257,O0054972,2026-06-10,Product Not Required,2132.25,Returned
RET002258,O0055124,2024-07-07,Late Delivery,19217.39,Returned
RET002259,O0055153,2024-08-08,Product Not Required,7355.28,Returned
RET002260,O0055160,2024-05-11,Customer Changed Mind,1299.91,Returned
RET002261,O0055178,2024-04-30,Damaged Product,10605.88,Returned
RET002262,O0055189,2025-11-25,Product Not Required,3936.46,Returned
RET002263,O0055264,2025-07-20,Wrong Product,20319.79,Returned
RET002264,O0055323,2024-11-14,Packaging Issue,3587.57,Returned
RET002265,O0055329,2024-07-28,Wrong Product,2647.47,Returned
RET002266,O0055330,2025-04-12,Wrong Product,10580.48,Returned
RET002267,O0055366,2024-10-06,Customer Changed Mind,5147.35,Returned
RET002268,O0055381,2026-08-18,Quality Issue,18918.41,Returned
RET002269,O0055411,2024-10-30,Wrong Product,17051.83,Returned
RET002270,O0055430,2025-04-21,Product Not Required,1682.14,Returned
RET002271,O0055444,2025-03-07,Damaged Product,2267.44,Returned
RET002272,O0055488,2026-02-19,Wrong Product,1330.77,Returned
RET002273,O0055495,2026-06-03,Customer Changed Mind,6648.93,Returned
RET002274,O0055513,2026-04-01,Wrong Product,780.4,Returned
RET002275,O0055514,2024-06-04,Damaged Product,909.15,Returned
RET002276,O0055536,2024-11-26,Quality Issue,5312.4,Returned
RET002277,O0055555,2025-04-06,Customer Changed Mind,6143.82,Returned
RET002278,O0055592,2024-06-17,Product Not Required,3900.86,Returned
RET002279,O0055699,2026-04-28,Quality Issue,4923.1,Returned
RET002280,O0055703,2025-03-25,Damaged Product,1447.77,Returned
RET002281,O0055704,2024-02-15,Customer Changed Mind,3016.1,Returned
RET002282,O0055736,2024-04-12,Late Delivery,2870.75,Returned
RET002283,O0055764,2025-09-28,Packaging Issue,4922.18,Returned
RET002284,O0055768,2024-06-24,Wrong Product,2601.57,Returned
RET002285,O0055823,2025-12-21,Late Delivery,2170.75,Returned
RET002286,O0055824,2024-04-22,Product Not Required,1528.93,Returned
RET002287,O0055833,2025-11-23,Late Delivery,15728.81,Returned
RET002288,O0055891,2026-09-20,Customer Changed Mind,7818.22,Returned
RET002289,O0055900,2025-10-27,Quality Issue,4898.01,Returned
RET002290,O0055923,2025-12-30,Late Delivery,11731.77,Returned
RET002291,O0055936,2025-08-06,Late Delivery,706.39,Returned
RET002292,O0055953,2026-06-23,Customer Changed Mind,6968.03,Returned
RET002293,O0055959,2024-10-11,Damaged Product,6816.85,Returned
RET002294,O0055977,2024-02-26,Wrong Product,130.07,Returned
RET002295,O0055978,2024-10-18,Wrong Product,8797.24,Returned
RET002296,O0055992,2024-03-14,Quality Issue,3736.07,Returned
RET002297,O0056006,2025-07-06,Packaging Issue,1313.34,Returned
RET002298,O0056072,2026-04-19,Product Not Required,3134.63,Returned
RET002299,O0056118,2024-03-10,Product Not Required,13737.31,Returned
RET002300,O0056155,2024-02-02,Customer Changed Mind,9300.85,Returned
RET002301,O0056172,2025-10-29,Wrong Product,2133.28,Returned
RET002302,O0056207,2026-01-11,Packaging Issue,5906.94,Returned
RET002303,O0056224,2024-05-02,Quality Issue,5960.06,Returned
RET002304,O0056226,2025-11-29,Late Delivery,2019.05,Returned
RET002305,O0056307,2024-06-10,Customer Changed Mind,3531.47,Returned
RET002306,O0056319,2024-06-30,Packaging Issue,260.67,Returned
RET002307,O0056325,2024-03-23,Product Not Required,3379.35,Returned
RET002308,O0056326,2024-06-17,Packaging Issue,7961.07,Returned
RET002309,O0056361,2026-03-27,Wrong Product,3355.79,Returned
RET002310,O0056385,2025-03-31,Late Delivery,1701.75,Returned
RET002311,O0056399,2025-09-08,Late Delivery,10657.96,Returned
RET002312,O0056427,2026-03-15,Product Not Required,5917.73,Returned
RET002313,O0056469,2024-06-23,Wrong Product,2948.87,Returned
RET002314,O0056471,2025-08-04,Wrong Product,2599.76,Returned
RET002315,O0056510,2025-06-06,Late Delivery,13195.06,Returned
RET002316,O0056564,2026-09-21,Damaged Product,5100.17,Returned
RET002317,O0056576,2024-03-29,Damaged Product,561.0,Returned
RET002318,O0056589,2024-10-19,Damaged Product,2645.15,Returned
RET002319,O0056607,2026-09-21,Quality Issue,6186.82,Returned
RET002320,O0056642,2025-12-30,Wrong Product,2067.12,Returned
RET002321,O0056651,2024-04-11,Wrong Product,3051.59,Returned
RET002322,O0056655,2026-06-06,Product Not Required,1242.04,Returned
RET002323,O0056776,2025-11-25,Customer Changed Mind,1342.96,Returned
RET002324,O0056813,2024-07-12,Wrong Product,4338.47,Returned
RET002325,O0056865,2026-04-02,Wrong Product,6772.51,Returned
RET002326,O0056870,2026-02-23,Product Not Required,149.71,Returned
RET002327,O0056894,2025-09-23,Late Delivery,5920.24,Returned
RET002328,O0056901,2025-10-28,Packaging Issue,3982.88,Returned
RET002329,O0056933,2024-04-05,Quality Issue,1146.64,Returned
RET002330,O0056940,2025-02-05,Quality Issue,9367.32,Returned
RET002331,O0056978,2024-08-19,Late Delivery,7250.57,Returned
RET002332,O0057028,2025-06-19,Product Not Required,7306.23,Returned
RET002333,O0057116,2024-09-22,Damaged Product,14282.94,Returned
RET002334,O0057129,2024-03-17,Customer Changed Mind,13191.97,Returned
RET002335,O0057161,2026-02-27,Late Delivery,3259.29,Returned
RET002336,O0057179,2024-05-03,Customer Changed Mind,391.77,Returned
RET002337,O0057194,2025-06-09,Product Not Required,12650.36,Returned
RET002338,O0057203,2024-02-19,Late Delivery,5059.78,Returned
RET002339,O0057251,2024-06-20,Product Not Required,4195.69,Returned
RET002340,O0057299,2025-08-19,Quality Issue,5271.31,Returned
RET002341,O0057324,2024-10-20,Quality Issue,3532.44,Returned
RET002342,O0057329,2026-03-10,Late Delivery,4407.96,Returned
RET002343,O0057341,2025-02-25,Quality Issue,1260.75,Returned
RET002344,O0057351,2024-07-30,Damaged Product,8822.95,Returned
RET002345,O0057354,2024-03-24,Product Not Required,3297.71,Returned
RET002346,O0057380,2025-11-27,Late Delivery,4755.65,Returned
RET002347,O0057466,2024-09-18,Customer Changed Mind,5020.22,Returned
RET002348,O0057578,2025-04-14,Wrong Product,3088.1,Returned
RET002349,O0057618,2026-04-18,Product Not Required,7941.67,Returned
RET002350,O0057646,2026-05-26,Quality Issue,4122.62,Returned
RET002351,O0057649,2025-08-11,Customer Changed Mind,1873.04,Returned
RET002352,O0057669,2024-02-25,Product Not Required,4249.16,Returned
RET002353,O0057685,2026-02-12,Wrong Product,2188.58,Returned
RET002354,O0057693,2025-09-04,Damaged Product,5263.77,Returned
RET002355,O0057767,2024-08-16,Product Not Required,7580.12,Returned
RET002356,O0057790,2025-06-10,Packaging Issue,9390.44,Returned
RET002357,O0057793,2025-05-20,Packaging Issue,16879.65,Returned
RET002358,O0057802,2026-02-22,Packaging Issue,3457.31,Returned
RET002359,O0057830,2025-11-10,Packaging Issue,15298.23,Returned
RET002360,O0057847,2025-04-21,Late Delivery,6388.78,Returned
RET002361,O0057952,2026-04-28,Customer Changed Mind,12966.19,Returned
RET002362,O0057972,2026-09-19,Product Not Required,9098.66,Returned
RET002363,O0058007,2025-04-21,Quality Issue,9078.12,Returned
RET002364,O0058022,2024-08-01,Quality Issue,8528.93,Returned
RET002365,O0058071,2025-05-07,Customer Changed Mind,6578.67,Returned
RET002366,O0058092,2024-12-26,Damaged Product,11899.66,Returned
RET002367,O0058099,2026-07-09,Wrong Product,4009.43,Returned
RET002368,O0058104,2024-04-29,Customer Changed Mind,4602.59,Returned
RET002369,O0058117,2024-09-23,Product Not Required,4254.39,Returned
RET002370,O0058154,2026-04-30,Damaged Product,3423.76,Returned
RET002371,O0058172,2025-02-05,Late Delivery,453.74,Returned
RET002372,O0058180,2025-06-04,Late Delivery,8328.14,Returned
RET002373,O0058252,2025-05-05,Wrong Product,2017.4,Returned
RET002374,O0058292,2026-03-14,Wrong Product,3813.48,Returned
RET002375,O0058369,2026-08-23,Wrong Product,5985.54,Returned
RET002376,O0058375,2025-09-07,Late Delivery,6560.32,Returned
RET002377,O0058388,2024-09-26,Late Delivery,2010.44,Returned
RET002378,O0058430,2024-06-17,Quality Issue,5731.38,Returned
RET002379,O0058435,2025-03-18,Product Not Required,271.89,Returned
RET002380,O0058471,2026-08-22,Wrong Product,2113.73,Returned
RET002381,O0058489,2024-10-08,Wrong Product,2663.04,Returned
RET002382,O0058497,2024-05-30,Product Not Required,289.45,Returned
RET002383,O0058551,2024-03-09,Quality Issue,9664.52,Returned
RET002384,O0058557,2024-04-21,Product Not Required,11967.71,Returned
RET002385,O0058581,2025-01-30,Late Delivery,5797.28,Returned
RET002386,O0058601,2024-12-28,Quality Issue,3005.93,Returned
RET002387,O0058640,2026-07-11,Product Not Required,6080.7,Returned
RET002388,O0058650,2026-09-16,Customer Changed Mind,2145.82,Returned
RET002389,O0058654,2024-09-09,Wrong Product,8557.82,Returned
RET002390,O0058658,2024-11-12,Product Not Required,2615.83,Returned
RET002391,O0058659,2025-02-01,Damaged Product,1090.25,Returned
RET002392,O0058683,2025-04-22,Customer Changed Mind,9133.69,Returned
RET002393,O0058692,2025-09-02,Late Delivery,8170.59,Returned
RET002394,O0058696,2025-08-21,Damaged Product,736.93,Returned
RET002395,O0058699,2025-12-18,Quality Issue,592.51,Returned
RET002396,O0058720,2025-06-04,Packaging Issue,949.51,Returned
RET002397,O0058737,2025-10-18,Damaged Product,4902.72,Returned
RET002398,O0058759,2025-11-18,Packaging Issue,129.08,Returned
RET002399,O0058792,2024-05-10,Customer Changed Mind,4978.59,Returned
RET002400,O0058806,2024-02-15,Quality Issue,1657.15,Returned
RET002401,O0058811,2025-07-20,Packaging Issue,5189.4,Returned
RET002402,O0058871,2025-10-31,Packaging Issue,5157.39,Returned
RET002403,O0058895,2026-03-14,Late Delivery,6495.99,Returned
RET002404,O0058949,2025-11-10,Packaging Issue,15710.15,Returned
RET002405,O0058955,2024-08-16,Late Delivery,6382.4,Returned
RET002406,O0058957,2025-06-16,Damaged Product,5489.68,Returned
RET002407,O0058965,2025-06-17,Customer Changed Mind,634.38,Returned
RET002408,O0058966,2026-01-03,Product Not Required,820.68,Returned
RET002409,O0059039,2024-05-27,Packaging Issue,5332.32,Returned
RET002410,O0059060,2025-03-12,Damaged Product,7759.06,Returned
RET002411,O0059063,2024-03-01,Wrong Product,6478.02,Returned
RET002412,O0059101,2025-04-25,Customer Changed Mind,3872.93,Returned
RET002413,O0059132,2025-11-30,Customer Changed Mind,4658.94,Returned
RET002414,O0059155,2024-01-26,Customer Changed Mind,248.12,Returned
RET002415,O0059165,2024-10-25,Product Not Required,7992.92,Returned
RET002416,O0059182,2024-05-08,Damaged Product,1894.12,Returned
RET002417,O0059217,2024-12-22,Quality Issue,358.88,Returned
RET002418,O0059231,2025-04-17,Customer Changed Mind,13491.77,Returned
RET002419,O0059237,2026-01-12,Wrong Product,349.99,Returned
RET002420,O0059264,2026-05-14,Packaging Issue,8927.13,Returned
RET002421,O0059268,2026-05-18,Packaging Issue,9639.78,Returned
RET002422,O0059284,2026-05-25,Packaging Issue,3378.88,Returned
RET002423,O0059297,2024-09-21,Late Delivery,6337.9,Returned
RET002424,O0059306,2024-04-15,Wrong Product,1673.24,Returned
RET002425,O0059328,2025-01-30,Product Not Required,11094.32,Returned
RET002426,O0059347,2024-05-18,Wrong Product,16787.65,Returned
RET002427,O0059403,2024-03-16,Late Delivery,2352.29,Returned
RET002428,O0059518,2024-12-18,Wrong Product,2205.08,Returned
RET002429,O0059526,2026-06-10,Damaged Product,580.06,Returned
RET002430,O0059562,2025-11-12,Product Not Required,3386.55,Returned
RET002431,O0059622,2025-12-25,Customer Changed Mind,1257.59,Returned
RET002432,O0059636,2026-02-15,Damaged Product,2945.39,Returned
RET002433,O0059669,2024-10-19,Damaged Product,7585.96,Returned
RET002434,O0059670,2024-01-19,Product Not Required,12294.94,Returned
RET002435,O0059674,2024-03-24,Packaging Issue,1085.21,Returned
RET002436,O0059686,2025-11-10,Packaging Issue,7726.48,Returned
RET002437,O0059705,2025-09-23,Late Delivery,7327.69,Returned
RET002438,O0059736,2026-09-10,Product Not Required,2569.83,Returned
RET002439,O0059817,2026-04-28,Late Delivery,12244.21,Returned
RET002440,O0059884,2025-01-17,Damaged Product,11113.18,Returned
RET002441,O0059918,2024-09-06,Damaged Product,2825.78,Returned
RET002442,O0059965,2026-06-30,Damaged Product,6001.52,Returned
RET002443,O0059986,2024-06-26,Customer Changed Mind,352.67,Returned
RET002444,O0059991,2024-02-15,Quality Issue,2276.06,Returned
RET002445,O0059998,2026-02-22,Late Delivery,6077.47,Returned
RET002446,O0060026,2025-06-09,Customer Changed Mind,7293.83,Returned
RET002447,O0060029,2025-11-27,Quality Issue,6033.77,Returned
RET002448,O0060098,2025-05-30,Quality Issue,7749.72,Returned
RET002449,O0060116,2025-06-06,Late Delivery,9844.78,Returned
RET002450,O0060132,2026-07-17,Product Not Required,8083.9,Returned
RET002451,O0060141,2025-10-20,Customer Changed Mind,3299.21,Returned
RET002452,O0060173,2024-06-09,Product Not Required,407.14,Returned
RET002453,O0060178,2025-09-18,Customer Changed Mind,1716.06,Returned
RET002454,O0060192,2026-02-02,Product Not Required,12869.73,Returned
RET002455,O0060196,2026-05-21,Damaged Product,12671.92,Returned
RET002456,O0060203,2026-03-20,Product Not Required,5013.48,Returned
RET002457,O0060246,2026-03-07,Late Delivery,6989.67,Returned
RET002458,O0060263,2025-01-07,Damaged Product,2085.51,Returned
RET002459,O0060281,2026-01-08,Product Not Required,5097.14,Returned
RET002460,O0060346,2025-11-16,Customer Changed Mind,3686.93,Returned
RET002461,O0060350,2024-04-15,Late Delivery,6368.4,Returned
RET002462,O0060374,2025-10-09,Packaging Issue,12735.46,Returned
RET002463,O0060408,2026-02-24,Customer Changed Mind,4743.72,Returned
RET002464,O0060436,2025-05-11,Damaged Product,170.46,Returned
RET002465,O0060502,2026-08-13,Customer Changed Mind,5786.51,Returned
RET002466,O0060517,2025-12-05,Wrong Product,2877.36,Returned
RET002467,O0060534,2024-01-14,Late Delivery,987.76,Returned
RET002468,O0060540,2024-03-02,Customer Changed Mind,1568.1,Returned
RET002469,O0060578,2025-10-20,Wrong Product,9680.97,Returned
RET002470,O0060584,2024-01-18,Damaged Product,3911.44,Returned
RET002471,O0060616,2025-10-15,Wrong Product,8118.59,Returned
RET002472,O0060664,2026-01-13,Wrong Product,3375.83,Returned
RET002473,O0060677,2024-08-16,Customer Changed Mind,5197.01,Returned
RET002474,O0060697,2026-01-21,Customer Changed Mind,4256.59,Returned
RET002475,O0060728,2026-04-18,Damaged Product,6780.56,Returned
RET002476,O0060738,2024-07-07,Quality Issue,184.53,Returned
RET002477,O0060745,2025-10-10,Damaged Product,4678.75,Returned
RET002478,O0060749,2025-05-12,Quality Issue,12639.65,Returned
RET002479,O0060767,2026-02-12,Late Delivery,10675.99,Returned
RET002480,O0060799,2026-02-15,Damaged Product,7157.19,Returned
RET002481,O0060847,2026-05-07,Quality Issue,7928.88,Returned
RET002482,O0060861,2024-06-16,Late Delivery,2303.28,Returned
RET002483,O0060945,2026-07-14,Late Delivery,5619.57,Returned
RET002484,O0060963,2025-03-09,Damaged Product,7826.38,Returned
RET002485,O0060994,2024-10-15,Late Delivery,13284.64,Returned
RET002486,O0060998,2026-05-13,Product Not Required,4029.55,Returned
RET002487,O0061001,2024-03-02,Late Delivery,11630.82,Returned
RET002488,O0061003,2025-06-20,Customer Changed Mind,4000.81,Returned
RET002489,O0061013,2025-12-23,Packaging Issue,5738.84,Returned
RET002490,O0061015,2024-12-12,Late Delivery,5213.86,Returned
RET002491,O0061019,2024-01-15,Wrong Product,1980.89,Returned
RET002492,O0061024,2024-06-23,Wrong Product,6510.04,Returned
RET002493,O0061060,2026-08-17,Damaged Product,6578.38,Returned
RET002494,O0061080,2024-12-19,Damaged Product,13328.96,Returned
RET002495,O0061112,2026-01-19,Packaging Issue,10748.04,Returned
RET002496,O0061129,2026-09-18,Product Not Required,1039.38,Returned
RET002497,O0061133,2025-06-19,Product Not Required,4562.05,Returned
RET002498,O0061161,2026-09-18,Customer Changed Mind,2308.72,Returned
RET002499,O0061184,2024-12-08,Quality Issue,12080.56,Returned
RET002500,O0061251,2025-11-24,Customer Changed Mind,2939.32,Returned
RET002501,O0061265,2025-12-14,Quality Issue,1431.25,Returned
RET002502,O0061271,2026-09-24,Product Not Required,2280.62,Returned
RET002503,O0061289,2025-11-03,Customer Changed Mind,1636.61,Returned
RET002504,O0061315,2025-07-31,Packaging Issue,880.43,Returned
RET002505,O0061343,2024-10-28,Packaging Issue,3101.94,Returned
RET002506,O0061389,2025-07-02,Customer Changed Mind,8582.72,Returned
RET002507,O0061395,2026-06-21,Wrong Product,11516.45,Returned
RET002508,O0061439,2024-10-30,Product Not Required,2263.46,Returned
RET002509,O0061452,2026-07-09,Customer Changed Mind,2321.93,Returned
RET002510,O0061454,2024-04-17,Packaging Issue,10490.27,Returned
RET002511,O0061470,2025-07-28,Quality Issue,6821.83,Returned
RET002512,O0061489,2026-02-01,Packaging Issue,2393.6,Returned
RET002513,O0061582,2025-08-13,Product Not Required,7933.43,Returned
RET002514,O0061692,2024-04-15,Wrong Product,1727.81,Returned
RET002515,O0061737,2024-06-27,Packaging Issue,2726.05,Returned
RET002516,O0061754,2024-07-28,Wrong Product,10201.31,Returned
RET002517,O0061764,2025-12-31,Damaged Product,4522.01,Returned
RET002518,O0061792,2026-07-30,Product Not Required,4242.99,Returned
RET002519,O0061828,2025-09-28,Quality Issue,3052.8,Returned
RET002520,O0061855,2025-01-07,Customer Changed Mind,6276.4,Returned
RET002521,O0061922,2025-11-04,Late Delivery,10962.28,Returned
RET002522,O0061959,2026-06-18,Wrong Product,1244.36,Returned
RET002523,O0062021,2025-11-29,Customer Changed Mind,1035.87,Returned
RET002524,O0062044,2026-05-17,Damaged Product,5391.62,Returned
RET002525,O0062073,2024-12-04,Customer Changed Mind,1089.0,Returned
RET002526,O0062100,2026-09-13,Product Not Required,2005.27,Returned
RET002527,O0062182,2026-09-15,Late Delivery,10259.32,Returned
RET002528,O0062183,2025-04-12,Quality Issue,8516.62,Returned
RET002529,O0062199,2026-07-16,Quality Issue,6142.66,Returned
RET002530,O0062220,2026-03-27,Product Not Required,5233.01,Returned
RET002531,O0062259,2024-05-14,Wrong Product,3829.08,Returned
RET002532,O0062261,2024-09-19,Product Not Required,96.05,Returned
RET002533,O0062263,2026-04-22,Quality Issue,3762.35,Returned
RET002534,O0062342,2024-07-03,Product Not Required,1006.29,Returned
RET002535,O0062396,2025-05-09,Late Delivery,41.24,Returned
RET002536,O0062425,2024-06-21,Quality Issue,4176.05,Returned
RET002537,O0062432,2024-03-30,Quality Issue,4320.05,Returned
RET002538,O0062508,2024-08-07,Late Delivery,413.0,Returned
RET002539,O0062522,2025-11-11,Packaging Issue,5579.78,Returned
RET002540,O0062530,2026-04-20,Damaged Product,8780.28,Returned
RET002541,O0062556,2024-10-18,Late Delivery,910.92,Returned
RET002542,O0062569,2024-09-22,Late Delivery,13778.41,Returned
RET002543,O0062573,2024-11-25,Customer Changed Mind,5088.56,Returned
RET002544,O0062598,2024-09-02,Packaging Issue,731.13,Returned
RET002545,O0062623,2024-06-06,Damaged Product,10744.03,Returned
RET002546,O0062650,2025-06-17,Packaging Issue,1767.02,Returned
RET002547,O0062655,2024-12-25,Quality Issue,9963.66,Returned
RET002548,O0062656,2025-09-10,Packaging Issue,285.78,Returned
RET002549,O0062707,2025-12-12,Late Delivery,1977.2,Returned
RET002550,O0062718,2024-12-25,Quality Issue,7670.31,Returned
RET002551,O0062735,2024-12-21,Product Not Required,6116.54,Returned
RET002552,O0062774,2025-04-28,Damaged Product,2713.0,Returned
RET002553,O0062855,2024-04-27,Packaging Issue,4163.38,Returned
RET002554,O0062878,2025-07-03,Late Delivery,1648.23,Returned
RET002555,O0062898,2025-04-10,Customer Changed Mind,2729.18,Returned
RET002556,O0062902,2026-03-26,Customer Changed Mind,1255.8,Returned
RET002557,O0062967,2024-02-14,Damaged Product,13539.13,Returned
RET002558,O0062971,2025-01-07,Late Delivery,10663.29,Returned
RET002559,O0063003,2024-08-07,Customer Changed Mind,5465.8,Returned
RET002560,O0063031,2025-12-08,Quality Issue,3628.15,Returned
RET002561,O0063051,2025-08-22,Packaging Issue,10377.08,Returned
RET002562,O0063089,2024-11-15,Wrong Product,3696.85,Returned
RET002563,O0063173,2026-06-19,Product Not Required,16562.35,Returned
RET002564,O0063220,2026-08-27,Quality Issue,8889.79,Returned
RET002565,O0063233,2025-10-01,Wrong Product,3599.12,Returned
RET002566,O0063306,2026-03-09,Packaging Issue,4553.45,Returned
RET002567,O0063335,2024-03-29,Packaging Issue,3708.44,Returned
RET002568,O0063404,2026-08-13,Product Not Required,3860.44,Returned
RET002569,O0063409,2024-05-24,Product Not Required,1513.93,Returned
RET002570,O0063426,2024-08-23,Quality Issue,5723.25,Returned
RET002571,O0063474,2024-05-06,Wrong Product,1357.8,Returned
RET002572,O0063485,2024-11-08,Late Delivery,1055.45,Returned
RET002573,O0063502,2025-08-09,Damaged Product,9273.28,Returned
RET002574,O0063517,2024-06-24,Quality Issue,252.0,Returned
RET002575,O0063520,2026-09-24,Packaging Issue,11643.71,Returned
RET002576,O0063594,2024-11-25,Customer Changed Mind,1372.46,Returned
RET002577,O0063620,2025-12-12,Late Delivery,3647.26,Returned
RET002578,O0063719,2024-06-07,Packaging Issue,13418.19,Returned
RET002579,O0063730,2025-04-22,Product Not Required,10463.18,Returned
RET002580,O0063736,2024-08-09,Quality Issue,3692.68,Returned
RET002581,O0063742,2024-10-22,Quality Issue,4483.02,Returned
RET002582,O0063771,2026-03-01,Packaging Issue,1960.24,Returned
RET002583,O0063793,2024-09-20,Customer Changed Mind,9994.99,Returned
RET002584,O0063822,2024-08-22,Wrong Product,5168.28,Returned
RET002585,O0063836,2026-06-15,Customer Changed Mind,1926.5,Returned
RET002586,O0063855,2026-02-28,Late Delivery,1745.53,Returned
RET002587,O0063883,2024-11-29,Product Not Required,1191.79,Returned
RET002588,O0063940,2026-03-20,Packaging Issue,1905.0,Returned
RET002589,O0063976,2025-03-22,Quality Issue,3615.9,Returned
RET002590,O0064019,2024-04-20,Quality Issue,7499.28,Returned
RET002591,O0064020,2025-12-24,Product Not Required,13040.42,Returned
RET002592,O0064039,2025-11-28,Packaging Issue,3743.22,Returned
RET002593,O0064098,2026-09-25,Packaging Issue,1986.08,Returned
RET002594,O0064105,2026-09-09,Damaged Product,13778.77,Returned
RET002595,O0064112,2026-03-19,Product Not Required,10014.58,Returned
RET002596,O0064117,2024-05-21,Late Delivery,6567.83,Returned
RET002597,O0064140,2024-05-09,Quality Issue,9380.04,Returned
RET002598,O0064142,2025-01-05,Wrong Product,827.41,Returned
RET002599,O0064245,2024-08-08,Wrong Product,1936.45,Returned
RET002600,O0064321,2026-09-25,Product Not Required,1009.53,Returned
RET002601,O0064358,2024-11-13,Packaging Issue,4600.07,Returned
RET002602,O0064390,2025-08-24,Packaging Issue,414.63,Returned
RET002603,O0064396,2025-04-21,Customer Changed Mind,7778.59,Returned
RET002604,O0064405,2025-06-02,Customer Changed Mind,1802.08,Returned
RET002605,O0064444,2024-08-28,Wrong Product,5342.75,Returned
RET002606,O0064486,2025-02-24,Customer Changed Mind,4752.05,Returned
RET002607,O0064510,2026-02-18,Packaging Issue,5457.02,Returned
RET002608,O0064538,2024-03-06,Late Delivery,267.2,Returned
RET002609,O0064549,2026-04-18,Packaging Issue,4918.39,Returned
RET002610,O0064563,2025-08-18,Packaging Issue,4435.75,Returned
RET002611,O0064570,2025-01-06,Product Not Required,916.01,Returned
RET002612,O0064576,2024-08-21,Wrong Product,3960.26,Returned
RET002613,O0064579,2024-02-03,Wrong Product,4792.52,Returned
RET002614,O0064605,2026-08-26,Wrong Product,3226.2,Returned
RET002615,O0064620,2024-07-04,Customer Changed Mind,1161.9,Returned
RET002616,O0064628,2026-07-28,Damaged Product,5525.73,Returned
RET002617,O0064642,2024-06-17,Packaging Issue,1593.09,Returned
RET002618,O0064663,2024-01-31,Damaged Product,1917.63,Returned
RET002619,O0064665,2026-07-10,Quality Issue,8745.4,Returned
RET002620,O0064701,2024-03-05,Wrong Product,6303.7,Returned
RET002621,O0064737,2025-01-05,Wrong Product,4842.02,Returned
RET002622,O0064745,2026-09-08,Wrong Product,125.33,Returned
RET002623,O0064792,2025-01-30,Wrong Product,10219.97,Returned
RET002624,O0064794,2024-06-06,Quality Issue,12709.9,Returned
RET002625,O0064796,2025-07-16,Late Delivery,13516.91,Returned
RET002626,O0064804,2025-10-25,Wrong Product,954.87,Returned
RET002627,O0064820,2026-01-21,Customer Changed Mind,3212.35,Returned
RET002628,O0064830,2024-08-16,Wrong Product,4367.85,Returned
RET002629,O0064835,2026-04-28,Quality Issue,3140.68,Returned
RET002630,O0064892,2025-05-04,Quality Issue,5562.82,Returned
RET002631,O0064894,2024-12-20,Quality Issue,1824.48,Returned
RET002632,O0064920,2024-02-13,Quality Issue,4622.95,Returned
RET002633,O0064939,2025-10-03,Quality Issue,2282.5,Returned
RET002634,O0064945,2025-04-16,Damaged Product,2043.34,Returned
RET002635,O0064965,2026-01-21,Packaging Issue,8656.17,Returned
RET002636,O0065034,2026-07-30,Late Delivery,2708.45,Returned
RET002637,O0065042,2026-02-13,Customer Changed Mind,8573.75,Returned
RET002638,O0065044,2025-10-22,Late Delivery,1428.7,Returned
RET002639,O0065090,2026-07-15,Quality Issue,5429.53,Returned
RET002640,O0065126,2024-10-27,Packaging Issue,14669.43,Returned
RET002641,O0065142,2025-06-15,Quality Issue,2737.71,Returned
RET002642,O0065179,2025-02-26,Wrong Product,1811.97,Returned
RET002643,O0065192,2025-09-18,Quality Issue,7537.16,Returned
RET002644,O0065209,2025-10-09,Customer Changed Mind,6873.32,Returned
RET002645,O0065212,2025-12-05,Customer Changed Mind,2612.58,Returned
RET002646,O0065214,2024-05-15,Wrong Product,3632.16,Returned
RET002647,O0065275,2026-02-03,Quality Issue,3131.33,Returned
RET002648,O0065287,2024-12-02,Product Not Required,3785.01,Returned
RET002649,O0065313,2026-09-23,Customer Changed Mind,9849.04,Returned
RET002650,O0065337,2025-07-28,Packaging Issue,6859.39,Returned
RET002651,O0065377,2024-09-04,Packaging Issue,431.63,Returned
RET002652,O0065381,2024-11-15,Packaging Issue,8054.66,Returned
RET002653,O0065408,2025-07-15,Damaged Product,5798.71,Returned
RET002654,O0065445,2024-04-13,Product Not Required,8677.65,Returned
RET002655,O0065487,2026-07-04,Quality Issue,10551.15,Returned
RET002656,O0065505,2026-01-26,Wrong Product,6263.3,Returned
RET002657,O0065534,2025-02-23,Product Not Required,10163.52,Returned
RET002658,O0065555,2025-07-16,Damaged Product,11514.35,Returned
RET002659,O0065575,2026-03-19,Product Not Required,1872.14,Returned
RET002660,O0065585,2026-03-26,Product Not Required,5288.6,Returned
RET002661,O0065603,2026-09-21,Packaging Issue,16466.77,Returned
RET002662,O0065608,2025-01-07,Late Delivery,4458.76,Returned
RET002663,O0065629,2026-02-03,Wrong Product,8327.79,Returned
RET002664,O0065647,2025-06-12,Wrong Product,8796.68,Returned
RET002665,O0065661,2024-09-22,Wrong Product,1368.5,Returned
RET002666,O0065663,2026-07-19,Customer Changed Mind,15054.71,Returned
RET002667,O0065664,2026-01-10,Damaged Product,6580.31,Returned
RET002668,O0065666,2025-07-13,Customer Changed Mind,1939.98,Returned
RET002669,O0065732,2026-01-05,Packaging Issue,1570.18,Returned
RET002670,O0065745,2026-07-17,Wrong Product,2816.99,Returned
RET002671,O0065762,2025-11-01,Customer Changed Mind,3365.71,Returned
RET002672,O0065799,2024-09-27,Damaged Product,8955.36,Returned
RET002673,O0065808,2026-08-17,Customer Changed Mind,7622.4,Returned
RET002674,O0065822,2025-09-21,Wrong Product,6092.9,Returned
RET002675,O0065830,2024-02-18,Packaging Issue,10252.03,Returned
RET002676,O0065840,2025-06-13,Customer Changed Mind,12986.56,Returned
RET002677,O0065877,2024-12-29,Late Delivery,635.61,Returned
RET002678,O0065912,2024-02-16,Quality Issue,5915.15,Returned
RET002679,O0065916,2024-09-01,Customer Changed Mind,13165.23,Returned
RET002680,O0065941,2024-12-02,Product Not Required,8134.93,Returned
RET002681,O0065961,2026-02-28,Product Not Required,9118.09,Returned
RET002682,O0066017,2024-04-16,Packaging Issue,8816.58,Returned
RET002683,O0066048,2025-04-12,Quality Issue,4741.43,Returned
RET002684,O0066060,2024-06-15,Packaging Issue,8467.72,Returned
RET002685,O0066086,2024-08-07,Customer Changed Mind,1165.83,Returned
RET002686,O0066100,2025-09-17,Damaged Product,9222.69,Returned
RET002687,O0066128,2026-06-13,Product Not Required,5902.11,Returned
RET002688,O0066154,2024-04-11,Packaging Issue,11618.22,Returned
RET002689,O0066222,2024-06-07,Customer Changed Mind,4966.67,Returned
RET002690,O0066229,2024-04-01,Late Delivery,8905.04,Returned
RET002691,O0066267,2026-06-08,Quality Issue,5407.16,Returned
RET002692,O0066278,2025-07-12,Late Delivery,5519.87,Returned
RET002693,O0066318,2025-03-25,Wrong Product,889.42,Returned
RET002694,O0066326,2024-12-12,Packaging Issue,311.38,Returned
RET002695,O0066340,2024-04-28,Quality Issue,4575.8,Returned
RET002696,O0066365,2026-04-16,Damaged Product,1954.03,Returned
RET002697,O0066425,2026-01-11,Damaged Product,5091.9,Returned
RET002698,O0066497,2026-07-02,Packaging Issue,3038.67,Returned
RET002699,O0066523,2026-02-18,Damaged Product,6453.5,Returned
RET002700,O0066532,2025-03-14,Quality Issue,753.25,Returned
RET002701,O0066544,2025-05-13,Quality Issue,2491.03,Returned
RET002702,O0066553,2024-11-19,Wrong Product,2325.2,Returned
RET002703,O0066554,2026-04-02,Wrong Product,6604.88,Returned
RET002704,O0066563,2025-06-15,Customer Changed Mind,8465.6,Returned
RET002705,O0066578,2025-10-31,Damaged Product,3344.06,Returned
RET002706,O0066665,2025-10-14,Quality Issue,1803.26,Returned
RET002707,O0066722,2025-07-21,Damaged Product,565.07,Returned
RET002708,O0066724,2024-10-29,Wrong Product,10189.71,Returned
RET002709,O0066728,2025-11-03,Customer Changed Mind,4983.01,Returned
RET002710,O0066766,2025-12-09,Damaged Product,5266.15,Returned
RET002711,O0066777,2024-06-13,Wrong Product,6032.62,Returned
RET002712,O0066787,2024-08-20,Customer Changed Mind,7491.63,Returned
RET002713,O0066834,2024-01-29,Quality Issue,15576.79,Returned
RET002714,O0066841,2026-02-05,Late Delivery,5349.69,Returned
RET002715,O0066862,2025-03-09,Damaged Product,1852.18,Returned
RET002716,O0066884,2025-05-01,Packaging Issue,5031.76,Returned
RET002717,O0066922,2024-02-15,Quality Issue,1767.27,Returned
RET002718,O0066941,2026-05-23,Customer Changed Mind,3994.77,Returned
RET002719,O0066953,2024-11-18,Wrong Product,5201.04,Returned
RET002720,O0066960,2025-11-19,Product Not Required,4307.51,Returned
RET002721,O0066983,2026-05-15,Late Delivery,4555.11,Returned
RET002722,O0066988,2025-06-20,Wrong Product,10271.16,Returned
RET002723,O0067015,2024-10-05,Wrong Product,9110.83,Returned
RET002724,O0067124,2024-08-21,Damaged Product,2207.12,Returned
RET002725,O0067137,2025-12-09,Quality Issue,792.39,Returned
RET002726,O0067139,2025-07-29,Packaging Issue,11479.63,Returned
RET002727,O0067154,2026-09-07,Packaging Issue,1649.39,Returned
RET002728,O0067157,2025-04-10,Wrong Product,657.03,Returned
RET002729,O0067167,2025-12-17,Wrong Product,11833.84,Returned
RET002730,O0067207,2026-04-23,Wrong Product,5216.69,Returned
RET002731,O0067216,2024-08-30,Wrong Product,1810.2,Returned
RET002732,O0067222,2026-08-03,Packaging Issue,10389.01,Returned
RET002733,O0067238,2024-01-16,Late Delivery,13299.23,Returned
RET002734,O0067258,2026-08-30,Quality Issue,1534.38,Returned
RET002735,O0067308,2024-02-08,Damaged Product,6650.07,Returned
RET002736,O0067311,2026-08-23,Late Delivery,7142.13,Returned
RET002737,O0067360,2024-07-27,Damaged Product,2183.08,Returned
RET002738,O0067374,2026-04-22,Wrong Product,10587.41,Returned
RET002739,O0067377,2025-08-14,Product Not Required,6526.81,Returned
RET002740,O0067379,2025-09-28,Quality Issue,2012.55,Returned
RET002741,O0067398,2024-12-25,Customer Changed Mind,14499.4,Returned
RET002742,O0067424,2024-06-05,Late Delivery,10052.37,Returned
RET002743,O0067497,2024-08-12,Wrong Product,8103.63,Returned
RET002744,O0067508,2026-07-30,Product Not Required,13491.56,Returned
RET002745,O0067552,2024-04-01,Damaged Product,4042.08,Returned
RET002746,O0067686,2025-11-11,Late Delivery,2966.95,Returned
RET002747,O0067718,2026-07-30,Late Delivery,3205.3,Returned
RET002748,O0067793,2024-01-22,Late Delivery,2073.1,Returned
RET002749,O0067794,2025-09-08,Customer Changed Mind,2033.4,Returned
RET002750,O0067900,2024-11-24,Late Delivery,5269.36,Returned
RET002751,O0067922,2024-03-02,Damaged Product,3639.7,Returned
RET002752,O0067935,2025-01-23,Customer Changed Mind,8290.62,Returned
RET002753,O0067949,2025-12-14,Product Not Required,6838.73,Returned
RET002754,O0067961,2024-11-16,Customer Changed Mind,7737.38,Returned
RET002755,O0067972,2025-05-27,Customer Changed Mind,9413.66,Returned
RET002756,O0067985,2024-04-27,Late Delivery,2271.12,Returned
RET002757,O0067988,2025-06-07,Customer Changed Mind,881.89,Returned
RET002758,O0068004,2024-12-12,Packaging Issue,3219.83,Returned
RET002759,O0068028,2026-03-18,Late Delivery,10904.09,Returned
RET002760,O0068063,2026-04-07,Quality Issue,11398.77,Returned
RET002761,O0068115,2025-12-04,Wrong Product,2825.46,Returned
RET002762,O0068133,2024-11-03,Wrong Product,4532.39,Returned
RET002763,O0068155,2024-12-23,Customer Changed Mind,1032.2,Returned
RET002764,O0068224,2024-12-20,Damaged Product,3198.38,Returned
RET002765,O0068309,2024-06-02,Customer Changed Mind,3950.46,Returned
RET002766,O0068316,2026-01-10,Packaging Issue,11165.06,Returned
RET002767,O0068395,2025-03-21,Wrong Product,12792.81,Returned
RET002768,O0068412,2025-01-29,Damaged Product,8622.91,Returned
RET002769,O0068440,2025-03-21,Late Delivery,9570.79,Returned
RET002770,O0068465,2025-11-06,Late Delivery,6564.66,Returned
RET002771,O0068483,2026-01-11,Wrong Product,2887.72,Returned
RET002772,O0068500,2026-09-14,Customer Changed Mind,6385.95,Returned
RET002773,O0068509,2024-04-05,Product Not Required,5907.69,Returned
RET002774,O0068521,2025-04-30,Wrong Product,2099.49,Returned
RET002775,O0068577,2026-01-28,Packaging Issue,3862.42,Returned
RET002776,O0068628,2025-05-10,Quality Issue,7279.53,Returned
RET002777,O0068719,2025-12-28,Product Not Required,8318.79,Returned
RET002778,O0068782,2024-10-21,Wrong Product,3870.61,Returned
RET002779,O0068787,2024-08-03,Late Delivery,4590.65,Returned
RET002780,O0068797,2025-11-03,Customer Changed Mind,1248.24,Returned
RET002781,O0068890,2025-09-28,Packaging Issue,1844.04,Returned
RET002782,O0068915,2025-12-31,Damaged Product,778.38,Returned
RET002783,O0068920,2024-12-20,Damaged Product,4784.13,Returned
RET002784,O0068956,2026-01-29,Quality Issue,1849.29,Returned
RET002785,O0068992,2025-06-14,Customer Changed Mind,3355.33,Returned
RET002786,O0068999,2025-08-08,Customer Changed Mind,8825.91,Returned
RET002787,O0069051,2025-10-07,Late Delivery,1161.45,Returned
RET002788,O0069068,2025-02-23,Wrong Product,12436.2,Returned
RET002789,O0069112,2025-06-05,Product Not Required,6539.41,Returned
RET002790,O0069137,2026-05-30,Damaged Product,15323.8,Returned
RET002791,O0069147,2024-04-30,Damaged Product,3155.76,Returned
RET002792,O0069179,2024-05-09,Wrong Product,9958.73,Returned
RET002793,O0069203,2025-06-21,Packaging Issue,11074.22,Returned
RET002794,O0069212,2025-08-17,Late Delivery,5732.03,Returned
RET002795,O0069255,2025-08-20,Packaging Issue,2729.63,Returned
RET002796,O0069301,2025-11-27,Late Delivery,5465.07,Returned
RET002797,O0069330,2026-09-16,Damaged Product,5227.8,Returned
RET002798,O0069343,2026-09-20,Customer Changed Mind,974.56,Returned
RET002799,O0069349,2025-11-22,Customer Changed Mind,6126.25,Returned
RET002800,O0069367,2024-04-10,Packaging Issue,2397.83,Returned
RET002801,O0069483,2026-04-25,Quality Issue,2420.38,Returned
RET002802,O0069518,2026-01-30,Wrong Product,5974.53,Returned
RET002803,O0069520,2025-02-04,Damaged Product,2238.75,Returned
RET002804,O0069532,2025-04-19,Damaged Product,9844.69,Returned
RET002805,O0069537,2024-05-15,Product Not Required,6494.8,Returned
RET002806,O0069543,2025-02-26,Product Not Required,2133.63,Returned
RET002807,O0069552,2025-10-15,Product Not Required,4875.11,Returned
RET002808,O0069555,2025-07-14,Damaged Product,8072.45,Returned
RET002809,O0069580,2024-05-13,Wrong Product,7832.73,Returned
RET002810,O0069596,2024-08-16,Packaging Issue,10997.9,Returned
RET002811,O0069603,2026-06-03,Wrong Product,5502.07,Returned
RET002812,O0069605,2024-09-05,Damaged Product,3600.15,Returned
RET002813,O0069633,2025-06-21,Customer Changed Mind,4044.95,Returned
RET002814,O0069677,2025-09-06,Quality Issue,5581.71,Returned
RET002815,O0069684,2025-11-01,Product Not Required,1573.66,Returned
RET002816,O0069743,2025-05-19,Late Delivery,1419.02,Returned
RET002817,O0069855,2025-07-19,Quality Issue,6225.04,Returned
RET002818,O0069911,2026-07-27,Damaged Product,12526.77,Returned
RET002819,O0069918,2025-09-04,Customer Changed Mind,3641.37,Returned
RET002820,O0069981,2025-06-11,Product Not Required,2450.18,Returned
RET002821,O0069992,2026-06-04,Late Delivery,4652.94,Returned
RET002822,O0070029,2024-11-26,Customer Changed Mind,3119.48,Returned
RET002823,O0070046,2024-06-01,Customer Changed Mind,621.47,Returned
RET002824,O0070051,2026-08-08,Wrong Product,2827.44,Returned
RET002825,O0070064,2025-10-10,Wrong Product,2614.46,Returned
RET002826,O0070094,2026-04-14,Late Delivery,7633.44,Returned
RET002827,O0070098,2025-02-26,Quality Issue,2326.63,Returned
RET002828,O0070136,2024-08-27,Product Not Required,4251.15,Returned
RET002829,O0070158,2025-07-02,Packaging Issue,9279.28,Returned
RET002830,O0070161,2026-05-29,Quality Issue,9810.11,Returned
RET002831,O0070168,2024-11-30,Product Not Required,1135.73,Returned
RET002832,O0070208,2026-03-31,Packaging Issue,4226.3,Returned
RET002833,O0070234,2025-04-23,Damaged Product,5811.48,Returned
RET002834,O0070260,2026-04-20,Damaged Product,2483.84,Returned
RET002835,O0070270,2026-09-21,Packaging Issue,1850.91,Returned
RET002836,O0070289,2026-08-16,Packaging Issue,5904.26,Returned
RET002837,O0070303,2026-01-17,Quality Issue,10985.59,Returned
RET002838,O0070315,2024-10-13,Damaged Product,3537.71,Returned
RET002839,O0070365,2024-02-22,Customer Changed Mind,6716.56,Returned
RET002840,O0070370,2026-07-31,Quality Issue,14938.28,Returned
RET002841,O0070384,2025-10-06,Product Not Required,4743.55,Returned
RET002842,O0070388,2025-03-16,Customer Changed Mind,8100.62,Returned
RET002843,O0070399,2026-05-30,Late Delivery,3651.04,Returned
RET002844,O0070406,2024-11-10,Wrong Product,880.23,Returned
RET002845,O0070429,2025-07-29,Quality Issue,10428.44,Returned
RET002846,O0070433,2025-02-28,Packaging Issue,11166.49,Returned
RET002847,O0070437,2026-06-14,Packaging Issue,654.93,Returned
RET002848,O0070441,2026-01-10,Late Delivery,14010.4,Returned
RET002849,O0070442,2024-02-29,Packaging Issue,103.17,Returned
RET002850,O0070448,2026-03-23,Wrong Product,2701.57,Returned
RET002851,O0070452,2025-12-25,Customer Changed Mind,4329.24,Returned
RET002852,O0070458,2024-11-25,Customer Changed Mind,2386.43,Returned
RET002853,O0070526,2024-11-28,Wrong Product,749.39,Returned
RET002854,O0070579,2024-09-02,Wrong Product,1005.46,Returned
RET002855,O0070589,2025-05-21,Late Delivery,5126.53,Returned
RET002856,O0070634,2024-03-05,Late Delivery,1544.15,Returned
RET002857,O0070652,2024-09-03,Customer Changed Mind,1453.43,Returned
RET002858,O0070656,2025-10-20,Product Not Required,1488.98,Returned
RET002859,O0070671,2026-08-27,Product Not Required,4835.28,Returned
RET002860,O0070726,2025-04-12,Quality Issue,2149.59,Returned
RET002861,O0070729,2026-07-08,Quality Issue,10517.29,Returned
RET002862,O0070794,2024-07-09,Customer Changed Mind,2585.76,Returned
RET002863,O0070804,2024-02-03,Product Not Required,3277.8,Returned
RET002864,O0070826,2026-04-13,Damaged Product,2292.71,Returned
RET002865,O0070828,2025-12-25,Product Not Required,3487.63,Returned
RET002866,O0070850,2025-07-02,Packaging Issue,6366.1,Returned
RET002867,O0070879,2025-03-03,Wrong Product,5363.9,Returned
RET002868,O0070880,2025-08-15,Late Delivery,3534.07,Returned
RET002869,O0070893,2024-12-04,Product Not Required,1558.42,Returned
RET002870,O0070905,2026-07-19,Product Not Required,3060.52,Returned
RET002871,O0070913,2026-04-28,Packaging Issue,9796.76,Returned
RET002872,O0070924,2025-03-06,Quality Issue,1178.13,Returned
RET002873,O0070926,2025-06-13,Wrong Product,6844.64,Returned
RET002874,O0070934,2024-11-02,Product Not Required,4975.68,Returned
RET002875,O0070937,2024-04-22,Quality Issue,4585.3,Returned
RET002876,O0071002,2025-07-15,Damaged Product,4917.38,Returned
RET002877,O0071027,2024-09-04,Packaging Issue,995.86,Returned
RET002878,O0071034,2025-02-07,Wrong Product,6406.58,Returned
RET002879,O0071039,2025-10-27,Quality Issue,6279.35,Returned
RET002880,O0071066,2024-03-20,Customer Changed Mind,901.76,Returned
RET002881,O0071072,2026-03-27,Wrong Product,6015.05,Returned
RET002882,O0071103,2026-02-17,Quality Issue,2626.18,Returned
RET002883,O0071109,2025-08-19,Packaging Issue,3428.6,Returned
RET002884,O0071150,2026-01-31,Packaging Issue,3907.2,Returned
RET002885,O0071155,2024-04-12,Wrong Product,2645.96,Returned
RET002886,O0071190,2026-01-18,Late Delivery,5964.64,Returned
RET002887,O0071191,2025-10-12,Packaging Issue,7414.32,Returned
RET002888,O0071216,2024-11-03,Packaging Issue,1316.2,Returned
RET002889,O0071218,2026-04-29,Packaging Issue,4439.31,Returned
RET002890,O0071228,2024-02-12,Packaging Issue,3878.67,Returned
RET002891,O0071237,2025-04-12,Product Not Required,8900.19,Returned
RET002892,O0071262,2026-04-17,Damaged Product,3822.71,Returned
RET002893,O0071286,2026-07-23,Quality Issue,2794.16,Returned
RET002894,O0071290,2026-09-26,Wrong Product,4646.65,Returned
RET002895,O0071406,2026-07-07,Product Not Required,4695.82,Returned
RET002896,O0071407,2025-07-02,Product Not Required,2537.88,Returned
RET002897,O0071409,2026-09-14,Quality Issue,9125.24,Returned
RET002898,O0071429,2025-12-24,Late Delivery,5095.26,Returned
RET002899,O0071445,2024-03-29,Damaged Product,1416.44,Returned
RET002900,O0071482,2024-07-10,Wrong Product,2021.13,Returned
RET002901,O0071507,2026-09-12,Quality Issue,1698.94,Returned
RET002902,O0071517,2025-09-14,Packaging Issue,12248.87,Returned
RET002903,O0071559,2025-09-23,Late Delivery,8262.18,Returned
RET002904,O0071586,2026-07-28,Product Not Required,3939.62,Returned
RET002905,O0071601,2024-05-20,Late Delivery,4262.79,Returned
RET002906,O0071608,2024-09-29,Customer Changed Mind,3260.26,Returned
RET002907,O0071644,2024-01-24,Late Delivery,5884.6,Returned
RET002908,O0071647,2025-05-09,Wrong Product,7240.33,Returned
RET002909,O0071669,2024-12-07,Product Not Required,4056.62,Returned
RET002910,O0071715,2024-09-29,Late Delivery,1050.18,Returned
RET002911,O0071721,2025-02-21,Customer Changed Mind,7033.01,Returned
RET002912,O0071737,2024-06-07,Packaging Issue,11887.03,Returned
RET002913,O0071739,2025-06-29,Packaging Issue,4162.24,Returned
RET002914,O0071801,2024-04-01,Late Delivery,3244.7,Returned
RET002915,O0071809,2024-04-25,Damaged Product,951.61,Returned
RET002916,O0071819,2024-02-19,Wrong Product,9191.98,Returned
RET002917,O0071856,2026-04-13,Damaged Product,5244.98,Returned
RET002918,O0071870,2024-12-17,Late Delivery,3649.28,Returned
RET002919,O0071930,2024-03-28,Late Delivery,677.22,Returned
RET002920,O0072035,2026-06-29,Packaging Issue,7401.25,Returned
RET002921,O0072058,2026-09-07,Late Delivery,849.84,Returned
RET002922,O0072064,2024-03-19,Quality Issue,8594.71,Returned
RET002923,O0072072,2025-03-12,Damaged Product,2449.9,Returned
RET002924,O0072084,2026-07-27,Late Delivery,2943.28,Returned
RET002925,O0072103,2024-05-22,Wrong Product,3007.72,Returned
RET002926,O0072106,2026-08-02,Quality Issue,14422.83,Returned
RET002927,O0072128,2024-09-19,Quality Issue,5949.93,Returned
RET002928,O0072156,2025-03-08,Damaged Product,9985.5,Returned
RET002929,O0072184,2025-10-04,Product Not Required,2066.94,Returned
RET002930,O0072187,2025-07-11,Late Delivery,4865.89,Returned
RET002931,O0072213,2025-03-28,Packaging Issue,7750.18,Returned
RET002932,O0072224,2024-04-08,Packaging Issue,2657.77,Returned
RET002933,O0072253,2024-04-05,Late Delivery,2476.91,Returned
RET002934,O0072262,2025-08-19,Quality Issue,78.14,Returned
RET002935,O0072278,2025-05-09,Product Not Required,2066.43,Returned
RET002936,O0072279,2024-06-11,Quality Issue,10409.35,Returned
RET002937,O0072285,2025-09-19,Wrong Product,6722.58,Returned
RET002938,O0072289,2024-02-28,Packaging Issue,5314.75,Returned
RET002939,O0072330,2024-03-13,Quality Issue,17571.67,Returned
RET002940,O0072335,2024-06-30,Product Not Required,7745.92,Returned
RET002941,O0072386,2024-08-23,Quality Issue,7431.3,Returned
RET002942,O0072407,2025-12-30,Damaged Product,12422.21,Returned
RET002943,O0072410,2026-01-07,Quality Issue,789.9,Returned
RET002944,O0072417,2024-06-11,Damaged Product,3786.58,Returned
RET002945,O0072425,2026-04-10,Packaging Issue,16998.41,Returned
RET002946,O0072429,2026-09-24,Product Not Required,2090.23,Returned
RET002947,O0072454,2026-06-05,Damaged Product,7102.43,Returned
RET002948,O0072460,2024-09-18,Quality Issue,8057.97,Returned
RET002949,O0072490,2024-02-08,Quality Issue,11133.23,Returned
RET002950,O0072507,2026-09-20,Wrong Product,4263.62,Returned
RET002951,O0072536,2026-06-19,Customer Changed Mind,4030.6,Returned
RET002952,O0072540,2025-03-31,Product Not Required,2507.98,Returned
RET002953,O0072572,2024-11-07,Customer Changed Mind,5540.18,Returned
RET002954,O0072575,2024-02-10,Customer Changed Mind,8695.37,Returned
RET002955,O0072597,2026-09-06,Packaging Issue,15018.15,Returned
RET002956,O0072738,2025-09-27,Quality Issue,4765.73,Returned
RET002957,O0072783,2026-09-12,Packaging Issue,9852.37,Returned
RET002958,O0072806,2025-02-20,Late Delivery,4901.56,Returned
RET002959,O0072819,2025-10-19,Quality Issue,4031.49,Returned
RET002960,O0072830,2025-07-16,Packaging Issue,8245.22,Returned
RET002961,O0072871,2025-04-18,Product Not Required,566.83,Returned
RET002962,O0072896,2024-09-08,Wrong Product,8675.7,Returned
RET002963,O0072921,2025-04-15,Customer Changed Mind,2731.1,Returned
RET002964,O0072943,2026-08-10,Customer Changed Mind,3843.73,Returned
RET002965,O0072957,2024-09-27,Wrong Product,1707.7,Returned
RET002966,O0072975,2026-05-01,Wrong Product,6529.03,Returned
RET002967,O0072979,2024-08-26,Damaged Product,10276.67,Returned
RET002968,O0072992,2025-06-03,Product Not Required,5637.0,Returned
RET002969,O0073038,2024-03-13,Product Not Required,7465.54,Returned
RET002970,O0073084,2024-03-04,Customer Changed Mind,9752.19,Returned
RET002971,O0073089,2025-07-01,Wrong Product,5498.69,Returned
RET002972,O0073136,2026-06-15,Quality Issue,3802.4,Returned
RET002973,O0073144,2025-05-07,Product Not Required,14389.29,Returned
RET002974,O0073169,2024-12-22,Customer Changed Mind,10265.51,Returned
RET002975,O0073175,2026-02-21,Product Not Required,2535.19,Returned
RET002976,O0073193,2026-08-27,Packaging Issue,9573.5,Returned
RET002977,O0073206,2025-11-25,Packaging Issue,8151.37,Returned
RET002978,O0073268,2024-12-18,Late Delivery,2419.49,Returned
RET002979,O0073270,2024-06-27,Packaging Issue,2530.78,Returned
RET002980,O0073296,2025-01-01,Packaging Issue,3492.36,Returned
RET002981,O0073313,2024-05-13,Damaged Product,5260.95,Returned
RET002982,O0073318,2024-09-18,Wrong Product,9887.25,Returned
RET002983,O0073326,2024-06-09,Damaged Product,3599.21,Returned
RET002984,O0073399,2025-02-25,Customer Changed Mind,9858.52,Returned
RET002985,O0073458,2025-03-19,Packaging Issue,7538.02,Returned
RET002986,O0073486,2025-04-25,Wrong Product,7490.11,Returned
RET002987,O0073496,2025-03-29,Packaging Issue,966.91,Returned
RET002988,O0073502,2025-12-06,Product Not Required,2477.7,Returned
RET002989,O0073503,2024-12-14,Packaging Issue,375.85,Returned
RET002990,O0073509,2025-10-10,Product Not Required,11955.9,Returned
RET002991,O0073536,2025-03-25,Product Not Required,6934.47,Returned
RET002992,O0073547,2026-07-05,Customer Changed Mind,4871.95,Returned
RET002993,O0073564,2025-08-12,Quality Issue,4138.22,Returned
RET002994,O0073596,2026-01-03,Customer Changed Mind,15357.66,Returned
RET002995,O0073616,2025-01-30,Customer Changed Mind,10220.46,Returned
RET002996,O0073640,2025-12-03,Product Not Required,577.14,Returned
RET002997,O0073726,2025-06-01,Wrong Product,717.76,Returned
RET002998,O0073739,2025-09-19,Customer Changed Mind,1226.18,Returned
RET002999,O0073751,2024-10-20,Quality Issue,7267.88,Returned
RET003000,O0073770,2026-09-10,Quality Issue,3643.7,Returned
RET003001,O0073796,2024-08-26,Quality Issue,6985.62,Returned
RET003002,O0073832,2026-09-25,Customer Changed Mind,4239.35,Returned
RET003003,O0073845,2025-02-18,Late Delivery,12982.55,Returned
RET003004,O0073867,2026-07-10,Damaged Product,11853.03,Returned
RET003005,O0073926,2024-06-01,Damaged Product,3330.46,Returned
RET003006,O0073991,2026-09-20,Wrong Product,5149.46,Returned
RET003007,O0074017,2024-12-18,Damaged Product,8589.03,Returned
RET003008,O0074052,2024-11-14,Damaged Product,8019.39,Returned
RET003009,O0074092,2026-03-01,Wrong Product,577.47,Returned
RET003010,O0074117,2025-04-09,Wrong Product,2804.63,Returned
RET003011,O0074118,2026-07-18,Packaging Issue,5057.66,Returned
RET003012,O0074145,2026-02-13,Wrong Product,3122.02,Returned
RET003013,O0074205,2024-05-29,Wrong Product,3251.37,Returned
RET003014,O0074209,2026-01-02,Quality Issue,5883.76,Returned
RET003015,O0074249,2024-03-18,Customer Changed Mind,5381.24,Returned
RET003016,O0074250,2025-11-11,Damaged Product,2077.48,Returned
RET003017,O0074252,2026-07-17,Damaged Product,11020.84,Returned
RET003018,O0074254,2026-05-25,Packaging Issue,3039.91,Returned
RET003019,O0074285,2026-06-05,Late Delivery,7043.26,Returned
RET003020,O0074292,2025-02-24,Packaging Issue,10857.88,Returned
RET003021,O0074294,2026-02-03,Wrong Product,11876.5,Returned
RET003022,O0074308,2024-01-16,Product Not Required,8657.36,Returned
RET003023,O0074357,2025-04-19,Damaged Product,10984.99,Returned
RET003024,O0074399,2025-07-08,Quality Issue,8814.21,Returned
RET003025,O0074404,2024-04-15,Wrong Product,8024.43,Returned
RET003026,O0074424,2025-04-07,Damaged Product,1290.13,Returned
RET003027,O0074436,2024-04-06,Wrong Product,5110.61,Returned
RET003028,O0074453,2026-09-21,Customer Changed Mind,4448.86,Returned
RET003029,O0074464,2025-11-26,Quality Issue,4299.59,Returned
RET003030,O0074465,2024-07-17,Damaged Product,3660.02,Returned
RET003031,O0074515,2026-01-16,Quality Issue,2778.41,Returned
RET003032,O0074584,2025-01-28,Product Not Required,4986.45,Returned
RET003033,O0074616,2025-07-26,Wrong Product,3694.74,Returned
RET003034,O0074627,2026-06-20,Late Delivery,572.63,Returned
RET003035,O0074644,2025-01-10,Damaged Product,2771.13,Returned
RET003036,O0074645,2024-03-20,Late Delivery,4815.7,Returned
RET003037,O0074658,2025-05-20,Customer Changed Mind,12082.53,Returned
RET003038,O0074662,2025-07-02,Packaging Issue,3236.58,Returned
RET003039,O0074749,2025-06-13,Customer Changed Mind,11686.32,Returned
RET003040,O0074782,2026-01-27,Quality Issue,2449.93,Returned
RET003041,O0074796,2026-08-05,Packaging Issue,4228.06,Returned
RET003042,O0074803,2024-07-31,Wrong Product,8755.57,Returned
RET003043,O0074806,2025-10-18,Damaged Product,8210.83,Returned
RET003044,O0074849,2025-02-22,Late Delivery,344.2,Returned
RET003045,O0074880,2025-04-08,Damaged Product,5766.64,Returned
RET003046,O0074889,2024-04-19,Late Delivery,11786.57,Returned
RET003047,O0074923,2025-05-26,Packaging Issue,6289.85,Returned
RET003048,O0074925,2024-04-18,Quality Issue,5999.22,Returned
RET003049,O0074937,2026-03-09,Wrong Product,7090.15,Returned
RET003050,O0074939,2026-04-10,Customer Changed Mind,8067.22,Returned
RET003051,O0074970,2026-08-12,Packaging Issue,6434.13,Returned
RET003052,O0075001,2025-09-06,Late Delivery,1536.06,Returned
RET003053,O0075062,2025-07-19,Packaging Issue,6602.31,Returned
RET003054,O0075075,2026-01-29,Wrong Product,8664.56,Returned
RET003055,O0075160,2025-12-19,Customer Changed Mind,1746.44,Returned
RET003056,O0075195,2025-12-15,Quality Issue,9509.51,Returned
RET003057,O0075258,2024-03-17,Product Not Required,6468.9,Returned
RET003058,O0075290,2026-02-27,Quality Issue,3475.08,Returned
RET003059,O0075398,2025-09-06,Quality Issue,5196.28,Returned
RET003060,O0075435,2025-04-01,Customer Changed Mind,1275.85,Returned
RET003061,O0075457,2026-03-14,Product Not Required,12049.76,Returned
RET003062,O0075469,2026-09-20,Damaged Product,4835.31,Returned
RET003063,O0075488,2024-08-10,Damaged Product,1564.72,Returned
RET003064,O0075538,2026-03-18,Packaging Issue,787.14,Returned
RET003065,O0075599,2026-01-25,Late Delivery,6793.26,Returned
RET003066,O0075605,2025-03-03,Late Delivery,11842.88,Returned
RET003067,O0075612,2024-08-27,Wrong Product,10506.16,Returned
RET003068,O0075619,2024-12-28,Packaging Issue,15474.46,Returned
RET003069,O0075645,2026-08-02,Customer Changed Mind,2810.62,Returned
RET003070,O0075648,2026-05-16,Damaged Product,7736.67,Returned
RET003071,O0075695,2025-03-07,Wrong Product,4948.42,Returned
RET003072,O0075732,2025-08-25,Damaged Product,1129.86,Returned
RET003073,O0075757,2026-03-21,Late Delivery,10677.53,Returned
RET003074,O0075762,2025-09-03,Wrong Product,4571.67,Returned
RET003075,O0075773,2025-09-10,Customer Changed Mind,7343.97,Returned
RET003076,O0075796,2026-07-23,Quality Issue,4732.42,Returned
RET003077,O0075805,2024-02-03,Wrong Product,5576.32,Returned
RET003078,O0075911,2025-10-25,Customer Changed Mind,10068.79,Returned
RET003079,O0075912,2025-02-01,Customer Changed Mind,5076.12,Returned
RET003080,O0075934,2025-07-18,Late Delivery,9760.22,Returned
RET003081,O0075939,2024-09-02,Damaged Product,5769.0,Returned
RET003082,O0075950,2025-07-10,Product Not Required,6546.57,Returned
RET003083,O0075972,2024-12-30,Wrong Product,3768.31,Returned
RET003084,O0075977,2024-03-04,Product Not Required,5289.11,Returned
RET003085,O0076002,2025-06-22,Packaging Issue,2437.67,Returned
RET003086,O0076099,2026-09-03,Damaged Product,2190.3,Returned
RET003087,O0076134,2026-01-14,Quality Issue,6781.88,Returned
RET003088,O0076162,2025-11-03,Quality Issue,1902.03,Returned
RET003089,O0076193,2024-03-23,Late Delivery,721.67,Returned
RET003090,O0076197,2025-05-07,Wrong Product,7978.49,Returned
RET003091,O0076238,2024-01-29,Customer Changed Mind,6125.09,Returned
RET003092,O0076320,2024-07-25,Wrong Product,4432.45,Returned
RET003093,O0076347,2025-02-08,Customer Changed Mind,4261.65,Returned
RET003094,O0076360,2024-12-16,Late Delivery,847.4,Returned
RET003095,O0076400,2024-05-06,Customer Changed Mind,6485.79,Returned
RET003096,O0076402,2024-03-17,Product Not Required,5786.0,Returned
RET003097,O0076414,2024-01-24,Product Not Required,15501.53,Returned
RET003098,O0076417,2026-09-01,Wrong Product,7325.2,Returned
RET003099,O0076423,2026-01-07,Damaged Product,4531.23,Returned
RET003100,O0076434,2024-10-03,Packaging Issue,1244.86,Returned
RET003101,O0076456,2024-10-29,Wrong Product,1698.79,Returned
RET003102,O0076483,2026-07-31,Wrong Product,9747.83,Returned
RET003103,O0076510,2026-05-07,Wrong Product,7052.36,Returned
RET003104,O0076532,2024-07-14,Late Delivery,1459.98,Returned
RET003105,O0076553,2025-09-07,Product Not Required,3129.5,Returned
RET003106,O0076565,2024-07-16,Product Not Required,9235.6,Returned
RET003107,O0076566,2025-10-30,Customer Changed Mind,7294.0,Returned
RET003108,O0076578,2025-08-01,Late Delivery,1266.6,Returned
RET003109,O0076607,2025-07-26,Late Delivery,9082.73,Returned
RET003110,O0076655,2024-07-04,Product Not Required,10208.83,Returned
RET003111,O0076724,2026-03-07,Packaging Issue,250.62,Returned
RET003112,O0076759,2026-08-13,Packaging Issue,2925.1,Returned
RET003113,O0076760,2026-06-03,Wrong Product,6177.18,Returned
RET003114,O0076777,2025-07-28,Wrong Product,10180.89,Returned
RET003115,O0076810,2025-04-27,Product Not Required,16449.37,Returned
RET003116,O0076841,2024-09-15,Late Delivery,1712.1,Returned
RET003117,O0076874,2024-08-27,Quality Issue,4528.85,Returned
RET003118,O0076902,2024-05-04,Packaging Issue,9595.31,Returned
RET003119,O0076918,2025-01-22,Wrong Product,6010.59,Returned
RET003120,O0076981,2026-09-19,Damaged Product,15086.3,Returned
RET003121,O0076997,2025-09-10,Damaged Product,3811.78,Returned
RET003122,O0077003,2025-02-16,Customer Changed Mind,4842.23,Returned
RET003123,O0077009,2024-08-14,Damaged Product,7281.55,Returned
RET003124,O0077071,2026-05-14,Late Delivery,5714.06,Returned
RET003125,O0077091,2026-06-10,Customer Changed Mind,6507.26,Returned
RET003126,O0077109,2026-09-16,Customer Changed Mind,1797.04,Returned
RET003127,O0077180,2025-06-11,Customer Changed Mind,5467.76,Returned
RET003128,O0077191,2026-05-14,Quality Issue,5734.06,Returned
RET003129,O0077198,2026-02-08,Quality Issue,11304.32,Returned
RET003130,O0077261,2026-02-01,Damaged Product,7655.68,Returned
RET003131,O0077301,2026-09-15,Customer Changed Mind,4886.61,Returned
RET003132,O0077312,2024-03-03,Product Not Required,7339.0,Returned
RET003133,O0077320,2025-03-25,Product Not Required,3146.75,Returned
RET003134,O0077326,2024-07-29,Quality Issue,2639.39,Returned
RET003135,O0077384,2025-03-07,Late Delivery,6759.56,Returned
RET003136,O0077403,2024-11-03,Quality Issue,9243.21,Returned
RET003137,O0077411,2025-07-19,Damaged Product,2874.0,Returned
RET003138,O0077426,2024-03-29,Wrong Product,4151.36,Returned
RET003139,O0077507,2024-01-28,Late Delivery,11669.86,Returned
RET003140,O0077537,2025-03-02,Quality Issue,1860.61,Returned
RET003141,O0077570,2026-06-29,Quality Issue,4811.57,Returned
RET003142,O0077642,2024-06-30,Product Not Required,1302.89,Returned
RET003143,O0077676,2026-09-23,Product Not Required,2281.72,Returned
RET003144,O0077683,2026-01-10,Quality Issue,11295.26,Returned
RET003145,O0077717,2024-05-30,Quality Issue,7288.97,Returned
RET003146,O0077729,2025-12-31,Customer Changed Mind,6499.92,Returned
RET003147,O0077802,2026-02-03,Customer Changed Mind,10102.85,Returned
RET003148,O0077832,2025-03-20,Packaging Issue,7636.17,Returned
RET003149,O0077869,2024-06-23,Damaged Product,1299.0,Returned
RET003150,O0077906,2024-12-28,Product Not Required,2632.5,Returned
RET003151,O0077945,2024-04-07,Customer Changed Mind,1954.04,Returned
RET003152,O0077994,2025-08-08,Packaging Issue,8691.03,Returned
RET003153,O0078030,2026-09-24,Product Not Required,7330.51,Returned
RET003154,O0078079,2026-04-25,Packaging Issue,6813.87,Returned
RET003155,O0078105,2026-04-17,Packaging Issue,1079.01,Returned
RET003156,O0078146,2026-01-09,Wrong Product,866.33,Returned
RET003157,O0078148,2026-04-22,Late Delivery,6038.09,Returned
RET003158,O0078205,2024-12-22,Quality Issue,6890.2,Returned
RET003159,O0078206,2025-04-12,Damaged Product,2907.79,Returned
RET003160,O0078208,2025-01-29,Packaging Issue,5563.13,Returned
RET003161,O0078217,2024-05-20,Damaged Product,2157.09,Returned
RET003162,O0078231,2024-06-09,Packaging Issue,6272.03,Returned
RET003163,O0078240,2024-12-01,Damaged Product,14261.63,Returned
RET003164,O0078250,2025-07-06,Quality Issue,932.35,Returned
RET003165,O0078257,2025-02-15,Customer Changed Mind,5019.3,Returned
RET003166,O0078261,2026-01-07,Product Not Required,7627.52,Returned
RET003167,O0078271,2025-07-14,Packaging Issue,9770.53,Returned
RET003168,O0078283,2026-02-11,Customer Changed Mind,1339.72,Returned
RET003169,O0078322,2024-03-18,Product Not Required,1621.15,Returned
RET003170,O0078340,2025-08-28,Damaged Product,14288.65,Returned
RET003171,O0078352,2025-04-25,Wrong Product,4622.02,Returned
RET003172,O0078361,2024-04-03,Product Not Required,2997.62,Returned
RET003173,O0078394,2025-06-30,Damaged Product,5788.63,Returned
RET003174,O0078425,2024-09-23,Quality Issue,1278.14,Returned
RET003175,O0078437,2025-08-31,Wrong Product,5527.67,Returned
RET003176,O0078439,2024-04-30,Packaging Issue,4317.14,Returned
RET003177,O0078440,2024-03-22,Damaged Product,8354.3,Returned
RET003178,O0078447,2025-03-25,Damaged Product,14087.27,Returned
RET003179,O0078486,2025-02-04,Quality Issue,5676.23,Returned
RET003180,O0078501,2026-08-29,Customer Changed Mind,1810.23,Returned
RET003181,O0078520,2024-01-24,Quality Issue,3115.82,Returned
RET003182,O0078528,2025-12-19,Damaged Product,10629.73,Returned
RET003183,O0078533,2024-12-14,Quality Issue,4266.18,Returned
RET003184,O0078544,2026-05-31,Late Delivery,690.99,Returned
RET003185,O0078548,2025-02-10,Product Not Required,12142.98,Returned
RET003186,O0078594,2025-09-08,Late Delivery,8123.2,Returned
RET003187,O0078611,2025-06-16,Wrong Product,5260.58,Returned
RET003188,O0078612,2026-09-20,Quality Issue,7117.05,Returned
RET003189,O0078640,2025-10-09,Late Delivery,3056.44,Returned
RET003190,O0078651,2024-07-04,Customer Changed Mind,8798.54,Returned
RET003191,O0078676,2026-07-27,Product Not Required,2300.87,Returned
RET003192,O0078703,2024-02-21,Quality Issue,3204.93,Returned
RET003193,O0078742,2025-12-07,Damaged Product,485.61,Returned
RET003194,O0078743,2025-02-05,Customer Changed Mind,11045.95,Returned
RET003195,O0078749,2025-08-27,Late Delivery,7195.25,Returned
RET003196,O0078766,2026-06-07,Wrong Product,4717.84,Returned
RET003197,O0078832,2026-03-26,Customer Changed Mind,5200.9,Returned
RET003198,O0078897,2024-10-18,Customer Changed Mind,2569.39,Returned
RET003199,O0078905,2026-08-02,Wrong Product,1944.34,Returned
RET003200,O0078910,2024-05-04,Packaging Issue,4119.51,Returned
RET003201,O0078924,2026-05-18,Late Delivery,823.02,Returned
RET003202,O0078937,2025-08-24,Late Delivery,4276.1,Returned
RET003203,O0078986,2026-09-22,Damaged Product,8370.11,Returned
RET003204,O0079001,2026-09-04,Customer Changed Mind,3674.0,Returned
RET003205,O0079036,2025-10-28,Quality Issue,7016.89,Returned
RET003206,O0079038,2024-06-04,Damaged Product,2459.86,Returned
RET003207,O0079052,2025-05-28,Customer Changed Mind,9469.62,Returned
RET003208,O0079128,2026-02-07,Damaged Product,3598.34,Returned
RET003209,O0079160,2026-09-18,Customer Changed Mind,10947.42,Returned
RET003210,O0079202,2025-06-29,Packaging Issue,14018.39,Returned
RET003211,O0079215,2024-07-01,Packaging Issue,6591.43,Returned
RET003212,O0079360,2026-05-17,Wrong Product,4793.37,Returned
RET003213,O0079398,2024-09-23,Damaged Product,13033.6,Returned
RET003214,O0079423,2025-06-10,Damaged Product,8365.25,Returned
RET003215,O0079435,2024-03-20,Customer Changed Mind,10118.06,Returned
RET003216,O0079456,2025-04-05,Wrong Product,3241.26,Returned
RET003217,O0079480,2025-04-05,Customer Changed Mind,5739.49,Returned
RET003218,O0079482,2025-12-05,Product Not Required,7198.15,Returned
RET003219,O0079490,2026-01-21,Product Not Required,3903.12,Returned
RET003220,O0079491,2025-10-14,Customer Changed Mind,11319.21,Returned
RET003221,O0079520,2026-09-13,Damaged Product,1329.16,Returned
RET003222,O0079562,2025-09-13,Late Delivery,1205.64,Returned
RET003223,O0079566,2024-02-05,Damaged Product,14619.1,Returned
RET003224,O0079664,2026-07-11,Packaging Issue,11464.5,Returned
RET003225,O0079706,2024-05-23,Quality Issue,10893.48,Returned
RET003226,O0079817,2025-04-18,Late Delivery,13536.2,Returned
RET003227,O0079832,2024-02-27,Wrong Product,1170.76,Returned
RET003228,O0079841,2025-02-26,Quality Issue,9094.44,Returned
RET003229,O0079856,2024-09-29,Damaged Product,3096.18,Returned
RET003230,O0079887,2025-07-05,Wrong Product,3864.3,Returned
RET003231,O0079921,2026-02-20,Customer Changed Mind,5322.35,Returned
RET003232,O0079927,2024-05-02,Late Delivery,5727.46,Returned
RET003233,O0079968,2025-03-06,Product Not Required,3446.6,Returned
RET003234,O0079985,2026-09-14,Customer Changed Mind,11586.87,Returned
RET003235,O0079992,2025-09-24,Wrong Product,1046.03,Returned
RET003236,O0079996,2026-03-19,Customer Changed Mind,2042.08,Returned
RET003237,O0079998,2025-07-14,Quality Issue,1671.61,Returned
RET003238,O0080037,2026-02-12,Damaged Product,6812.25,Returned
RET003239,O0080043,2024-02-14,Late Delivery,6053.27,Returned
RET003240,O0080172,2025-04-06,Packaging Issue,1283.29,Returned
RET003241,O0080221,2025-06-22,Damaged Product,5773.25,Returned
RET003242,O0080234,2024-12-25,Wrong Product,4915.86,Returned
RET003243,O0080292,2026-03-30,Quality Issue,4370.63,Returned
RET003244,O0080319,2025-09-08,Packaging Issue,3184.14,Returned
RET003245,O0080341,2025-06-16,Damaged Product,1921.75,Returned
RET003246,O0080351,2025-11-30,Quality Issue,533.11,Returned
RET003247,O0080402,2024-06-13,Damaged Product,2459.52,Returned
RET003248,O0080430,2025-06-21,Packaging Issue,5538.13,Returned
RET003249,O0080489,2024-12-22,Wrong Product,11504.24,Returned
RET003250,O0080533,2024-10-28,Product Not Required,3490.61,Returned
RET003251,O0080573,2024-04-28,Customer Changed Mind,3600.88,Returned
RET003252,O0080584,2026-02-06,Late Delivery,6967.1,Returned
RET003253,O0080587,2025-05-04,Wrong Product,5114.54,Returned
RET003254,O0080632,2026-08-01,Product Not Required,4403.02,Returned
RET003255,O0080691,2025-01-19,Late Delivery,13766.12,Returned
RET003256,O0080698,2026-08-19,Product Not Required,2114.33,Returned
RET003257,O0080705,2024-12-09,Wrong Product,1002.94,Returned
RET003258,O0080735,2025-06-15,Late Delivery,3226.81,Returned
RET003259,O0080744,2024-09-01,Customer Changed Mind,7328.74,Returned
RET003260,O0080790,2024-10-05,Customer Changed Mind,13655.75,Returned
RET003261,O0080794,2025-08-13,Product Not Required,4504.03,Returned
RET003262,O0080806,2025-07-08,Late Delivery,6456.89,Returned
RET003263,O0080811,2024-08-24,Product Not Required,3208.68,Returned
RET003264,O0080812,2025-11-07,Packaging Issue,10699.93,Returned
RET003265,O0080854,2024-09-04,Late Delivery,3638.46,Returned
RET003266,O0080924,2024-08-02,Quality Issue,4466.6,Returned
RET003267,O0080998,2024-11-11,Wrong Product,2403.52,Returned
RET003268,O0081011,2024-07-19,Product Not Required,7911.47,Returned
RET003269,O0081071,2026-07-01,Packaging Issue,2467.88,Returned
RET003270,O0081079,2026-01-02,Quality Issue,8977.44,Returned
RET003271,O0081152,2024-08-11,Packaging Issue,7170.37,Returned
RET003272,O0081155,2024-07-09,Product Not Required,643.41,Returned
RET003273,O0081170,2025-06-03,Packaging Issue,7551.69,Returned
RET003274,O0081181,2025-06-20,Wrong Product,9295.27,Returned
RET003275,O0081188,2024-12-06,Customer Changed Mind,1072.77,Returned
RET003276,O0081194,2024-07-26,Customer Changed Mind,7130.23,Returned
RET003277,O0081200,2024-01-24,Late Delivery,3339.81,Returned
RET003278,O0081238,2024-07-25,Wrong Product,5288.76,Returned
RET003279,O0081240,2025-12-17,Late Delivery,4519.11,Returned
RET003280,O0081246,2026-06-21,Wrong Product,11547.37,Returned
RET003281,O0081256,2026-07-23,Product Not Required,6938.14,Returned
RET003282,O0081261,2025-03-16,Packaging Issue,9338.95,Returned
RET003283,O0081357,2025-12-25,Customer Changed Mind,3610.21,Returned
RET003284,O0081389,2026-02-21,Damaged Product,6644.76,Returned
RET003285,O0081421,2024-12-02,Product Not Required,9558.11,Returned
RET003286,O0081476,2025-08-25,Product Not Required,12616.16,Returned
RET003287,O0081546,2026-04-28,Customer Changed Mind,8978.78,Returned
RET003288,O0081589,2026-03-09,Product Not Required,1639.44,Returned
RET003289,O0081614,2025-01-06,Wrong Product,770.96,Returned
RET003290,O0081655,2026-05-25,Product Not Required,1574.01,Returned
RET003291,O0081672,2024-07-31,Product Not Required,3472.9,Returned
RET003292,O0081685,2024-08-28,Damaged Product,16366.74,Returned
RET003293,O0081687,2024-05-26,Wrong Product,856.36,Returned
RET003294,O0081708,2024-10-02,Customer Changed Mind,3209.01,Returned
RET003295,O0081737,2024-04-27,Packaging Issue,7302.07,Returned
RET003296,O0081757,2026-03-11,Damaged Product,3489.61,Returned
RET003297,O0081763,2024-07-31,Wrong Product,15136.89,Returned
RET003298,O0081823,2026-09-14,Damaged Product,1553.67,Returned
RET003299,O0081826,2026-04-06,Late Delivery,10283.45,Returned
RET003300,O0081858,2024-07-24,Packaging Issue,3960.56,Returned
RET003301,O0081877,2024-11-16,Packaging Issue,5327.29,Returned
RET003302,O0081888,2026-07-27,Product Not Required,4957.6,Returned
RET003303,O0081975,2025-11-18,Late Delivery,14441.59,Returned
RET003304,O0081988,2026-07-14,Customer Changed Mind,2143.23,Returned
RET003305,O0082017,2024-10-05,Wrong Product,6359.11,Returned
RET003306,O0082036,2025-01-21,Damaged Product,6515.54,Returned
RET003307,O0082042,2024-03-25,Wrong Product,486.24,Returned
RET003308,O0082043,2026-07-02,Packaging Issue,3073.51,Returned
RET003309,O0082057,2024-07-23,Product Not Required,6741.1,Returned
RET003310,O0082060,2024-08-08,Packaging Issue,10441.93,Returned
RET003311,O0082099,2025-04-15,Quality Issue,8172.54,Returned
RET003312,O0082106,2024-09-03,Quality Issue,1539.47,Returned
RET003313,O0082108,2025-10-04,Customer Changed Mind,14862.09,Returned
RET003314,O0082119,2024-03-10,Packaging Issue,2308.6,Returned
RET003315,O0082125,2025-10-11,Product Not Required,5761.06,Returned
RET003316,O0082229,2026-02-04,Customer Changed Mind,5257.6,Returned
RET003317,O0082241,2026-01-18,Damaged Product,9069.91,Returned
RET003318,O0082383,2024-11-08,Customer Changed Mind,6838.95,Returned
RET003319,O0082394,2026-05-10,Quality Issue,5788.84,Returned
RET003320,O0082396,2024-06-06,Customer Changed Mind,7704.78,Returned
RET003321,O0082417,2025-05-19,Late Delivery,765.23,Returned
RET003322,O0082419,2025-09-12,Quality Issue,4457.59,Returned
RET003323,O0082428,2025-10-04,Wrong Product,2622.03,Returned
RET003324,O0082448,2025-04-20,Customer Changed Mind,2511.28,Returned
RET003325,O0082492,2024-02-28,Late Delivery,7086.68,Returned
RET003326,O0082581,2024-10-15,Late Delivery,8332.49,Returned
RET003327,O0082609,2025-08-18,Damaged Product,6109.64,Returned
RET003328,O0082614,2024-05-22,Packaging Issue,9538.39,Returned
RET003329,O0082671,2025-08-16,Packaging Issue,4821.6,Returned
RET003330,O0082673,2025-06-02,Late Delivery,482.48,Returned
RET003331,O0082685,2026-01-04,Product Not Required,8104.0,Returned
RET003332,O0082748,2024-06-06,Packaging Issue,567.17,Returned
RET003333,O0082752,2025-06-07,Late Delivery,7597.79,Returned
RET003334,O0082765,2024-08-08,Packaging Issue,2095.19,Returned
RET003335,O0082783,2025-09-05,Quality Issue,6777.76,Returned
RET003336,O0082815,2026-04-27,Customer Changed Mind,6036.12,Returned
RET003337,O0082827,2026-01-05,Late Delivery,8390.82,Returned
RET003338,O0082874,2024-03-23,Packaging Issue,5218.51,Returned
RET003339,O0082891,2024-06-24,Damaged Product,7492.81,Returned
RET003340,O0083061,2025-03-28,Quality Issue,6963.71,Returned
RET003341,O0083087,2024-08-26,Late Delivery,555.5,Returned
RET003342,O0083094,2026-03-26,Late Delivery,7613.69,Returned
RET003343,O0083139,2024-12-31,Damaged Product,2140.92,Returned
RET003344,O0083161,2025-02-27,Product Not Required,2067.13,Returned
RET003345,O0083198,2025-08-24,Customer Changed Mind,3226.53,Returned
RET003346,O0083228,2024-11-24,Quality Issue,7840.52,Returned
RET003347,O0083236,2025-11-29,Wrong Product,6538.67,Returned
RET003348,O0083239,2026-03-11,Product Not Required,1165.57,Returned
RET003349,O0083285,2026-09-17,Damaged Product,10740.15,Returned
RET003350,O0083314,2026-04-28,Late Delivery,210.0,Returned
RET003351,O0083328,2024-09-20,Product Not Required,9720.51,Returned
RET003352,O0083349,2024-03-28,Customer Changed Mind,4889.04,Returned
RET003353,O0083428,2024-07-05,Product Not Required,3281.63,Returned
RET003354,O0083439,2026-06-11,Damaged Product,6318.24,Returned
RET003355,O0083463,2024-04-14,Late Delivery,2272.53,Returned
RET003356,O0083478,2025-04-21,Packaging Issue,4275.05,Returned
RET003357,O0083507,2024-08-01,Wrong Product,7150.44,Returned
RET003358,O0083519,2026-01-08,Customer Changed Mind,4310.3,Returned
RET003359,O0083535,2025-06-20,Quality Issue,995.1,Returned
RET003360,O0083560,2026-09-04,Customer Changed Mind,12084.45,Returned
RET003361,O0083567,2024-03-18,Product Not Required,1407.69,Returned
RET003362,O0083579,2024-06-02,Damaged Product,1542.38,Returned
RET003363,O0083620,2024-02-12,Quality Issue,9269.1,Returned
RET003364,O0083630,2024-09-01,Wrong Product,4050.66,Returned
RET003365,O0083636,2026-05-21,Wrong Product,13994.76,Returned
RET003366,O0083643,2025-02-26,Packaging Issue,4722.24,Returned
RET003367,O0083647,2026-05-30,Customer Changed Mind,8806.97,Returned
RET003368,O0083651,2025-09-05,Customer Changed Mind,4501.74,Returned
RET003369,O0083652,2025-05-08,Wrong Product,5043.14,Returned
RET003370,O0083706,2025-02-20,Quality Issue,1187.22,Returned
RET003371,O0083717,2024-01-17,Wrong Product,9105.07,Returned
RET003372,O0083730,2026-02-26,Damaged Product,5584.42,Returned
RET003373,O0083746,2026-08-18,Quality Issue,6437.56,Returned
RET003374,O0083769,2025-03-15,Packaging Issue,3036.09,Returned
RET003375,O0083786,2026-04-23,Product Not Required,12665.96,Returned
RET003376,O0083823,2026-09-12,Packaging Issue,13846.83,Returned
RET003377,O0083864,2026-04-19,Quality Issue,634.94,Returned
RET003378,O0083882,2024-04-13,Customer Changed Mind,9143.44,Returned
RET003379,O0083917,2024-06-05,Customer Changed Mind,2673.43,Returned
RET003380,O0083950,2025-02-11,Product Not Required,9416.61,Returned
RET003381,O0083955,2024-04-17,Customer Changed Mind,9939.02,Returned
RET003382,O0084020,2025-06-26,Wrong Product,2078.51,Returned
RET003383,O0084028,2026-08-10,Wrong Product,5327.23,Returned
RET003384,O0084029,2024-01-14,Wrong Product,2792.61,Returned
RET003385,O0084040,2024-05-23,Quality Issue,3462.79,Returned
RET003386,O0084064,2026-08-09,Damaged Product,6848.83,Returned
RET003387,O0084066,2025-06-01,Packaging Issue,1650.4,Returned
RET003388,O0084067,2025-05-08,Wrong Product,11265.47,Returned
RET003389,O0084077,2024-10-03,Wrong Product,2445.26,Returned
RET003390,O0084111,2025-10-06,Customer Changed Mind,5738.78,Returned
RET003391,O0084137,2025-05-11,Wrong Product,1668.14,Returned
RET003392,O0084188,2026-03-06,Customer Changed Mind,2325.09,Returned
RET003393,O0084190,2026-06-24,Customer Changed Mind,6189.53,Returned
RET003394,O0084271,2025-04-21,Damaged Product,12442.54,Returned
RET003395,O0084274,2024-03-21,Wrong Product,50.36,Returned
RET003396,O0084278,2025-12-21,Damaged Product,15743.1,Returned
RET003397,O0084290,2026-07-14,Customer Changed Mind,5248.09,Returned
RET003398,O0084295,2025-01-03,Customer Changed Mind,3625.62,Returned
RET003399,O0084310,2025-07-26,Late Delivery,10221.46,Returned
RET003400,O0084337,2024-12-27,Wrong Product,3965.25,Returned
RET003401,O0084376,2026-01-19,Customer Changed Mind,2392.85,Returned
RET003402,O0084392,2026-01-19,Packaging Issue,2713.65,Returned
RET003403,O0084399,2025-11-27,Wrong Product,3632.65,Returned
RET003404,O0084422,2025-09-07,Customer Changed Mind,5622.37,Returned
RET003405,O0084487,2025-02-11,Quality Issue,1496.83,Returned
RET003406,O0084488,2024-11-20,Late Delivery,2726.67,Returned
RET003407,O0084506,2024-04-05,Damaged Product,10127.49,Returned
RET003408,O0084511,2025-08-03,Packaging Issue,7083.67,Returned
RET003409,O0084516,2026-03-26,Wrong Product,1010.27,Returned
RET003410,O0084557,2026-05-28,Customer Changed Mind,3641.03,Returned
RET003411,O0084602,2024-11-27,Damaged Product,4341.46,Returned
RET003412,O0084615,2026-02-27,Damaged Product,8405.05,Returned
RET003413,O0084701,2024-10-25,Wrong Product,6161.58,Returned
RET003414,O0084747,2024-11-23,Damaged Product,3698.67,Returned
RET003415,O0084753,2026-08-09,Quality Issue,261.71,Returned
RET003416,O0084756,2024-03-21,Quality Issue,1070.65,Returned
RET003417,O0084816,2025-12-05,Packaging Issue,7188.49,Returned
RET003418,O0084819,2026-04-21,Quality Issue,11276.15,Returned
RET003419,O0084848,2025-07-31,Product Not Required,387.32,Returned
RET003420,O0084876,2025-01-13,Packaging Issue,6839.65,Returned
RET003421,O0084886,2026-06-01,Late Delivery,1454.99,Returned
RET003422,O0084900,2025-10-02,Late Delivery,3486.74,Returned
RET003423,O0084907,2024-03-07,Late Delivery,785.06,Returned
RET003424,O0084915,2026-03-26,Quality Issue,4032.02,Returned
RET003425,O0084928,2026-08-13,Quality Issue,7508.23,Returned
RET003426,O0084935,2026-02-23,Product Not Required,10200.82,Returned
RET003427,O0084942,2025-06-07,Late Delivery,11352.88,Returned
RET003428,O0084949,2025-01-22,Late Delivery,4187.94,Returned
RET003429,O0084956,2026-09-04,Damaged Product,988.52,Returned
RET003430,O0084970,2026-08-17,Wrong Product,3612.23,Returned
RET003431,O0085024,2024-12-13,Wrong Product,15756.59,Returned
RET003432,O0085025,2025-10-17,Quality Issue,11266.65,Returned
RET003433,O0085071,2025-05-17,Customer Changed Mind,5389.4,Returned
RET003434,O0085081,2025-03-01,Quality Issue,5180.97,Returned
RET003435,O0085085,2026-09-03,Customer Changed Mind,4132.08,Returned
RET003436,O0085086,2026-01-20,Customer Changed Mind,15682.29,Returned
RET003437,O0085096,2026-02-17,Quality Issue,3026.67,Returned
RET003438,O0085101,2025-08-24,Customer Changed Mind,9497.43,Returned
RET003439,O0085104,2024-07-30,Late Delivery,3876.14,Returned
RET003440,O0085133,2024-08-28,Customer Changed Mind,10434.55,Returned
RET003441,O0085143,2025-01-01,Quality Issue,1342.66,Returned
RET003442,O0085148,2025-06-18,Damaged Product,9915.86,Returned
RET003443,O0085175,2026-05-23,Customer Changed Mind,1244.92,Returned
RET003444,O0085185,2026-08-08,Damaged Product,8015.47,Returned
RET003445,O0085198,2024-03-02,Wrong Product,1911.82,Returned
RET003446,O0085242,2025-02-19,Customer Changed Mind,1827.25,Returned
RET003447,O0085324,2024-10-26,Wrong Product,6095.91,Returned
RET003448,O0085507,2026-05-08,Quality Issue,5705.53,Returned
RET003449,O0085533,2024-05-09,Customer Changed Mind,1330.37,Returned
RET003450,O0085578,2025-08-21,Product Not Required,1498.77,Returned
RET003451,O0085586,2025-06-15,Damaged Product,982.38,Returned
RET003452,O0085622,2026-09-19,Wrong Product,3716.05,Returned
RET003453,O0085630,2025-02-01,Damaged Product,4101.79,Returned
RET003454,O0085648,2024-10-04,Wrong Product,3898.63,Returned
RET003455,O0085665,2026-01-15,Product Not Required,1835.32,Returned
RET003456,O0085682,2025-11-18,Quality Issue,2490.48,Returned
RET003457,O0085714,2024-12-31,Late Delivery,1516.37,Returned
RET003458,O0085737,2025-10-09,Product Not Required,7416.94,Returned
RET003459,O0085759,2026-06-08,Late Delivery,10180.63,Returned
RET003460,O0085805,2024-10-07,Late Delivery,3881.59,Returned
RET003461,O0085809,2026-09-17,Wrong Product,1351.32,Returned
RET003462,O0085836,2024-02-06,Late Delivery,6246.26,Returned
RET003463,O0085869,2026-06-24,Quality Issue,417.89,Returned
RET003464,O0085910,2025-03-22,Customer Changed Mind,1700.25,Returned
RET003465,O0085926,2025-05-20,Damaged Product,1148.66,Returned
RET003466,O0085929,2026-02-14,Late Delivery,3417.72,Returned
RET003467,O0085934,2026-09-21,Damaged Product,6629.36,Returned
RET003468,O0085936,2025-01-06,Wrong Product,8555.52,Returned
RET003469,O0085973,2024-02-22,Damaged Product,4598.09,Returned
RET003470,O0085977,2025-01-14,Late Delivery,999.11,Returned
RET003471,O0085987,2024-07-13,Customer Changed Mind,1918.29,Returned
RET003472,O0085996,2025-01-23,Product Not Required,1062.34,Returned
RET003473,O0086023,2024-01-23,Quality Issue,9277.26,Returned
RET003474,O0086048,2026-03-01,Wrong Product,11304.28,Returned
RET003475,O0086068,2026-01-07,Packaging Issue,1800.38,Returned
RET003476,O0086086,2025-06-01,Product Not Required,4179.7,Returned
RET003477,O0086136,2024-04-12,Wrong Product,3124.26,Returned
RET003478,O0086144,2026-05-06,Customer Changed Mind,4488.52,Returned
RET003479,O0086146,2025-09-10,Product Not Required,4595.45,Returned
RET003480,O0086162,2024-03-23,Late Delivery,5133.84,Returned
RET003481,O0086175,2024-12-08,Customer Changed Mind,59.96,Returned
RET003482,O0086207,2024-07-14,Product Not Required,7126.12,Returned
RET003483,O0086211,2024-09-27,Customer Changed Mind,6159.97,Returned
RET003484,O0086216,2026-07-12,Late Delivery,2802.78,Returned
RET003485,O0086223,2026-09-25,Late Delivery,2954.08,Returned
RET003486,O0086234,2026-08-12,Packaging Issue,11293.4,Returned
RET003487,O0086255,2026-05-09,Damaged Product,1922.93,Returned
RET003488,O0086260,2024-09-21,Late Delivery,9498.63,Returned
RET003489,O0086277,2026-06-09,Customer Changed Mind,1847.53,Returned
RET003490,O0086293,2026-06-07,Product Not Required,1911.77,Returned
RET003491,O0086339,2026-09-06,Packaging Issue,5139.3,Returned
RET003492,O0086349,2025-04-17,Late Delivery,4037.13,Returned
RET003493,O0086427,2025-09-12,Wrong Product,2375.4,Returned
RET003494,O0086474,2024-12-23,Wrong Product,3418.97,Returned
RET003495,O0086496,2024-05-17,Late Delivery,2842.92,Returned
RET003496,O0086502,2026-09-08,Customer Changed Mind,3683.82,Returned
RET003497,O0086509,2024-10-12,Damaged Product,2133.35,Returned
RET003498,O0086524,2025-03-06,Customer Changed Mind,6702.59,Returned
RET003499,O0086560,2024-11-14,Wrong Product,9297.29,Returned
RET003500,O0086563,2026-02-04,Damaged Product,14735.81,Returned
RET003501,O0086576,2026-03-14,Product Not Required,4091.27,Returned
RET003502,O0086584,2025-07-21,Packaging Issue,6826.61,Returned
RET003503,O0086593,2025-02-03,Customer Changed Mind,1107.57,Returned
RET003504,O0086598,2025-07-05,Packaging Issue,14813.8,Returned
RET003505,O0086622,2024-02-29,Damaged Product,3578.51,Returned
RET003506,O0086667,2026-08-07,Customer Changed Mind,5279.4,Returned
RET003507,O0086668,2024-02-13,Damaged Product,2272.31,Returned
RET003508,O0086670,2026-09-04,Quality Issue,5725.29,Returned
RET003509,O0086671,2024-06-07,Product Not Required,6035.01,Returned
RET003510,O0086676,2026-03-19,Packaging Issue,5025.27,Returned
RET003511,O0086677,2024-07-23,Packaging Issue,4749.64,Returned
RET003512,O0086787,2025-03-14,Customer Changed Mind,2258.76,Returned
RET003513,O0086798,2025-11-25,Packaging Issue,5116.86,Returned
RET003514,O0086814,2024-10-17,Packaging Issue,327.47,Returned
RET003515,O0086825,2026-04-20,Product Not Required,16127.3,Returned
RET003516,O0086863,2026-02-26,Wrong Product,6697.51,Returned
RET003517,O0086890,2026-09-22,Packaging Issue,7004.95,Returned
RET003518,O0086902,2024-04-19,Damaged Product,6565.4,Returned
RET003519,O0086951,2025-05-06,Quality Issue,5217.7,Returned
RET003520,O0086969,2024-06-20,Damaged Product,9712.04,Returned
RET003521,O0086973,2025-05-27,Product Not Required,14450.52,Returned
RET003522,O0086984,2026-01-21,Damaged Product,1564.57,Returned
RET003523,O0086994,2026-04-28,Packaging Issue,10611.7,Returned
RET003524,O0087013,2024-01-16,Damaged Product,10650.81,Returned
RET003525,O0087024,2025-07-26,Late Delivery,2159.53,Returned
RET003526,O0087027,2025-05-10,Quality Issue,7614.11,Returned
RET003527,O0087028,2026-03-10,Damaged Product,7490.41,Returned
RET003528,O0087033,2026-07-28,Packaging Issue,1453.08,Returned
RET003529,O0087084,2025-02-03,Late Delivery,8591.71,Returned
RET003530,O0087121,2025-11-12,Wrong Product,8710.84,Returned
RET003531,O0087132,2025-05-26,Customer Changed Mind,9131.85,Returned
RET003532,O0087160,2024-11-28,Packaging Issue,480.49,Returned
RET003533,O0087166,2024-02-08,Late Delivery,4309.87,Returned
RET003534,O0087219,2024-08-07,Product Not Required,3864.19,Returned
RET003535,O0087226,2024-09-10,Packaging Issue,1181.42,Returned
RET003536,O0087274,2026-01-06,Quality Issue,4841.89,Returned
RET003537,O0087326,2024-06-22,Late Delivery,1876.51,Returned
RET003538,O0087360,2025-12-27,Late Delivery,2619.51,Returned
RET003539,O0087395,2026-05-25,Late Delivery,3853.43,Returned
RET003540,O0087409,2024-11-01,Damaged Product,2565.56,Returned
RET003541,O0087428,2024-07-15,Wrong Product,2568.86,Returned
RET003542,O0087451,2025-12-31,Wrong Product,5116.96,Returned
RET003543,O0087530,2025-09-16,Packaging Issue,10296.54,Returned
RET003544,O0087580,2025-10-24,Late Delivery,5490.3,Returned
RET003545,O0087591,2026-03-23,Late Delivery,4744.04,Returned
RET003546,O0087637,2026-02-12,Quality Issue,3297.14,Returned
RET003547,O0087638,2025-03-24,Product Not Required,2399.53,Returned
RET003548,O0087651,2026-01-13,Wrong Product,1928.49,Returned
RET003549,O0087670,2026-03-30,Quality Issue,8979.17,Returned
RET003550,O0087679,2026-05-30,Customer Changed Mind,10622.53,Returned
RET003551,O0087696,2025-03-02,Product Not Required,9734.83,Returned
RET003552,O0087697,2026-02-01,Customer Changed Mind,4848.66,Returned
RET003553,O0087743,2025-03-17,Customer Changed Mind,3201.61,Returned
RET003554,O0087750,2024-06-03,Quality Issue,6118.34,Returned
RET003555,O0087802,2026-04-18,Packaging Issue,13179.03,Returned
RET003556,O0087831,2026-05-26,Quality Issue,2916.26,Returned
RET003557,O0087853,2026-05-22,Packaging Issue,2569.91,Returned
RET003558,O0087902,2026-01-09,Late Delivery,1565.1,Returned
RET003559,O0087940,2025-10-07,Damaged Product,11723.6,Returned
RET003560,O0087964,2026-03-20,Damaged Product,2307.57,Returned
RET003561,O0088013,2025-04-11,Quality Issue,6250.86,Returned
RET003562,O0088030,2026-09-03,Customer Changed Mind,8705.61,Returned
RET003563,O0088045,2025-09-20,Packaging Issue,4248.53,Returned
RET003564,O0088073,2024-06-22,Customer Changed Mind,4276.6,Returned
RET003565,O0088089,2025-02-26,Customer Changed Mind,584.84,Returned
RET003566,O0088104,2024-12-31,Late Delivery,6945.76,Returned
RET003567,O0088140,2026-01-14,Damaged Product,2313.62,Returned
RET003568,O0088176,2026-02-26,Late Delivery,5300.27,Returned
RET003569,O0088177,2025-07-12,Product Not Required,692.16,Returned
RET003570,O0088215,2025-11-24,Quality Issue,1595.73,Returned
RET003571,O0088219,2026-04-26,Product Not Required,669.75,Returned
RET003572,O0088229,2024-04-07,Customer Changed Mind,4940.27,Returned
RET003573,O0088232,2026-06-20,Wrong Product,8689.69,Returned
RET003574,O0088281,2026-09-23,Damaged Product,8400.67,Returned
RET003575,O0088302,2024-05-07,Product Not Required,6093.98,Returned
RET003576,O0088307,2024-04-11,Late Delivery,2493.48,Returned
RET003577,O0088331,2024-06-17,Quality Issue,3344.16,Returned
RET003578,O0088354,2024-07-05,Product Not Required,6046.53,Returned
RET003579,O0088372,2024-12-24,Wrong Product,2533.69,Returned
RET003580,O0088399,2024-03-02,Late Delivery,8373.38,Returned
RET003581,O0088424,2024-06-23,Product Not Required,3689.62,Returned
RET003582,O0088433,2024-10-23,Late Delivery,3505.81,Returned
RET003583,O0088442,2024-01-15,Product Not Required,5309.14,Returned
RET003584,O0088467,2024-12-04,Customer Changed Mind,5992.41,Returned
RET003585,O0088478,2026-03-16,Late Delivery,10247.21,Returned
RET003586,O0088483,2025-08-10,Packaging Issue,1517.27,Returned
RET003587,O0088500,2024-09-05,Product Not Required,9978.6,Returned
RET003588,O0088563,2025-06-24,Late Delivery,15883.3,Returned
RET003589,O0088576,2024-12-10,Customer Changed Mind,5458.5,Returned
RET003590,O0088592,2025-11-10,Quality Issue,8384.3,Returned
RET003591,O0088604,2025-07-27,Quality Issue,8628.98,Returned
RET003592,O0088620,2025-06-09,Damaged Product,5279.2,Returned
RET003593,O0088627,2024-04-24,Product Not Required,2266.5,Returned
RET003594,O0088631,2024-05-26,Quality Issue,467.4,Returned
RET003595,O0088674,2026-01-13,Wrong Product,7694.63,Returned
RET003596,O0088693,2026-01-18,Packaging Issue,5573.27,Returned
RET003597,O0088769,2025-08-12,Wrong Product,6571.67,Returned
RET003598,O0088772,2025-01-09,Late Delivery,2035.76,Returned
RET003599,O0088777,2024-04-14,Product Not Required,2405.61,Returned
RET003600,O0088784,2026-02-18,Quality Issue,2118.7,Returned
RET003601,O0088788,2026-03-15,Product Not Required,7965.99,Returned
RET003602,O0088805,2025-12-24,Packaging Issue,4411.13,Returned
RET003603,O0088821,2026-06-27,Late Delivery,6499.28,Returned
RET003604,O0088866,2025-11-28,Customer Changed Mind,6866.67,Returned
RET003605,O0088917,2024-06-29,Quality Issue,2206.06,Returned
RET003606,O0088945,2026-01-06,Packaging Issue,4228.45,Returned
RET003607,O0088955,2025-07-22,Damaged Product,6105.56,Returned
RET003608,O0088960,2026-07-27,Packaging Issue,2312.3,Returned
RET003609,O0088998,2026-06-09,Quality Issue,1291.99,Returned
RET003610,O0089018,2026-01-01,Wrong Product,1457.71,Returned
RET003611,O0089034,2024-08-22,Late Delivery,2103.24,Returned
RET003612,O0089120,2026-02-27,Damaged Product,17064.0,Returned
RET003613,O0089143,2025-11-04,Damaged Product,18898.01,Returned
RET003614,O0089156,2025-03-31,Late Delivery,4853.02,Returned
RET003615,O0089165,2025-07-20,Customer Changed Mind,6241.93,Returned
RET003616,O0089239,2026-03-13,Customer Changed Mind,2296.96,Returned
RET003617,O0089244,2026-09-23,Late Delivery,7769.03,Returned
RET003618,O0089254,2026-06-03,Late Delivery,8584.75,Returned
RET003619,O0089285,2025-04-08,Damaged Product,4139.45,Returned
RET003620,O0089304,2025-06-07,Customer Changed Mind,4643.85,Returned
RET003621,O0089401,2026-01-12,Customer Changed Mind,9015.44,Returned
RET003622,O0089425,2026-08-20,Product Not Required,6488.8,Returned
RET003623,O0089473,2024-04-08,Damaged Product,3532.6,Returned
RET003624,O0089494,2025-07-22,Late Delivery,4533.95,Returned
RET003625,O0089506,2025-11-07,Wrong Product,4239.36,Returned
RET003626,O0089532,2025-03-29,Packaging Issue,5882.91,Returned
RET003627,O0089611,2026-08-17,Quality Issue,309.76,Returned
RET003628,O0089647,2024-06-22,Product Not Required,3366.57,Returned
RET003629,O0089662,2026-01-09,Quality Issue,7265.51,Returned
RET003630,O0089709,2026-09-21,Late Delivery,286.85,Returned
RET003631,O0089714,2026-01-21,Product Not Required,5090.34,Returned
RET003632,O0089757,2025-07-22,Customer Changed Mind,5122.52,Returned
RET003633,O0089831,2026-03-30,Damaged Product,5782.53,Returned
RET003634,O0089862,2026-04-04,Quality Issue,5888.06,Returned
RET003635,O0089873,2024-10-02,Late Delivery,8984.64,Returned
RET003636,O0089897,2024-01-30,Customer Changed Mind,1708.59,Returned
RET003637,O0089939,2026-03-27,Damaged Product,5258.83,Returned
RET003638,O0089965,2025-05-12,Customer Changed Mind,8127.17,Returned
RET003639,O0090121,2025-05-12,Customer Changed Mind,4550.51,Returned
RET003640,O0090125,2025-07-27,Wrong Product,3397.2,Returned
RET003641,O0090140,2024-06-20,Packaging Issue,8368.27,Returned
RET003642,O0090170,2024-05-18,Damaged Product,6409.25,Returned
RET003643,O0090213,2026-09-19,Late Delivery,3562.54,Returned
RET003644,O0090224,2026-05-02,Late Delivery,2474.53,Returned
RET003645,O0090259,2025-03-02,Late Delivery,3205.13,Returned
RET003646,O0090296,2024-10-15,Quality Issue,4459.89,Returned
RET003647,O0090305,2024-10-07,Customer Changed Mind,13466.06,Returned
RET003648,O0090313,2025-09-08,Quality Issue,592.4,Returned
RET003649,O0090355,2025-11-08,Customer Changed Mind,7482.07,Returned
RET003650,O0090365,2026-07-04,Customer Changed Mind,6109.31,Returned
RET003651,O0090375,2024-05-14,Packaging Issue,969.33,Returned
RET003652,O0090394,2024-10-17,Customer Changed Mind,7494.12,Returned
RET003653,O0090400,2025-02-11,Packaging Issue,7022.57,Returned
RET003654,O0090480,2024-02-19,Wrong Product,8679.45,Returned
RET003655,O0090485,2024-05-17,Customer Changed Mind,153.18,Returned
RET003656,O0090565,2025-02-08,Wrong Product,1849.2,Returned
RET003657,O0090641,2025-02-11,Late Delivery,6591.04,Returned
RET003658,O0090646,2026-07-14,Customer Changed Mind,6674.76,Returned
RET003659,O0090683,2025-09-18,Late Delivery,2904.26,Returned
RET003660,O0090695,2026-05-22,Wrong Product,833.97,Returned
RET003661,O0090715,2024-02-24,Customer Changed Mind,2239.43,Returned
RET003662,O0090721,2025-09-18,Late Delivery,2233.81,Returned
RET003663,O0090738,2025-05-04,Damaged Product,5526.84,Returned
RET003664,O0090749,2025-11-09,Packaging Issue,3566.81,Returned
RET003665,O0090776,2024-11-04,Quality Issue,9905.67,Returned
RET003666,O0090784,2024-07-05,Late Delivery,1202.52,Returned
RET003667,O0090804,2024-12-02,Product Not Required,2594.55,Returned
RET003668,O0090808,2026-09-26,Wrong Product,9849.92,Returned
RET003669,O0090829,2026-02-08,Customer Changed Mind,8362.86,Returned
RET003670,O0090832,2025-04-20,Quality Issue,4332.08,Returned
RET003671,O0090879,2026-02-14,Wrong Product,6898.8,Returned
RET003672,O0090902,2024-08-14,Product Not Required,14397.11,Returned
RET003673,O0090916,2024-05-08,Packaging Issue,9630.66,Returned
RET003674,O0090924,2025-12-25,Wrong Product,9421.42,Returned
RET003675,O0090953,2025-07-22,Damaged Product,6902.08,Returned
RET003676,O0090974,2025-10-05,Late Delivery,681.69,Returned
RET003677,O0091036,2026-04-23,Wrong Product,9020.67,Returned
RET003678,O0091074,2026-07-23,Late Delivery,4501.8,Returned
RET003679,O0091101,2025-12-31,Product Not Required,9024.8,Returned
RET003680,O0091112,2026-05-08,Damaged Product,4536.39,Returned
RET003681,O0091138,2025-04-15,Quality Issue,4894.41,Returned
RET003682,O0091162,2025-12-17,Late Delivery,6342.23,Returned
RET003683,O0091184,2025-12-22,Late Delivery,1115.29,Returned
RET003684,O0091194,2024-06-13,Quality Issue,5917.91,Returned
RET003685,O0091215,2025-05-20,Wrong Product,4305.22,Returned
RET003686,O0091219,2026-06-19,Product Not Required,6638.18,Returned
RET003687,O0091233,2025-11-11,Wrong Product,6912.82,Returned
RET003688,O0091243,2024-04-07,Product Not Required,2833.72,Returned
RET003689,O0091259,2026-05-07,Packaging Issue,2612.22,Returned
RET003690,O0091261,2025-07-11,Late Delivery,4982.61,Returned
RET003691,O0091301,2024-08-23,Product Not Required,13425.98,Returned
RET003692,O0091329,2025-10-29,Packaging Issue,6066.73,Returned
RET003693,O0091385,2026-01-25,Customer Changed Mind,7412.55,Returned
RET003694,O0091389,2024-07-19,Damaged Product,7205.75,Returned
RET003695,O0091395,2026-03-30,Damaged Product,1303.05,Returned
RET003696,O0091428,2026-02-04,Damaged Product,1116.48,Returned
RET003697,O0091452,2026-04-15,Late Delivery,3105.26,Returned
RET003698,O0091469,2024-06-29,Packaging Issue,2748.97,Returned
RET003699,O0091470,2026-01-20,Late Delivery,6476.19,Returned
RET003700,O0091495,2025-11-08,Quality Issue,357.22,Returned
RET003701,O0091502,2024-11-10,Product Not Required,5376.23,Returned
RET003702,O0091508,2025-12-06,Damaged Product,1319.3,Returned
RET003703,O0091529,2025-12-15,Customer Changed Mind,4805.42,Returned
RET003704,O0091533,2026-06-30,Wrong Product,3004.44,Returned
RET003705,O0091544,2025-08-12,Product Not Required,4538.58,Returned
RET003706,O0091563,2024-04-27,Damaged Product,906.42,Returned
RET003707,O0091575,2026-09-21,Packaging Issue,2940.97,Returned
RET003708,O0091576,2026-04-19,Customer Changed Mind,1608.84,Returned
RET003709,O0091590,2024-07-12,Wrong Product,10552.66,Returned
RET003710,O0091618,2025-10-20,Packaging Issue,4603.39,Returned
RET003711,O0091631,2025-07-11,Quality Issue,3181.03,Returned
RET003712,O0091637,2025-09-02,Packaging Issue,229.11,Returned
RET003713,O0091642,2026-05-10,Damaged Product,4584.03,Returned
RET003714,O0091695,2025-09-03,Packaging Issue,6663.79,Returned
RET003715,O0091791,2024-10-28,Quality Issue,6466.39,Returned
RET003716,O0091799,2026-08-02,Wrong Product,3362.62,Returned
RET003717,O0091845,2025-12-10,Damaged Product,1704.68,Returned
RET003718,O0091856,2026-08-01,Customer Changed Mind,2708.19,Returned
RET003719,O0091862,2026-04-11,Late Delivery,11456.39,Returned
RET003720,O0091875,2024-08-11,Packaging Issue,3310.9,Returned
RET003721,O0091907,2025-12-18,Product Not Required,5035.23,Returned
RET003722,O0091909,2025-05-16,Late Delivery,9667.25,Returned
RET003723,O0091943,2026-01-07,Damaged Product,13798.34,Returned
RET003724,O0091944,2024-04-13,Damaged Product,11100.95,Returned
RET003725,O0091945,2025-03-14,Quality Issue,5490.81,Returned
RET003726,O0091965,2024-02-23,Product Not Required,1746.95,Returned
RET003727,O0092048,2024-05-07,Packaging Issue,7073.18,Returned
RET003728,O0092117,2024-08-23,Quality Issue,3018.91,Returned
RET003729,O0092123,2024-06-23,Damaged Product,7256.22,Returned
RET003730,O0092140,2024-11-23,Quality Issue,6043.56,Returned
RET003731,O0092169,2026-04-06,Customer Changed Mind,8297.55,Returned
RET003732,O0092229,2026-03-03,Damaged Product,5725.06,Returned
RET003733,O0092284,2026-05-14,Wrong Product,5352.87,Returned
RET003734,O0092323,2024-08-22,Product Not Required,6113.69,Returned
RET003735,O0092341,2025-03-31,Late Delivery,8653.0,Returned
RET003736,O0092342,2026-06-24,Late Delivery,1667.97,Returned
RET003737,O0092367,2025-11-28,Damaged Product,1437.55,Returned
RET003738,O0092404,2025-06-06,Quality Issue,611.78,Returned
RET003739,O0092439,2025-11-08,Late Delivery,4855.51,Returned
RET003740,O0092466,2025-10-11,Late Delivery,8386.5,Returned
RET003741,O0092484,2025-03-15,Late Delivery,9754.71,Returned
RET003742,O0092493,2024-11-10,Quality Issue,1547.04,Returned
RET003743,O0092502,2026-02-01,Product Not Required,5707.77,Returned
RET003744,O0092505,2024-08-28,Quality Issue,5936.61,Returned
RET003745,O0092509,2024-05-29,Damaged Product,6227.73,Returned
RET003746,O0092589,2025-05-18,Late Delivery,3868.89,Returned
RET003747,O0092600,2026-05-14,Quality Issue,3754.38,Returned
RET003748,O0092629,2026-09-18,Quality Issue,276.11,Returned
RET003749,O0092746,2025-09-22,Customer Changed Mind,9939.05,Returned
RET003750,O0092760,2026-04-13,Damaged Product,3315.3,Returned
RET003751,O0092790,2026-03-06,Quality Issue,7166.3,Returned
RET003752,O0092798,2026-06-01,Quality Issue,2710.95,Returned
RET003753,O0092815,2025-01-12,Product Not Required,10225.65,Returned
RET003754,O0092819,2024-08-13,Product Not Required,1982.17,Returned
RET003755,O0092862,2026-07-25,Wrong Product,2175.33,Returned
RET003756,O0092869,2025-02-27,Packaging Issue,11017.92,Returned
RET003757,O0092882,2026-07-23,Quality Issue,4018.5,Returned
RET003758,O0092898,2025-03-15,Customer Changed Mind,8343.76,Returned
RET003759,O0092928,2025-04-10,Late Delivery,15240.87,Returned
RET003760,O0092930,2026-02-17,Quality Issue,2829.36,Returned
RET003761,O0092984,2025-09-27,Product Not Required,1780.78,Returned
RET003762,O0093039,2025-07-04,Damaged Product,4543.91,Returned
RET003763,O0093048,2025-11-28,Product Not Required,10880.27,Returned
RET003764,O0093053,2026-05-09,Quality Issue,7182.43,Returned
RET003765,O0093109,2024-06-17,Packaging Issue,1828.69,Returned
RET003766,O0093111,2024-03-20,Customer Changed Mind,6679.8,Returned
RET003767,O0093112,2024-03-26,Wrong Product,5730.03,Returned
RET003768,O0093173,2026-07-22,Damaged Product,7678.42,Returned
RET003769,O0093184,2025-04-15,Quality Issue,7037.14,Returned
RET003770,O0093192,2024-08-28,Customer Changed Mind,1669.11,Returned
RET003771,O0093230,2025-06-04,Quality Issue,4867.62,Returned
RET003772,O0093284,2024-02-12,Packaging Issue,1617.41,Returned
RET003773,O0093361,2025-12-17,Wrong Product,11692.43,Returned
RET003774,O0093459,2025-09-15,Quality Issue,337.02,Returned
RET003775,O0093479,2024-06-11,Damaged Product,3395.12,Returned
RET003776,O0093497,2025-03-20,Packaging Issue,8209.21,Returned
RET003777,O0093561,2024-06-16,Damaged Product,4993.05,Returned
RET003778,O0093585,2026-09-02,Product Not Required,6369.49,Returned
RET003779,O0093586,2024-09-11,Quality Issue,141.58,Returned
RET003780,O0093631,2025-06-28,Quality Issue,6654.77,Returned
RET003781,O0093633,2025-11-03,Late Delivery,2122.03,Returned
RET003782,O0093666,2025-05-20,Damaged Product,4693.85,Returned
RET003783,O0093717,2025-09-20,Customer Changed Mind,4935.27,Returned
RET003784,O0093719,2024-07-22,Customer Changed Mind,11046.43,Returned
RET003785,O0093736,2024-08-22,Quality Issue,6876.78,Returned
RET003786,O0093749,2025-02-08,Customer Changed Mind,1611.18,Returned
RET003787,O0093764,2026-09-03,Quality Issue,2731.89,Returned
RET003788,O0093790,2024-12-03,Packaging Issue,6428.22,Returned
RET003789,O0093802,2025-01-24,Packaging Issue,15102.95,Returned
RET003790,O0093807,2025-05-17,Damaged Product,1599.9,Returned
RET003791,O0093874,2024-06-10,Wrong Product,6213.82,Returned
RET003792,O0093916,2026-05-28,Customer Changed Mind,1353.12,Returned
RET003793,O0094003,2025-08-30,Damaged Product,2731.1,Returned
RET003794,O0094009,2025-01-17,Product Not Required,4091.75,Returned
RET003795,O0094030,2025-01-16,Quality Issue,636.8,Returned
RET003796,O0094046,2025-10-25,Late Delivery,8923.27,Returned
RET003797,O0094098,2025-05-06,Quality Issue,4287.02,Returned
RET003798,O0094113,2025-05-27,Packaging Issue,7026.34,Returned
RET003799,O0094124,2024-01-24,Product Not Required,11577.11,Returned
RET003800,O0094144,2025-10-24,Quality Issue,6555.98,Returned
RET003801,O0094195,2025-04-06,Wrong Product,11891.68,Returned
RET003802,O0094209,2025-08-07,Product Not Required,3043.3,Returned
RET003803,O0094220,2024-03-30,Customer Changed Mind,3507.62,Returned
RET003804,O0094256,2025-10-14,Late Delivery,6938.51,Returned
RET003805,O0094257,2025-05-25,Damaged Product,5517.01,Returned
RET003806,O0094262,2026-01-01,Wrong Product,777.97,Returned
RET003807,O0094293,2025-05-11,Quality Issue,861.12,Returned
RET003808,O0094294,2025-01-10,Packaging Issue,189.69,Returned
RET003809,O0094346,2025-09-28,Packaging Issue,3995.54,Returned
RET003810,O0094370,2026-08-22,Customer Changed Mind,2744.24,Returned
RET003811,O0094378,2025-07-25,Quality Issue,1412.6,Returned
RET003812,O0094383,2026-09-13,Packaging Issue,6660.81,Returned
RET003813,O0094400,2026-09-24,Customer Changed Mind,1320.81,Returned
RET003814,O0094404,2025-04-24,Product Not Required,2488.66,Returned
RET003815,O0094432,2026-05-03,Late Delivery,9156.27,Returned
RET003816,O0094442,2025-08-13,Wrong Product,18913.02,Returned
RET003817,O0094487,2025-10-13,Product Not Required,2023.22,Returned
RET003818,O0094532,2024-01-21,Damaged Product,6571.6,Returned
RET003819,O0094566,2026-01-12,Damaged Product,5629.89,Returned
RET003820,O0094627,2026-02-16,Quality Issue,10385.03,Returned
RET003821,O0094699,2024-09-26,Packaging Issue,3893.4,Returned
RET003822,O0094798,2024-09-03,Late Delivery,2833.57,Returned
RET003823,O0094825,2025-12-09,Late Delivery,8175.04,Returned
RET003824,O0094863,2024-12-17,Packaging Issue,2951.36,Returned
RET003825,O0094920,2025-05-25,Damaged Product,5269.4,Returned
RET003826,O0094925,2026-01-25,Customer Changed Mind,7796.38,Returned
RET003827,O0094937,2026-02-18,Product Not Required,12425.67,Returned
RET003828,O0094939,2026-09-24,Wrong Product,10951.2,Returned
RET003829,O0094997,2025-08-09,Quality Issue,10294.8,Returned
RET003830,O0095010,2024-06-14,Late Delivery,3197.99,Returned
RET003831,O0095032,2025-01-15,Quality Issue,6479.33,Returned
RET003832,O0095065,2024-02-25,Late Delivery,4783.3,Returned
RET003833,O0095141,2024-07-24,Customer Changed Mind,3657.72,Returned
RET003834,O0095149,2025-07-11,Packaging Issue,6866.63,Returned
RET003835,O0095175,2025-09-09,Damaged Product,10175.75,Returned
RET003836,O0095203,2024-06-16,Quality Issue,15099.36,Returned
RET003837,O0095328,2025-09-05,Product Not Required,750.19,Returned
RET003838,O0095334,2024-07-24,Wrong Product,2650.24,Returned
RET003839,O0095415,2026-03-23,Late Delivery,2167.63,Returned
RET003840,O0095418,2024-04-17,Product Not Required,130.7,Returned
RET003841,O0095424,2025-10-29,Packaging Issue,10199.17,Returned
RET003842,O0095440,2024-12-07,Customer Changed Mind,10193.95,Returned
RET003843,O0095463,2024-11-06,Customer Changed Mind,4158.08,Returned
RET003844,O0095465,2025-12-01,Wrong Product,2453.83,Returned
RET003845,O0095479,2026-09-01,Product Not Required,1662.63,Returned
RET003846,O0095494,2025-04-03,Damaged Product,1654.27,Returned
RET003847,O0095541,2026-07-12,Damaged Product,5928.7,Returned
RET003848,O0095578,2024-03-09,Packaging Issue,9604.9,Returned
RET003849,O0095657,2025-09-07,Customer Changed Mind,2737.25,Returned
RET003850,O0095671,2025-10-12,Product Not Required,9577.26,Returned
RET003851,O0095694,2025-05-29,Packaging Issue,15418.18,Returned
RET003852,O0095707,2024-06-14,Wrong Product,5607.74,Returned
RET003853,O0095740,2025-03-07,Damaged Product,3017.08,Returned
RET003854,O0095742,2025-12-21,Customer Changed Mind,12711.98,Returned
RET003855,O0095748,2024-10-25,Quality Issue,9244.98,Returned
RET003856,O0095756,2025-12-28,Damaged Product,2515.01,Returned
RET003857,O0095766,2026-02-04,Product Not Required,2466.26,Returned
RET003858,O0095887,2024-10-18,Product Not Required,5053.99,Returned
RET003859,O0095892,2024-05-10,Wrong Product,1321.4,Returned
RET003860,O0095925,2024-07-27,Packaging Issue,7118.65,Returned
RET003861,O0095966,2025-09-18,Customer Changed Mind,4216.97,Returned
RET003862,O0095991,2024-12-11,Product Not Required,3003.28,Returned
RET003863,O0096032,2026-08-28,Quality Issue,8669.21,Returned
RET003864,O0096075,2025-10-23,Wrong Product,17028.65,Returned
RET003865,O0096118,2025-12-06,Wrong Product,9265.69,Returned
RET003866,O0096146,2026-02-08,Wrong Product,9513.96,Returned
RET003867,O0096221,2025-04-08,Late Delivery,1569.92,Returned
RET003868,O0096227,2024-06-07,Customer Changed Mind,10434.53,Returned
RET003869,O0096253,2024-03-12,Customer Changed Mind,2074.59,Returned
RET003870,O0096259,2025-05-27,Packaging Issue,8281.79,Returned
RET003871,O0096266,2025-03-03,Damaged Product,6227.9,Returned
RET003872,O0096325,2025-11-16,Wrong Product,4503.62,Returned
RET003873,O0096378,2024-08-11,Damaged Product,7984.45,Returned
RET003874,O0096391,2026-02-07,Quality Issue,3662.08,Returned
RET003875,O0096395,2024-11-10,Customer Changed Mind,4810.57,Returned
RET003876,O0096401,2025-12-29,Product Not Required,21712.54,Returned
RET003877,O0096436,2025-11-14,Quality Issue,720.88,Returned
RET003878,O0096457,2025-04-25,Product Not Required,6677.89,Returned
RET003879,O0096458,2026-09-21,Product Not Required,5497.08,Returned
RET003880,O0096494,2025-02-10,Packaging Issue,4079.97,Returned
RET003881,O0096495,2026-03-01,Quality Issue,4322.88,Returned
RET003882,O0096506,2026-08-18,Quality Issue,4601.96,Returned
RET003883,O0096514,2024-05-09,Wrong Product,10697.75,Returned
RET003884,O0096603,2024-06-05,Damaged Product,5313.17,Returned
RET003885,O0096624,2024-11-17,Quality Issue,4731.35,Returned
RET003886,O0096633,2026-08-17,Late Delivery,9360.39,Returned
RET003887,O0096643,2026-07-15,Late Delivery,2436.1,Returned
RET003888,O0096647,2026-07-22,Packaging Issue,6209.13,Returned
RET003889,O0096672,2026-06-29,Damaged Product,6572.75,Returned
RET003890,O0096704,2025-11-06,Wrong Product,2509.42,Returned
RET003891,O0096733,2025-11-10,Quality Issue,5366.49,Returned
RET003892,O0096737,2024-04-04,Product Not Required,6345.85,Returned
RET003893,O0096784,2026-08-07,Product Not Required,6791.45,Returned
RET003894,O0096821,2024-03-12,Product Not Required,13250.22,Returned
RET003895,O0096822,2025-09-14,Wrong Product,278.58,Returned
RET003896,O0096907,2024-11-24,Damaged Product,1510.16,Returned
RET003897,O0096919,2025-01-21,Customer Changed Mind,7845.23,Returned
RET003898,O0096936,2025-08-19,Late Delivery,10672.44,Returned
RET003899,O0096944,2025-10-17,Packaging Issue,6493.08,Returned
RET003900,O0096947,2026-09-22,Damaged Product,6508.74,Returned
RET003901,O0097003,2024-04-10,Late Delivery,562.91,Returned
RET003902,O0097072,2025-08-02,Product Not Required,959.95,Returned
RET003903,O0097108,2026-04-22,Product Not Required,1706.6,Returned
RET003904,O0097113,2025-09-01,Damaged Product,3645.16,Returned
RET003905,O0097126,2025-12-15,Product Not Required,9186.21,Returned
RET003906,O0097137,2025-09-17,Quality Issue,389.45,Returned
RET003907,O0097142,2026-02-01,Damaged Product,4053.71,Returned
RET003908,O0097144,2025-05-24,Product Not Required,3192.27,Returned
RET003909,O0097159,2026-01-19,Late Delivery,2065.32,Returned
RET003910,O0097210,2024-08-27,Late Delivery,937.77,Returned
RET003911,O0097224,2024-05-14,Quality Issue,1070.15,Returned
RET003912,O0097237,2024-02-01,Customer Changed Mind,8219.57,Returned
RET003913,O0097242,2026-05-26,Wrong Product,585.3,Returned
RET003914,O0097271,2026-07-10,Late Delivery,11058.8,Returned
RET003915,O0097331,2026-02-08,Packaging Issue,4354.79,Returned
RET003916,O0097332,2025-08-22,Packaging Issue,765.51,Returned
RET003917,O0097343,2026-04-12,Damaged Product,6712.53,Returned
RET003918,O0097344,2025-03-11,Customer Changed Mind,7526.9,Returned
RET003919,O0097355,2025-01-06,Late Delivery,4690.98,Returned
RET003920,O0097378,2024-04-21,Packaging Issue,3825.56,Returned
RET003921,O0097395,2025-07-29,Packaging Issue,6236.87,Returned
RET003922,O0097459,2026-05-12,Packaging Issue,3511.55,Returned
RET003923,O0097468,2024-03-02,Quality Issue,1132.91,Returned
RET003924,O0097496,2025-11-24,Packaging Issue,1782.65,Returned
RET003925,O0097548,2025-05-21,Late Delivery,4949.02,Returned
RET003926,O0097567,2025-08-27,Product Not Required,6241.05,Returned
RET003927,O0097571,2025-06-24,Late Delivery,4898.47,Returned
RET003928,O0097607,2025-03-18,Quality Issue,14398.03,Returned
RET003929,O0097634,2024-03-29,Quality Issue,5683.61,Returned
RET003930,O0097716,2025-02-21,Wrong Product,5350.83,Returned
RET003931,O0097794,2026-02-26,Late Delivery,5572.32,Returned
RET003932,O0097815,2025-11-29,Wrong Product,2828.03,Returned
RET003933,O0097830,2026-03-02,Damaged Product,8276.12,Returned
RET003934,O0097854,2025-11-04,Packaging Issue,3554.05,Returned
RET003935,O0097875,2024-08-02,Customer Changed Mind,2334.1,Returned
RET003936,O0097900,2024-03-11,Late Delivery,956.3,Returned
RET003937,O0097994,2025-04-11,Damaged Product,8501.38,Returned
RET003938,O0097997,2026-07-04,Wrong Product,6177.25,Returned
RET003939,O0098020,2025-10-29,Customer Changed Mind,8529.54,Returned
RET003940,O0098046,2026-09-01,Customer Changed Mind,6872.67,Returned
RET003941,O0098070,2025-01-01,Late Delivery,6942.96,Returned
RET003942,O0098081,2024-03-07,Product Not Required,381.18,Returned
RET003943,O0098087,2024-10-04,Quality Issue,6853.74,Returned
RET003944,O0098090,2024-08-17,Quality Issue,2675.61,Returned
RET003945,O0098098,2026-06-02,Late Delivery,4133.83,Returned
RET003946,O0098166,2024-03-22,Damaged Product,17978.23,Returned
RET003947,O0098189,2024-02-09,Packaging Issue,4575.06,Returned
RET003948,O0098191,2024-11-15,Quality Issue,2714.2,Returned
RET003949,O0098198,2026-09-07,Late Delivery,6840.22,Returned
RET003950,O0098222,2024-06-04,Quality Issue,7111.03,Returned
RET003951,O0098224,2024-11-28,Damaged Product,8640.06,Returned
RET003952,O0098228,2024-07-14,Quality Issue,6339.8,Returned
RET003953,O0098235,2025-04-18,Product Not Required,3823.06,Returned
RET003954,O0098279,2024-03-01,Product Not Required,4117.54,Returned
RET003955,O0098305,2026-06-19,Product Not Required,13856.93,Returned
RET003956,O0098328,2024-11-21,Wrong Product,5310.94,Returned
RET003957,O0098330,2025-11-27,Packaging Issue,7260.02,Returned
RET003958,O0098332,2025-07-30,Quality Issue,3337.16,Returned
RET003959,O0098367,2026-07-16,Wrong Product,7895.25,Returned
RET003960,O0098375,2024-04-13,Late Delivery,6662.26,Returned
RET003961,O0098381,2024-04-06,Wrong Product,2170.13,Returned
RET003962,O0098418,2025-01-28,Packaging Issue,369.29,Returned
RET003963,O0098437,2026-06-01,Customer Changed Mind,3620.77,Returned
RET003964,O0098454,2026-02-16,Damaged Product,610.36,Returned
RET003965,O0098465,2025-06-17,Product Not Required,1157.65,Returned
RET003966,O0098474,2026-08-10,Damaged Product,6191.79,Returned
RET003967,O0098477,2026-02-11,Damaged Product,6031.84,Returned
RET003968,O0098530,2025-08-31,Product Not Required,4079.84,Returned
RET003969,O0098566,2025-10-20,Packaging Issue,5867.63,Returned
RET003970,O0098574,2024-10-21,Packaging Issue,5814.38,Returned
RET003971,O0098638,2026-02-10,Customer Changed Mind,5485.86,Returned
RET003972,O0098652,2024-11-03,Packaging Issue,1887.06,Returned
RET003973,O0098683,2024-04-03,Damaged Product,2492.91,Returned
RET003974,O0098688,2026-03-09,Product Not Required,8845.6,Returned
RET003975,O0098697,2026-01-29,Damaged Product,6664.65,Returned
RET003976,O0098700,2025-12-15,Late Delivery,7296.36,Returned
RET003977,O0098734,2026-01-26,Damaged Product,6510.87,Returned
RET003978,O0098777,2026-06-22,Damaged Product,3442.3,Returned
RET003979,O0098809,2026-03-23,Wrong Product,5581.05,Returned
RET003980,O0098828,2025-11-15,Wrong Product,5024.09,Returned
RET003981,O0099064,2025-02-08,Wrong Product,1819.21,Returned
RET003982,O0099071,2025-06-20,Product Not Required,4818.01,Returned
RET003983,O0099076,2024-04-06,Quality Issue,5949.54,Returned
RET003984,O0099103,2025-05-15,Packaging Issue,6351.19,Returned
RET003985,O0099112,2024-10-05,Late Delivery,7066.52,Returned
RET003986,O0099125,2025-11-04,Product Not Required,2083.21,Returned
RET003987,O0099143,2026-06-18,Wrong Product,7149.47,Returned
RET003988,O0099163,2026-09-24,Quality Issue,826.49,Returned
RET003989,O0099202,2026-03-26,Packaging Issue,508.46,Returned
RET003990,O0099247,2024-04-23,Packaging Issue,2567.03,Returned
RET003991,O0099253,2026-01-02,Customer Changed Mind,4804.98,Returned
RET003992,O0099285,2025-07-30,Damaged Product,2016.8,Returned
RET003993,O0099288,2025-06-01,Wrong Product,1557.79,Returned
RET003994,O0099290,2026-03-16,Damaged Product,14779.63,Returned
RET003995,O0099317,2025-03-03,Damaged Product,6995.65,Returned
RET003996,O0099401,2026-01-27,Damaged Product,559.42,Returned
RET003997,O0099402,2026-02-21,Product Not Required,1160.65,Returned
RET003998,O0099414,2024-05-07,Damaged Product,12431.56,Returned
RET003999,O0099439,2024-10-13,Late Delivery,3356.83,Returned
RET004000,O0099449,2025-08-13,Damaged Product,1805.59,Returned
RET004001,O0099461,2024-04-11,Product Not Required,7390.58,Returned
RET004002,O0099492,2024-05-28,Customer Changed Mind,5669.07,Returned
RET004003,O0099528,2024-06-17,Packaging Issue,4553.52,Returned
RET004004,O0099532,2024-07-06,Quality Issue,2631.6,Returned
RET004005,O0099567,2024-12-01,Quality Issue,1978.2,Returned
RET004006,O0099571,2026-07-17,Wrong Product,1918.17,Returned
RET004007,O0099587,2026-05-03,Quality Issue,9360.92,Returned
RET004008,O0099630,2026-01-15,Wrong Product,2702.95,Returned
RET004009,O0099638,2024-04-24,Quality Issue,6787.98,Returned
RET004010,O0099650,2024-07-14,Late Delivery,3642.54,Returned
RET004011,O0099676,2024-05-07,Late Delivery,2692.25,Returned
RET004012,O0099707,2024-09-11,Damaged Product,17547.42,Returned
RET004013,O0099708,2025-04-14,Quality Issue,535.13,Returned
RET004014,O0099781,2025-12-25,Late Delivery,6099.27,Returned
RET004015,O0099795,2024-05-11,Product Not Required,650.39,Returned
RET004016,O0099796,2025-04-01,Quality Issue,5778.0,Returned
RET004017,O0099816,2024-01-21,Customer Changed Mind,1544.38,Returned
RET004018,O0099825,2026-04-18,Quality Issue,4500.64,Returned
RET004019,O0099906,2024-06-01,Late Delivery,15922.81,Returned
RET004020,O0099920,2025-12-07,Product Not Required,6945.51,Returned
RET004021,O0099925,2024-11-27,Product Not Required,3577.86,Returned
RET004022,O0099934,2026-01-04,Packaging Issue,5342.71,Returned
RET004023,O0100008,2025-04-23,Damaged Product,6053.75,Returned
RET004024,O0100056,2024-06-08,Quality Issue,2593.73,Returned
RET004025,O0100104,2024-03-02,Damaged Product,4819.82,Returned
RET004026,O0100118,2026-04-03,Quality Issue,4996.25,Returned
RET004027,O0100215,2026-06-08,Wrong Product,7371.22,Returned
RET004028,O0100219,2025-02-16,Wrong Product,11581.14,Returned
RET004029,O0100226,2024-07-29,Customer Changed Mind,13551.52,Returned
RET004030,O0100261,2025-01-11,Late Delivery,2247.72,Returned
RET004031,O0100270,2026-01-16,Customer Changed Mind,1520.15,Returned
RET004032,O0100291,2024-08-02,Packaging Issue,3343.74,Returned
RET004033,O0100304,2024-04-25,Product Not Required,6206.57,Returned
RET004034,O0100330,2024-05-11,Customer Changed Mind,3115.1,Returned
RET004035,O0100363,2024-12-10,Damaged Product,8270.34,Returned
RET004036,O0100367,2026-08-04,Customer Changed Mind,3161.9,Returned
RET004037,O0100426,2025-01-25,Customer Changed Mind,10549.19,Returned
RET004038,O0100435,2026-04-22,Packaging Issue,1327.13,Returned
RET004039,O0100464,2024-05-18,Packaging Issue,10190.1,Returned
RET004040,O0100486,2025-01-13,Product Not Required,7056.45,Returned
RET004041,O0100507,2026-06-21,Customer Changed Mind,6056.78,Returned
RET004042,O0100520,2026-03-05,Product Not Required,2367.22,Returned
RET004043,O0100529,2025-07-24,Packaging Issue,4199.37,Returned
RET004044,O0100532,2025-11-15,Damaged Product,4321.85,Returned
RET004045,O0100534,2025-03-29,Quality Issue,4809.89,Returned
RET004046,O0100542,2026-03-02,Wrong Product,1621.06,Returned
RET004047,O0100562,2024-04-14,Product Not Required,7085.9,Returned
RET004048,O0100566,2024-10-08,Customer Changed Mind,3750.26,Returned
RET004049,O0100571,2024-10-12,Damaged Product,10956.55,Returned
RET004050,O0100664,2026-09-25,Late Delivery,6957.14,Returned
RET004051,O0100669,2026-09-24,Damaged Product,3367.8,Returned
RET004052,O0100671,2026-01-29,Packaging Issue,5390.73,Returned
RET004053,O0100678,2025-06-13,Customer Changed Mind,8592.48,Returned
RET004054,O0100715,2024-03-29,Quality Issue,9785.73,Returned
RET004055,O0100749,2024-12-21,Wrong Product,6859.25,Returned
RET004056,O0100788,2025-02-26,Quality Issue,10791.47,Returned
RET004057,O0100807,2025-08-10,Packaging Issue,5307.07,Returned
RET004058,O0100810,2024-06-28,Product Not Required,3548.71,Returned
RET004059,O0100816,2025-11-16,Late Delivery,6990.2,Returned
RET004060,O0100892,2025-01-06,Wrong Product,12386.06,Returned
RET004061,O0100893,2024-07-28,Product Not Required,15245.78,Returned
RET004062,O0100894,2024-12-15,Damaged Product,2051.69,Returned
RET004063,O0100911,2024-04-02,Quality Issue,9637.28,Returned
RET004064,O0100939,2026-02-01,Quality Issue,9475.43,Returned
RET004065,O0100943,2025-09-25,Customer Changed Mind,5493.41,Returned
RET004066,O0100964,2025-02-10,Damaged Product,7302.16,Returned
RET004067,O0100986,2025-10-19,Late Delivery,392.45,Returned
RET004068,O0100999,2025-06-09,Wrong Product,6325.76,Returned
RET004069,O0101110,2024-04-12,Damaged Product,5244.08,Returned
RET004070,O0101127,2025-04-15,Packaging Issue,3699.17,Returned
RET004071,O0101151,2024-11-01,Wrong Product,315.06,Returned
RET004072,O0101174,2025-06-08,Wrong Product,4834.12,Returned
RET004073,O0101202,2024-09-30,Quality Issue,5769.99,Returned
RET004074,O0101204,2024-07-29,Packaging Issue,9353.17,Returned
RET004075,O0101293,2025-03-23,Packaging Issue,1079.63,Returned
RET004076,O0101314,2024-05-06,Damaged Product,2746.15,Returned
RET004077,O0101336,2025-01-24,Packaging Issue,2185.02,Returned
RET004078,O0101436,2026-02-25,Quality Issue,162.63,Returned
RET004079,O0101508,2025-05-08,Damaged Product,3124.42,Returned
RET004080,O0101516,2024-09-04,Wrong Product,6901.04,Returned
RET004081,O0101526,2025-02-17,Late Delivery,5371.32,Returned
RET004082,O0101546,2025-11-22,Product Not Required,3548.19,Returned
RET004083,O0101565,2025-03-30,Quality Issue,2111.32,Returned
RET004084,O0101577,2024-02-28,Wrong Product,3995.19,Returned
RET004085,O0101607,2026-07-26,Packaging Issue,7620.1,Returned
RET004086,O0101640,2024-04-16,Customer Changed Mind,987.68,Returned
RET004087,O0101650,2025-04-02,Wrong Product,7617.84,Returned
RET004088,O0101656,2025-04-28,Damaged Product,11627.48,Returned
RET004089,O0101666,2024-04-24,Damaged Product,5712.57,Returned
RET004090,O0101744,2026-09-05,Customer Changed Mind,2011.15,Returned
RET004091,O0101749,2025-07-30,Packaging Issue,3881.82,Returned
RET004092,O0101758,2024-03-24,Damaged Product,11774.49,Returned
RET004093,O0101809,2026-08-07,Damaged Product,9888.8,Returned
RET004094,O0101839,2025-04-28,Packaging Issue,3122.28,Returned
RET004095,O0101845,2025-12-10,Damaged Product,4091.29,Returned
RET004096,O0101858,2025-01-15,Wrong Product,782.35,Returned
RET004097,O0101870,2025-03-19,Wrong Product,224.24,Returned
RET004098,O0101877,2024-04-06,Late Delivery,10861.4,Returned
RET004099,O0101878,2025-06-27,Quality Issue,3622.8,Returned
RET004100,O0101879,2024-04-16,Wrong Product,9967.98,Returned
RET004101,O0101882,2024-10-28,Packaging Issue,838.8,Returned
RET004102,O0101935,2026-08-13,Packaging Issue,3922.57,Returned
RET004103,O0101945,2024-04-01,Customer Changed Mind,7219.99,Returned
RET004104,O0101956,2026-08-21,Product Not Required,7401.03,Returned
RET004105,O0101962,2026-08-11,Late Delivery,6576.44,Returned
RET004106,O0101989,2025-07-06,Product Not Required,6290.44,Returned
RET004107,O0102002,2025-07-10,Customer Changed Mind,8829.93,Returned
RET004108,O0102044,2025-05-18,Customer Changed Mind,8569.29,Returned
RET004109,O0102056,2025-10-12,Customer Changed Mind,3784.18,Returned
RET004110,O0102068,2026-08-10,Customer Changed Mind,2982.7,Returned
RET004111,O0102076,2026-01-24,Damaged Product,6037.5,Returned
RET004112,O0102109,2024-08-23,Quality Issue,103.78,Returned
RET004113,O0102140,2024-11-07,Product Not Required,2289.3,Returned
RET004114,O0102154,2025-08-02,Product Not Required,4753.67,Returned
RET004115,O0102165,2025-07-02,Damaged Product,3138.77,Returned
RET004116,O0102185,2025-05-02,Wrong Product,8250.77,Returned
RET004117,O0102189,2024-10-22,Product Not Required,6804.72,Returned
RET004118,O0102190,2024-06-28,Product Not Required,10019.24,Returned
RET004119,O0102209,2024-07-28,Late Delivery,4531.56,Returned
RET004120,O0102220,2025-07-14,Late Delivery,10264.52,Returned
RET004121,O0102236,2025-09-29,Packaging Issue,2942.84,Returned
RET004122,O0102270,2025-08-28,Wrong Product,655.57,Returned
RET004123,O0102287,2024-04-08,Packaging Issue,5136.99,Returned
RET004124,O0102302,2025-11-17,Product Not Required,1158.8,Returned
RET004125,O0102318,2025-02-06,Product Not Required,2893.86,Returned
RET004126,O0102319,2024-10-18,Late Delivery,10713.5,Returned
RET004127,O0102346,2024-03-18,Wrong Product,2888.87,Returned
RET004128,O0102351,2024-06-13,Product Not Required,659.58,Returned
RET004129,O0102364,2025-04-21,Packaging Issue,4877.32,Returned
RET004130,O0102369,2026-04-15,Quality Issue,5402.81,Returned
RET004131,O0102380,2026-03-12,Quality Issue,862.03,Returned
RET004132,O0102413,2025-03-29,Late Delivery,5713.64,Returned
RET004133,O0102426,2024-11-11,Damaged Product,11055.88,Returned
RET004134,O0102483,2025-01-07,Damaged Product,11591.28,Returned
RET004135,O0102492,2026-02-18,Late Delivery,8085.23,Returned
RET004136,O0102500,2025-09-04,Wrong Product,13370.65,Returned
RET004137,O0102503,2024-11-12,Late Delivery,2214.43,Returned
RET004138,O0102535,2026-08-25,Wrong Product,7531.56,Returned
RET004139,O0102560,2026-03-27,Wrong Product,3695.2,Returned
RET004140,O0102575,2025-04-16,Damaged Product,6730.2,Returned
RET004141,O0102608,2024-09-16,Customer Changed Mind,6677.6,Returned
RET004142,O0102634,2026-03-28,Late Delivery,11299.16,Returned
RET004143,O0102635,2025-07-19,Damaged Product,18912.15,Returned
RET004144,O0102652,2024-04-15,Quality Issue,5947.54,Returned
RET004145,O0102655,2026-07-13,Damaged Product,1253.99,Returned
RET004146,O0102660,2024-03-05,Customer Changed Mind,6362.18,Returned
RET004147,O0102675,2024-11-01,Wrong Product,8993.31,Returned
RET004148,O0102742,2025-10-06,Quality Issue,1958.35,Returned
RET004149,O0102748,2024-03-21,Customer Changed Mind,4917.19,Returned
RET004150,O0102760,2026-02-07,Packaging Issue,5242.15,Returned
RET004151,O0102769,2025-05-30,Late Delivery,9902.52,Returned
RET004152,O0102814,2024-04-18,Product Not Required,5628.84,Returned
RET004153,O0102841,2026-06-27,Wrong Product,2796.86,Returned
RET004154,O0102904,2025-07-03,Damaged Product,3598.55,Returned
RET004155,O0102916,2024-06-23,Product Not Required,4804.84,Returned
RET004156,O0102951,2024-07-20,Damaged Product,915.25,Returned
RET004157,O0102987,2025-11-23,Late Delivery,15439.06,Returned
RET004158,O0103004,2026-06-09,Customer Changed Mind,1687.51,Returned
RET004159,O0103010,2025-09-11,Packaging Issue,2910.64,Returned
RET004160,O0103013,2025-08-01,Damaged Product,2043.65,Returned
RET004161,O0103014,2025-08-17,Packaging Issue,2523.86,Returned
RET004162,O0103017,2024-08-04,Customer Changed Mind,10793.38,Returned
RET004163,O0103088,2026-03-06,Wrong Product,6336.78,Returned
RET004164,O0103093,2026-05-08,Wrong Product,3641.03,Returned
RET004165,O0103094,2024-08-08,Product Not Required,9993.9,Returned
RET004166,O0103138,2024-04-22,Damaged Product,9230.24,Returned
RET004167,O0103142,2024-03-12,Quality Issue,5361.91,Returned
RET004168,O0103190,2026-08-21,Late Delivery,5143.99,Returned
RET004169,O0103201,2025-08-10,Packaging Issue,15908.28,Returned
RET004170,O0103214,2025-01-29,Wrong Product,708.55,Returned
RET004171,O0103223,2026-01-15,Customer Changed Mind,3295.93,Returned
RET004172,O0103257,2024-05-18,Late Delivery,15509.12,Returned
RET004173,O0103273,2025-09-19,Packaging Issue,2987.31,Returned
RET004174,O0103297,2024-03-13,Late Delivery,537.51,Returned
RET004175,O0103370,2025-10-28,Quality Issue,3390.58,Returned
RET004176,O0103394,2025-02-16,Quality Issue,797.61,Returned
RET004177,O0103409,2025-09-19,Customer Changed Mind,6710.32,Returned
RET004178,O0103416,2024-11-15,Quality Issue,12579.92,Returned
RET004179,O0103444,2024-01-22,Product Not Required,11770.54,Returned
RET004180,O0103448,2026-08-25,Product Not Required,3529.68,Returned
RET004181,O0103460,2026-05-23,Damaged Product,2342.64,Returned
RET004182,O0103471,2025-12-07,Quality Issue,8308.49,Returned
RET004183,O0103474,2026-05-01,Wrong Product,2256.69,Returned
RET004184,O0103539,2026-08-21,Packaging Issue,18580.88,Returned
RET004185,O0103558,2025-04-22,Wrong Product,7625.35,Returned
RET004186,O0103583,2026-02-03,Packaging Issue,16844.09,Returned
RET004187,O0103643,2026-07-28,Late Delivery,2661.17,Returned
RET004188,O0103653,2026-02-20,Wrong Product,4975.66,Returned
RET004189,O0103670,2025-11-17,Wrong Product,15703.17,Returned
RET004190,O0103683,2025-08-27,Quality Issue,11745.33,Returned
RET004191,O0103711,2025-06-06,Wrong Product,1221.82,Returned
RET004192,O0103753,2025-08-28,Late Delivery,1362.44,Returned
RET004193,O0103863,2025-02-10,Wrong Product,1166.38,Returned
RET004194,O0103878,2024-05-02,Customer Changed Mind,2738.74,Returned
RET004195,O0103897,2025-02-03,Late Delivery,5298.84,Returned
RET004196,O0103916,2026-08-08,Product Not Required,2606.82,Returned
RET004197,O0103938,2025-04-12,Product Not Required,4689.12,Returned
RET004198,O0103948,2026-07-03,Damaged Product,3187.16,Returned
RET004199,O0104009,2025-06-20,Packaging Issue,1392.74,Returned
RET004200,O0104030,2024-02-13,Quality Issue,7918.76,Returned
RET004201,O0104076,2025-08-04,Customer Changed Mind,428.05,Returned
RET004202,O0104080,2025-06-05,Customer Changed Mind,2489.54,Returned
RET004203,O0104095,2026-05-23,Quality Issue,3109.56,Returned
RET004204,O0104098,2026-01-27,Damaged Product,1777.08,Returned
RET004205,O0104102,2024-08-20,Packaging Issue,3149.91,Returned
RET004206,O0104103,2025-09-14,Wrong Product,199.69,Returned
RET004207,O0104125,2025-11-11,Customer Changed Mind,6243.02,Returned
RET004208,O0104134,2025-06-26,Packaging Issue,8949.67,Returned
RET004209,O0104160,2026-07-03,Customer Changed Mind,15024.1,Returned
RET004210,O0104193,2026-04-30,Late Delivery,740.13,Returned
RET004211,O0104263,2024-04-14,Product Not Required,10128.57,Returned
RET004212,O0104277,2024-11-18,Late Delivery,1386.46,Returned
RET004213,O0104349,2024-01-26,Damaged Product,12091.53,Returned
RET004214,O0104359,2025-08-21,Late Delivery,5407.29,Returned
RET004215,O0104361,2025-05-14,Product Not Required,3594.22,Returned
RET004216,O0104381,2025-08-19,Product Not Required,2005.95,Returned
RET004217,O0104417,2025-02-18,Product Not Required,664.92,Returned
RET004218,O0104464,2025-04-16,Late Delivery,2815.03,Returned
RET004219,O0104472,2026-09-24,Product Not Required,4205.08,Returned
RET004220,O0104488,2025-03-19,Product Not Required,1317.92,Returned
RET004221,O0104558,2024-11-04,Quality Issue,4712.47,Returned
RET004222,O0104567,2024-06-15,Quality Issue,10286.59,Returned
RET004223,O0104614,2024-12-19,Wrong Product,2366.82,Returned
RET004224,O0104629,2024-02-26,Customer Changed Mind,8999.92,Returned
RET004225,O0104650,2025-10-16,Customer Changed Mind,7216.17,Returned
RET004226,O0104672,2024-06-25,Customer Changed Mind,13334.46,Returned
RET004227,O0104687,2024-04-28,Customer Changed Mind,594.59,Returned
RET004228,O0104728,2024-11-15,Late Delivery,1374.54,Returned
RET004229,O0104739,2026-05-27,Packaging Issue,10982.01,Returned
RET004230,O0104822,2025-09-25,Product Not Required,1209.66,Returned
RET004231,O0104831,2024-02-06,Damaged Product,3070.91,Returned
RET004232,O0104833,2024-03-04,Packaging Issue,5483.62,Returned
RET004233,O0104834,2026-07-03,Customer Changed Mind,14851.22,Returned
RET004234,O0104836,2025-02-17,Wrong Product,8481.97,Returned
RET004235,O0104850,2026-01-05,Wrong Product,8022.96,Returned
RET004236,O0104875,2024-11-07,Packaging Issue,6599.78,Returned
RET004237,O0104956,2026-07-09,Customer Changed Mind,5046.9,Returned
RET004238,O0105010,2024-10-23,Product Not Required,6819.62,Returned
RET004239,O0105036,2026-05-18,Product Not Required,3485.98,Returned
RET004240,O0105176,2025-07-09,Packaging Issue,1206.5,Returned
RET004241,O0105195,2024-09-15,Late Delivery,354.97,Returned
RET004242,O0105270,2026-08-31,Product Not Required,2299.79,Returned
RET004243,O0105310,2026-03-03,Damaged Product,9023.72,Returned
RET004244,O0105319,2024-01-31,Product Not Required,6605.0,Returned
RET004245,O0105321,2025-10-20,Packaging Issue,4867.52,Returned
RET004246,O0105359,2025-09-19,Wrong Product,2048.45,Returned
RET004247,O0105373,2025-03-16,Customer Changed Mind,14450.38,Returned
RET004248,O0105394,2024-12-19,Wrong Product,1763.98,Returned
RET004249,O0105414,2026-05-11,Customer Changed Mind,8793.46,Returned
RET004250,O0105427,2026-04-24,Wrong Product,6860.96,Returned
RET004251,O0105482,2025-12-23,Product Not Required,5253.65,Returned
RET004252,O0105529,2024-02-04,Customer Changed Mind,5450.75,Returned
RET004253,O0105545,2025-02-28,Wrong Product,9729.11,Returned
RET004254,O0105564,2025-10-24,Late Delivery,3344.36,Returned
RET004255,O0105595,2025-04-19,Product Not Required,7733.87,Returned
RET004256,O0105607,2024-03-16,Packaging Issue,3952.26,Returned
RET004257,O0105645,2026-09-19,Customer Changed Mind,5482.54,Returned
RET004258,O0105680,2025-01-23,Customer Changed Mind,5437.57,Returned
RET004259,O0105689,2025-07-14,Product Not Required,2042.9,Returned
RET004260,O0105696,2024-12-04,Product Not Required,3210.14,Returned
RET004261,O0105723,2025-11-30,Product Not Required,2429.01,Returned
RET004262,O0105745,2025-09-03,Quality Issue,5530.57,Returned
RET004263,O0105760,2024-11-11,Quality Issue,4429.5,Returned
RET004264,O0105772,2025-12-03,Product Not Required,5918.34,Returned
RET004265,O0105825,2026-03-20,Product Not Required,4701.08,Returned
RET004266,O0105866,2026-08-13,Quality Issue,2019.23,Returned
RET004267,O0105868,2026-07-30,Customer Changed Mind,2077.64,Returned
RET004268,O0105874,2024-06-24,Product Not Required,2690.83,Returned
RET004269,O0105882,2025-12-29,Wrong Product,3899.44,Returned
RET004270,O0105887,2025-07-18,Packaging Issue,6823.26,Returned
RET004271,O0105937,2025-07-04,Customer Changed Mind,5981.54,Returned
RET004272,O0105962,2024-06-02,Late Delivery,3002.9,Returned
RET004273,O0105991,2026-05-08,Quality Issue,14149.38,Returned
RET004274,O0106008,2025-04-21,Packaging Issue,5973.36,Returned
RET004275,O0106019,2026-04-20,Damaged Product,3799.32,Returned
RET004276,O0106023,2024-07-21,Packaging Issue,5076.26,Returned
RET004277,O0106051,2024-02-26,Customer Changed Mind,4971.39,Returned
RET004278,O0106055,2026-02-27,Product Not Required,7766.36,Returned
RET004279,O0106059,2025-02-10,Packaging Issue,4988.55,Returned
RET004280,O0106066,2024-12-06,Packaging Issue,1630.11,Returned
RET004281,O0106071,2025-06-23,Product Not Required,4350.83,Returned
RET004282,O0106077,2025-05-23,Product Not Required,5408.19,Returned
RET004283,O0106079,2024-05-02,Packaging Issue,3163.76,Returned
RET004284,O0106204,2024-03-16,Packaging Issue,9186.81,Returned
RET004285,O0106222,2026-02-03,Customer Changed Mind,2604.24,Returned
RET004286,O0106265,2026-03-08,Wrong Product,1758.5,Returned
RET004287,O0106272,2025-07-10,Quality Issue,10277.86,Returned
RET004288,O0106294,2025-01-08,Late Delivery,7680.87,Returned
RET004289,O0106308,2025-04-13,Product Not Required,10672.44,Returned
RET004290,O0106352,2024-10-30,Customer Changed Mind,11927.23,Returned
RET004291,O0106363,2025-02-06,Wrong Product,4010.05,Returned
RET004292,O0106366,2024-09-23,Product Not Required,2576.39,Returned
RET004293,O0106405,2025-03-18,Product Not Required,12198.14,Returned
RET004294,O0106500,2025-08-13,Quality Issue,6322.31,Returned
RET004295,O0106511,2025-01-23,Product Not Required,3458.88,Returned
RET004296,O0106538,2024-12-19,Wrong Product,16420.35,Returned
RET004297,O0106564,2026-06-29,Product Not Required,2558.46,Returned
RET004298,O0106576,2026-05-26,Packaging Issue,339.71,Returned
RET004299,O0106585,2026-09-15,Product Not Required,3612.13,Returned
RET004300,O0106632,2026-01-13,Packaging Issue,4768.52,Returned
RET004301,O0106647,2024-11-05,Quality Issue,3694.81,Returned
RET004302,O0106673,2026-04-26,Quality Issue,3399.94,Returned
RET004303,O0106683,2025-04-30,Late Delivery,1813.4,Returned
RET004304,O0106694,2024-07-22,Product Not Required,1251.87,Returned
RET004305,O0106720,2025-09-12,Damaged Product,6220.59,Returned
RET004306,O0106729,2024-04-26,Quality Issue,6778.94,Returned
RET004307,O0106741,2025-03-08,Late Delivery,1732.63,Returned
RET004308,O0106766,2025-04-16,Product Not Required,1688.67,Returned
RET004309,O0106810,2026-09-21,Quality Issue,3901.15,Returned
RET004310,O0106851,2025-03-21,Wrong Product,5306.81,Returned
RET004311,O0106853,2024-06-12,Packaging Issue,1845.44,Returned
RET004312,O0106874,2024-11-18,Late Delivery,19208.81,Returned
RET004313,O0106900,2025-12-22,Packaging Issue,1531.69,Returned
RET004314,O0106933,2026-02-09,Packaging Issue,2267.25,Returned
RET004315,O0106964,2026-03-06,Wrong Product,1705.58,Returned
RET004316,O0106972,2025-06-09,Late Delivery,2488.06,Returned
RET004317,O0106976,2025-09-12,Packaging Issue,9199.34,Returned
RET004318,O0107017,2024-06-08,Damaged Product,9037.54,Returned
RET004319,O0107021,2024-03-10,Quality Issue,121.59,Returned
RET004320,O0107069,2026-05-20,Packaging Issue,3870.08,Returned
RET004321,O0107120,2025-01-09,Packaging Issue,189.94,Returned
RET004322,O0107146,2026-06-27,Quality Issue,2890.73,Returned
RET004323,O0107175,2025-01-23,Damaged Product,6386.81,Returned
RET004324,O0107189,2024-03-14,Quality Issue,9786.53,Returned
RET004325,O0107226,2025-06-13,Quality Issue,14492.66,Returned
RET004326,O0107249,2024-10-18,Wrong Product,2996.18,Returned
RET004327,O0107258,2025-10-12,Damaged Product,433.79,Returned
RET004328,O0107265,2024-10-14,Customer Changed Mind,9824.29,Returned
RET004329,O0107288,2024-08-21,Customer Changed Mind,9015.81,Returned
RET004330,O0107302,2024-09-21,Packaging Issue,4985.16,Returned
RET004331,O0107329,2024-12-04,Wrong Product,7378.6,Returned
RET004332,O0107348,2025-06-24,Late Delivery,6249.77,Returned
RET004333,O0107358,2024-11-27,Damaged Product,6978.59,Returned
RET004334,O0107386,2025-10-25,Product Not Required,7073.49,Returned
RET004335,O0107394,2024-02-07,Damaged Product,5230.61,Returned
RET004336,O0107404,2025-06-12,Packaging Issue,3653.44,Returned
RET004337,O0107418,2024-09-19,Product Not Required,5837.47,Returned
RET004338,O0107421,2024-07-26,Wrong Product,849.55,Returned
RET004339,O0107436,2024-03-03,Packaging Issue,8356.59,Returned
RET004340,O0107453,2026-08-20,Packaging Issue,4792.68,Returned
RET004341,O0107511,2024-02-16,Product Not Required,3439.46,Returned
RET004342,O0107520,2025-05-14,Late Delivery,1433.53,Returned
RET004343,O0107529,2026-03-11,Damaged Product,1472.19,Returned
RET004344,O0107578,2024-11-29,Packaging Issue,2241.34,Returned
RET004345,O0107636,2026-08-17,Quality Issue,2866.76,Returned
RET004346,O0107643,2026-04-06,Product Not Required,9396.79,Returned
RET004347,O0107711,2024-09-03,Late Delivery,2722.48,Returned
RET004348,O0107713,2024-09-03,Late Delivery,10539.66,Returned
RET004349,O0107714,2024-10-19,Late Delivery,7636.76,Returned
RET004350,O0107760,2025-09-21,Wrong Product,687.95,Returned
RET004351,O0107781,2024-12-20,Customer Changed Mind,9435.27,Returned
RET004352,O0107791,2025-11-09,Quality Issue,1374.33,Returned
RET004353,O0107809,2026-06-11,Wrong Product,6545.26,Returned
RET004354,O0107820,2025-12-20,Customer Changed Mind,12446.15,Returned
RET004355,O0107874,2026-05-25,Damaged Product,3913.66,Returned
RET004356,O0107926,2025-09-25,Late Delivery,3098.0,Returned
RET004357,O0107935,2024-09-23,Late Delivery,3114.52,Returned
RET004358,O0107960,2025-03-12,Packaging Issue,5289.33,Returned
RET004359,O0108022,2026-02-21,Product Not Required,6966.02,Returned
RET004360,O0108162,2026-05-14,Damaged Product,13085.5,Returned
RET004361,O0108165,2026-06-15,Wrong Product,14538.06,Returned
RET004362,O0108193,2024-08-15,Customer Changed Mind,7967.38,Returned
RET004363,O0108196,2025-01-17,Packaging Issue,706.08,Returned
RET004364,O0108198,2024-06-24,Product Not Required,12518.28,Returned
RET004365,O0108220,2024-05-28,Damaged Product,2672.41,Returned
RET004366,O0108246,2025-04-19,Quality Issue,4623.82,Returned
RET004367,O0108276,2025-01-11,Late Delivery,4199.06,Returned
RET004368,O0108283,2025-10-29,Product Not Required,4113.96,Returned
RET004369,O0108284,2024-08-15,Wrong Product,12379.13,Returned
RET004370,O0108288,2026-03-22,Late Delivery,481.62,Returned
RET004371,O0108301,2024-06-27,Packaging Issue,2843.81,Returned
RET004372,O0108309,2025-06-13,Product Not Required,2702.55,Returned
RET004373,O0108317,2026-04-25,Packaging Issue,10249.47,Returned
RET004374,O0108323,2025-07-28,Damaged Product,1564.21,Returned
RET004375,O0108367,2026-04-23,Quality Issue,6510.12,Returned
RET004376,O0108378,2025-10-14,Damaged Product,13124.86,Returned
RET004377,O0108406,2024-12-05,Wrong Product,7432.91,Returned
RET004378,O0108407,2026-01-06,Packaging Issue,329.03,Returned
RET004379,O0108416,2026-08-05,Late Delivery,683.61,Returned
RET004380,O0108440,2026-04-30,Damaged Product,8542.41,Returned
RET004381,O0108512,2026-07-21,Customer Changed Mind,13644.91,Returned
RET004382,O0108524,2024-10-17,Packaging Issue,9062.46,Returned
RET004383,O0108549,2024-10-12,Quality Issue,4516.3,Returned
RET004384,O0108565,2025-09-05,Wrong Product,4702.63,Returned
RET004385,O0108588,2025-05-17,Product Not Required,2359.6,Returned
RET004386,O0108599,2024-02-19,Wrong Product,175.31,Returned
RET004387,O0108624,2024-07-07,Late Delivery,6228.51,Returned
RET004388,O0108774,2024-09-22,Damaged Product,4923.13,Returned
RET004389,O0108830,2024-09-21,Packaging Issue,1891.19,Returned
RET004390,O0108833,2025-09-22,Product Not Required,4073.76,Returned
RET004391,O0108843,2026-07-15,Damaged Product,3205.39,Returned
RET004392,O0108857,2025-08-04,Late Delivery,1530.02,Returned
RET004393,O0108869,2024-06-26,Product Not Required,18299.31,Returned
RET004394,O0108926,2025-04-09,Customer Changed Mind,6558.43,Returned
RET004395,O0108948,2024-08-24,Customer Changed Mind,2887.81,Returned
RET004396,O0109009,2026-03-17,Wrong Product,6615.53,Returned
RET004397,O0109073,2025-03-17,Damaged Product,4737.09,Returned
RET004398,O0109128,2024-07-21,Customer Changed Mind,8316.27,Returned
RET004399,O0109131,2026-02-26,Quality Issue,772.97,Returned
RET004400,O0109143,2024-07-19,Wrong Product,3212.43,Returned
RET004401,O0109145,2025-11-28,Packaging Issue,6589.97,Returned
RET004402,O0109196,2026-08-21,Late Delivery,11362.06,Returned
RET004403,O0109214,2025-11-25,Quality Issue,831.92,Returned
RET004404,O0109224,2025-06-17,Late Delivery,13661.2,Returned
RET004405,O0109305,2024-06-12,Late Delivery,8781.51,Returned
RET004406,O0109320,2025-10-22,Wrong Product,2126.72,Returned
RET004407,O0109332,2025-07-10,Product Not Required,3390.02,Returned
RET004408,O0109343,2025-09-04,Wrong Product,7024.0,Returned
RET004409,O0109357,2024-04-03,Quality Issue,3181.66,Returned
RET004410,O0109491,2025-03-22,Packaging Issue,9029.07,Returned
RET004411,O0109503,2024-11-14,Damaged Product,4912.48,Returned
RET004412,O0109510,2026-08-11,Damaged Product,783.45,Returned
RET004413,O0109511,2024-12-13,Product Not Required,2884.99,Returned
RET004414,O0109564,2024-10-23,Customer Changed Mind,1477.92,Returned
RET004415,O0109571,2025-03-18,Customer Changed Mind,4945.92,Returned
RET004416,O0109583,2026-03-22,Customer Changed Mind,5649.29,Returned
RET004417,O0109595,2025-11-04,Late Delivery,3789.64,Returned
RET004418,O0109614,2024-09-18,Customer Changed Mind,5255.99,Returned
RET004419,O0109646,2026-05-19,Wrong Product,1545.76,Returned
RET004420,O0109659,2026-07-22,Product Not Required,4100.85,Returned
RET004421,O0109660,2026-09-15,Product Not Required,6400.91,Returned
RET004422,O0109665,2024-12-02,Packaging Issue,1057.82,Returned
RET004423,O0109698,2025-04-07,Wrong Product,10739.07,Returned
RET004424,O0109716,2024-12-24,Late Delivery,8966.72,Returned
RET004425,O0109781,2026-04-07,Customer Changed Mind,8404.63,Returned
RET004426,O0109793,2024-12-06,Wrong Product,9483.11,Returned
RET004427,O0109837,2025-10-28,Quality Issue,351.35,Returned
RET004428,O0109867,2025-02-07,Customer Changed Mind,751.08,Returned
RET004429,O0109887,2024-12-23,Customer Changed Mind,4205.85,Returned
RET004430,O0109890,2026-01-19,Packaging Issue,1631.39,Returned
RET004431,O0109895,2026-01-22,Late Delivery,4156.57,Returned
RET004432,O0109904,2026-06-15,Packaging Issue,2817.38,Returned
RET004433,O0109963,2026-04-29,Customer Changed Mind,6946.85,Returned
RET004434,O0110016,2025-10-04,Wrong Product,21288.9,Returned
RET004435,O0110021,2025-06-14,Quality Issue,5335.43,Returned
RET004436,O0110027,2025-06-27,Customer Changed Mind,5097.09,Returned
RET004437,O0110047,2026-04-02,Damaged Product,2633.39,Returned
RET004438,O0110066,2026-02-13,Quality Issue,5170.27,Returned
RET004439,O0110123,2025-07-04,Quality Issue,2238.97,Returned
RET004440,O0110177,2025-12-23,Wrong Product,4935.96,Returned
RET004441,O0110187,2026-08-06,Customer Changed Mind,4480.22,Returned
RET004442,O0110234,2024-08-31,Late Delivery,6203.7,Returned
RET004443,O0110241,2024-06-12,Packaging Issue,7098.88,Returned
RET004444,O0110248,2025-01-08,Wrong Product,4157.31,Returned
RET004445,O0110251,2026-01-07,Quality Issue,5986.08,Returned
RET004446,O0110261,2026-03-14,Quality Issue,952.11,Returned
RET004447,O0110269,2026-08-29,Product Not Required,8594.6,Returned
RET004448,O0110289,2026-09-22,Packaging Issue,4682.36,Returned
RET004449,O0110309,2026-08-01,Late Delivery,2159.72,Returned
RET004450,O0110310,2024-03-16,Customer Changed Mind,2219.98,Returned
RET004451,O0110331,2024-11-24,Quality Issue,8447.04,Returned
RET004452,O0110352,2026-05-01,Quality Issue,3829.15,Returned
RET004453,O0110362,2025-02-10,Packaging Issue,365.55,Returned
RET004454,O0110367,2024-04-10,Wrong Product,6066.22,Returned
RET004455,O0110383,2024-04-16,Late Delivery,4513.95,Returned
RET004456,O0110397,2024-06-11,Product Not Required,11999.82,Returned
RET004457,O0110398,2024-11-12,Quality Issue,1607.89,Returned
RET004458,O0110480,2026-03-01,Quality Issue,11438.44,Returned
RET004459,O0110532,2026-05-22,Damaged Product,5477.11,Returned
RET004460,O0110618,2025-11-22,Quality Issue,6366.84,Returned
RET004461,O0110630,2025-03-28,Packaging Issue,3185.92,Returned
RET004462,O0110637,2026-09-24,Customer Changed Mind,2181.86,Returned
RET004463,O0110668,2025-02-18,Late Delivery,4711.82,Returned
RET004464,O0110672,2025-11-04,Damaged Product,9872.19,Returned
RET004465,O0110676,2024-03-18,Product Not Required,13539.08,Returned
RET004466,O0110680,2025-02-20,Packaging Issue,10783.18,Returned
RET004467,O0110687,2025-11-16,Wrong Product,6260.31,Returned
RET004468,O0110743,2024-12-01,Customer Changed Mind,5059.7,Returned
RET004469,O0110815,2026-05-13,Wrong Product,1527.71,Returned
RET004470,O0110859,2025-02-07,Packaging Issue,4240.35,Returned
RET004471,O0110944,2024-12-08,Quality Issue,5481.47,Returned
RET004472,O0110974,2026-05-25,Packaging Issue,5708.21,Returned
RET004473,O0111004,2025-03-19,Wrong Product,3710.54,Returned
RET004474,O0111011,2026-01-16,Customer Changed Mind,9637.69,Returned
RET004475,O0111093,2025-11-20,Damaged Product,4821.71,Returned
RET004476,O0111126,2024-02-20,Quality Issue,8911.38,Returned
RET004477,O0111163,2025-12-06,Customer Changed Mind,8166.77,Returned
RET004478,O0111175,2024-10-15,Wrong Product,11241.33,Returned
RET004479,O0111191,2024-11-13,Customer Changed Mind,5210.26,Returned
RET004480,O0111283,2024-06-03,Customer Changed Mind,12082.18,Returned
RET004481,O0111314,2024-06-01,Damaged Product,1176.22,Returned
RET004482,O0111333,2025-08-26,Quality Issue,4781.35,Returned
RET004483,O0111341,2025-01-26,Product Not Required,8014.19,Returned
RET004484,O0111400,2025-11-23,Wrong Product,7990.99,Returned
RET004485,O0111444,2024-11-23,Quality Issue,637.09,Returned
RET004486,O0111450,2024-10-10,Packaging Issue,681.06,Returned
RET004487,O0111471,2025-05-28,Product Not Required,2973.38,Returned
RET004488,O0111528,2026-08-08,Customer Changed Mind,7485.87,Returned
RET004489,O0111550,2024-04-25,Product Not Required,3719.95,Returned
RET004490,O0111572,2025-01-05,Customer Changed Mind,5692.56,Returned
RET004491,O0111581,2024-08-10,Wrong Product,5832.32,Returned
RET004492,O0111597,2025-01-27,Quality Issue,2599.67,Returned
RET004493,O0111636,2025-03-02,Packaging Issue,10467.93,Returned
RET004494,O0111665,2024-11-10,Product Not Required,2447.93,Returned
RET004495,O0111814,2025-11-29,Customer Changed Mind,12845.38,Returned
RET004496,O0111816,2024-02-01,Customer Changed Mind,1713.49,Returned
RET004497,O0111817,2026-08-01,Damaged Product,9837.81,Returned
RET004498,O0111845,2024-02-24,Late Delivery,7578.22,Returned
RET004499,O0111874,2024-06-20,Damaged Product,994.33,Returned
RET004500,O0111919,2025-08-28,Product Not Required,8678.62,Returned
RET004501,O0111953,2024-08-26,Damaged Product,1834.63,Returned
RET004502,O0111992,2025-07-10,Customer Changed Mind,1359.46,Returned
RET004503,O0112033,2024-11-14,Product Not Required,4185.36,Returned
RET004504,O0112036,2026-02-18,Quality Issue,1735.66,Returned
RET004505,O0112078,2024-06-03,Wrong Product,5634.11,Returned
RET004506,O0112083,2026-04-25,Late Delivery,936.18,Returned
RET004507,O0112085,2024-08-19,Product Not Required,900.27,Returned
RET004508,O0112126,2025-09-06,Customer Changed Mind,5372.38,Returned
RET004509,O0112222,2024-04-12,Wrong Product,729.49,Returned
RET004510,O0112227,2025-12-19,Packaging Issue,512.75,Returned
RET004511,O0112247,2026-04-05,Damaged Product,14583.97,Returned
RET004512,O0112251,2026-07-29,Late Delivery,3354.83,Returned
RET004513,O0112254,2026-07-21,Wrong Product,3147.83,Returned
RET004514,O0112259,2025-04-03,Damaged Product,4089.71,Returned
RET004515,O0112290,2025-07-21,Product Not Required,6778.95,Returned
RET004516,O0112306,2025-02-15,Damaged Product,5349.03,Returned
RET004517,O0112318,2025-06-30,Customer Changed Mind,4537.08,Returned
RET004518,O0112413,2025-08-06,Packaging Issue,8094.13,Returned
RET004519,O0112464,2025-12-26,Customer Changed Mind,10777.74,Returned
RET004520,O0112502,2025-07-12,Wrong Product,2034.4,Returned
RET004521,O0112513,2025-03-11,Packaging Issue,1370.25,Returned
RET004522,O0112556,2025-06-16,Packaging Issue,4123.4,Returned
RET004523,O0112579,2025-07-23,Packaging Issue,4221.88,Returned
RET004524,O0112587,2025-04-04,Late Delivery,1820.25,Returned
RET004525,O0112594,2024-05-13,Late Delivery,7512.63,Returned
RET004526,O0112602,2024-07-05,Quality Issue,12296.43,Returned
RET004527,O0112668,2024-05-01,Product Not Required,1921.66,Returned
RET004528,O0112726,2026-02-25,Quality Issue,141.58,Returned
RET004529,O0112740,2024-12-19,Damaged Product,1496.28,Returned
RET004530,O0112743,2024-09-11,Quality Issue,4836.52,Returned
RET004531,O0112779,2026-06-10,Wrong Product,9883.41,Returned
RET004532,O0112795,2026-06-05,Packaging Issue,2448.08,Returned
RET004533,O0112798,2025-02-11,Damaged Product,3268.99,Returned
RET004534,O0112804,2025-06-09,Wrong Product,11183.84,Returned
RET004535,O0112811,2024-05-07,Customer Changed Mind,7006.77,Returned
RET004536,O0112908,2025-07-16,Late Delivery,3611.59,Returned
RET004537,O0112942,2026-05-19,Customer Changed Mind,4179.13,Returned
RET004538,O0112949,2025-11-14,Damaged Product,1601.33,Returned
RET004539,O0112950,2024-05-14,Wrong Product,6841.61,Returned
RET004540,O0113014,2025-08-16,Product Not Required,4282.79,Returned
RET004541,O0113016,2026-06-12,Wrong Product,8095.08,Returned
RET004542,O0113030,2024-04-15,Packaging Issue,4149.61,Returned
RET004543,O0113033,2025-07-27,Damaged Product,1160.84,Returned
RET004544,O0113036,2026-03-02,Wrong Product,2704.4,Returned
RET004545,O0113100,2024-05-29,Damaged Product,7494.17,Returned
RET004546,O0113131,2026-05-21,Packaging Issue,3758.55,Returned
RET004547,O0113140,2026-01-16,Late Delivery,8581.35,Returned
RET004548,O0113196,2025-03-15,Customer Changed Mind,3735.02,Returned
RET004549,O0113232,2025-08-04,Late Delivery,5303.25,Returned
RET004550,O0113240,2024-10-25,Damaged Product,682.18,Returned
RET004551,O0113243,2024-11-07,Late Delivery,5237.73,Returned
RET004552,O0113250,2024-04-05,Late Delivery,3304.08,Returned
RET004553,O0113322,2025-02-24,Late Delivery,1224.34,Returned
RET004554,O0113332,2025-05-03,Packaging Issue,4170.25,Returned
RET004555,O0113338,2026-05-20,Damaged Product,4844.35,Returned
RET004556,O0113346,2025-09-08,Customer Changed Mind,8456.14,Returned
RET004557,O0113369,2024-12-23,Customer Changed Mind,14149.72,Returned
RET004558,O0113436,2025-01-18,Quality Issue,354.94,Returned
RET004559,O0113445,2025-11-15,Customer Changed Mind,10098.55,Returned
RET004560,O0113447,2024-02-07,Product Not Required,19356.49,Returned
RET004561,O0113509,2024-11-07,Late Delivery,9002.42,Returned
RET004562,O0113576,2024-03-21,Product Not Required,7415.42,Returned
RET004563,O0113592,2026-01-21,Packaging Issue,4941.38,Returned
RET004564,O0113594,2026-06-16,Customer Changed Mind,3422.4,Returned
RET004565,O0113607,2026-09-25,Damaged Product,5434.38,Returned
RET004566,O0113614,2025-08-07,Customer Changed Mind,2110.63,Returned
RET004567,O0113663,2024-02-23,Wrong Product,5178.03,Returned
RET004568,O0113701,2025-10-01,Wrong Product,10433.74,Returned
RET004569,O0113706,2024-10-23,Product Not Required,6897.01,Returned
RET004570,O0113718,2025-12-04,Damaged Product,1016.45,Returned
RET004571,O0113721,2026-03-01,Damaged Product,2973.5,Returned
RET004572,O0113727,2025-03-27,Product Not Required,4408.37,Returned
RET004573,O0113734,2024-01-04,Wrong Product,5301.43,Returned
RET004574,O0113772,2025-12-13,Late Delivery,1991.38,Returned
RET004575,O0113784,2024-06-02,Quality Issue,1563.28,Returned
RET004576,O0113802,2025-03-28,Late Delivery,9486.06,Returned
RET004577,O0113825,2025-08-19,Packaging Issue,4281.79,Returned
RET004578,O0113858,2026-01-06,Quality Issue,7213.27,Returned
RET004579,O0113877,2026-01-03,Quality Issue,4492.12,Returned
RET004580,O0113958,2026-02-28,Packaging Issue,6087.48,Returned
RET004581,O0113962,2025-10-31,Late Delivery,11421.06,Returned
RET004582,O0113972,2024-07-23,Quality Issue,5702.59,Returned
RET004583,O0113978,2025-06-18,Wrong Product,10404.94,Returned
RET004584,O0113980,2026-03-08,Damaged Product,9232.84,Returned
RET004585,O0114035,2025-03-15,Quality Issue,4920.79,Returned
RET004586,O0114048,2024-10-16,Quality Issue,10595.93,Returned
RET004587,O0114054,2025-05-24,Product Not Required,13351.09,Returned
RET004588,O0114061,2025-09-20,Packaging Issue,8690.13,Returned
RET004589,O0114097,2024-07-01,Late Delivery,3733.8,Returned
RET004590,O0114103,2025-02-20,Product Not Required,4870.26,Returned
RET004591,O0114114,2024-05-30,Damaged Product,2734.48,Returned
RET004592,O0114116,2024-06-04,Packaging Issue,1230.97,Returned
RET004593,O0114120,2026-02-05,Customer Changed Mind,2655.94,Returned
RET004594,O0114132,2025-06-05,Late Delivery,1292.81,Returned
RET004595,O0114135,2026-01-20,Packaging Issue,4725.48,Returned
RET004596,O0114141,2024-10-31,Damaged Product,5072.92,Returned
RET004597,O0114156,2025-08-28,Damaged Product,3756.14,Returned
RET004598,O0114161,2025-02-04,Quality Issue,7084.59,Returned
RET004599,O0114211,2025-11-26,Customer Changed Mind,1908.86,Returned
RET004600,O0114218,2026-07-14,Wrong Product,2015.64,Returned
RET004601,O0114219,2026-04-25,Quality Issue,5058.37,Returned
RET004602,O0114253,2026-04-27,Damaged Product,4204.97,Returned
RET004603,O0114284,2026-09-24,Product Not Required,5763.93,Returned
RET004604,O0114305,2024-02-22,Late Delivery,1765.86,Returned
RET004605,O0114312,2025-10-03,Late Delivery,6277.56,Returned
RET004606,O0114329,2024-03-06,Quality Issue,1540.5,Returned
RET004607,O0114373,2024-09-02,Packaging Issue,8103.77,Returned
RET004608,O0114390,2025-01-18,Customer Changed Mind,11392.98,Returned
RET004609,O0114415,2025-01-14,Product Not Required,12120.93,Returned
RET004610,O0114444,2025-07-10,Damaged Product,258.69,Returned
RET004611,O0114455,2025-02-23,Wrong Product,6537.5,Returned
RET004612,O0114525,2026-08-19,Packaging Issue,11242.49,Returned
RET004613,O0114568,2026-07-03,Packaging Issue,1009.56,Returned
RET004614,O0114628,2025-10-01,Customer Changed Mind,8933.25,Returned
RET004615,O0114636,2024-06-07,Wrong Product,3310.53,Returned
RET004616,O0114646,2026-08-06,Product Not Required,560.9,Returned
RET004617,O0114647,2026-05-01,Late Delivery,7155.79,Returned
RET004618,O0114679,2025-04-08,Packaging Issue,2771.94,Returned
RET004619,O0114696,2025-06-16,Wrong Product,2865.75,Returned
RET004620,O0114699,2024-05-01,Quality Issue,2003.92,Returned
RET004621,O0114718,2024-02-09,Packaging Issue,7026.25,Returned
RET004622,O0114738,2024-03-24,Product Not Required,5878.5,Returned
RET004623,O0114743,2026-07-09,Product Not Required,2599.6,Returned
RET004624,O0114795,2024-04-21,Packaging Issue,6739.46,Returned
RET004625,O0114796,2025-04-23,Customer Changed Mind,7707.82,Returned
RET004626,O0114836,2025-04-23,Product Not Required,2248.72,Returned
RET004627,O0114839,2026-03-12,Customer Changed Mind,3758.11,Returned
RET004628,O0114878,2025-11-20,Late Delivery,4873.55,Returned
RET004629,O0114895,2025-04-15,Packaging Issue,12489.56,Returned
RET004630,O0114896,2026-05-12,Packaging Issue,3139.06,Returned
RET004631,O0114908,2025-09-27,Wrong Product,10729.95,Returned
RET004632,O0114922,2024-12-19,Customer Changed Mind,6138.31,Returned
RET004633,O0114936,2024-12-21,Quality Issue,5503.12,Returned
RET004634,O0114963,2026-06-30,Packaging Issue,248.12,Returned
RET004635,O0115026,2025-11-08,Customer Changed Mind,5560.94,Returned
RET004636,O0115028,2026-06-08,Late Delivery,11150.49,Returned
RET004637,O0115070,2026-02-19,Packaging Issue,2068.54,Returned
RET004638,O0115101,2025-09-12,Customer Changed Mind,5131.63,Returned
RET004639,O0115102,2024-05-16,Late Delivery,1470.07,Returned
RET004640,O0115164,2025-10-27,Damaged Product,2142.39,Returned
RET004641,O0115190,2025-04-18,Packaging Issue,9674.43,Returned
RET004642,O0115232,2025-09-06,Damaged Product,2589.94,Returned
RET004643,O0115283,2025-02-20,Quality Issue,4419.47,Returned
RET004644,O0115294,2024-11-26,Wrong Product,6512.57,Returned
RET004645,O0115312,2024-10-16,Damaged Product,2867.62,Returned
RET004646,O0115316,2025-07-16,Quality Issue,4635.21,Returned
RET004647,O0115347,2025-12-25,Customer Changed Mind,3125.38,Returned
RET004648,O0115401,2024-05-15,Product Not Required,6401.7,Returned
RET004649,O0115404,2025-09-16,Quality Issue,5751.12,Returned
RET004650,O0115408,2026-09-15,Damaged Product,1619.64,Returned
RET004651,O0115416,2026-07-23,Product Not Required,6307.21,Returned
RET004652,O0115424,2024-10-24,Late Delivery,8505.8,Returned
RET004653,O0115486,2024-05-14,Wrong Product,9735.9,Returned
RET004654,O0115508,2025-06-12,Wrong Product,4400.55,Returned
RET004655,O0115511,2024-05-17,Damaged Product,5393.73,Returned
RET004656,O0115524,2025-08-31,Wrong Product,17220.5,Returned
RET004657,O0115553,2025-01-18,Late Delivery,2149.6,Returned
RET004658,O0115630,2024-06-28,Damaged Product,9039.3,Returned
RET004659,O0115679,2025-07-23,Quality Issue,5841.92,Returned
RET004660,O0115722,2025-03-28,Product Not Required,4931.85,Returned
RET004661,O0115727,2025-06-29,Wrong Product,4143.14,Returned
RET004662,O0115744,2026-03-25,Late Delivery,14654.3,Returned
RET004663,O0115825,2024-08-20,Packaging Issue,9609.06,Returned
RET004664,O0115833,2024-04-06,Customer Changed Mind,2280.77,Returned
RET004665,O0115853,2024-01-19,Packaging Issue,3739.86,Returned
RET004666,O0115875,2025-12-05,Packaging Issue,4513.67,Returned
RET004667,O0115899,2024-11-15,Damaged Product,11085.94,Returned
RET004668,O0116025,2026-06-09,Late Delivery,11347.56,Returned
RET004669,O0116037,2026-03-27,Late Delivery,5868.41,Returned
RET004670,O0116059,2026-09-21,Customer Changed Mind,4297.44,Returned
RET004671,O0116124,2026-08-07,Late Delivery,3518.79,Returned
RET004672,O0116125,2026-05-09,Product Not Required,14346.84,Returned
RET004673,O0116132,2026-09-25,Quality Issue,3822.97,Returned
RET004674,O0116160,2026-05-26,Product Not Required,10712.37,Returned
RET004675,O0116163,2024-09-08,Damaged Product,6444.55,Returned
RET004676,O0116175,2025-08-22,Damaged Product,2908.39,Returned
RET004677,O0116184,2024-04-29,Packaging Issue,7405.76,Returned
RET004678,O0116246,2026-07-04,Customer Changed Mind,2881.51,Returned
RET004679,O0116263,2024-03-20,Damaged Product,6581.9,Returned
RET004680,O0116278,2025-02-14,Wrong Product,6356.74,Returned
RET004681,O0116282,2025-01-20,Product Not Required,11495.79,Returned
RET004682,O0116314,2026-01-07,Damaged Product,1047.46,Returned
RET004683,O0116324,2025-09-08,Late Delivery,3646.6,Returned
RET004684,O0116402,2025-06-10,Customer Changed Mind,8906.66,Returned
RET004685,O0116421,2024-05-18,Packaging Issue,4075.66,Returned
RET004686,O0116424,2026-04-17,Late Delivery,1170.98,Returned
RET004687,O0116517,2025-11-06,Product Not Required,3001.86,Returned
RET004688,O0116518,2025-04-27,Product Not Required,4459.54,Returned
RET004689,O0116552,2024-02-26,Product Not Required,10934.13,Returned
RET004690,O0116584,2026-07-11,Late Delivery,8324.29,Returned
RET004691,O0116599,2024-08-20,Customer Changed Mind,12940.82,Returned
RET004692,O0116671,2025-02-16,Damaged Product,1149.34,Returned
RET004693,O0116740,2026-01-05,Quality Issue,4537.48,Returned
RET004694,O0116783,2024-05-18,Packaging Issue,2274.35,Returned
RET004695,O0116788,2024-08-31,Late Delivery,13464.08,Returned
RET004696,O0116810,2026-05-09,Quality Issue,8678.48,Returned
RET004697,O0116849,2025-02-05,Customer Changed Mind,4441.07,Returned
RET004698,O0116906,2026-02-15,Wrong Product,3644.59,Returned
RET004699,O0116922,2026-08-01,Customer Changed Mind,10533.43,Returned
RET004700,O0116926,2026-09-14,Product Not Required,1563.42,Returned
RET004701,O0116959,2025-08-12,Customer Changed Mind,1108.37,Returned
RET004702,O0116964,2024-03-20,Wrong Product,11252.89,Returned
RET004703,O0116986,2025-11-25,Damaged Product,10413.51,Returned
RET004704,O0116996,2024-11-25,Packaging Issue,599.41,Returned
RET004705,O0117124,2025-07-20,Quality Issue,13348.7,Returned
RET004706,O0117139,2026-01-16,Wrong Product,166.85,Returned
RET004707,O0117149,2024-10-13,Packaging Issue,6138.71,Returned
RET004708,O0117263,2026-01-25,Wrong Product,8196.22,Returned
RET004709,O0117276,2025-04-11,Customer Changed Mind,2602.58,Returned
RET004710,O0117279,2024-08-01,Customer Changed Mind,666.07,Returned
RET004711,O0117297,2024-02-25,Wrong Product,1092.87,Returned
RET004712,O0117300,2025-09-17,Packaging Issue,3518.53,Returned
RET004713,O0117322,2025-08-12,Quality Issue,8492.23,Returned
RET004714,O0117339,2024-08-04,Late Delivery,9934.54,Returned
RET004715,O0117357,2025-12-20,Quality Issue,849.57,Returned
RET004716,O0117372,2025-03-25,Product Not Required,4853.94,Returned
RET004717,O0117377,2024-11-05,Damaged Product,2325.15,Returned
RET004718,O0117439,2025-03-30,Damaged Product,11811.88,Returned
RET004719,O0117440,2024-03-30,Customer Changed Mind,2435.75,Returned
RET004720,O0117446,2024-08-17,Quality Issue,8357.82,Returned
RET004721,O0117462,2026-05-21,Damaged Product,1279.51,Returned
RET004722,O0117473,2026-02-03,Packaging Issue,6100.37,Returned
RET004723,O0117476,2026-09-23,Late Delivery,6444.02,Returned
RET004724,O0117501,2026-08-03,Customer Changed Mind,12274.01,Returned
RET004725,O0117576,2025-07-18,Customer Changed Mind,5631.2,Returned
RET004726,O0117595,2025-04-08,Damaged Product,8071.54,Returned
RET004727,O0117613,2024-11-21,Product Not Required,13596.97,Returned
RET004728,O0117636,2026-04-27,Damaged Product,8090.0,Returned
RET004729,O0117648,2025-03-08,Packaging Issue,8880.42,Returned
RET004730,O0117661,2025-05-18,Product Not Required,4238.16,Returned
RET004731,O0117688,2024-06-17,Wrong Product,1203.05,Returned
RET004732,O0117692,2025-10-09,Late Delivery,2619.35,Returned
RET004733,O0117695,2024-03-02,Customer Changed Mind,10836.05,Returned
RET004734,O0117732,2024-12-31,Packaging Issue,7966.52,Returned
RET004735,O0117751,2026-02-02,Quality Issue,16838.95,Returned
RET004736,O0117774,2024-07-10,Product Not Required,1902.43,Returned
RET004737,O0117813,2026-08-17,Damaged Product,4595.22,Returned
RET004738,O0117830,2026-02-14,Late Delivery,5816.5,Returned
RET004739,O0117862,2024-06-17,Quality Issue,800.32,Returned
RET004740,O0117870,2026-05-25,Customer Changed Mind,5141.93,Returned
RET004741,O0117907,2024-05-30,Packaging Issue,5763.55,Returned
RET004742,O0117913,2024-10-11,Quality Issue,10540.27,Returned
RET004743,O0117914,2025-04-18,Packaging Issue,4442.45,Returned
RET004744,O0117923,2025-12-11,Packaging Issue,4193.51,Returned
RET004745,O0117975,2025-07-17,Product Not Required,5217.8,Returned
RET004746,O0118003,2026-02-13,Packaging Issue,9318.9,Returned
RET004747,O0118030,2025-03-23,Late Delivery,6661.07,Returned
RET004748,O0118041,2024-09-01,Packaging Issue,5056.11,Returned
RET004749,O0118042,2026-04-19,Late Delivery,8390.82,Returned
RET004750,O0118050,2025-06-13,Customer Changed Mind,2797.05,Returned
RET004751,O0118074,2025-08-25,Packaging Issue,7714.77,Returned
RET004752,O0118083,2024-04-03,Damaged Product,7176.75,Returned
RET004753,O0118087,2026-08-20,Product Not Required,7130.31,Returned
RET004754,O0118139,2025-12-07,Late Delivery,1231.01,Returned
RET004755,O0118159,2024-04-04,Late Delivery,10615.17,Returned
RET004756,O0118177,2024-06-24,Product Not Required,2817.36,Returned
RET004757,O0118198,2026-09-24,Customer Changed Mind,4419.17,Returned
RET004758,O0118233,2025-09-03,Damaged Product,2319.47,Returned
RET004759,O0118260,2024-02-23,Quality Issue,607.13,Returned
RET004760,O0118294,2024-06-21,Quality Issue,7573.42,Returned
RET004761,O0118307,2026-05-09,Damaged Product,7974.22,Returned
RET004762,O0118309,2025-01-30,Wrong Product,4933.18,Returned
RET004763,O0118337,2025-03-08,Customer Changed Mind,11932.81,Returned
RET004764,O0118392,2024-11-23,Late Delivery,3225.94,Returned
RET004765,O0118428,2026-04-08,Customer Changed Mind,3350.98,Returned
RET004766,O0118432,2026-05-02,Wrong Product,1795.35,Returned
RET004767,O0118475,2025-05-04,Packaging Issue,3981.45,Returned
RET004768,O0118506,2024-08-18,Customer Changed Mind,4680.77,Returned
RET004769,O0118517,2024-02-10,Packaging Issue,10681.55,Returned
RET004770,O0118531,2026-08-07,Customer Changed Mind,4360.92,Returned
RET004771,O0118591,2026-06-13,Customer Changed Mind,4050.52,Returned
RET004772,O0118599,2025-04-04,Late Delivery,1552.44,Returned
RET004773,O0118689,2024-11-19,Quality Issue,12613.47,Returned
RET004774,O0118690,2026-09-14,Product Not Required,2242.28,Returned
RET004775,O0118715,2026-07-18,Wrong Product,5499.94,Returned
RET004776,O0118716,2024-11-25,Late Delivery,3799.11,Returned
RET004777,O0118725,2024-05-24,Customer Changed Mind,10622.12,Returned
RET004778,O0118744,2026-01-28,Customer Changed Mind,7423.08,Returned
RET004779,O0118790,2024-06-30,Customer Changed Mind,5759.02,Returned
RET004780,O0118812,2024-02-01,Customer Changed Mind,2470.89,Returned
RET004781,O0118840,2025-11-15,Product Not Required,4707.18,Returned
RET004782,O0118873,2024-10-12,Product Not Required,6789.21,Returned
RET004783,O0118896,2024-10-21,Customer Changed Mind,4988.06,Returned
RET004784,O0118928,2024-05-24,Quality Issue,6539.78,Returned
RET004785,O0118938,2026-03-23,Late Delivery,3584.14,Returned
RET004786,O0118967,2024-09-12,Wrong Product,3054.76,Returned
RET004787,O0118992,2025-12-23,Quality Issue,1664.54,Returned
RET004788,O0119073,2024-04-06,Packaging Issue,2964.12,Returned
RET004789,O0119118,2024-06-11,Damaged Product,4206.58,Returned
RET004790,O0119130,2026-05-15,Packaging Issue,7478.49,Returned
RET004791,O0119132,2025-04-14,Wrong Product,123.89,Returned
RET004792,O0119210,2024-02-24,Packaging Issue,11622.74,Returned
RET004793,O0119234,2025-11-02,Packaging Issue,1079.63,Returned
RET004794,O0119272,2024-09-28,Late Delivery,8851.28,Returned
RET004795,O0119273,2025-12-14,Quality Issue,4567.48,Returned
RET004796,O0119275,2024-10-23,Wrong Product,211.05,Returned
RET004797,O0119281,2025-05-27,Late Delivery,569.26,Returned
RET004798,O0119282,2026-04-29,Product Not Required,7336.51,Returned
RET004799,O0119296,2024-07-06,Customer Changed Mind,4795.18,Returned
RET004800,O0119307,2024-07-10,Damaged Product,5143.62,Returned
RET004801,O0119330,2025-04-25,Quality Issue,1825.28,Returned
RET004802,O0119397,2025-07-06,Quality Issue,3523.56,Returned
RET004803,O0119423,2026-09-20,Quality Issue,865.63,Returned
RET004804,O0119495,2026-07-11,Customer Changed Mind,728.41,Returned
RET004805,O0119534,2026-04-27,Customer Changed Mind,1185.9,Returned
RET004806,O0119591,2025-07-12,Wrong Product,15058.26,Returned
RET004807,O0119597,2025-09-25,Late Delivery,14327.0,Returned
RET004808,O0119626,2024-03-19,Customer Changed Mind,3632.77,Returned
RET004809,O0119725,2025-08-03,Customer Changed Mind,4147.82,Returned
RET004810,O0119770,2024-11-16,Quality Issue,12599.92,Returned
RET004811,O0119802,2024-06-24,Product Not Required,2383.72,Returned
RET004812,O0119810,2024-10-21,Product Not Required,4464.95,Returned
RET004813,O0119841,2026-07-13,Damaged Product,4406.86,Returned
RET004814,O0119863,2025-11-12,Wrong Product,4157.55,Returned
RET004815,O0119878,2024-06-24,Quality Issue,11243.45,Returned
RET004816,O0119923,2025-09-21,Wrong Product,527.99,Returned
RET004817,O0119943,2026-07-21,Damaged Product,4228.76,Returned
RET004818,O0119981,2025-05-15,Damaged Product,1920.01,Returned
